product,variant_id,price,compare_at_before,compare_at_after
womens-quilted-vest-with-stand-collar-for-autumn-layering,gid://shopify/ProductVariant/59551684690245,69.95,124.95,99.95
womens-quilted-vest-with-stand-collar-for-autumn-layering,gid://shopify/ProductVariant/59551684723013,69.95,124.95,99.95
womens-quilted-vest-with-stand-collar-for-autumn-layering,gid://shopify/ProductVariant/59551684755781,69.95,124.95,99.95
womens-quilted-vest-with-stand-collar-for-autumn-layering,gid://shopify/ProductVariant/59551684788549,69.95,124.95,99.95
womens-quilted-vest-with-stand-collar-for-autumn-layering,gid://shopify/ProductVariant/59551684821317,69.95,124.95,99.95
womens-quilted-vest-with-stand-collar-for-autumn-layering,gid://shopify/ProductVariant/59551684854085,69.95,124.95,99.95
womens-quilted-vest-with-stand-collar-for-autumn-layering,gid://shopify/ProductVariant/59551684886853,69.95,124.95,99.95
womens-quilted-vest-with-stand-collar-for-autumn-layering,gid://shopify/ProductVariant/59551684919621,69.95,124.95,99.95
womens-quilted-vest-with-stand-collar-for-autumn-layering,gid://shopify/ProductVariant/59551684952389,69.95,124.95,99.95
womens-quilted-vest-with-stand-collar-for-autumn-layering,gid://shopify/ProductVariant/59551684985157,69.95,124.95,99.95
womens-quilted-vest-with-stand-collar-for-autumn-layering,gid://shopify/ProductVariant/59551685017925,69.95,124.95,99.95
womens-quilted-vest-with-stand-collar-for-autumn-layering,gid://shopify/ProductVariant/59551685050693,69.95,124.95,99.95
womens-quilted-vest-with-stand-collar-for-autumn-layering,gid://shopify/ProductVariant/59551685083461,69.95,124.95,99.95
womens-quilted-vest-with-stand-collar-for-autumn-layering,gid://shopify/ProductVariant/59551685116229,69.95,124.95,99.95
womens-quilted-vest-with-stand-collar-for-autumn-layering,gid://shopify/ProductVariant/59551685148997,69.95,124.95,99.95
womens-quilted-vest-with-stand-collar-for-autumn-layering,gid://shopify/ProductVariant/59551685181765,69.95,124.95,99.95
womens-quilted-vest-with-stand-collar-for-autumn-layering,gid://shopify/ProductVariant/59551685214533,69.95,124.95,99.95
womens-quilted-vest-with-stand-collar-for-autumn-layering,gid://shopify/ProductVariant/59551685247301,69.95,124.95,99.95
womens-quilted-vest-with-stand-collar-for-autumn-layering,gid://shopify/ProductVariant/59551685280069,69.95,124.95,99.95
womens-quilted-vest-with-stand-collar-for-autumn-layering,gid://shopify/ProductVariant/59551685312837,69.95,124.95,99.95
womens-quilted-vest-with-stand-collar-for-autumn-layering,gid://shopify/ProductVariant/59551685345605,69.95,124.95,99.95
womens-quilted-vest-with-stand-collar-for-autumn-layering,gid://shopify/ProductVariant/59551685378373,69.95,124.95,99.95
womens-quilted-vest-with-stand-collar-for-autumn-layering,gid://shopify/ProductVariant/59551685411141,69.95,124.95,99.95
womens-quilted-vest-with-stand-collar-for-autumn-layering,gid://shopify/ProductVariant/59551685443909,69.95,124.95,99.95
womens-quilted-vest-with-stand-collar-for-autumn-layering,gid://shopify/ProductVariant/59551685476677,69.95,124.95,99.95
womens-quilted-vest-with-stand-collar-for-autumn-layering,gid://shopify/ProductVariant/59551685509445,69.95,124.95,99.95
womens-quilted-vest-with-stand-collar-for-autumn-layering,gid://shopify/ProductVariant/59551685542213,69.95,124.95,99.95
womens-quilted-vest-with-stand-collar-for-autumn-layering,gid://shopify/ProductVariant/59551685574981,69.95,124.95,99.95
womens-quilted-vest-with-stand-collar-for-autumn-layering,gid://shopify/ProductVariant/59551685607749,69.95,124.95,99.95
womens-quilted-vest-with-stand-collar-for-autumn-layering,gid://shopify/ProductVariant/59551685640517,69.95,124.95,99.95
womens-quilted-vest-with-stand-collar-for-autumn-layering,gid://shopify/ProductVariant/59551685673285,69.95,124.95,99.95
womens-quilted-vest-with-stand-collar-for-autumn-layering,gid://shopify/ProductVariant/59551685706053,69.95,124.95,99.95
womens-quilted-vest-with-stand-collar-for-autumn-layering,gid://shopify/ProductVariant/59551685738821,69.95,124.95,99.95
womens-quilted-vest-with-stand-collar-for-autumn-layering,gid://shopify/ProductVariant/59551685771589,69.95,124.95,99.95
womens-quilted-vest-with-stand-collar-for-autumn-layering,gid://shopify/ProductVariant/59551685804357,69.95,124.95,99.95
womens-quilted-vest-with-stand-collar-for-autumn-layering,gid://shopify/ProductVariant/59551685837125,69.95,124.95,99.95
womens-long-quilted-hooded-vest-for-cold-days,gid://shopify/ProductVariant/59551689048389,79.95,139.95,114.45
womens-long-quilted-hooded-vest-for-cold-days,gid://shopify/ProductVariant/59551689081157,79.95,139.95,114.45
womens-long-quilted-hooded-vest-for-cold-days,gid://shopify/ProductVariant/59551689113925,79.95,139.95,114.45
womens-long-quilted-hooded-vest-for-cold-days,gid://shopify/ProductVariant/59551689146693,79.95,139.95,114.45
womens-long-quilted-hooded-vest-for-cold-days,gid://shopify/ProductVariant/59551689179461,79.95,139.95,114.45
womens-long-quilted-hooded-vest-for-cold-days,gid://shopify/ProductVariant/59551689212229,79.95,139.95,114.45
womens-long-quilted-hooded-vest-for-cold-days,gid://shopify/ProductVariant/59551689244997,79.95,139.95,114.45
womens-long-quilted-hooded-vest-for-cold-days,gid://shopify/ProductVariant/59551689277765,79.95,139.95,114.45
womens-long-quilted-hooded-vest-for-cold-days,gid://shopify/ProductVariant/59551689310533,79.95,139.95,114.45
womens-long-quilted-hooded-vest-for-cold-days,gid://shopify/ProductVariant/59551689343301,79.95,139.95,114.45
womens-long-quilted-hooded-vest-for-cold-days,gid://shopify/ProductVariant/59551689376069,79.95,139.95,114.45
womens-long-quilted-hooded-vest-for-cold-days,gid://shopify/ProductVariant/59551689408837,79.95,139.95,114.45
womens-long-quilted-hooded-vest-for-cold-days,gid://shopify/ProductVariant/59551689441605,79.95,139.95,114.45
womens-long-quilted-hooded-vest-for-cold-days,gid://shopify/ProductVariant/59551689474373,79.95,139.95,114.45
womens-long-quilted-hooded-vest-for-cold-days,gid://shopify/ProductVariant/59551689507141,79.95,139.95,114.45
womens-long-quilted-hooded-vest-for-cold-days,gid://shopify/ProductVariant/59551689539909,79.95,139.95,114.45
womens-long-quilted-hooded-vest-for-cold-days,gid://shopify/ProductVariant/59551689572677,79.95,139.95,114.45
womens-long-quilted-hooded-vest-for-cold-days,gid://shopify/ProductVariant/59551689605445,79.95,139.95,114.45
womens-long-quilted-hooded-vest-for-cold-days,gid://shopify/ProductVariant/59551689638213,79.95,139.95,114.45
womens-long-quilted-hooded-vest-for-cold-days,gid://shopify/ProductVariant/59551689670981,79.95,139.95,114.45
womens-long-quilted-hooded-vest-for-cold-days,gid://shopify/ProductVariant/59551689703749,79.95,139.95,114.45
womens-long-quilted-hooded-vest-for-cold-days,gid://shopify/ProductVariant/59551689736517,79.95,139.95,114.45
womens-long-quilted-hooded-vest-for-cold-days,gid://shopify/ProductVariant/59551689769285,79.95,139.95,114.45
womens-long-quilted-hooded-vest-for-cold-days,gid://shopify/ProductVariant/59551689802053,79.95,139.95,114.45
womens-long-quilted-hooded-vest-for-cold-days,gid://shopify/ProductVariant/59551689834821,79.95,139.95,114.45
womens-long-quilted-hooded-vest-for-cold-days,gid://shopify/ProductVariant/59551689867589,79.95,139.95,114.45
womens-long-quilted-hooded-vest-for-cold-days,gid://shopify/ProductVariant/59551689900357,79.95,139.95,114.45
womens-long-quilted-hooded-vest-for-cold-days,gid://shopify/ProductVariant/59551689933125,79.95,139.95,114.45
womens-long-quilted-hooded-vest-for-cold-days,gid://shopify/ProductVariant/59551689965893,79.95,139.95,114.45
womens-long-quilted-hooded-vest-for-cold-days,gid://shopify/ProductVariant/59551689998661,79.95,139.95,114.45
womens-hooded-sweatshirt-and-jogger-loungewear-set,gid://shopify/ProductVariant/59551705760069,54.95,94.95,78.95
womens-hooded-sweatshirt-and-jogger-loungewear-set,gid://shopify/ProductVariant/59551705792837,54.95,94.95,78.95
womens-hooded-sweatshirt-and-jogger-loungewear-set,gid://shopify/ProductVariant/59551705825605,54.95,94.95,78.95
womens-hooded-sweatshirt-and-jogger-loungewear-set,gid://shopify/ProductVariant/59551705858373,54.95,94.95,78.95
womens-hooded-sweatshirt-and-jogger-loungewear-set,gid://shopify/ProductVariant/59551705891141,54.95,94.95,78.95
womens-hooded-sweatshirt-and-jogger-loungewear-set,gid://shopify/ProductVariant/59551705923909,54.95,94.95,78.95
womens-hooded-sweatshirt-and-jogger-loungewear-set,gid://shopify/ProductVariant/59551705956677,54.95,94.95,78.95
womens-hooded-sweatshirt-and-jogger-loungewear-set,gid://shopify/ProductVariant/59551705989445,54.95,94.95,78.95
womens-hooded-sweatshirt-and-jogger-loungewear-set,gid://shopify/ProductVariant/59551706022213,54.95,94.95,78.95
womens-hooded-sweatshirt-and-jogger-loungewear-set,gid://shopify/ProductVariant/59551706054981,54.95,94.95,78.95
womens-hooded-sweatshirt-and-jogger-loungewear-set,gid://shopify/ProductVariant/59551706087749,54.95,94.95,78.95
womens-hooded-sweatshirt-and-jogger-loungewear-set,gid://shopify/ProductVariant/59551706120517,54.95,94.95,78.95
womens-hooded-sweatshirt-and-jogger-loungewear-set,gid://shopify/ProductVariant/59551706153285,54.95,94.95,78.95
womens-hooded-sweatshirt-and-jogger-loungewear-set,gid://shopify/ProductVariant/59551706186053,54.95,94.95,78.95
womens-hooded-sweatshirt-and-jogger-loungewear-set,gid://shopify/ProductVariant/59551706218821,54.95,94.95,78.95
womens-hooded-sweatshirt-and-jogger-loungewear-set,gid://shopify/ProductVariant/59551706251589,54.95,94.95,78.95
womens-hooded-sweatshirt-and-jogger-loungewear-set,gid://shopify/ProductVariant/59551706284357,54.95,94.95,78.95
womens-hooded-sweatshirt-and-jogger-loungewear-set,gid://shopify/ProductVariant/59551706317125,54.95,94.95,78.95
womens-turtleneck-knit-poncho-with-button-detail-for-autumn,gid://shopify/ProductVariant/59551707693381,49.95,99.95,71.45
womens-turtleneck-knit-poncho-with-button-detail-for-autumn,gid://shopify/ProductVariant/59551707726149,49.95,99.95,71.45
womens-turtleneck-knit-poncho-with-button-detail-for-autumn,gid://shopify/ProductVariant/59551707758917,49.95,99.95,71.45
womens-turtleneck-knit-poncho-with-button-detail-for-autumn,gid://shopify/ProductVariant/59551707791685,49.95,99.95,71.45
womens-turtleneck-knit-poncho-with-button-detail-for-autumn,gid://shopify/ProductVariant/59551707824453,49.95,99.95,71.45
womens-turtleneck-knit-poncho-with-button-detail-for-autumn,gid://shopify/ProductVariant/59551707857221,49.95,99.95,71.45
womens-turtleneck-knit-poncho-with-button-detail-for-autumn,gid://shopify/ProductVariant/59551707889989,49.95,99.95,71.45
womens-turtleneck-knit-poncho-with-button-detail-for-autumn,gid://shopify/ProductVariant/59551707922757,49.95,99.95,71.45
womens-turtleneck-knit-poncho-with-button-detail-for-autumn,gid://shopify/ProductVariant/59551707955525,49.95,99.95,71.45
womens-turtleneck-knit-poncho-with-button-detail-for-autumn,gid://shopify/ProductVariant/59551707988293,49.95,99.95,71.45
womens-turtleneck-knit-poncho-with-button-detail-for-autumn,gid://shopify/ProductVariant/59551708021061,49.95,99.95,71.45
womens-turtleneck-knit-poncho-with-button-detail-for-autumn,gid://shopify/ProductVariant/59551708053829,49.95,99.95,71.45
womens-turtleneck-knit-poncho-with-button-detail-for-autumn,gid://shopify/ProductVariant/59551708086597,49.95,99.95,71.45
womens-turtleneck-knit-poncho-with-button-detail-for-autumn,gid://shopify/ProductVariant/59551708119365,49.95,99.95,71.45
womens-turtleneck-knit-poncho-with-button-detail-for-autumn,gid://shopify/ProductVariant/59551708152133,49.95,99.95,71.45
womens-turtleneck-knit-poncho-with-button-detail-for-autumn,gid://shopify/ProductVariant/59551708184901,49.95,99.95,71.45
womens-turtleneck-knit-poncho-with-button-detail-for-autumn,gid://shopify/ProductVariant/59551708217669,49.95,99.95,71.45
womens-turtleneck-knit-poncho-with-button-detail-for-autumn,gid://shopify/ProductVariant/59551708250437,49.95,99.95,71.45
womens-turtleneck-knit-poncho-with-button-detail-for-autumn,gid://shopify/ProductVariant/59551708283205,49.95,99.95,71.45
womens-turtleneck-knit-poncho-with-button-detail-for-autumn,gid://shopify/ProductVariant/59551708315973,49.95,99.95,71.45
womens-turtleneck-knit-poncho-with-button-detail-for-autumn,gid://shopify/ProductVariant/59551708348741,49.95,99.95,71.45
womens-turtleneck-knit-poncho-with-button-detail-for-autumn,gid://shopify/ProductVariant/59551708381509,49.95,99.95,71.45
womens-turtleneck-knit-poncho-with-button-detail-for-autumn,gid://shopify/ProductVariant/59551708414277,49.95,99.95,71.45
womens-turtleneck-knit-poncho-with-button-detail-for-autumn,gid://shopify/ProductVariant/59551708447045,49.95,99.95,71.45
womens-turtleneck-knit-poncho-with-button-detail-for-autumn,gid://shopify/ProductVariant/59551708479813,49.95,99.95,71.45
womens-turtleneck-knit-poncho-with-button-detail-for-autumn,gid://shopify/ProductVariant/59551708512581,49.95,99.95,71.45
womens-turtleneck-knit-poncho-with-button-detail-for-autumn,gid://shopify/ProductVariant/59551708545349,49.95,99.95,71.45
womens-turtleneck-knit-poncho-with-button-detail-for-autumn,gid://shopify/ProductVariant/59551708578117,49.95,99.95,71.45
womens-turtleneck-knit-poncho-with-button-detail-for-autumn,gid://shopify/ProductVariant/59551708610885,49.95,99.95,71.45
womens-turtleneck-knit-poncho-with-button-detail-for-autumn,gid://shopify/ProductVariant/59551708643653,49.95,99.95,71.45
womens-oversized-hooded-cardigan-with-batwing-sleeves,gid://shopify/ProductVariant/59551711494469,59.95,104.95,85.95
womens-oversized-hooded-cardigan-with-batwing-sleeves,gid://shopify/ProductVariant/59551711527237,59.95,104.95,85.95
womens-oversized-hooded-cardigan-with-batwing-sleeves,gid://shopify/ProductVariant/59551711560005,59.95,104.95,85.95
womens-oversized-hooded-cardigan-with-batwing-sleeves,gid://shopify/ProductVariant/59551711592773,59.95,104.95,85.95
womens-oversized-hooded-cardigan-with-batwing-sleeves,gid://shopify/ProductVariant/59551711625541,59.95,104.95,85.95
womens-oversized-hooded-cardigan-with-batwing-sleeves,gid://shopify/ProductVariant/59551711658309,59.95,104.95,85.95
womens-oversized-hooded-cardigan-with-batwing-sleeves,gid://shopify/ProductVariant/59551711691077,59.95,104.95,85.95
womens-oversized-hooded-cardigan-with-batwing-sleeves,gid://shopify/ProductVariant/59551711723845,59.95,104.95,85.95
womens-oversized-hooded-cardigan-with-batwing-sleeves,gid://shopify/ProductVariant/59551711756613,59.95,104.95,85.95
womens-oversized-hooded-cardigan-with-batwing-sleeves,gid://shopify/ProductVariant/59551711789381,59.95,104.95,85.95
womens-oversized-hooded-cardigan-with-batwing-sleeves,gid://shopify/ProductVariant/59551711822149,59.95,104.95,85.95
womens-oversized-hooded-cardigan-with-batwing-sleeves,gid://shopify/ProductVariant/59551711854917,59.95,104.95,85.95
womens-oversized-hooded-cardigan-with-batwing-sleeves,gid://shopify/ProductVariant/59551711887685,59.95,104.95,85.95
womens-oversized-hooded-cardigan-with-batwing-sleeves,gid://shopify/ProductVariant/59551711920453,59.95,104.95,85.95
womens-oversized-hooded-cardigan-with-batwing-sleeves,gid://shopify/ProductVariant/59551711953221,59.95,104.95,85.95
womens-oversized-hooded-cardigan-with-batwing-sleeves,gid://shopify/ProductVariant/59551711985989,59.95,104.95,85.95
womens-oversized-hooded-cardigan-with-batwing-sleeves,gid://shopify/ProductVariant/59551712018757,59.95,104.95,85.95
womens-oversized-hooded-cardigan-with-batwing-sleeves,gid://shopify/ProductVariant/59551712051525,59.95,104.95,85.95
womens-oversized-hooded-cardigan-with-batwing-sleeves,gid://shopify/ProductVariant/59551712084293,59.95,104.95,85.95
womens-oversized-hooded-cardigan-with-batwing-sleeves,gid://shopify/ProductVariant/59551712117061,59.95,104.95,85.95
womens-oversized-hooded-cardigan-with-batwing-sleeves,gid://shopify/ProductVariant/59551712149829,59.95,104.95,85.95
womens-oversized-hooded-cardigan-with-batwing-sleeves,gid://shopify/ProductVariant/59551712182597,59.95,104.95,85.95
womens-oversized-hooded-cardigan-with-batwing-sleeves,gid://shopify/ProductVariant/59551712215365,59.95,104.95,85.95
womens-oversized-hooded-cardigan-with-batwing-sleeves,gid://shopify/ProductVariant/59551712248133,59.95,104.95,85.95
womens-oversized-hooded-cardigan-with-batwing-sleeves,gid://shopify/ProductVariant/59551712280901,59.95,104.95,85.95
womens-oversized-hooded-cardigan-with-batwing-sleeves,gid://shopify/ProductVariant/59551712313669,59.95,104.95,85.95
womens-oversized-hooded-cardigan-with-batwing-sleeves,gid://shopify/ProductVariant/59551712346437,59.95,104.95,85.95
womens-oversized-hooded-cardigan-with-batwing-sleeves,gid://shopify/ProductVariant/59551712379205,59.95,104.95,85.95
womens-oversized-hooded-cardigan-with-batwing-sleeves,gid://shopify/ProductVariant/59551712411973,59.95,104.95,85.95
womens-oversized-hooded-cardigan-with-batwing-sleeves,gid://shopify/ProductVariant/59551712444741,59.95,104.95,85.95
womens-oversized-hooded-cardigan-with-batwing-sleeves,gid://shopify/ProductVariant/59551712477509,59.95,104.95,85.95
womens-oversized-hooded-cardigan-with-batwing-sleeves,gid://shopify/ProductVariant/59551712510277,59.95,104.95,85.95
womens-oversized-hooded-cardigan-with-batwing-sleeves,gid://shopify/ProductVariant/59551712543045,59.95,104.95,85.95
womens-oversized-hooded-cardigan-with-batwing-sleeves,gid://shopify/ProductVariant/59551712575813,59.95,104.95,85.95
womens-oversized-hooded-cardigan-with-batwing-sleeves,gid://shopify/ProductVariant/59551712608581,59.95,104.95,85.95
womens-oversized-hooded-cardigan-with-batwing-sleeves,gid://shopify/ProductVariant/59551712641349,59.95,104.95,85.95
womens-oversized-hooded-cardigan-with-batwing-sleeves,gid://shopify/ProductVariant/59551712674117,59.95,104.95,85.95
womens-oversized-hooded-cardigan-with-batwing-sleeves,gid://shopify/ProductVariant/59551712706885,59.95,104.95,85.95
womens-oversized-hooded-cardigan-with-batwing-sleeves,gid://shopify/ProductVariant/59551712739653,59.95,104.95,85.95
womens-oversized-hooded-cardigan-with-batwing-sleeves,gid://shopify/ProductVariant/59551712772421,59.95,104.95,85.95
womens-oversized-hooded-cardigan-with-batwing-sleeves,gid://shopify/ProductVariant/59551712805189,59.95,104.95,85.95
womens-oversized-hooded-cardigan-with-batwing-sleeves,gid://shopify/ProductVariant/59551712837957,59.95,104.95,85.95
womens-oversized-hooded-cardigan-with-batwing-sleeves,gid://shopify/ProductVariant/59551712870725,59.95,104.95,85.95
womens-oversized-hooded-cardigan-with-batwing-sleeves,gid://shopify/ProductVariant/59551712903493,59.95,104.95,85.95
womens-oversized-hooded-cardigan-with-batwing-sleeves,gid://shopify/ProductVariant/59551712936261,59.95,104.95,85.95
womens-oversized-hooded-cardigan-with-batwing-sleeves,gid://shopify/ProductVariant/59551712969029,59.95,104.95,85.95
womens-oversized-hooded-cardigan-with-batwing-sleeves,gid://shopify/ProductVariant/59551713001797,59.95,104.95,85.95
womens-oversized-hooded-cardigan-with-batwing-sleeves,gid://shopify/ProductVariant/59551713034565,59.95,104.95,85.95
womens-oversized-hooded-cardigan-with-batwing-sleeves,gid://shopify/ProductVariant/59551713067333,59.95,104.95,85.95
womens-oversized-hooded-cardigan-with-batwing-sleeves,gid://shopify/ProductVariant/59551713100101,59.95,104.95,85.95
womens-oversized-hooded-cardigan-with-batwing-sleeves,gid://shopify/ProductVariant/59551713132869,59.95,104.95,85.95
womens-oversized-hooded-cardigan-with-batwing-sleeves,gid://shopify/ProductVariant/59551713165637,59.95,104.95,85.95
womens-oversized-hooded-cardigan-with-batwing-sleeves,gid://shopify/ProductVariant/59551713198405,59.95,104.95,85.95
womens-oversized-hooded-cardigan-with-batwing-sleeves,gid://shopify/ProductVariant/59551713231173,59.95,104.95,85.95
womens-long-hooded-knit-cardigan-with-buttons-for-cool-days,gid://shopify/ProductVariant/59551717196101,69.95,139.95,99.95
womens-long-hooded-knit-cardigan-with-buttons-for-cool-days,gid://shopify/ProductVariant/59551717228869,69.95,139.95,99.95
womens-long-hooded-knit-cardigan-with-buttons-for-cool-days,gid://shopify/ProductVariant/59551717261637,69.95,139.95,99.95
womens-long-hooded-knit-cardigan-with-buttons-for-cool-days,gid://shopify/ProductVariant/59551717294405,69.95,139.95,99.95
womens-long-hooded-knit-cardigan-with-buttons-for-cool-days,gid://shopify/ProductVariant/59551717327173,69.95,139.95,99.95
womens-long-hooded-knit-cardigan-with-buttons-for-cool-days,gid://shopify/ProductVariant/59551717359941,69.95,139.95,99.95
womens-long-hooded-knit-cardigan-with-buttons-for-cool-days,gid://shopify/ProductVariant/59551717392709,69.95,139.95,99.95
womens-long-hooded-knit-cardigan-with-buttons-for-cool-days,gid://shopify/ProductVariant/59551717425477,69.95,139.95,99.95
womens-long-hooded-knit-cardigan-with-buttons-for-cool-days,gid://shopify/ProductVariant/59551717458245,69.95,139.95,99.95
womens-long-hooded-knit-cardigan-with-buttons-for-cool-days,gid://shopify/ProductVariant/59551717491013,69.95,139.95,99.95
womens-long-hooded-knit-cardigan-with-buttons-for-cool-days,gid://shopify/ProductVariant/59551717523781,69.95,139.95,99.95
womens-long-hooded-knit-cardigan-with-buttons-for-cool-days,gid://shopify/ProductVariant/59551717556549,69.95,139.95,99.95
womens-long-hooded-knit-cardigan-with-buttons-for-cool-days,gid://shopify/ProductVariant/59551717589317,69.95,139.95,99.95
womens-long-hooded-knit-cardigan-with-buttons-for-cool-days,gid://shopify/ProductVariant/59551717622085,69.95,139.95,99.95
womens-long-hooded-knit-cardigan-with-buttons-for-cool-days,gid://shopify/ProductVariant/59551717654853,69.95,139.95,99.95
womens-long-hooded-knit-cardigan-with-buttons-for-cool-days,gid://shopify/ProductVariant/59551717687621,69.95,139.95,99.95
womens-long-hooded-knit-cardigan-with-buttons-for-cool-days,gid://shopify/ProductVariant/59551717720389,69.95,139.95,99.95
womens-long-hooded-knit-cardigan-with-buttons-for-cool-days,gid://shopify/ProductVariant/59551717753157,69.95,139.95,99.95
womens-long-hooded-knit-cardigan-with-buttons-for-cool-days,gid://shopify/ProductVariant/59551717785925,69.95,139.95,99.95
womens-long-hooded-knit-cardigan-with-buttons-for-cool-days,gid://shopify/ProductVariant/59551717818693,69.95,139.95,99.95
womens-long-hooded-knit-cardigan-with-buttons-for-cool-days,gid://shopify/ProductVariant/59551717851461,69.95,139.95,99.95
womens-long-hooded-knit-cardigan-with-buttons-for-cool-days,gid://shopify/ProductVariant/59551717884229,69.95,139.95,99.95
womens-long-hooded-knit-cardigan-with-buttons-for-cool-days,gid://shopify/ProductVariant/59551717916997,69.95,139.95,99.95
womens-long-hooded-knit-cardigan-with-buttons-for-cool-days,gid://shopify/ProductVariant/59551717949765,69.95,139.95,99.95
womens-long-hooded-knit-cardigan-with-buttons-for-cool-days,gid://shopify/ProductVariant/59551717982533,69.95,139.95,99.95
womens-long-hooded-knit-cardigan-with-buttons-for-cool-days,gid://shopify/ProductVariant/59551718015301,69.95,139.95,99.95
womens-long-hooded-knit-cardigan-with-buttons-for-cool-days,gid://shopify/ProductVariant/59551718048069,69.95,139.95,99.95
womens-long-hooded-knit-cardigan-with-buttons-for-cool-days,gid://shopify/ProductVariant/59551718080837,69.95,139.95,99.95
womens-long-hooded-knit-cardigan-with-buttons-for-cool-days,gid://shopify/ProductVariant/59551718113605,69.95,139.95,99.95
womens-long-hooded-knit-cardigan-with-buttons-for-cool-days,gid://shopify/ProductVariant/59551718146373,69.95,139.95,99.95
womens-long-hooded-knit-cardigan-with-buttons-for-cool-days,gid://shopify/ProductVariant/59551718179141,69.95,139.95,99.95
womens-long-hooded-knit-cardigan-with-buttons-for-cool-days,gid://shopify/ProductVariant/59551718211909,69.95,139.95,99.95
womens-long-hooded-knit-cardigan-with-buttons-for-cool-days,gid://shopify/ProductVariant/59551718244677,69.95,139.95,99.95
womens-long-hooded-knit-cardigan-with-buttons-for-cool-days,gid://shopify/ProductVariant/59551718277445,69.95,139.95,99.95
womens-long-hooded-knit-cardigan-with-buttons-for-cool-days,gid://shopify/ProductVariant/59551718310213,69.95,139.95,99.95
womens-long-hooded-knit-cardigan-with-buttons-for-cool-days,gid://shopify/ProductVariant/59551718342981,69.95,139.95,99.95
womens-long-cable-knit-hooded-cardigan-for-autumn-winter,gid://shopify/ProductVariant/59551719719237,59.95,104.95,85.95
womens-long-cable-knit-hooded-cardigan-for-autumn-winter,gid://shopify/ProductVariant/59551719752005,59.95,104.95,85.95
womens-long-cable-knit-hooded-cardigan-for-autumn-winter,gid://shopify/ProductVariant/59551719784773,59.95,104.95,85.95
womens-long-cable-knit-hooded-cardigan-for-autumn-winter,gid://shopify/ProductVariant/59551719817541,59.95,104.95,85.95
womens-long-cable-knit-hooded-cardigan-for-autumn-winter,gid://shopify/ProductVariant/59551719850309,59.95,104.95,85.95
womens-long-cable-knit-hooded-cardigan-for-autumn-winter,gid://shopify/ProductVariant/59551719883077,59.95,104.95,85.95
womens-long-cable-knit-hooded-cardigan-for-autumn-winter,gid://shopify/ProductVariant/59551719915845,59.95,104.95,85.95
womens-long-cable-knit-hooded-cardigan-for-autumn-winter,gid://shopify/ProductVariant/59551719948613,59.95,104.95,85.95
womens-long-cable-knit-hooded-cardigan-for-autumn-winter,gid://shopify/ProductVariant/59551719981381,59.95,104.95,85.95
womens-long-cable-knit-hooded-cardigan-for-autumn-winter,gid://shopify/ProductVariant/59551720014149,59.95,104.95,85.95
womens-long-cable-knit-hooded-cardigan-for-autumn-winter,gid://shopify/ProductVariant/59551720046917,59.95,104.95,85.95
womens-long-cable-knit-hooded-cardigan-for-autumn-winter,gid://shopify/ProductVariant/59551720079685,59.95,104.95,85.95
womens-long-chunky-knit-hooded-cardigan-for-cozy-days,gid://shopify/ProductVariant/59551720997189,59.95,119.95,85.95
womens-long-chunky-knit-hooded-cardigan-for-cozy-days,gid://shopify/ProductVariant/59551721029957,59.95,119.95,85.95
womens-long-chunky-knit-hooded-cardigan-for-cozy-days,gid://shopify/ProductVariant/59551721062725,59.95,119.95,85.95
womens-long-chunky-knit-hooded-cardigan-for-cozy-days,gid://shopify/ProductVariant/59551721095493,59.95,119.95,85.95
womens-long-chunky-knit-hooded-cardigan-for-cozy-days,gid://shopify/ProductVariant/59551721128261,59.95,119.95,85.95
womens-long-chunky-knit-hooded-cardigan-for-cozy-days,gid://shopify/ProductVariant/59551721161029,59.95,119.95,85.95
womens-long-chunky-knit-hooded-cardigan-for-cozy-days,gid://shopify/ProductVariant/59551721193797,59.95,119.95,85.95
womens-long-chunky-knit-hooded-cardigan-for-cozy-days,gid://shopify/ProductVariant/59551721226565,59.95,119.95,85.95
womens-long-chunky-knit-hooded-cardigan-for-cozy-days,gid://shopify/ProductVariant/59551721259333,59.95,119.95,85.95
womens-long-chunky-knit-hooded-cardigan-for-cozy-days,gid://shopify/ProductVariant/59551721292101,59.95,119.95,85.95
womens-long-chunky-knit-hooded-cardigan-for-cozy-days,gid://shopify/ProductVariant/59551721324869,59.95,119.95,85.95
womens-long-chunky-knit-hooded-cardigan-for-cozy-days,gid://shopify/ProductVariant/59551721357637,59.95,119.95,85.95
womens-long-chunky-knit-hooded-cardigan-for-cozy-days,gid://shopify/ProductVariant/59551721390405,59.95,119.95,85.95
womens-long-chunky-knit-hooded-cardigan-for-cozy-days,gid://shopify/ProductVariant/59551721423173,59.95,119.95,85.95
womens-long-chunky-knit-hooded-cardigan-for-cozy-days,gid://shopify/ProductVariant/59551721455941,59.95,119.95,85.95
womens-long-chunky-knit-hooded-cardigan-for-cozy-days,gid://shopify/ProductVariant/59551721488709,59.95,119.95,85.95
womens-long-chunky-knit-hooded-cardigan-for-cozy-days,gid://shopify/ProductVariant/59551721521477,59.95,119.95,85.95
womens-long-chunky-knit-hooded-cardigan-for-cozy-days,gid://shopify/ProductVariant/59551721554245,59.95,119.95,85.95
womens-long-chunky-knit-hooded-cardigan-for-cozy-days,gid://shopify/ProductVariant/59551721587013,59.95,119.95,85.95
womens-long-chunky-knit-hooded-cardigan-for-cozy-days,gid://shopify/ProductVariant/59551721619781,59.95,119.95,85.95
womens-long-chunky-knit-hooded-cardigan-for-cozy-days,gid://shopify/ProductVariant/59551721652549,59.95,119.95,85.95
womens-long-chunky-knit-hooded-cardigan-for-cozy-days,gid://shopify/ProductVariant/59551721685317,59.95,119.95,85.95
womens-long-chunky-knit-hooded-cardigan-for-cozy-days,gid://shopify/ProductVariant/59551721718085,59.95,119.95,85.95
womens-long-chunky-knit-hooded-cardigan-for-cozy-days,gid://shopify/ProductVariant/59551721750853,59.95,119.95,85.95
womens-short-puffer-jacket-with-fleece-lined-hood-for-winter,gid://shopify/ProductVariant/59551721783621,84.95,149.95,121.45
womens-short-puffer-jacket-with-fleece-lined-hood-for-winter,gid://shopify/ProductVariant/59551721816389,84.95,149.95,121.45
womens-short-puffer-jacket-with-fleece-lined-hood-for-winter,gid://shopify/ProductVariant/59551721849157,84.95,149.95,121.45
womens-short-puffer-jacket-with-fleece-lined-hood-for-winter,gid://shopify/ProductVariant/59551721881925,84.95,149.95,121.45
womens-short-puffer-jacket-with-fleece-lined-hood-for-winter,gid://shopify/ProductVariant/59551721914693,84.95,149.95,121.45
womens-short-puffer-jacket-with-fleece-lined-hood-for-winter,gid://shopify/ProductVariant/59551721947461,84.95,149.95,121.45
womens-short-puffer-jacket-with-fleece-lined-hood-for-winter,gid://shopify/ProductVariant/59551721980229,84.95,149.95,121.45
womens-short-puffer-jacket-with-fleece-lined-hood-for-winter,gid://shopify/ProductVariant/59551722012997,84.95,149.95,121.45
womens-short-puffer-jacket-with-fleece-lined-hood-for-winter,gid://shopify/ProductVariant/59551722045765,84.95,149.95,121.45
womens-short-puffer-jacket-with-fleece-lined-hood-for-winter,gid://shopify/ProductVariant/59551722078533,84.95,149.95,121.45
womens-short-puffer-jacket-with-fleece-lined-hood-for-winter,gid://shopify/ProductVariant/59551722111301,84.95,149.95,121.45
womens-short-puffer-jacket-with-fleece-lined-hood-for-winter,gid://shopify/ProductVariant/59551722144069,84.95,149.95,121.45
womens-short-puffer-jacket-with-fleece-lined-hood-for-winter,gid://shopify/ProductVariant/59551722176837,84.95,149.95,121.45
womens-short-puffer-jacket-with-fleece-lined-hood-for-winter,gid://shopify/ProductVariant/59551722209605,84.95,149.95,121.45
womens-short-puffer-jacket-with-fleece-lined-hood-for-winter,gid://shopify/ProductVariant/59551722242373,84.95,149.95,121.45
womens-short-puffer-jacket-with-fleece-lined-hood-for-winter,gid://shopify/ProductVariant/59551722275141,84.95,149.95,121.45
womens-short-puffer-jacket-with-fleece-lined-hood-for-winter,gid://shopify/ProductVariant/59551722307909,84.95,149.95,121.45
womens-short-puffer-jacket-with-fleece-lined-hood-for-winter,gid://shopify/ProductVariant/59551722340677,84.95,149.95,121.45
womens-short-puffer-jacket-with-fleece-lined-hood-for-winter,gid://shopify/ProductVariant/59551722373445,84.95,149.95,121.45
womens-short-puffer-jacket-with-fleece-lined-hood-for-winter,gid://shopify/ProductVariant/59551722406213,84.95,149.95,121.45
womens-short-puffer-jacket-with-fleece-lined-hood-for-winter,gid://shopify/ProductVariant/59551722438981,84.95,149.95,121.45
womens-short-puffer-jacket-with-fleece-lined-hood-for-winter,gid://shopify/ProductVariant/59551722471749,84.95,149.95,121.45
womens-short-puffer-jacket-with-fleece-lined-hood-for-winter,gid://shopify/ProductVariant/59551722504517,84.95,149.95,121.45
womens-short-puffer-jacket-with-fleece-lined-hood-for-winter,gid://shopify/ProductVariant/59551722537285,84.95,149.95,121.45
womens-hooded-outdoor-jacket-with-zip-for-cool-days,gid://shopify/ProductVariant/59551724863813,59.95,104.95,85.95
womens-hooded-outdoor-jacket-with-zip-for-cool-days,gid://shopify/ProductVariant/59551724896581,59.95,104.95,85.95
womens-hooded-outdoor-jacket-with-zip-for-cool-days,gid://shopify/ProductVariant/59551724929349,59.95,104.95,85.95
womens-hooded-outdoor-jacket-with-zip-for-cool-days,gid://shopify/ProductVariant/59551724962117,59.95,104.95,85.95
womens-hooded-outdoor-jacket-with-zip-for-cool-days,gid://shopify/ProductVariant/59551724994885,59.95,104.95,85.95
womens-hooded-outdoor-jacket-with-zip-for-cool-days,gid://shopify/ProductVariant/59551725027653,59.95,104.95,85.95
womens-hooded-outdoor-jacket-with-zip-for-cool-days,gid://shopify/ProductVariant/59551725060421,59.95,104.95,85.95
womens-hooded-outdoor-jacket-with-zip-for-cool-days,gid://shopify/ProductVariant/59551725093189,59.95,104.95,85.95
womens-hooded-outdoor-jacket-with-zip-for-cool-days,gid://shopify/ProductVariant/59551725125957,59.95,104.95,85.95
womens-hooded-outdoor-jacket-with-zip-for-cool-days,gid://shopify/ProductVariant/59551725158725,59.95,104.95,85.95
womens-hooded-outdoor-jacket-with-zip-for-cool-days,gid://shopify/ProductVariant/59551725191493,59.95,104.95,85.95
womens-hooded-outdoor-jacket-with-zip-for-cool-days,gid://shopify/ProductVariant/59551725224261,59.95,104.95,85.95
womens-hooded-outdoor-jacket-with-zip-for-cool-days,gid://shopify/ProductVariant/59551725257029,59.95,104.95,85.95
womens-hooded-outdoor-jacket-with-zip-for-cool-days,gid://shopify/ProductVariant/59551725289797,59.95,104.95,85.95
womens-hooded-outdoor-jacket-with-zip-for-cool-days,gid://shopify/ProductVariant/59551725322565,59.95,104.95,85.95
womens-hooded-outdoor-jacket-with-zip-for-cool-days,gid://shopify/ProductVariant/59551725355333,59.95,104.95,85.95
womens-hooded-outdoor-jacket-with-zip-for-cool-days,gid://shopify/ProductVariant/59551725388101,59.95,104.95,85.95
womens-hooded-outdoor-jacket-with-zip-for-cool-days,gid://shopify/ProductVariant/59551725420869,59.95,104.95,85.95
womens-hooded-outdoor-jacket-with-zip-for-cool-days,gid://shopify/ProductVariant/59551725453637,59.95,104.95,85.95
womens-hooded-outdoor-jacket-with-zip-for-cool-days,gid://shopify/ProductVariant/59551725486405,59.95,104.95,85.95
womens-hooded-outdoor-jacket-with-zip-for-cool-days,gid://shopify/ProductVariant/59551725519173,59.95,104.95,85.95
womens-hooded-outdoor-jacket-with-zip-for-cool-days,gid://shopify/ProductVariant/59551725551941,59.95,104.95,85.95
womens-hooded-outdoor-jacket-with-zip-for-cool-days,gid://shopify/ProductVariant/59551725584709,59.95,104.95,85.95
womens-hooded-outdoor-jacket-with-zip-for-cool-days,gid://shopify/ProductVariant/59551725617477,59.95,104.95,85.95
womens-hooded-outdoor-jacket-with-zip-for-cool-days,gid://shopify/ProductVariant/59551725650245,59.95,104.95,85.95
womens-hooded-outdoor-jacket-with-zip-for-cool-days,gid://shopify/ProductVariant/59551725683013,59.95,104.95,85.95
womens-hooded-outdoor-jacket-with-zip-for-cool-days,gid://shopify/ProductVariant/59551725715781,59.95,104.95,85.95
womens-hooded-outdoor-jacket-with-zip-for-cool-days,gid://shopify/ProductVariant/59551725748549,59.95,104.95,85.95
womens-hooded-outdoor-jacket-with-zip-for-cool-days,gid://shopify/ProductVariant/59551725781317,59.95,104.95,85.95
womens-hooded-outdoor-jacket-with-zip-for-cool-days,gid://shopify/ProductVariant/59551725814085,59.95,104.95,85.95
womens-hooded-outdoor-jacket-with-zip-for-cool-days,gid://shopify/ProductVariant/59551725846853,59.95,104.95,85.95
womens-hooded-outdoor-jacket-with-zip-for-cool-days,gid://shopify/ProductVariant/59551725879621,59.95,104.95,85.95
womens-hooded-outdoor-jacket-with-zip-for-cool-days,gid://shopify/ProductVariant/59551725912389,59.95,104.95,85.95
womens-hooded-outdoor-jacket-with-zip-for-cool-days,gid://shopify/ProductVariant/59551725945157,59.95,104.95,85.95
womens-hooded-outdoor-jacket-with-zip-for-cool-days,gid://shopify/ProductVariant/59551725977925,59.95,104.95,85.95
womens-hooded-outdoor-jacket-with-zip-for-cool-days,gid://shopify/ProductVariant/59551726010693,59.95,104.95,85.95
womens-tailored-trench-coat-with-lapel-collar-for-autumn,gid://shopify/ProductVariant/59551731515717,69.95,124.95,99.95
womens-tailored-trench-coat-with-lapel-collar-for-autumn,gid://shopify/ProductVariant/59551731548485,69.95,124.95,99.95
womens-tailored-trench-coat-with-lapel-collar-for-autumn,gid://shopify/ProductVariant/59551731581253,69.95,124.95,99.95
womens-tailored-trench-coat-with-lapel-collar-for-autumn,gid://shopify/ProductVariant/59551731614021,69.95,124.95,99.95
womens-tailored-trench-coat-with-lapel-collar-for-autumn,gid://shopify/ProductVariant/59551731646789,69.95,124.95,99.95
womens-tailored-trench-coat-with-lapel-collar-for-autumn,gid://shopify/ProductVariant/59551731679557,69.95,124.95,99.95
womens-tailored-trench-coat-with-lapel-collar-for-autumn,gid://shopify/ProductVariant/59551731712325,69.95,124.95,99.95
womens-tailored-trench-coat-with-lapel-collar-for-autumn,gid://shopify/ProductVariant/59551731745093,69.95,124.95,99.95
womens-tailored-trench-coat-with-lapel-collar-for-autumn,gid://shopify/ProductVariant/59551731777861,69.95,124.95,99.95
womens-tailored-trench-coat-with-lapel-collar-for-autumn,gid://shopify/ProductVariant/59551731810629,69.95,124.95,99.95
womens-tailored-trench-coat-with-lapel-collar-for-autumn,gid://shopify/ProductVariant/59551731843397,69.95,124.95,99.95
womens-tailored-trench-coat-with-lapel-collar-for-autumn,gid://shopify/ProductVariant/59551731876165,69.95,124.95,99.95
womens-tailored-trench-coat-with-lapel-collar-for-autumn,gid://shopify/ProductVariant/59551731908933,69.95,124.95,99.95
womens-tailored-trench-coat-with-lapel-collar-for-autumn,gid://shopify/ProductVariant/59551731941701,69.95,124.95,99.95
womens-tailored-trench-coat-with-lapel-collar-for-autumn,gid://shopify/ProductVariant/59551731974469,69.95,124.95,99.95
womens-tailored-trench-coat-with-lapel-collar-for-autumn,gid://shopify/ProductVariant/59551732007237,69.95,124.95,99.95
womens-tailored-trench-coat-with-lapel-collar-for-autumn,gid://shopify/ProductVariant/59551732040005,69.95,124.95,99.95
womens-tailored-trench-coat-with-lapel-collar-for-autumn,gid://shopify/ProductVariant/59551732072773,69.95,124.95,99.95
womens-tailored-trench-coat-with-lapel-collar-for-autumn,gid://shopify/ProductVariant/59551732105541,69.95,124.95,99.95
womens-tailored-trench-coat-with-lapel-collar-for-autumn,gid://shopify/ProductVariant/59551732138309,69.95,124.95,99.95
womens-tailored-trench-coat-with-lapel-collar-for-autumn,gid://shopify/ProductVariant/59551732171077,69.95,124.95,99.95
womens-tailored-trench-coat-with-lapel-collar-for-autumn,gid://shopify/ProductVariant/59551732203845,69.95,124.95,99.95
womens-tailored-trench-coat-with-lapel-collar-for-autumn,gid://shopify/ProductVariant/59551732236613,69.95,124.95,99.95
womens-tailored-trench-coat-with-lapel-collar-for-autumn,gid://shopify/ProductVariant/59551732269381,69.95,124.95,99.95
womens-shaggy-faux-fur-jacket-in-bold-colors,gid://shopify/ProductVariant/59551752225093,94.95,169.95,135.95
womens-shaggy-faux-fur-jacket-in-bold-colors,gid://shopify/ProductVariant/59551752257861,94.95,169.95,135.95
womens-shaggy-faux-fur-jacket-in-bold-colors,gid://shopify/ProductVariant/59551752290629,94.95,169.95,135.95
womens-shaggy-faux-fur-jacket-in-bold-colors,gid://shopify/ProductVariant/59551752323397,94.95,169.95,135.95
womens-shaggy-faux-fur-jacket-in-bold-colors,gid://shopify/ProductVariant/59551752356165,94.95,169.95,135.95
womens-shaggy-faux-fur-jacket-in-bold-colors,gid://shopify/ProductVariant/59551752388933,94.95,169.95,135.95
womens-shaggy-faux-fur-jacket-in-bold-colors,gid://shopify/ProductVariant/59551752421701,94.95,169.95,135.95
womens-shaggy-faux-fur-jacket-in-bold-colors,gid://shopify/ProductVariant/59551752454469,94.95,169.95,135.95
womens-shaggy-faux-fur-jacket-in-bold-colors,gid://shopify/ProductVariant/59551752487237,94.95,169.95,135.95
womens-shaggy-faux-fur-jacket-in-bold-colors,gid://shopify/ProductVariant/59551752520005,94.95,169.95,135.95
womens-shaggy-faux-fur-jacket-in-bold-colors,gid://shopify/ProductVariant/59551752552773,94.95,169.95,135.95
womens-shaggy-faux-fur-jacket-in-bold-colors,gid://shopify/ProductVariant/59551752585541,94.95,169.95,135.95
womens-shaggy-faux-fur-jacket-in-bold-colors,gid://shopify/ProductVariant/59551752618309,94.95,169.95,135.95
womens-shaggy-faux-fur-jacket-in-bold-colors,gid://shopify/ProductVariant/59551752651077,94.95,169.95,135.95
womens-shaggy-faux-fur-jacket-in-bold-colors,gid://shopify/ProductVariant/59551752683845,94.95,169.95,135.95
womens-shaggy-faux-fur-jacket-in-bold-colors,gid://shopify/ProductVariant/59551752716613,94.95,169.95,135.95
womens-shaggy-faux-fur-jacket-in-bold-colors,gid://shopify/ProductVariant/59551752749381,94.95,169.95,135.95
womens-shaggy-faux-fur-jacket-in-bold-colors,gid://shopify/ProductVariant/59551752782149,94.95,169.95,135.95
womens-shaggy-faux-fur-jacket-in-bold-colors,gid://shopify/ProductVariant/59551752814917,94.95,169.95,135.95
womens-shaggy-faux-fur-jacket-in-bold-colors,gid://shopify/ProductVariant/59551752847685,94.95,169.95,135.95
womens-shaggy-faux-fur-jacket-in-bold-colors,gid://shopify/ProductVariant/59551752880453,94.95,169.95,135.95
womens-shaggy-faux-fur-jacket-in-bold-colors,gid://shopify/ProductVariant/59551752913221,94.95,169.95,135.95
womens-shaggy-faux-fur-jacket-in-bold-colors,gid://shopify/ProductVariant/59551752945989,94.95,169.95,135.95
womens-shaggy-faux-fur-jacket-in-bold-colors,gid://shopify/ProductVariant/59551752978757,94.95,169.95,135.95
womens-shaggy-faux-fur-jacket-in-bold-colors,gid://shopify/ProductVariant/59551753011525,94.95,169.95,135.95
womens-shaggy-faux-fur-jacket-in-bold-colors,gid://shopify/ProductVariant/59551753044293,94.95,169.95,135.95
womens-shaggy-faux-fur-jacket-in-bold-colors,gid://shopify/ProductVariant/59551753077061,94.95,169.95,135.95
womens-shaggy-faux-fur-jacket-in-bold-colors,gid://shopify/ProductVariant/59551753109829,94.95,169.95,135.95
womens-shaggy-faux-fur-jacket-in-bold-colors,gid://shopify/ProductVariant/59551753142597,94.95,169.95,135.95
womens-shaggy-faux-fur-jacket-in-bold-colors,gid://shopify/ProductVariant/59551753175365,94.95,169.95,135.95
womens-shaggy-faux-fur-jacket-in-bold-colors,gid://shopify/ProductVariant/59551753208133,94.95,169.95,135.95
womens-shaggy-faux-fur-jacket-in-bold-colors,gid://shopify/ProductVariant/59551753240901,94.95,169.95,135.95
womens-shaggy-faux-fur-jacket-in-bold-colors,gid://shopify/ProductVariant/59551753273669,94.95,169.95,135.95
womens-shaggy-faux-fur-jacket-in-bold-colors,gid://shopify/ProductVariant/59551753306437,94.95,169.95,135.95
womens-shaggy-faux-fur-jacket-in-bold-colors,gid://shopify/ProductVariant/59551753339205,94.95,169.95,135.95
womens-shaggy-faux-fur-jacket-in-bold-colors,gid://shopify/ProductVariant/59551753371973,94.95,169.95,135.95
womens-shaggy-faux-fur-jacket-in-bold-colors,gid://shopify/ProductVariant/59551753404741,94.95,169.95,135.95
womens-shaggy-faux-fur-jacket-in-bold-colors,gid://shopify/ProductVariant/59551753437509,94.95,169.95,135.95
womens-shaggy-faux-fur-jacket-in-bold-colors,gid://shopify/ProductVariant/59551753470277,94.95,169.95,135.95
womens-shaggy-faux-fur-jacket-in-bold-colors,gid://shopify/ProductVariant/59551753503045,94.95,169.95,135.95
womens-shaggy-faux-fur-jacket-in-bold-colors,gid://shopify/ProductVariant/59551753535813,94.95,169.95,135.95
womens-shaggy-faux-fur-jacket-in-bold-colors,gid://shopify/ProductVariant/59551753568581,94.95,169.95,135.95
womens-shaggy-faux-fur-jacket-in-bold-colors,gid://shopify/ProductVariant/59551753601349,94.95,169.95,135.95
womens-shaggy-faux-fur-jacket-in-bold-colors,gid://shopify/ProductVariant/59551753634117,94.95,169.95,135.95
womens-shaggy-faux-fur-jacket-in-bold-colors,gid://shopify/ProductVariant/59551753666885,94.95,169.95,135.95
womens-shaggy-faux-fur-jacket-in-bold-colors,gid://shopify/ProductVariant/59551753699653,94.95,169.95,135.95
womens-shaggy-faux-fur-jacket-in-bold-colors,gid://shopify/ProductVariant/59551753732421,94.95,169.95,135.95
womens-shaggy-faux-fur-jacket-in-bold-colors,gid://shopify/ProductVariant/59551753765189,94.95,169.95,135.95
womens-shaggy-faux-fur-jacket-in-bold-colors,gid://shopify/ProductVariant/59551753797957,94.95,169.95,135.95
womens-shaggy-faux-fur-jacket-in-bold-colors,gid://shopify/ProductVariant/59551753830725,94.95,169.95,135.95
womens-shaggy-faux-fur-jacket-in-bold-colors,gid://shopify/ProductVariant/59551753863493,94.95,169.95,135.95
womens-shaggy-faux-fur-jacket-in-bold-colors,gid://shopify/ProductVariant/59551753896261,94.95,169.95,135.95
womens-shaggy-faux-fur-jacket-in-bold-colors,gid://shopify/ProductVariant/59551753929029,94.95,169.95,135.95
womens-shaggy-faux-fur-jacket-in-bold-colors,gid://shopify/ProductVariant/59551753961797,94.95,169.95,135.95
womens-shaggy-faux-fur-jacket-in-bold-colors,gid://shopify/ProductVariant/59551753994565,94.95,169.95,135.95
womens-shaggy-faux-fur-jacket-in-bold-colors,gid://shopify/ProductVariant/59551754027333,94.95,169.95,135.95
womens-shaggy-faux-fur-jacket-in-bold-colors,gid://shopify/ProductVariant/59551754060101,94.95,169.95,135.95
womens-shaggy-faux-fur-jacket-in-bold-colors,gid://shopify/ProductVariant/59551754092869,94.95,169.95,135.95
womens-shaggy-faux-fur-jacket-in-bold-colors,gid://shopify/ProductVariant/59551754125637,94.95,169.95,135.95
womens-shaggy-faux-fur-jacket-in-bold-colors,gid://shopify/ProductVariant/59551754158405,94.95,169.95,135.95
womens-shaggy-faux-fur-jacket-in-bold-colors,gid://shopify/ProductVariant/59551754191173,94.95,169.95,135.95
womens-shaggy-faux-fur-jacket-in-bold-colors,gid://shopify/ProductVariant/59551754223941,94.95,169.95,135.95
womens-shaggy-faux-fur-jacket-in-bold-colors,gid://shopify/ProductVariant/59551754256709,94.95,169.95,135.95
womens-shaggy-faux-fur-jacket-in-bold-colors,gid://shopify/ProductVariant/59551754289477,94.95,169.95,135.95
womens-shaggy-faux-fur-jacket-in-bold-colors,gid://shopify/ProductVariant/59551754322245,94.95,169.95,135.95
womens-shaggy-faux-fur-jacket-in-bold-colors,gid://shopify/ProductVariant/59551754355013,94.95,169.95,135.95
womens-shaggy-faux-fur-jacket-in-bold-colors,gid://shopify/ProductVariant/59551754387781,94.95,169.95,135.95
womens-shaggy-faux-fur-jacket-in-bold-colors,gid://shopify/ProductVariant/59551754420549,94.95,169.95,135.95
womens-shaggy-faux-fur-jacket-in-bold-colors,gid://shopify/ProductVariant/59551754453317,94.95,169.95,135.95
womens-shaggy-faux-fur-jacket-in-bold-colors,gid://shopify/ProductVariant/59551754486085,94.95,169.95,135.95
womens-shaggy-faux-fur-jacket-in-bold-colors,gid://shopify/ProductVariant/59551754518853,94.95,169.95,135.95
womens-shaggy-faux-fur-jacket-in-bold-colors,gid://shopify/ProductVariant/59551754551621,94.95,169.95,135.95
womens-shaggy-faux-fur-jacket-in-bold-colors,gid://shopify/ProductVariant/59551754584389,94.95,169.95,135.95
womens-shaggy-faux-fur-jacket-in-bold-colors,gid://shopify/ProductVariant/59551754617157,94.95,169.95,135.95
womens-shaggy-faux-fur-jacket-in-bold-colors,gid://shopify/ProductVariant/59551754649925,94.95,169.95,135.95
womens-shaggy-faux-fur-jacket-in-bold-colors,gid://shopify/ProductVariant/59551754682693,94.95,169.95,135.95
womens-shaggy-faux-fur-jacket-in-bold-colors,gid://shopify/ProductVariant/59551754715461,94.95,169.95,135.95
womens-shaggy-faux-fur-jacket-in-bold-colors,gid://shopify/ProductVariant/59551754748229,94.95,169.95,135.95
womens-shaggy-faux-fur-jacket-in-bold-colors,gid://shopify/ProductVariant/59551754780997,94.95,169.95,135.95
womens-shaggy-faux-fur-jacket-in-bold-colors,gid://shopify/ProductVariant/59551754813765,94.95,169.95,135.95
womens-shaggy-faux-fur-jacket-in-bold-colors,gid://shopify/ProductVariant/59551754846533,94.95,169.95,135.95
womens-shaggy-faux-fur-jacket-in-bold-colors,gid://shopify/ProductVariant/59551754879301,94.95,169.95,135.95
womens-shaggy-faux-fur-jacket-in-bold-colors,gid://shopify/ProductVariant/59551754912069,94.95,169.95,135.95
womens-shaggy-faux-fur-jacket-in-bold-colors,gid://shopify/ProductVariant/59551754944837,94.95,169.95,135.95
womens-cropped-faux-fur-jacket-with-classic-collar,gid://shopify/ProductVariant/59551759008069,69.95,124.95,99.95
womens-cropped-faux-fur-jacket-with-classic-collar,gid://shopify/ProductVariant/59551759040837,69.95,124.95,99.95
womens-cropped-faux-fur-jacket-with-classic-collar,gid://shopify/ProductVariant/59551759073605,69.95,124.95,99.95
womens-cropped-faux-fur-jacket-with-classic-collar,gid://shopify/ProductVariant/59551759106373,69.95,124.95,99.95
womens-cropped-faux-fur-jacket-with-classic-collar,gid://shopify/ProductVariant/59551759139141,69.95,124.95,99.95
womens-cropped-faux-fur-jacket-with-classic-collar,gid://shopify/ProductVariant/59551759171909,69.95,124.95,99.95
womens-cropped-faux-fur-jacket-with-v-neckline,gid://shopify/ProductVariant/59551761498437,79.95,139.95,114.45
womens-cropped-faux-fur-jacket-with-v-neckline,gid://shopify/ProductVariant/59551761531205,79.95,139.95,114.45
womens-cropped-faux-fur-jacket-with-v-neckline,gid://shopify/ProductVariant/59551761563973,79.95,139.95,114.45
womens-cropped-faux-fur-jacket-with-v-neckline,gid://shopify/ProductVariant/59551761596741,79.95,139.95,114.45
womens-cropped-faux-fur-jacket-with-v-neckline,gid://shopify/ProductVariant/59551761629509,79.95,139.95,114.45
womens-cropped-faux-fur-jacket-with-v-neckline,gid://shopify/ProductVariant/59551761662277,79.95,139.95,114.45
womens-long-parka-with-faux-fur-hood-for-cold-winter-days,gid://shopify/ProductVariant/59551765004613,79.95,139.95,114.45
womens-long-parka-with-faux-fur-hood-for-cold-winter-days,gid://shopify/ProductVariant/59551765037381,79.95,139.95,114.45
womens-long-parka-with-faux-fur-hood-for-cold-winter-days,gid://shopify/ProductVariant/59551765070149,79.95,139.95,114.45
womens-long-parka-with-faux-fur-hood-for-cold-winter-days,gid://shopify/ProductVariant/59551765102917,79.95,139.95,114.45
womens-long-parka-with-faux-fur-hood-for-cold-winter-days,gid://shopify/ProductVariant/59551765135685,79.95,139.95,114.45
womens-long-parka-with-faux-fur-hood-for-cold-winter-days,gid://shopify/ProductVariant/59551765168453,79.95,139.95,114.45
womens-long-parka-with-faux-fur-hood-for-cold-winter-days,gid://shopify/ProductVariant/59551765201221,79.95,139.95,114.45
womens-long-parka-with-faux-fur-hood-for-cold-winter-days,gid://shopify/ProductVariant/59551765233989,79.95,139.95,114.45
womens-long-parka-with-faux-fur-hood-for-cold-winter-days,gid://shopify/ProductVariant/59551765266757,79.95,139.95,114.45
womens-long-parka-with-faux-fur-hood-for-cold-winter-days,gid://shopify/ProductVariant/59551765299525,79.95,139.95,114.45
womens-long-parka-with-faux-fur-hood-for-cold-winter-days,gid://shopify/ProductVariant/59551765332293,79.95,139.95,114.45
womens-long-parka-with-faux-fur-hood-for-cold-winter-days,gid://shopify/ProductVariant/59551765365061,79.95,139.95,114.45
womens-long-parka-with-faux-fur-hood-for-cold-winter-days,gid://shopify/ProductVariant/59551765397829,79.95,139.95,114.45
womens-long-parka-with-faux-fur-hood-for-cold-winter-days,gid://shopify/ProductVariant/59551765430597,79.95,139.95,114.45
womens-long-parka-with-faux-fur-hood-for-cold-winter-days,gid://shopify/ProductVariant/59551765463365,79.95,139.95,114.45
womens-long-parka-with-faux-fur-hood-for-cold-winter-days,gid://shopify/ProductVariant/59551765496133,79.95,139.95,114.45
womens-long-parka-with-faux-fur-hood-for-cold-winter-days,gid://shopify/ProductVariant/59551765528901,79.95,139.95,114.45
womens-long-parka-with-faux-fur-hood-for-cold-winter-days,gid://shopify/ProductVariant/59551765561669,79.95,139.95,114.45
womens-long-parka-with-faux-fur-hood-for-cold-winter-days,gid://shopify/ProductVariant/59551765594437,79.95,139.95,114.45
womens-long-parka-with-faux-fur-hood-for-cold-winter-days,gid://shopify/ProductVariant/59551765627205,79.95,139.95,114.45
womens-long-parka-with-faux-fur-hood-for-cold-winter-days,gid://shopify/ProductVariant/59551765659973,79.95,139.95,114.45
womens-long-parka-with-faux-fur-hood-for-cold-winter-days,gid://shopify/ProductVariant/59551765692741,79.95,139.95,114.45
womens-long-parka-with-faux-fur-hood-for-cold-winter-days,gid://shopify/ProductVariant/59551765725509,79.95,139.95,114.45
womens-long-parka-with-faux-fur-hood-for-cold-winter-days,gid://shopify/ProductVariant/59551765758277,79.95,139.95,114.45
womens-long-parka-with-faux-fur-hood-for-cold-winter-days,gid://shopify/ProductVariant/59551765791045,79.95,139.95,114.45
womens-long-parka-with-faux-fur-hood-for-cold-winter-days,gid://shopify/ProductVariant/59551765823813,79.95,139.95,114.45
womens-long-parka-with-faux-fur-hood-for-cold-winter-days,gid://shopify/ProductVariant/59551765856581,79.95,139.95,114.45
womens-long-parka-with-faux-fur-hood-for-cold-winter-days,gid://shopify/ProductVariant/59551765889349,79.95,139.95,114.45
womens-long-parka-with-faux-fur-hood-for-cold-winter-days,gid://shopify/ProductVariant/59551765922117,79.95,139.95,114.45
womens-long-parka-with-faux-fur-hood-for-cold-winter-days,gid://shopify/ProductVariant/59551765954885,79.95,139.95,114.45
womens-long-belted-coat-with-lapel-collar-for-autumn-winter,gid://shopify/ProductVariant/59551779291461,69.95,139.95,99.95
womens-long-belted-coat-with-lapel-collar-for-autumn-winter,gid://shopify/ProductVariant/59551779324229,69.95,139.95,99.95
womens-long-belted-coat-with-lapel-collar-for-autumn-winter,gid://shopify/ProductVariant/59551779356997,69.95,139.95,99.95
womens-long-belted-coat-with-lapel-collar-for-autumn-winter,gid://shopify/ProductVariant/59551779389765,69.95,139.95,99.95
womens-long-belted-coat-with-lapel-collar-for-autumn-winter,gid://shopify/ProductVariant/59551779422533,69.95,139.95,99.95
womens-long-belted-coat-with-lapel-collar-for-autumn-winter,gid://shopify/ProductVariant/59551779455301,69.95,139.95,99.95
womens-long-belted-coat-with-lapel-collar-for-autumn-winter,gid://shopify/ProductVariant/59551779488069,69.95,139.95,99.95
womens-long-belted-coat-with-lapel-collar-for-autumn-winter,gid://shopify/ProductVariant/59551779520837,69.95,139.95,99.95
womens-long-belted-coat-with-lapel-collar-for-autumn-winter,gid://shopify/ProductVariant/59551779553605,69.95,139.95,99.95
womens-long-belted-coat-with-lapel-collar-for-autumn-winter,gid://shopify/ProductVariant/59551779586373,69.95,139.95,99.95
womens-long-belted-coat-with-lapel-collar-for-autumn-winter,gid://shopify/ProductVariant/59551779619141,69.95,139.95,99.95
womens-long-belted-coat-with-lapel-collar-for-autumn-winter,gid://shopify/ProductVariant/59551779651909,69.95,139.95,99.95
womens-long-belted-coat-with-lapel-collar-for-autumn-winter,gid://shopify/ProductVariant/59551779684677,69.95,139.95,99.95
womens-long-belted-coat-with-lapel-collar-for-autumn-winter,gid://shopify/ProductVariant/59551779717445,69.95,139.95,99.95
womens-long-belted-coat-with-lapel-collar-for-autumn-winter,gid://shopify/ProductVariant/59551779750213,69.95,139.95,99.95
womens-long-belted-coat-with-lapel-collar-for-autumn-winter,gid://shopify/ProductVariant/59551779782981,69.95,139.95,99.95
womens-long-belted-coat-with-lapel-collar-for-autumn-winter,gid://shopify/ProductVariant/59551779815749,69.95,139.95,99.95
womens-long-belted-coat-with-lapel-collar-for-autumn-winter,gid://shopify/ProductVariant/59551779848517,69.95,139.95,99.95
womens-long-belted-coat-with-lapel-collar-for-autumn-winter,gid://shopify/ProductVariant/59551779881285,69.95,139.95,99.95
womens-long-belted-coat-with-lapel-collar-for-autumn-winter,gid://shopify/ProductVariant/59551779914053,69.95,139.95,99.95
womens-long-belted-coat-with-lapel-collar-for-autumn-winter,gid://shopify/ProductVariant/59551779946821,69.95,139.95,99.95
womens-long-belted-coat-with-lapel-collar-for-autumn-winter,gid://shopify/ProductVariant/59551779979589,69.95,139.95,99.95
womens-long-belted-coat-with-lapel-collar-for-autumn-winter,gid://shopify/ProductVariant/59551780012357,69.95,139.95,99.95
womens-long-belted-coat-with-lapel-collar-for-autumn-winter,gid://shopify/ProductVariant/59551780045125,69.95,139.95,99.95
womens-long-belted-coat-with-lapel-collar-for-autumn-winter,gid://shopify/ProductVariant/59551780077893,69.95,139.95,99.95
womens-long-belted-coat-with-lapel-collar-for-autumn-winter,gid://shopify/ProductVariant/59551780110661,69.95,139.95,99.95
womens-long-belted-coat-with-lapel-collar-for-autumn-winter,gid://shopify/ProductVariant/59551780143429,69.95,139.95,99.95
womens-long-belted-coat-with-lapel-collar-for-autumn-winter,gid://shopify/ProductVariant/59551780176197,69.95,139.95,99.95
womens-long-belted-coat-with-lapel-collar-for-autumn-winter,gid://shopify/ProductVariant/59551780208965,69.95,139.95,99.95
womens-long-belted-coat-with-lapel-collar-for-autumn-winter,gid://shopify/ProductVariant/59551780241733,69.95,139.95,99.95
womens-long-belted-coat-with-lapel-collar-for-autumn-winter,gid://shopify/ProductVariant/59551780274501,69.95,139.95,99.95
womens-long-belted-coat-with-lapel-collar-for-autumn-winter,gid://shopify/ProductVariant/59551780307269,69.95,139.95,99.95
womens-long-belted-coat-with-lapel-collar-for-autumn-winter,gid://shopify/ProductVariant/59551780340037,69.95,139.95,99.95
womens-long-belted-coat-with-lapel-collar-for-autumn-winter,gid://shopify/ProductVariant/59551780372805,69.95,139.95,99.95
womens-long-belted-coat-with-lapel-collar-for-autumn-winter,gid://shopify/ProductVariant/59551780405573,69.95,139.95,99.95
womens-long-belted-coat-with-lapel-collar-for-autumn-winter,gid://shopify/ProductVariant/59551780438341,69.95,139.95,99.95
womens-long-belted-coat-with-lapel-collar-for-autumn-winter,gid://shopify/ProductVariant/59551780471109,69.95,139.95,99.95
womens-long-belted-coat-with-lapel-collar-for-autumn-winter,gid://shopify/ProductVariant/59551780503877,69.95,139.95,99.95
womens-long-belted-coat-with-lapel-collar-for-autumn-winter,gid://shopify/ProductVariant/59551780536645,69.95,139.95,99.95
womens-long-belted-coat-with-lapel-collar-for-autumn-winter,gid://shopify/ProductVariant/59551780569413,69.95,139.95,99.95
womens-long-belted-coat-with-lapel-collar-for-autumn-winter,gid://shopify/ProductVariant/59551780602181,69.95,139.95,99.95
womens-long-belted-coat-with-lapel-collar-for-autumn-winter,gid://shopify/ProductVariant/59551780634949,69.95,139.95,99.95
womens-long-belted-coat-with-lapel-collar-for-autumn-winter,gid://shopify/ProductVariant/59551780667717,69.95,139.95,99.95
womens-long-belted-coat-with-lapel-collar-for-autumn-winter,gid://shopify/ProductVariant/59551780700485,69.95,139.95,99.95
womens-long-belted-coat-with-lapel-collar-for-autumn-winter,gid://shopify/ProductVariant/59551780733253,69.95,139.95,99.95
womens-long-belted-coat-with-lapel-collar-for-autumn-winter,gid://shopify/ProductVariant/59551780766021,69.95,139.95,99.95
womens-long-belted-coat-with-lapel-collar-for-autumn-winter,gid://shopify/ProductVariant/59551780798789,69.95,139.95,99.95
womens-long-belted-coat-with-lapel-collar-for-autumn-winter,gid://shopify/ProductVariant/59551780831557,69.95,139.95,99.95
womens-double-breasted-long-coat-with-lapel-collar,gid://shopify/ProductVariant/59551786959173,59.95,104.95,85.95
womens-double-breasted-long-coat-with-lapel-collar,gid://shopify/ProductVariant/59551786991941,59.95,104.95,85.95
womens-double-breasted-long-coat-with-lapel-collar,gid://shopify/ProductVariant/59551787024709,59.95,104.95,85.95
womens-double-breasted-long-coat-with-lapel-collar,gid://shopify/ProductVariant/59551787057477,59.95,104.95,85.95
womens-double-breasted-long-coat-with-lapel-collar,gid://shopify/ProductVariant/59551787090245,59.95,104.95,85.95
womens-double-breasted-long-coat-with-lapel-collar,gid://shopify/ProductVariant/59551787123013,59.95,104.95,85.95
womens-double-breasted-long-coat-with-lapel-collar,gid://shopify/ProductVariant/59551787155781,59.95,104.95,85.95
womens-double-breasted-long-coat-with-lapel-collar,gid://shopify/ProductVariant/59551787188549,59.95,104.95,85.95
womens-double-breasted-long-coat-with-lapel-collar,gid://shopify/ProductVariant/59551787221317,59.95,104.95,85.95
womens-double-breasted-long-coat-with-lapel-collar,gid://shopify/ProductVariant/59551787254085,59.95,104.95,85.95
womens-double-breasted-long-coat-with-lapel-collar,gid://shopify/ProductVariant/59551787286853,59.95,104.95,85.95
womens-double-breasted-long-coat-with-lapel-collar,gid://shopify/ProductVariant/59551787319621,59.95,104.95,85.95
womens-double-breasted-long-coat-with-lapel-collar,gid://shopify/ProductVariant/59551787352389,59.95,104.95,85.95
womens-double-breasted-long-coat-with-lapel-collar,gid://shopify/ProductVariant/59551787385157,59.95,104.95,85.95
womens-double-breasted-long-coat-with-lapel-collar,gid://shopify/ProductVariant/59551787417925,59.95,104.95,85.95
womens-double-breasted-long-coat-with-lapel-collar,gid://shopify/ProductVariant/59551787450693,59.95,104.95,85.95
womens-double-breasted-long-coat-with-lapel-collar,gid://shopify/ProductVariant/59551787483461,59.95,104.95,85.95
womens-double-breasted-long-coat-with-lapel-collar,gid://shopify/ProductVariant/59551787516229,59.95,104.95,85.95
womens-double-breasted-long-coat-with-lapel-collar,gid://shopify/ProductVariant/59551787548997,59.95,104.95,85.95
womens-double-breasted-long-coat-with-lapel-collar,gid://shopify/ProductVariant/59551787581765,59.95,104.95,85.95
womens-double-breasted-long-coat-with-lapel-collar,gid://shopify/ProductVariant/59551787614533,59.95,104.95,85.95
womens-double-breasted-long-coat-with-lapel-collar,gid://shopify/ProductVariant/59551787647301,59.95,104.95,85.95
womens-double-breasted-long-coat-with-lapel-collar,gid://shopify/ProductVariant/59551787680069,59.95,104.95,85.95
womens-double-breasted-long-coat-with-lapel-collar,gid://shopify/ProductVariant/59551787712837,59.95,104.95,85.95
womens-double-breasted-long-coat-with-lapel-collar,gid://shopify/ProductVariant/59551787745605,59.95,104.95,85.95
womens-double-breasted-long-coat-with-lapel-collar,gid://shopify/ProductVariant/59551787778373,59.95,104.95,85.95
womens-double-breasted-long-coat-with-lapel-collar,gid://shopify/ProductVariant/59551787811141,59.95,104.95,85.95
womens-double-breasted-long-coat-with-lapel-collar,gid://shopify/ProductVariant/59551787843909,59.95,104.95,85.95
womens-double-breasted-long-coat-with-lapel-collar,gid://shopify/ProductVariant/59551787876677,59.95,104.95,85.95
womens-double-breasted-long-coat-with-lapel-collar,gid://shopify/ProductVariant/59551787909445,59.95,104.95,85.95
womens-double-breasted-long-coat-with-lapel-collar,gid://shopify/ProductVariant/59551787942213,59.95,104.95,85.95
womens-double-breasted-long-coat-with-lapel-collar,gid://shopify/ProductVariant/59551787974981,59.95,104.95,85.95
womens-double-breasted-long-coat-with-lapel-collar,gid://shopify/ProductVariant/59551788007749,59.95,104.95,85.95
womens-double-breasted-long-coat-with-lapel-collar,gid://shopify/ProductVariant/59551788040517,59.95,104.95,85.95
womens-double-breasted-long-coat-with-lapel-collar,gid://shopify/ProductVariant/59551788073285,59.95,104.95,85.95
womens-double-breasted-long-coat-with-lapel-collar,gid://shopify/ProductVariant/59551788106053,59.95,104.95,85.95
womens-double-breasted-long-coat-with-lapel-collar,gid://shopify/ProductVariant/59551788138821,59.95,104.95,85.95
womens-double-breasted-long-coat-with-lapel-collar,gid://shopify/ProductVariant/59551788171589,59.95,104.95,85.95
womens-double-breasted-long-coat-with-lapel-collar,gid://shopify/ProductVariant/59551788204357,59.95,104.95,85.95
womens-double-breasted-long-coat-with-lapel-collar,gid://shopify/ProductVariant/59551788237125,59.95,104.95,85.95
womens-double-breasted-long-coat-with-lapel-collar,gid://shopify/ProductVariant/59551788269893,59.95,104.95,85.95
womens-double-breasted-long-coat-with-lapel-collar,gid://shopify/ProductVariant/59551788302661,59.95,104.95,85.95
womens-classic-coat-with-stand-collar-and-button-front,gid://shopify/ProductVariant/59551792300357,89.95,149.95,128.95
womens-classic-coat-with-stand-collar-and-button-front,gid://shopify/ProductVariant/59551792333125,89.95,149.95,128.95
womens-classic-coat-with-stand-collar-and-button-front,gid://shopify/ProductVariant/59551792365893,89.95,149.95,128.95
womens-classic-coat-with-stand-collar-and-button-front,gid://shopify/ProductVariant/59551792398661,89.95,149.95,128.95
womens-classic-coat-with-stand-collar-and-button-front,gid://shopify/ProductVariant/59551792431429,89.95,149.95,128.95
womens-classic-coat-with-stand-collar-and-button-front,gid://shopify/ProductVariant/59551792464197,89.95,149.95,128.95
womens-classic-coat-with-stand-collar-and-button-front,gid://shopify/ProductVariant/59551792496965,89.95,149.95,128.95
womens-classic-coat-with-stand-collar-and-button-front,gid://shopify/ProductVariant/59551792529733,89.95,149.95,128.95
womens-classic-coat-with-stand-collar-and-button-front,gid://shopify/ProductVariant/59551792562501,89.95,149.95,128.95
womens-classic-coat-with-stand-collar-and-button-front,gid://shopify/ProductVariant/59551792595269,89.95,149.95,128.95
womens-classic-coat-with-stand-collar-and-button-front,gid://shopify/ProductVariant/59551792628037,89.95,149.95,128.95
womens-classic-coat-with-stand-collar-and-button-front,gid://shopify/ProductVariant/59551792660805,89.95,149.95,128.95
womens-classic-coat-with-stand-collar-and-button-front,gid://shopify/ProductVariant/59551792693573,89.95,149.95,128.95
womens-classic-coat-with-stand-collar-and-button-front,gid://shopify/ProductVariant/59551792726341,89.95,149.95,128.95
womens-classic-coat-with-stand-collar-and-button-front,gid://shopify/ProductVariant/59551792759109,89.95,149.95,128.95
womens-classic-coat-with-stand-collar-and-button-front,gid://shopify/ProductVariant/59551792791877,89.95,149.95,128.95
womens-classic-coat-with-stand-collar-and-button-front,gid://shopify/ProductVariant/59551792824645,89.95,149.95,128.95
womens-classic-coat-with-stand-collar-and-button-front,gid://shopify/ProductVariant/59551792857413,89.95,149.95,128.95
womens-classic-coat-with-stand-collar-and-button-front,gid://shopify/ProductVariant/59551792890181,89.95,149.95,128.95
womens-classic-coat-with-stand-collar-and-button-front,gid://shopify/ProductVariant/59551792922949,89.95,149.95,128.95
womens-classic-coat-with-stand-collar-and-button-front,gid://shopify/ProductVariant/59551792955717,89.95,149.95,128.95
womens-classic-coat-with-stand-collar-and-button-front,gid://shopify/ProductVariant/59551792988485,89.95,149.95,128.95
womens-classic-coat-with-stand-collar-and-button-front,gid://shopify/ProductVariant/59551793021253,89.95,149.95,128.95
womens-classic-coat-with-stand-collar-and-button-front,gid://shopify/ProductVariant/59551793054021,89.95,149.95,128.95
womens-classic-coat-with-stand-collar-and-button-front,gid://shopify/ProductVariant/59551793086789,89.95,149.95,128.95
womens-classic-coat-with-stand-collar-and-button-front,gid://shopify/ProductVariant/59551793119557,89.95,149.95,128.95
womens-classic-coat-with-stand-collar-and-button-front,gid://shopify/ProductVariant/59551793152325,89.95,149.95,128.95
womens-classic-coat-with-stand-collar-and-button-front,gid://shopify/ProductVariant/59551793185093,89.95,149.95,128.95
womens-classic-coat-with-stand-collar-and-button-front,gid://shopify/ProductVariant/59551793217861,89.95,149.95,128.95
womens-classic-coat-with-stand-collar-and-button-front,gid://shopify/ProductVariant/59551793250629,89.95,149.95,128.95
womens-classic-coat-with-stand-collar-and-button-front,gid://shopify/ProductVariant/59551793283397,89.95,149.95,128.95
womens-classic-coat-with-stand-collar-and-button-front,gid://shopify/ProductVariant/59551793316165,89.95,149.95,128.95
womens-classic-coat-with-stand-collar-and-button-front,gid://shopify/ProductVariant/59551793348933,89.95,149.95,128.95
womens-classic-coat-with-stand-collar-and-button-front,gid://shopify/ProductVariant/59551793381701,89.95,149.95,128.95
womens-classic-coat-with-stand-collar-and-button-front,gid://shopify/ProductVariant/59551793414469,89.95,149.95,128.95
womens-classic-coat-with-stand-collar-and-button-front,gid://shopify/ProductVariant/59551793447237,89.95,149.95,128.95
womens-oversized-corduroy-jacket-with-button-front-for-autumn,gid://shopify/ProductVariant/59561773662533,62.95,129.95,89.95
womens-oversized-corduroy-jacket-with-button-front-for-autumn,gid://shopify/ProductVariant/59561773695301,62.95,129.95,89.95
womens-oversized-corduroy-jacket-with-button-front-for-autumn,gid://shopify/ProductVariant/59561773728069,62.95,129.95,89.95
womens-oversized-corduroy-jacket-with-button-front-for-autumn,gid://shopify/ProductVariant/59561773760837,62.95,129.95,89.95
womens-oversized-corduroy-jacket-with-button-front-for-autumn,gid://shopify/ProductVariant/59561773793605,62.95,129.95,89.95
womens-oversized-corduroy-jacket-with-button-front-for-autumn,gid://shopify/ProductVariant/59561773826373,62.95,129.95,89.95
womens-oversized-corduroy-jacket-with-button-front-for-autumn,gid://shopify/ProductVariant/59561773859141,62.95,129.95,89.95
womens-oversized-corduroy-jacket-with-button-front-for-autumn,gid://shopify/ProductVariant/59561773891909,62.95,129.95,89.95
womens-oversized-corduroy-jacket-with-button-front-for-autumn,gid://shopify/ProductVariant/59561773924677,62.95,129.95,89.95
womens-oversized-corduroy-jacket-with-button-front-for-autumn,gid://shopify/ProductVariant/59561773957445,62.95,129.95,89.95
womens-oversized-corduroy-jacket-with-button-front-for-autumn,gid://shopify/ProductVariant/59561773990213,62.95,129.95,89.95
womens-oversized-corduroy-jacket-with-button-front-for-autumn,gid://shopify/ProductVariant/59561774022981,62.95,129.95,89.95
womens-oversized-corduroy-jacket-with-button-front-for-autumn,gid://shopify/ProductVariant/59561774055749,62.95,129.95,89.95
womens-oversized-corduroy-jacket-with-button-front-for-autumn,gid://shopify/ProductVariant/59561774088517,62.95,129.95,89.95
womens-oversized-corduroy-jacket-with-button-front-for-autumn,gid://shopify/ProductVariant/59561774121285,62.95,129.95,89.95
womens-oversized-corduroy-jacket-with-button-front-for-autumn,gid://shopify/ProductVariant/59561774154053,62.95,129.95,89.95
womens-oversized-corduroy-jacket-with-button-front-for-autumn,gid://shopify/ProductVariant/59561774186821,62.95,129.95,89.95
womens-oversized-corduroy-jacket-with-button-front-for-autumn,gid://shopify/ProductVariant/59561774219589,62.95,129.95,89.95
womens-oversized-corduroy-jacket-with-button-front-for-autumn,gid://shopify/ProductVariant/59561774252357,62.95,129.95,89.95
womens-oversized-corduroy-jacket-with-button-front-for-autumn,gid://shopify/ProductVariant/59561774285125,62.95,129.95,89.95
womens-oversized-corduroy-jacket-with-button-front-for-autumn,gid://shopify/ProductVariant/59561774317893,62.95,129.95,89.95
womens-oversized-corduroy-jacket-with-button-front-for-autumn,gid://shopify/ProductVariant/59561774350661,62.95,129.95,89.95
womens-oversized-corduroy-jacket-with-button-front-for-autumn,gid://shopify/ProductVariant/59561774383429,62.95,129.95,89.95
womens-oversized-corduroy-jacket-with-button-front-for-autumn,gid://shopify/ProductVariant/59561774416197,62.95,129.95,89.95
womens-oversized-corduroy-jacket-with-button-front-for-autumn,gid://shopify/ProductVariant/59561774448965,62.95,129.95,89.95
womens-oversized-corduroy-jacket-with-button-front-for-autumn,gid://shopify/ProductVariant/59561774481733,62.95,129.95,89.95
womens-oversized-corduroy-jacket-with-button-front-for-autumn,gid://shopify/ProductVariant/59561774514501,62.95,129.95,89.95
womens-oversized-corduroy-jacket-with-button-front-for-autumn,gid://shopify/ProductVariant/59561774547269,62.95,129.95,89.95
womens-oversized-corduroy-jacket-with-button-front-for-autumn,gid://shopify/ProductVariant/59561774580037,62.95,129.95,89.95
womens-oversized-corduroy-jacket-with-button-front-for-autumn,gid://shopify/ProductVariant/59561774612805,62.95,129.95,89.95
womens-oversized-corduroy-jacket-with-button-front-for-autumn,gid://shopify/ProductVariant/59561774645573,62.95,129.95,89.95
womens-oversized-corduroy-jacket-with-button-front-for-autumn,gid://shopify/ProductVariant/59561774678341,62.95,129.95,89.95
womens-oversized-corduroy-jacket-with-button-front-for-autumn,gid://shopify/ProductVariant/59561774711109,62.95,129.95,89.95
womens-oversized-corduroy-jacket-with-button-front-for-autumn,gid://shopify/ProductVariant/59561774743877,62.95,129.95,89.95
womens-oversized-corduroy-jacket-with-button-front-for-autumn,gid://shopify/ProductVariant/59561774776645,62.95,129.95,89.95
womens-oversized-corduroy-jacket-with-button-front-for-autumn,gid://shopify/ProductVariant/59561774809413,62.95,129.95,89.95
womens-oversized-corduroy-jacket-with-button-front-for-autumn,gid://shopify/ProductVariant/59561774842181,62.95,129.95,89.95
womens-oversized-corduroy-jacket-with-button-front-for-autumn,gid://shopify/ProductVariant/59561774874949,62.95,129.95,89.95
womens-oversized-corduroy-jacket-with-button-front-for-autumn,gid://shopify/ProductVariant/59561774907717,62.95,129.95,89.95
womens-oversized-corduroy-jacket-with-button-front-for-autumn,gid://shopify/ProductVariant/59561774940485,62.95,129.95,89.95
womens-oversized-corduroy-jacket-with-button-front-for-autumn,gid://shopify/ProductVariant/59561774973253,62.95,129.95,89.95
womens-oversized-corduroy-jacket-with-button-front-for-autumn,gid://shopify/ProductVariant/59561775006021,62.95,129.95,89.95
womens-lightweight-textured-zip-up-jacket-for-spring-autumn,gid://shopify/ProductVariant/59561788375365,42.95,89.95,61.45
womens-lightweight-textured-zip-up-jacket-for-spring-autumn,gid://shopify/ProductVariant/59561788408133,42.95,89.95,61.45
womens-lightweight-textured-zip-up-jacket-for-spring-autumn,gid://shopify/ProductVariant/59561788440901,42.95,89.95,61.45
womens-lightweight-textured-zip-up-jacket-for-spring-autumn,gid://shopify/ProductVariant/59561788473669,42.95,89.95,61.45
womens-lightweight-textured-zip-up-jacket-for-spring-autumn,gid://shopify/ProductVariant/59561788506437,42.95,89.95,61.45
womens-lightweight-textured-zip-up-jacket-for-spring-autumn,gid://shopify/ProductVariant/59561788539205,42.95,89.95,61.45
womens-lightweight-textured-zip-up-jacket-for-spring-autumn,gid://shopify/ProductVariant/59561788571973,42.95,89.95,61.45
womens-lightweight-textured-zip-up-jacket-for-spring-autumn,gid://shopify/ProductVariant/59561788604741,42.95,89.95,61.45
womens-lightweight-textured-zip-up-jacket-for-spring-autumn,gid://shopify/ProductVariant/59561788637509,42.95,89.95,61.45
womens-lightweight-textured-zip-up-jacket-for-spring-autumn,gid://shopify/ProductVariant/59561788670277,42.95,89.95,61.45
womens-lightweight-textured-zip-up-jacket-for-spring-autumn,gid://shopify/ProductVariant/59561788703045,42.95,89.95,61.45
womens-lightweight-textured-zip-up-jacket-for-spring-autumn,gid://shopify/ProductVariant/59561788735813,42.95,89.95,61.45
womens-lightweight-textured-zip-up-jacket-for-spring-autumn,gid://shopify/ProductVariant/59561788768581,42.95,89.95,61.45
womens-lightweight-textured-zip-up-jacket-for-spring-autumn,gid://shopify/ProductVariant/59561788801349,42.95,89.95,61.45
womens-lightweight-textured-zip-up-jacket-for-spring-autumn,gid://shopify/ProductVariant/59561788834117,42.95,89.95,61.45
womens-lightweight-textured-zip-up-jacket-for-spring-autumn,gid://shopify/ProductVariant/59561788866885,42.95,89.95,61.45
womens-lightweight-textured-zip-up-jacket-for-spring-autumn,gid://shopify/ProductVariant/59561788899653,42.95,89.95,61.45
womens-lightweight-textured-zip-up-jacket-for-spring-autumn,gid://shopify/ProductVariant/59561788932421,42.95,89.95,61.45
womens-lightweight-textured-zip-up-jacket-for-spring-autumn,gid://shopify/ProductVariant/59561788965189,42.95,89.95,61.45
womens-lightweight-textured-zip-up-jacket-for-spring-autumn,gid://shopify/ProductVariant/59561788997957,42.95,89.95,61.45
womens-lightweight-textured-zip-up-jacket-for-spring-autumn,gid://shopify/ProductVariant/59561789030725,42.95,89.95,61.45
womens-lightweight-textured-zip-up-jacket-for-spring-autumn,gid://shopify/ProductVariant/59561789063493,42.95,89.95,61.45
womens-lightweight-textured-zip-up-jacket-for-spring-autumn,gid://shopify/ProductVariant/59561789096261,42.95,89.95,61.45
womens-lightweight-textured-zip-up-jacket-for-spring-autumn,gid://shopify/ProductVariant/59561789129029,42.95,89.95,61.45
womens-lightweight-textured-zip-up-jacket-for-spring-autumn,gid://shopify/ProductVariant/59561789161797,42.95,89.95,61.45
womens-lightweight-textured-zip-up-jacket-for-spring-autumn,gid://shopify/ProductVariant/59561789194565,42.95,89.95,61.45
womens-lightweight-textured-zip-up-jacket-for-spring-autumn,gid://shopify/ProductVariant/59561789227333,42.95,89.95,61.45
womens-lightweight-textured-zip-up-jacket-for-spring-autumn,gid://shopify/ProductVariant/59561789260101,42.95,89.95,61.45
womens-lightweight-textured-zip-up-jacket-for-spring-autumn,gid://shopify/ProductVariant/59561789292869,42.95,89.95,61.45
womens-lightweight-textured-zip-up-jacket-for-spring-autumn,gid://shopify/ProductVariant/59561789325637,42.95,89.95,61.45
womens-lightweight-textured-zip-up-jacket-for-spring-autumn,gid://shopify/ProductVariant/59561789358405,42.95,89.95,61.45
womens-lightweight-textured-zip-up-jacket-for-spring-autumn,gid://shopify/ProductVariant/59561789391173,42.95,89.95,61.45
womens-lightweight-textured-zip-up-jacket-for-spring-autumn,gid://shopify/ProductVariant/59561789423941,42.95,89.95,61.45
womens-lightweight-textured-zip-up-jacket-for-spring-autumn,gid://shopify/ProductVariant/59561789456709,42.95,89.95,61.45
womens-lightweight-textured-zip-up-jacket-for-spring-autumn,gid://shopify/ProductVariant/59561789489477,42.95,89.95,61.45
womens-lightweight-textured-zip-up-jacket-for-spring-autumn,gid://shopify/ProductVariant/59561789522245,42.95,89.95,61.45
womens-lightweight-textured-zip-up-jacket-for-spring-autumn,gid://shopify/ProductVariant/59561789555013,42.95,89.95,61.45
womens-lightweight-textured-zip-up-jacket-for-spring-autumn,gid://shopify/ProductVariant/59561789587781,42.95,89.95,61.45
womens-lightweight-textured-zip-up-jacket-for-spring-autumn,gid://shopify/ProductVariant/59561789620549,42.95,89.95,61.45
womens-lightweight-textured-zip-up-jacket-for-spring-autumn,gid://shopify/ProductVariant/59561789653317,42.95,89.95,61.45
womens-lightweight-textured-zip-up-jacket-for-spring-autumn,gid://shopify/ProductVariant/59561789686085,42.95,89.95,61.45
womens-lightweight-textured-zip-up-jacket-for-spring-autumn,gid://shopify/ProductVariant/59561789718853,42.95,89.95,61.45
womens-plaid-hooded-shirt-jacket-for-casual-winter-days,gid://shopify/ProductVariant/59561790505285,53.95,99.95,77.45
womens-plaid-hooded-shirt-jacket-for-casual-winter-days,gid://shopify/ProductVariant/59561790538053,53.95,99.95,77.45
womens-plaid-hooded-shirt-jacket-for-casual-winter-days,gid://shopify/ProductVariant/59561790570821,53.95,99.95,77.45
womens-plaid-hooded-shirt-jacket-for-casual-winter-days,gid://shopify/ProductVariant/59561790603589,53.95,99.95,77.45
womens-plaid-hooded-shirt-jacket-for-casual-winter-days,gid://shopify/ProductVariant/59561790636357,53.95,99.95,77.45
womens-plaid-hooded-shirt-jacket-for-casual-winter-days,gid://shopify/ProductVariant/59561790669125,53.95,99.95,77.45
womens-plaid-hooded-shirt-jacket-for-casual-winter-days,gid://shopify/ProductVariant/59561790701893,53.95,99.95,77.45
womens-plaid-hooded-shirt-jacket-for-casual-winter-days,gid://shopify/ProductVariant/59561790734661,53.95,99.95,77.45
womens-plaid-hooded-shirt-jacket-for-casual-winter-days,gid://shopify/ProductVariant/59561790767429,53.95,99.95,77.45
womens-plaid-hooded-shirt-jacket-for-casual-winter-days,gid://shopify/ProductVariant/59561790800197,53.95,99.95,77.45
womens-plaid-hooded-shirt-jacket-for-casual-winter-days,gid://shopify/ProductVariant/59561790832965,53.95,99.95,77.45
womens-plaid-hooded-shirt-jacket-for-casual-winter-days,gid://shopify/ProductVariant/59561790865733,53.95,99.95,77.45
womens-plaid-hooded-shirt-jacket-for-casual-winter-days,gid://shopify/ProductVariant/59561790898501,53.95,99.95,77.45
womens-plaid-hooded-shirt-jacket-for-casual-winter-days,gid://shopify/ProductVariant/59561790931269,53.95,99.95,77.45
womens-plaid-hooded-shirt-jacket-for-casual-winter-days,gid://shopify/ProductVariant/59561790964037,53.95,99.95,77.45
womens-plaid-hooded-shirt-jacket-for-casual-winter-days,gid://shopify/ProductVariant/59561790996805,53.95,99.95,77.45
womens-plaid-hooded-shirt-jacket-for-casual-winter-days,gid://shopify/ProductVariant/59561791029573,53.95,99.95,77.45
womens-plaid-hooded-shirt-jacket-for-casual-winter-days,gid://shopify/ProductVariant/59561791062341,53.95,99.95,77.45
womens-plaid-hooded-shirt-jacket-for-casual-winter-days,gid://shopify/ProductVariant/59561791095109,53.95,99.95,77.45
womens-plaid-hooded-shirt-jacket-for-casual-winter-days,gid://shopify/ProductVariant/59561791127877,53.95,99.95,77.45
womens-plaid-hooded-shirt-jacket-for-casual-winter-days,gid://shopify/ProductVariant/59561791160645,53.95,99.95,77.45
womens-plaid-hooded-shirt-jacket-for-casual-winter-days,gid://shopify/ProductVariant/59561791193413,53.95,99.95,77.45
womens-plaid-hooded-shirt-jacket-for-casual-winter-days,gid://shopify/ProductVariant/59561791226181,53.95,99.95,77.45
womens-plaid-hooded-shirt-jacket-for-casual-winter-days,gid://shopify/ProductVariant/59561791258949,53.95,99.95,77.45
womens-plaid-hooded-shirt-jacket-for-casual-winter-days,gid://shopify/ProductVariant/59561791291717,53.95,99.95,77.45
womens-plaid-hooded-shirt-jacket-for-casual-winter-days,gid://shopify/ProductVariant/59561791324485,53.95,99.95,77.45
womens-plaid-hooded-shirt-jacket-for-casual-winter-days,gid://shopify/ProductVariant/59561791357253,53.95,99.95,77.45
womens-plaid-hooded-shirt-jacket-for-casual-winter-days,gid://shopify/ProductVariant/59561791390021,53.95,99.95,77.45
womens-plaid-hooded-shirt-jacket-for-casual-winter-days,gid://shopify/ProductVariant/59561791422789,53.95,99.95,77.45
womens-plaid-hooded-shirt-jacket-for-casual-winter-days,gid://shopify/ProductVariant/59561791455557,53.95,99.95,77.45
womens-plaid-hooded-shirt-jacket-for-casual-winter-days,gid://shopify/ProductVariant/59561791488325,53.95,99.95,77.45
womens-plaid-hooded-shirt-jacket-for-casual-winter-days,gid://shopify/ProductVariant/59561791521093,53.95,99.95,77.45
womens-plaid-hooded-shirt-jacket-for-casual-winter-days,gid://shopify/ProductVariant/59561791553861,53.95,99.95,77.45
womens-plaid-hooded-shirt-jacket-for-casual-winter-days,gid://shopify/ProductVariant/59561791586629,53.95,99.95,77.45
womens-plaid-hooded-shirt-jacket-for-casual-winter-days,gid://shopify/ProductVariant/59561791619397,53.95,99.95,77.45
womens-plaid-hooded-shirt-jacket-for-casual-winter-days,gid://shopify/ProductVariant/59561791652165,53.95,99.95,77.45
womens-plaid-hooded-shirt-jacket-for-casual-winter-days,gid://shopify/ProductVariant/59561791684933,53.95,99.95,77.45
womens-plaid-hooded-shirt-jacket-for-casual-winter-days,gid://shopify/ProductVariant/59561791717701,53.95,99.95,77.45
womens-plaid-hooded-shirt-jacket-for-casual-winter-days,gid://shopify/ProductVariant/59561791750469,53.95,99.95,77.45
womens-plaid-hooded-shirt-jacket-for-casual-winter-days,gid://shopify/ProductVariant/59561791783237,53.95,99.95,77.45
womens-plaid-hooded-shirt-jacket-for-casual-winter-days,gid://shopify/ProductVariant/59561791816005,53.95,99.95,77.45
womens-plaid-hooded-shirt-jacket-for-casual-winter-days,gid://shopify/ProductVariant/59561791848773,53.95,99.95,77.45
mens-tactical-hooded-jacket-with-half-zip-for-outdoor-days,gid://shopify/ProductVariant/59561792176453,53.95,109.95,77.45
mens-tactical-hooded-jacket-with-half-zip-for-outdoor-days,gid://shopify/ProductVariant/59561792209221,53.95,109.95,77.45
mens-tactical-hooded-jacket-with-half-zip-for-outdoor-days,gid://shopify/ProductVariant/59561792241989,53.95,109.95,77.45
mens-tactical-hooded-jacket-with-half-zip-for-outdoor-days,gid://shopify/ProductVariant/59561792274757,53.95,109.95,77.45
mens-tactical-hooded-jacket-with-half-zip-for-outdoor-days,gid://shopify/ProductVariant/59561792307525,53.95,109.95,77.45
mens-tactical-hooded-jacket-with-half-zip-for-outdoor-days,gid://shopify/ProductVariant/59561792340293,53.95,109.95,77.45
mens-tactical-hooded-jacket-with-half-zip-for-outdoor-days,gid://shopify/ProductVariant/59561792373061,53.95,109.95,77.45
mens-tactical-hooded-jacket-with-half-zip-for-outdoor-days,gid://shopify/ProductVariant/59561792405829,53.95,109.95,77.45
mens-tactical-hooded-jacket-with-half-zip-for-outdoor-days,gid://shopify/ProductVariant/59561792438597,53.95,109.95,77.45
mens-tactical-hooded-jacket-with-half-zip-for-outdoor-days,gid://shopify/ProductVariant/59561792471365,53.95,109.95,77.45
mens-tactical-hooded-jacket-with-half-zip-for-outdoor-days,gid://shopify/ProductVariant/59561792504133,53.95,109.95,77.45
mens-tactical-hooded-jacket-with-half-zip-for-outdoor-days,gid://shopify/ProductVariant/59561792536901,53.95,109.95,77.45
mens-tactical-hooded-jacket-with-half-zip-for-outdoor-days,gid://shopify/ProductVariant/59561792569669,53.95,109.95,77.45
mens-tactical-hooded-jacket-with-half-zip-for-outdoor-days,gid://shopify/ProductVariant/59561792602437,53.95,109.95,77.45
mens-tactical-hooded-jacket-with-half-zip-for-outdoor-days,gid://shopify/ProductVariant/59561792635205,53.95,109.95,77.45
mens-tactical-hooded-jacket-with-half-zip-for-outdoor-days,gid://shopify/ProductVariant/59561792667973,53.95,109.95,77.45
mens-tactical-hooded-jacket-with-half-zip-for-outdoor-days,gid://shopify/ProductVariant/59561792700741,53.95,109.95,77.45
mens-tactical-hooded-jacket-with-half-zip-for-outdoor-days,gid://shopify/ProductVariant/59561792733509,53.95,109.95,77.45
mens-tactical-hooded-jacket-with-half-zip-for-outdoor-days,gid://shopify/ProductVariant/59561792766277,53.95,109.95,77.45
mens-tactical-hooded-jacket-with-half-zip-for-outdoor-days,gid://shopify/ProductVariant/59561792799045,53.95,109.95,77.45
mens-tactical-hooded-jacket-with-half-zip-for-outdoor-days,gid://shopify/ProductVariant/59561792831813,53.95,109.95,77.45
mens-tactical-hooded-jacket-with-half-zip-for-outdoor-days,gid://shopify/ProductVariant/59561792864581,53.95,109.95,77.45
mens-tactical-hooded-jacket-with-half-zip-for-outdoor-days,gid://shopify/ProductVariant/59561792897349,53.95,109.95,77.45
mens-tactical-hooded-jacket-with-half-zip-for-outdoor-days,gid://shopify/ProductVariant/59561792930117,53.95,109.95,77.45
womens-long-hooded-raincoat-for-rainy-city-days,gid://shopify/ProductVariant/59561799483717,64.95,129.95,92.95
womens-long-hooded-raincoat-for-rainy-city-days,gid://shopify/ProductVariant/59561799516485,64.95,129.95,92.95
womens-long-hooded-raincoat-for-rainy-city-days,gid://shopify/ProductVariant/59561799549253,64.95,129.95,92.95
womens-long-hooded-raincoat-for-rainy-city-days,gid://shopify/ProductVariant/59561799582021,64.95,129.95,92.95
womens-long-hooded-raincoat-for-rainy-city-days,gid://shopify/ProductVariant/59561799614789,64.95,129.95,92.95
womens-long-hooded-raincoat-for-rainy-city-days,gid://shopify/ProductVariant/59561799647557,64.95,129.95,92.95
womens-long-hooded-raincoat-for-rainy-city-days,gid://shopify/ProductVariant/59561799680325,64.95,129.95,92.95
womens-long-hooded-raincoat-for-rainy-city-days,gid://shopify/ProductVariant/59561799713093,64.95,129.95,92.95
womens-long-hooded-raincoat-for-rainy-city-days,gid://shopify/ProductVariant/59561799745861,64.95,129.95,92.95
womens-long-hooded-raincoat-for-rainy-city-days,gid://shopify/ProductVariant/59561799778629,64.95,129.95,92.95
womens-long-hooded-raincoat-for-rainy-city-days,gid://shopify/ProductVariant/59561799811397,64.95,129.95,92.95
womens-long-hooded-raincoat-for-rainy-city-days,gid://shopify/ProductVariant/59561799844165,64.95,129.95,92.95
womens-long-hooded-raincoat-for-rainy-city-days,gid://shopify/ProductVariant/59561799876933,64.95,129.95,92.95
womens-long-hooded-raincoat-for-rainy-city-days,gid://shopify/ProductVariant/59561799909701,64.95,129.95,92.95
womens-long-hooded-raincoat-for-rainy-city-days,gid://shopify/ProductVariant/59561799942469,64.95,129.95,92.95
womens-long-hooded-raincoat-for-rainy-city-days,gid://shopify/ProductVariant/59561799975237,64.95,129.95,92.95
womens-long-hooded-raincoat-for-rainy-city-days,gid://shopify/ProductVariant/59561800008005,64.95,129.95,92.95
womens-long-hooded-raincoat-for-rainy-city-days,gid://shopify/ProductVariant/59561800040773,64.95,129.95,92.95
womens-long-hooded-raincoat-for-rainy-city-days,gid://shopify/ProductVariant/59561800073541,64.95,129.95,92.95
womens-long-hooded-raincoat-for-rainy-city-days,gid://shopify/ProductVariant/59561800106309,64.95,129.95,92.95
womens-long-hooded-raincoat-for-rainy-city-days,gid://shopify/ProductVariant/59561800139077,64.95,129.95,92.95
womens-long-hooded-raincoat-for-rainy-city-days,gid://shopify/ProductVariant/59561800171845,64.95,129.95,92.95
womens-long-hooded-raincoat-for-rainy-city-days,gid://shopify/ProductVariant/59561800204613,64.95,129.95,92.95
womens-long-hooded-raincoat-for-rainy-city-days,gid://shopify/ProductVariant/59561800237381,64.95,129.95,92.95
womens-long-hooded-raincoat-for-rainy-city-days,gid://shopify/ProductVariant/59561800270149,64.95,129.95,92.95
womens-long-hooded-raincoat-for-rainy-city-days,gid://shopify/ProductVariant/59561800302917,64.95,129.95,92.95
womens-long-hooded-raincoat-for-rainy-city-days,gid://shopify/ProductVariant/59561800335685,64.95,129.95,92.95
womens-long-hooded-raincoat-for-rainy-city-days,gid://shopify/ProductVariant/59561800368453,64.95,129.95,92.95
womens-long-hooded-raincoat-for-rainy-city-days,gid://shopify/ProductVariant/59561800401221,64.95,129.95,92.95
womens-long-hooded-raincoat-for-rainy-city-days,gid://shopify/ProductVariant/59561800433989,64.95,129.95,92.95
womens-long-hooded-raincoat-for-rainy-city-days,gid://shopify/ProductVariant/59561800466757,64.95,129.95,92.95
womens-long-hooded-raincoat-for-rainy-city-days,gid://shopify/ProductVariant/59561800499525,64.95,129.95,92.95
womens-long-hooded-raincoat-for-rainy-city-days,gid://shopify/ProductVariant/59561800532293,64.95,129.95,92.95
womens-long-hooded-raincoat-for-rainy-city-days,gid://shopify/ProductVariant/59561800565061,64.95,129.95,92.95
womens-long-hooded-raincoat-for-rainy-city-days,gid://shopify/ProductVariant/59561800597829,64.95,129.95,92.95
womens-long-hooded-raincoat-for-rainy-city-days,gid://shopify/ProductVariant/59561800630597,64.95,129.95,92.95
womens-round-neck-button-cardigan-for-elegant-autumn-days,gid://shopify/ProductVariant/59561801908549,64.95,129.95,92.95
womens-round-neck-button-cardigan-for-elegant-autumn-days,gid://shopify/ProductVariant/59561801941317,64.95,129.95,92.95
womens-round-neck-button-cardigan-for-elegant-autumn-days,gid://shopify/ProductVariant/59561801974085,64.95,129.95,92.95
womens-round-neck-button-cardigan-for-elegant-autumn-days,gid://shopify/ProductVariant/59561802006853,64.95,129.95,92.95
womens-round-neck-button-cardigan-for-elegant-autumn-days,gid://shopify/ProductVariant/59561802039621,64.95,129.95,92.95
womens-round-neck-button-cardigan-for-elegant-autumn-days,gid://shopify/ProductVariant/59561802072389,64.95,129.95,92.95
womens-round-neck-button-cardigan-for-elegant-autumn-days,gid://shopify/ProductVariant/59561802105157,64.95,129.95,92.95
womens-round-neck-button-cardigan-for-elegant-autumn-days,gid://shopify/ProductVariant/59561802137925,64.95,129.95,92.95
womens-round-neck-button-cardigan-for-elegant-autumn-days,gid://shopify/ProductVariant/59561802170693,64.95,129.95,92.95
womens-round-neck-button-cardigan-for-elegant-autumn-days,gid://shopify/ProductVariant/59561802203461,64.95,129.95,92.95
womens-round-neck-button-cardigan-for-elegant-autumn-days,gid://shopify/ProductVariant/59561802236229,64.95,129.95,92.95
womens-round-neck-button-cardigan-for-elegant-autumn-days,gid://shopify/ProductVariant/59561802268997,64.95,129.95,92.95
womens-round-neck-button-cardigan-for-elegant-autumn-days,gid://shopify/ProductVariant/59561802301765,64.95,129.95,92.95
womens-round-neck-button-cardigan-for-elegant-autumn-days,gid://shopify/ProductVariant/59561802334533,64.95,129.95,92.95
womens-round-neck-button-cardigan-for-elegant-autumn-days,gid://shopify/ProductVariant/59561802367301,64.95,129.95,92.95
womens-round-neck-button-cardigan-for-elegant-autumn-days,gid://shopify/ProductVariant/59561802400069,64.95,129.95,92.95
womens-round-neck-button-cardigan-for-elegant-autumn-days,gid://shopify/ProductVariant/59561802432837,64.95,129.95,92.95
womens-round-neck-button-cardigan-for-elegant-autumn-days,gid://shopify/ProductVariant/59561802465605,64.95,129.95,92.95
womens-round-neck-button-cardigan-for-elegant-autumn-days,gid://shopify/ProductVariant/59561802498373,64.95,129.95,92.95
womens-round-neck-button-cardigan-for-elegant-autumn-days,gid://shopify/ProductVariant/59561802531141,64.95,129.95,92.95
womens-round-neck-button-cardigan-for-elegant-autumn-days,gid://shopify/ProductVariant/59561802563909,64.95,129.95,92.95
womens-round-neck-button-cardigan-for-elegant-autumn-days,gid://shopify/ProductVariant/59561802596677,64.95,129.95,92.95
womens-round-neck-button-cardigan-for-elegant-autumn-days,gid://shopify/ProductVariant/59561802629445,64.95,129.95,92.95
womens-round-neck-button-cardigan-for-elegant-autumn-days,gid://shopify/ProductVariant/59561802662213,64.95,129.95,92.95
womens-round-neck-button-cardigan-for-elegant-autumn-days,gid://shopify/ProductVariant/59561802694981,64.95,129.95,92.95
womens-round-neck-button-cardigan-for-elegant-autumn-days,gid://shopify/ProductVariant/59561802727749,64.95,129.95,92.95
womens-round-neck-button-cardigan-for-elegant-autumn-days,gid://shopify/ProductVariant/59561802760517,64.95,129.95,92.95
womens-round-neck-button-cardigan-for-elegant-autumn-days,gid://shopify/ProductVariant/59561802793285,64.95,129.95,92.95
womens-round-neck-button-cardigan-for-elegant-autumn-days,gid://shopify/ProductVariant/59561802826053,64.95,129.95,92.95
womens-round-neck-button-cardigan-for-elegant-autumn-days,gid://shopify/ProductVariant/59561802858821,64.95,129.95,92.95
womens-round-neck-button-cardigan-for-elegant-autumn-days,gid://shopify/ProductVariant/59561802891589,64.95,129.95,92.95
womens-round-neck-button-cardigan-for-elegant-autumn-days,gid://shopify/ProductVariant/59561802924357,64.95,129.95,92.95
womens-round-neck-button-cardigan-for-elegant-autumn-days,gid://shopify/ProductVariant/59561802957125,64.95,129.95,92.95
womens-round-neck-button-cardigan-for-elegant-autumn-days,gid://shopify/ProductVariant/59561802989893,64.95,129.95,92.95
womens-round-neck-button-cardigan-for-elegant-autumn-days,gid://shopify/ProductVariant/59561803022661,64.95,129.95,92.95
womens-round-neck-button-cardigan-for-elegant-autumn-days,gid://shopify/ProductVariant/59561803055429,64.95,129.95,92.95
womens-hooded-rain-jacket-with-striped-lining-for-wet-days,gid://shopify/ProductVariant/59561804300613,53.95,89.95,77.45
womens-hooded-rain-jacket-with-striped-lining-for-wet-days,gid://shopify/ProductVariant/59561804333381,53.95,89.95,77.45
womens-hooded-rain-jacket-with-striped-lining-for-wet-days,gid://shopify/ProductVariant/59561804366149,53.95,89.95,77.45
womens-hooded-rain-jacket-with-striped-lining-for-wet-days,gid://shopify/ProductVariant/59561804398917,53.95,89.95,77.45
womens-hooded-rain-jacket-with-striped-lining-for-wet-days,gid://shopify/ProductVariant/59561804431685,53.95,89.95,77.45
womens-hooded-rain-jacket-with-striped-lining-for-wet-days,gid://shopify/ProductVariant/59561804464453,53.95,89.95,77.45
womens-hooded-rain-jacket-with-striped-lining-for-wet-days,gid://shopify/ProductVariant/59561804497221,53.95,89.95,77.45
womens-hooded-rain-jacket-with-striped-lining-for-wet-days,gid://shopify/ProductVariant/59561804529989,53.95,89.95,77.45
womens-hooded-rain-jacket-with-striped-lining-for-wet-days,gid://shopify/ProductVariant/59561804562757,53.95,89.95,77.45
womens-hooded-rain-jacket-with-striped-lining-for-wet-days,gid://shopify/ProductVariant/59561804595525,53.95,89.95,77.45
womens-hooded-rain-jacket-with-striped-lining-for-wet-days,gid://shopify/ProductVariant/59561804628293,53.95,89.95,77.45
womens-hooded-rain-jacket-with-striped-lining-for-wet-days,gid://shopify/ProductVariant/59561804661061,53.95,89.95,77.45
womens-hooded-rain-jacket-with-striped-lining-for-wet-days,gid://shopify/ProductVariant/59561804693829,53.95,89.95,77.45
womens-hooded-rain-jacket-with-striped-lining-for-wet-days,gid://shopify/ProductVariant/59561804726597,53.95,89.95,77.45
womens-hooded-rain-jacket-with-striped-lining-for-wet-days,gid://shopify/ProductVariant/59561804759365,53.95,89.95,77.45
womens-hooded-rain-jacket-with-striped-lining-for-wet-days,gid://shopify/ProductVariant/59561804792133,53.95,89.95,77.45
womens-hooded-rain-jacket-with-striped-lining-for-wet-days,gid://shopify/ProductVariant/59561804824901,53.95,89.95,77.45
womens-hooded-rain-jacket-with-striped-lining-for-wet-days,gid://shopify/ProductVariant/59561804857669,53.95,89.95,77.45
womens-hooded-rain-jacket-with-striped-lining-for-wet-days,gid://shopify/ProductVariant/59561804890437,53.95,89.95,77.45
womens-hooded-rain-jacket-with-striped-lining-for-wet-days,gid://shopify/ProductVariant/59561804923205,53.95,89.95,77.45
womens-hooded-rain-jacket-with-striped-lining-for-wet-days,gid://shopify/ProductVariant/59561804955973,53.95,89.95,77.45
womens-hooded-rain-jacket-with-striped-lining-for-wet-days,gid://shopify/ProductVariant/59561804988741,53.95,89.95,77.45
womens-hooded-rain-jacket-with-striped-lining-for-wet-days,gid://shopify/ProductVariant/59561805021509,53.95,89.95,77.45
womens-hooded-rain-jacket-with-striped-lining-for-wet-days,gid://shopify/ProductVariant/59561805054277,53.95,89.95,77.45
womens-hooded-rain-jacket-with-striped-lining-for-wet-days,gid://shopify/ProductVariant/59561805087045,53.95,89.95,77.45
womens-hooded-rain-jacket-with-striped-lining-for-wet-days,gid://shopify/ProductVariant/59561805119813,53.95,89.95,77.45
womens-hooded-rain-jacket-with-striped-lining-for-wet-days,gid://shopify/ProductVariant/59561805152581,53.95,89.95,77.45
womens-hooded-rain-jacket-with-striped-lining-for-wet-days,gid://shopify/ProductVariant/59561805185349,53.95,89.95,77.45
womens-hooded-rain-jacket-with-striped-lining-for-wet-days,gid://shopify/ProductVariant/59561805218117,53.95,89.95,77.45
womens-hooded-rain-jacket-with-striped-lining-for-wet-days,gid://shopify/ProductVariant/59561805250885,53.95,89.95,77.45
womens-hooded-rain-jacket-with-striped-lining-for-wet-days,gid://shopify/ProductVariant/59561805283653,53.95,89.95,77.45
womens-hooded-rain-jacket-with-striped-lining-for-wet-days,gid://shopify/ProductVariant/59561805316421,53.95,89.95,77.45
womens-hooded-rain-jacket-with-striped-lining-for-wet-days,gid://shopify/ProductVariant/59561805349189,53.95,89.95,77.45
womens-hooded-rain-jacket-with-striped-lining-for-wet-days,gid://shopify/ProductVariant/59561805381957,53.95,89.95,77.45
womens-hooded-rain-jacket-with-striped-lining-for-wet-days,gid://shopify/ProductVariant/59561805414725,53.95,89.95,77.45
womens-hooded-rain-jacket-with-striped-lining-for-wet-days,gid://shopify/ProductVariant/59561805447493,53.95,89.95,77.45
womens-long-lapel-collar-coat-for-elegant-winter-days,gid://shopify/ProductVariant/59561807937861,64.95,129.95,92.95
womens-long-lapel-collar-coat-for-elegant-winter-days,gid://shopify/ProductVariant/59561807970629,64.95,129.95,92.95
womens-long-lapel-collar-coat-for-elegant-winter-days,gid://shopify/ProductVariant/59561808003397,64.95,129.95,92.95
womens-long-lapel-collar-coat-for-elegant-winter-days,gid://shopify/ProductVariant/59561808036165,64.95,129.95,92.95
womens-long-lapel-collar-coat-for-elegant-winter-days,gid://shopify/ProductVariant/59561808068933,64.95,129.95,92.95
womens-long-lapel-collar-coat-for-elegant-winter-days,gid://shopify/ProductVariant/59561808101701,64.95,129.95,92.95
womens-long-lapel-collar-coat-for-elegant-winter-days,gid://shopify/ProductVariant/59561808134469,64.95,129.95,92.95
womens-long-lapel-collar-coat-for-elegant-winter-days,gid://shopify/ProductVariant/59561808167237,64.95,129.95,92.95
womens-long-lapel-collar-coat-for-elegant-winter-days,gid://shopify/ProductVariant/59561808200005,64.95,129.95,92.95
womens-long-lapel-collar-coat-for-elegant-winter-days,gid://shopify/ProductVariant/59561808232773,64.95,129.95,92.95
womens-long-lapel-collar-coat-for-elegant-winter-days,gid://shopify/ProductVariant/59561808265541,64.95,129.95,92.95
womens-long-lapel-collar-coat-for-elegant-winter-days,gid://shopify/ProductVariant/59561808298309,64.95,129.95,92.95
womens-long-lapel-collar-coat-for-elegant-winter-days,gid://shopify/ProductVariant/59561808331077,64.95,129.95,92.95
womens-long-lapel-collar-coat-for-elegant-winter-days,gid://shopify/ProductVariant/59561808363845,64.95,129.95,92.95
womens-long-lapel-collar-coat-for-elegant-winter-days,gid://shopify/ProductVariant/59561808396613,64.95,129.95,92.95
womens-long-lapel-collar-coat-for-elegant-winter-days,gid://shopify/ProductVariant/59561808429381,64.95,129.95,92.95
womens-long-lapel-collar-coat-for-elegant-winter-days,gid://shopify/ProductVariant/59561808462149,64.95,129.95,92.95
womens-long-lapel-collar-coat-for-elegant-winter-days,gid://shopify/ProductVariant/59561808494917,64.95,129.95,92.95
womens-quilted-hooded-jacket-for-cold-autumn-winter-days,gid://shopify/ProductVariant/59561810395461,53.95,109.95,77.45
womens-quilted-hooded-jacket-for-cold-autumn-winter-days,gid://shopify/ProductVariant/59561810428229,53.95,109.95,77.45
womens-quilted-hooded-jacket-for-cold-autumn-winter-days,gid://shopify/ProductVariant/59561810460997,53.95,109.95,77.45
womens-quilted-hooded-jacket-for-cold-autumn-winter-days,gid://shopify/ProductVariant/59561810493765,53.95,109.95,77.45
womens-quilted-hooded-jacket-for-cold-autumn-winter-days,gid://shopify/ProductVariant/59561810526533,53.95,109.95,77.45
womens-quilted-hooded-jacket-for-cold-autumn-winter-days,gid://shopify/ProductVariant/59561810559301,53.95,109.95,77.45
womens-quilted-hooded-jacket-for-cold-autumn-winter-days,gid://shopify/ProductVariant/59561810592069,53.95,109.95,77.45
womens-quilted-hooded-jacket-for-cold-autumn-winter-days,gid://shopify/ProductVariant/59561810624837,53.95,109.95,77.45
womens-quilted-hooded-jacket-for-cold-autumn-winter-days,gid://shopify/ProductVariant/59561810657605,53.95,109.95,77.45
womens-quilted-hooded-jacket-for-cold-autumn-winter-days,gid://shopify/ProductVariant/59561810690373,53.95,109.95,77.45
womens-quilted-hooded-jacket-for-cold-autumn-winter-days,gid://shopify/ProductVariant/59561810723141,53.95,109.95,77.45
womens-quilted-hooded-jacket-for-cold-autumn-winter-days,gid://shopify/ProductVariant/59561810755909,53.95,109.95,77.45
womens-quilted-hooded-jacket-for-cold-autumn-winter-days,gid://shopify/ProductVariant/59561810788677,53.95,109.95,77.45
womens-quilted-hooded-jacket-for-cold-autumn-winter-days,gid://shopify/ProductVariant/59561810821445,53.95,109.95,77.45
womens-quilted-hooded-jacket-for-cold-autumn-winter-days,gid://shopify/ProductVariant/59561810854213,53.95,109.95,77.45
womens-quilted-hooded-jacket-for-cold-autumn-winter-days,gid://shopify/ProductVariant/59561810886981,53.95,109.95,77.45
womens-quilted-hooded-jacket-for-cold-autumn-winter-days,gid://shopify/ProductVariant/59561810919749,53.95,109.95,77.45
womens-quilted-hooded-jacket-for-cold-autumn-winter-days,gid://shopify/ProductVariant/59561810952517,53.95,109.95,77.45
mens-hooded-puffer-vest-for-cold-outdoor-days,gid://shopify/ProductVariant/59561814786373,64.95,129.95,92.95
mens-hooded-puffer-vest-for-cold-outdoor-days,gid://shopify/ProductVariant/59561814819141,64.95,129.95,92.95
mens-hooded-puffer-vest-for-cold-outdoor-days,gid://shopify/ProductVariant/59561814851909,64.95,129.95,92.95
mens-hooded-puffer-vest-for-cold-outdoor-days,gid://shopify/ProductVariant/59561814884677,64.95,129.95,92.95
mens-hooded-puffer-vest-for-cold-outdoor-days,gid://shopify/ProductVariant/59561814917445,64.95,129.95,92.95
mens-hooded-puffer-vest-for-cold-outdoor-days,gid://shopify/ProductVariant/59561814950213,64.95,129.95,92.95
mens-hooded-puffer-vest-for-cold-outdoor-days,gid://shopify/ProductVariant/59561814982981,64.95,129.95,92.95
mens-hooded-puffer-vest-for-cold-outdoor-days,gid://shopify/ProductVariant/59561815015749,64.95,129.95,92.95
mens-hooded-puffer-vest-for-cold-outdoor-days,gid://shopify/ProductVariant/59561815048517,64.95,129.95,92.95
mens-hooded-puffer-vest-for-cold-outdoor-days,gid://shopify/ProductVariant/59561815081285,64.95,129.95,92.95
mens-hooded-puffer-vest-for-cold-outdoor-days,gid://shopify/ProductVariant/59561815114053,64.95,129.95,92.95
mens-hooded-puffer-vest-for-cold-outdoor-days,gid://shopify/ProductVariant/59561815146821,64.95,129.95,92.95
mens-hooded-puffer-vest-for-cold-outdoor-days,gid://shopify/ProductVariant/59561815179589,64.95,129.95,92.95
mens-hooded-puffer-vest-for-cold-outdoor-days,gid://shopify/ProductVariant/59561815212357,64.95,129.95,92.95
mens-hooded-puffer-vest-for-cold-outdoor-days,gid://shopify/ProductVariant/59561815245125,64.95,129.95,92.95
mens-hooded-puffer-vest-for-cold-outdoor-days,gid://shopify/ProductVariant/59561815277893,64.95,129.95,92.95
mens-hooded-puffer-vest-for-cold-outdoor-days,gid://shopify/ProductVariant/59561815310661,64.95,129.95,92.95
mens-hooded-puffer-vest-for-cold-outdoor-days,gid://shopify/ProductVariant/59561815343429,64.95,129.95,92.95
mens-hooded-puffer-vest-for-cold-outdoor-days,gid://shopify/ProductVariant/59561815376197,64.95,129.95,92.95
mens-hooded-puffer-vest-for-cold-outdoor-days,gid://shopify/ProductVariant/59561815408965,64.95,129.95,92.95
mens-hooded-puffer-vest-for-cold-outdoor-days,gid://shopify/ProductVariant/59561815441733,64.95,129.95,92.95
mens-hooded-puffer-vest-for-cold-outdoor-days,gid://shopify/ProductVariant/59561815474501,64.95,129.95,92.95
mens-hooded-puffer-vest-for-cold-outdoor-days,gid://shopify/ProductVariant/59561815507269,64.95,129.95,92.95
mens-hooded-puffer-vest-for-cold-outdoor-days,gid://shopify/ProductVariant/59561815540037,64.95,129.95,92.95
mens-hooded-puffer-vest-for-cold-outdoor-days,gid://shopify/ProductVariant/59561815572805,64.95,129.95,92.95
mens-hooded-puffer-vest-for-cold-outdoor-days,gid://shopify/ProductVariant/59561815605573,64.95,129.95,92.95
mens-hooded-puffer-vest-for-cold-outdoor-days,gid://shopify/ProductVariant/59561815638341,64.95,129.95,92.95
mens-hooded-puffer-vest-for-cold-outdoor-days,gid://shopify/ProductVariant/59561815671109,64.95,129.95,92.95
mens-hooded-puffer-vest-for-cold-outdoor-days,gid://shopify/ProductVariant/59561815703877,64.95,129.95,92.95
mens-hooded-puffer-vest-for-cold-outdoor-days,gid://shopify/ProductVariant/59561815736645,64.95,129.95,92.95
mens-textured-blazer-and-waistcoat-set-for-smart-occasions,gid://shopify/ProductVariant/59561820586309,129.95,219.95,185.95
mens-textured-blazer-and-waistcoat-set-for-smart-occasions,gid://shopify/ProductVariant/59561820619077,129.95,219.95,185.95
mens-textured-blazer-and-waistcoat-set-for-smart-occasions,gid://shopify/ProductVariant/59561820651845,129.95,219.95,185.95
mens-textured-blazer-and-waistcoat-set-for-smart-occasions,gid://shopify/ProductVariant/59561820684613,129.95,219.95,185.95
mens-textured-blazer-and-waistcoat-set-for-smart-occasions,gid://shopify/ProductVariant/59561820717381,129.95,219.95,185.95
mens-textured-blazer-and-waistcoat-set-for-smart-occasions,gid://shopify/ProductVariant/59561820750149,129.95,219.95,185.95
mens-textured-blazer-and-waistcoat-set-for-smart-occasions,gid://shopify/ProductVariant/59561820782917,129.95,219.95,185.95
mens-textured-blazer-and-waistcoat-set-for-smart-occasions,gid://shopify/ProductVariant/59561820815685,129.95,219.95,185.95
mens-textured-blazer-and-waistcoat-set-for-smart-occasions,gid://shopify/ProductVariant/59561820848453,129.95,219.95,185.95
mens-textured-blazer-and-waistcoat-set-for-smart-occasions,gid://shopify/ProductVariant/59561820881221,129.95,219.95,185.95
mens-textured-blazer-and-waistcoat-set-for-smart-occasions,gid://shopify/ProductVariant/59561820913989,129.95,219.95,185.95
mens-textured-blazer-and-waistcoat-set-for-smart-occasions,gid://shopify/ProductVariant/59561820946757,129.95,219.95,185.95
mens-textured-blazer-and-waistcoat-set-for-smart-occasions,gid://shopify/ProductVariant/59561820979525,129.95,219.95,185.95
mens-textured-blazer-and-waistcoat-set-for-smart-occasions,gid://shopify/ProductVariant/59561821012293,129.95,219.95,185.95
mens-textured-blazer-and-waistcoat-set-for-smart-occasions,gid://shopify/ProductVariant/59561821045061,129.95,219.95,185.95
mens-textured-blazer-and-waistcoat-set-for-smart-occasions,gid://shopify/ProductVariant/59561821077829,129.95,219.95,185.95
mens-textured-blazer-and-waistcoat-set-for-smart-occasions,gid://shopify/ProductVariant/59561821110597,129.95,219.95,185.95
mens-textured-blazer-and-waistcoat-set-for-smart-occasions,gid://shopify/ProductVariant/59561821143365,129.95,219.95,185.95
mens-textured-blazer-and-waistcoat-set-for-smart-occasions,gid://shopify/ProductVariant/59561821176133,129.95,219.95,185.95
mens-textured-blazer-and-waistcoat-set-for-smart-occasions,gid://shopify/ProductVariant/59561821208901,129.95,219.95,185.95
mens-textured-blazer-and-waistcoat-set-for-smart-occasions,gid://shopify/ProductVariant/59561821241669,129.95,219.95,185.95
mens-textured-blazer-and-waistcoat-set-for-smart-occasions,gid://shopify/ProductVariant/59561821274437,129.95,219.95,185.95
mens-textured-blazer-and-waistcoat-set-for-smart-occasions,gid://shopify/ProductVariant/59561821307205,129.95,219.95,185.95
mens-textured-blazer-and-waistcoat-set-for-smart-occasions,gid://shopify/ProductVariant/59561821339973,129.95,219.95,185.95
womens-tweed-jacket-with-chest-pockets-for-elegant-days,gid://shopify/ProductVariant/59561823338821,64.95,129.95,92.95
womens-tweed-jacket-with-chest-pockets-for-elegant-days,gid://shopify/ProductVariant/59561823371589,64.95,129.95,92.95
womens-tweed-jacket-with-chest-pockets-for-elegant-days,gid://shopify/ProductVariant/59561823404357,64.95,129.95,92.95
womens-tweed-jacket-with-chest-pockets-for-elegant-days,gid://shopify/ProductVariant/59561823437125,64.95,129.95,92.95
womens-tweed-jacket-with-chest-pockets-for-elegant-days,gid://shopify/ProductVariant/59561823469893,64.95,129.95,92.95
womens-tweed-jacket-with-chest-pockets-for-elegant-days,gid://shopify/ProductVariant/59561823502661,64.95,129.95,92.95
womens-oversized-knit-cardigan-with-large-buttons-for-autumn,gid://shopify/ProductVariant/59561829007685,59.95,119.95,85.95
womens-oversized-knit-cardigan-with-large-buttons-for-autumn,gid://shopify/ProductVariant/59561829040453,59.95,119.95,85.95
womens-oversized-knit-cardigan-with-large-buttons-for-autumn,gid://shopify/ProductVariant/59561829073221,59.95,119.95,85.95
womens-oversized-knit-cardigan-with-large-buttons-for-autumn,gid://shopify/ProductVariant/59561829105989,59.95,119.95,85.95
womens-oversized-knit-cardigan-with-large-buttons-for-autumn,gid://shopify/ProductVariant/59561829138757,59.95,119.95,85.95
womens-oversized-knit-cardigan-with-large-buttons-for-autumn,gid://shopify/ProductVariant/59561829171525,59.95,119.95,85.95
womens-oversized-knit-cardigan-with-large-buttons-for-autumn,gid://shopify/ProductVariant/59561829204293,59.95,119.95,85.95
womens-oversized-knit-cardigan-with-large-buttons-for-autumn,gid://shopify/ProductVariant/59561829237061,59.95,119.95,85.95
womens-oversized-knit-cardigan-with-large-buttons-for-autumn,gid://shopify/ProductVariant/59561829269829,59.95,119.95,85.95
womens-oversized-knit-cardigan-with-large-buttons-for-autumn,gid://shopify/ProductVariant/59561829302597,59.95,119.95,85.95
womens-oversized-knit-cardigan-with-large-buttons-for-autumn,gid://shopify/ProductVariant/59561829335365,59.95,119.95,85.95
womens-oversized-knit-cardigan-with-large-buttons-for-autumn,gid://shopify/ProductVariant/59561829368133,59.95,119.95,85.95
womens-oversized-knit-cardigan-with-large-buttons-for-autumn,gid://shopify/ProductVariant/59561829400901,59.95,119.95,85.95
womens-oversized-knit-cardigan-with-large-buttons-for-autumn,gid://shopify/ProductVariant/59561829433669,59.95,119.95,85.95
womens-oversized-knit-cardigan-with-large-buttons-for-autumn,gid://shopify/ProductVariant/59561829466437,59.95,119.95,85.95
womens-oversized-knit-cardigan-with-large-buttons-for-autumn,gid://shopify/ProductVariant/59561829499205,59.95,119.95,85.95
womens-oversized-knit-cardigan-with-large-buttons-for-autumn,gid://shopify/ProductVariant/59561829531973,59.95,119.95,85.95
womens-oversized-knit-cardigan-with-large-buttons-for-autumn,gid://shopify/ProductVariant/59561829564741,59.95,119.95,85.95
womens-oversized-knit-cardigan-with-large-buttons-for-autumn,gid://shopify/ProductVariant/59561829597509,59.95,119.95,85.95
womens-oversized-knit-cardigan-with-large-buttons-for-autumn,gid://shopify/ProductVariant/59561829630277,59.95,119.95,85.95
womens-oversized-knit-cardigan-with-large-buttons-for-autumn,gid://shopify/ProductVariant/59561829663045,59.95,119.95,85.95
womens-oversized-knit-cardigan-with-large-buttons-for-autumn,gid://shopify/ProductVariant/59561829695813,59.95,119.95,85.95
womens-oversized-knit-cardigan-with-large-buttons-for-autumn,gid://shopify/ProductVariant/59561829728581,59.95,119.95,85.95
womens-oversized-knit-cardigan-with-large-buttons-for-autumn,gid://shopify/ProductVariant/59561829761349,59.95,119.95,85.95
womens-oversized-knit-cardigan-with-large-buttons-for-autumn,gid://shopify/ProductVariant/59561829794117,59.95,119.95,85.95
womens-oversized-knit-cardigan-with-large-buttons-for-autumn,gid://shopify/ProductVariant/59561829826885,59.95,119.95,85.95
womens-oversized-knit-cardigan-with-large-buttons-for-autumn,gid://shopify/ProductVariant/59561829859653,59.95,119.95,85.95
womens-oversized-knit-cardigan-with-large-buttons-for-autumn,gid://shopify/ProductVariant/59561829892421,59.95,119.95,85.95
womens-oversized-knit-cardigan-with-large-buttons-for-autumn,gid://shopify/ProductVariant/59561829925189,59.95,119.95,85.95
womens-oversized-knit-cardigan-with-large-buttons-for-autumn,gid://shopify/ProductVariant/59561829957957,59.95,119.95,85.95
womens-oversized-knit-cardigan-with-large-buttons-for-autumn,gid://shopify/ProductVariant/59561829990725,59.95,119.95,85.95
womens-oversized-knit-cardigan-with-large-buttons-for-autumn,gid://shopify/ProductVariant/59561830023493,59.95,119.95,85.95
womens-oversized-knit-cardigan-with-large-buttons-for-autumn,gid://shopify/ProductVariant/59561830056261,59.95,119.95,85.95
womens-oversized-knit-cardigan-with-large-buttons-for-autumn,gid://shopify/ProductVariant/59561830089029,59.95,119.95,85.95
womens-oversized-knit-cardigan-with-large-buttons-for-autumn,gid://shopify/ProductVariant/59561830121797,59.95,119.95,85.95
womens-oversized-knit-cardigan-with-large-buttons-for-autumn,gid://shopify/ProductVariant/59561830154565,59.95,119.95,85.95
womens-oversized-knit-cardigan-with-large-buttons-for-autumn,gid://shopify/ProductVariant/59561830187333,59.95,119.95,85.95
womens-oversized-knit-cardigan-with-large-buttons-for-autumn,gid://shopify/ProductVariant/59561830220101,59.95,119.95,85.95
womens-oversized-knit-cardigan-with-large-buttons-for-autumn,gid://shopify/ProductVariant/59561830252869,59.95,119.95,85.95
womens-oversized-knit-cardigan-with-large-buttons-for-autumn,gid://shopify/ProductVariant/59561830285637,59.95,119.95,85.95
womens-oversized-knit-cardigan-with-large-buttons-for-autumn,gid://shopify/ProductVariant/59561830318405,59.95,119.95,85.95
womens-oversized-knit-cardigan-with-large-buttons-for-autumn,gid://shopify/ProductVariant/59561830351173,59.95,119.95,85.95
womens-oversized-knit-cardigan-with-large-buttons-for-autumn,gid://shopify/ProductVariant/59561830383941,59.95,119.95,85.95
womens-oversized-knit-cardigan-with-large-buttons-for-autumn,gid://shopify/ProductVariant/59561830416709,59.95,119.95,85.95
womens-oversized-knit-cardigan-with-large-buttons-for-autumn,gid://shopify/ProductVariant/59561830449477,59.95,119.95,85.95
womens-oversized-knit-cardigan-with-large-buttons-for-autumn,gid://shopify/ProductVariant/59561830482245,59.95,119.95,85.95
womens-oversized-knit-cardigan-with-large-buttons-for-autumn,gid://shopify/ProductVariant/59561830515013,59.95,119.95,85.95
womens-oversized-knit-cardigan-with-large-buttons-for-autumn,gid://shopify/ProductVariant/59561830547781,59.95,119.95,85.95
womens-oversized-knit-cardigan-with-large-buttons-for-autumn,gid://shopify/ProductVariant/59561830580549,59.95,119.95,85.95
womens-oversized-knit-cardigan-with-large-buttons-for-autumn,gid://shopify/ProductVariant/59561830613317,59.95,119.95,85.95
womens-oversized-knit-cardigan-with-large-buttons-for-autumn,gid://shopify/ProductVariant/59561830646085,59.95,119.95,85.95
womens-oversized-knit-cardigan-with-large-buttons-for-autumn,gid://shopify/ProductVariant/59561830678853,59.95,119.95,85.95
womens-oversized-knit-cardigan-with-large-buttons-for-autumn,gid://shopify/ProductVariant/59561830711621,59.95,119.95,85.95
womens-oversized-knit-cardigan-with-large-buttons-for-autumn,gid://shopify/ProductVariant/59561830744389,59.95,119.95,85.95
womens-oversized-knit-cardigan-with-large-buttons-for-autumn,gid://shopify/ProductVariant/59561830777157,59.95,119.95,85.95
womens-oversized-knit-cardigan-with-large-buttons-for-autumn,gid://shopify/ProductVariant/59561830809925,59.95,119.95,85.95
womens-oversized-knit-cardigan-with-large-buttons-for-autumn,gid://shopify/ProductVariant/59561830842693,59.95,119.95,85.95
womens-oversized-knit-cardigan-with-large-buttons-for-autumn,gid://shopify/ProductVariant/59561830875461,59.95,119.95,85.95
womens-oversized-knit-cardigan-with-large-buttons-for-autumn,gid://shopify/ProductVariant/59561830908229,59.95,119.95,85.95
womens-oversized-knit-cardigan-with-large-buttons-for-autumn,gid://shopify/ProductVariant/59561830940997,59.95,119.95,85.95
womens-hooded-knit-cardigan-with-button-front-for-casual-days,gid://shopify/ProductVariant/59561842344261,58.95,99.95,84.45
womens-hooded-knit-cardigan-with-button-front-for-casual-days,gid://shopify/ProductVariant/59561842377029,58.95,99.95,84.45
womens-hooded-knit-cardigan-with-button-front-for-casual-days,gid://shopify/ProductVariant/59561842409797,58.95,99.95,84.45
womens-hooded-knit-cardigan-with-button-front-for-casual-days,gid://shopify/ProductVariant/59561842442565,58.95,99.95,84.45
womens-hooded-knit-cardigan-with-button-front-for-casual-days,gid://shopify/ProductVariant/59561842475333,58.95,99.95,84.45
womens-hooded-knit-cardigan-with-button-front-for-casual-days,gid://shopify/ProductVariant/59561842508101,58.95,99.95,84.45
womens-hooded-knit-cardigan-with-button-front-for-casual-days,gid://shopify/ProductVariant/59561842540869,58.95,99.95,84.45
womens-hooded-knit-cardigan-with-button-front-for-casual-days,gid://shopify/ProductVariant/59561842573637,58.95,99.95,84.45
womens-hooded-knit-cardigan-with-button-front-for-casual-days,gid://shopify/ProductVariant/59561842606405,58.95,99.95,84.45
womens-hooded-knit-cardigan-with-button-front-for-casual-days,gid://shopify/ProductVariant/59561842639173,58.95,99.95,84.45
womens-hooded-knit-cardigan-with-button-front-for-casual-days,gid://shopify/ProductVariant/59561842671941,58.95,99.95,84.45
womens-hooded-knit-cardigan-with-button-front-for-casual-days,gid://shopify/ProductVariant/59561842704709,58.95,99.95,84.45
womens-hooded-knit-cardigan-with-button-front-for-casual-days,gid://shopify/ProductVariant/59561842737477,58.95,99.95,84.45
womens-hooded-knit-cardigan-with-button-front-for-casual-days,gid://shopify/ProductVariant/59561842770245,58.95,99.95,84.45
womens-hooded-knit-cardigan-with-button-front-for-casual-days,gid://shopify/ProductVariant/59561842803013,58.95,99.95,84.45
womens-hooded-knit-cardigan-with-button-front-for-casual-days,gid://shopify/ProductVariant/59561842835781,58.95,99.95,84.45
womens-hooded-knit-cardigan-with-button-front-for-casual-days,gid://shopify/ProductVariant/59561842868549,58.95,99.95,84.45
womens-hooded-knit-cardigan-with-button-front-for-casual-days,gid://shopify/ProductVariant/59561842901317,58.95,99.95,84.45
womens-hooded-knit-cardigan-with-button-front-for-casual-days,gid://shopify/ProductVariant/59561842934085,58.95,99.95,84.45
womens-hooded-knit-cardigan-with-button-front-for-casual-days,gid://shopify/ProductVariant/59561842966853,58.95,99.95,84.45
womens-hooded-knit-cardigan-with-button-front-for-casual-days,gid://shopify/ProductVariant/59561842999621,58.95,99.95,84.45
womens-hooded-knit-cardigan-with-button-front-for-casual-days,gid://shopify/ProductVariant/59561843032389,58.95,99.95,84.45
womens-hooded-knit-cardigan-with-button-front-for-casual-days,gid://shopify/ProductVariant/59561843065157,58.95,99.95,84.45
womens-hooded-knit-cardigan-with-button-front-for-casual-days,gid://shopify/ProductVariant/59561843097925,58.95,99.95,84.45
womens-hooded-knit-cardigan-with-button-front-for-casual-days,gid://shopify/ProductVariant/59561843130693,58.95,99.95,84.45
womens-hooded-knit-cardigan-with-button-front-for-casual-days,gid://shopify/ProductVariant/59561843163461,58.95,99.95,84.45
womens-hooded-knit-cardigan-with-button-front-for-casual-days,gid://shopify/ProductVariant/59561843196229,58.95,99.95,84.45
womens-hooded-knit-cardigan-with-button-front-for-casual-days,gid://shopify/ProductVariant/59561843228997,58.95,99.95,84.45
womens-hooded-knit-cardigan-with-button-front-for-casual-days,gid://shopify/ProductVariant/59561843261765,58.95,99.95,84.45
womens-hooded-knit-cardigan-with-button-front-for-casual-days,gid://shopify/ProductVariant/59561843294533,58.95,99.95,84.45
womens-hooded-knit-cardigan-with-button-front-for-casual-days,gid://shopify/ProductVariant/59561843327301,58.95,99.95,84.45
womens-hooded-knit-cardigan-with-button-front-for-casual-days,gid://shopify/ProductVariant/59561843360069,58.95,99.95,84.45
womens-hooded-knit-cardigan-with-button-front-for-casual-days,gid://shopify/ProductVariant/59561843392837,58.95,99.95,84.45
womens-hooded-knit-cardigan-with-button-front-for-casual-days,gid://shopify/ProductVariant/59561843425605,58.95,99.95,84.45
womens-hooded-knit-cardigan-with-button-front-for-casual-days,gid://shopify/ProductVariant/59561843458373,58.95,99.95,84.45
womens-hooded-knit-cardigan-with-button-front-for-casual-days,gid://shopify/ProductVariant/59561843491141,58.95,99.95,84.45
womens-hooded-knit-cardigan-with-button-front-for-casual-days,gid://shopify/ProductVariant/59561843523909,58.95,99.95,84.45
womens-hooded-knit-cardigan-with-button-front-for-casual-days,gid://shopify/ProductVariant/59561843556677,58.95,99.95,84.45
womens-hooded-knit-cardigan-with-button-front-for-casual-days,gid://shopify/ProductVariant/59561843589445,58.95,99.95,84.45
womens-hooded-knit-cardigan-with-button-front-for-casual-days,gid://shopify/ProductVariant/59561843622213,58.95,99.95,84.45
womens-hooded-knit-cardigan-with-button-front-for-casual-days,gid://shopify/ProductVariant/59561843654981,58.95,99.95,84.45
womens-hooded-knit-cardigan-with-button-front-for-casual-days,gid://shopify/ProductVariant/59561843687749,58.95,99.95,84.45
womens-hooded-knit-cardigan-with-button-front-for-casual-days,gid://shopify/ProductVariant/59561843720517,58.95,99.95,84.45
womens-hooded-knit-cardigan-with-button-front-for-casual-days,gid://shopify/ProductVariant/59561843753285,58.95,99.95,84.45
womens-hooded-knit-cardigan-with-button-front-for-casual-days,gid://shopify/ProductVariant/59561843786053,58.95,99.95,84.45
womens-hooded-knit-cardigan-with-button-front-for-casual-days,gid://shopify/ProductVariant/59561843818821,58.95,99.95,84.45
womens-hooded-knit-cardigan-with-button-front-for-casual-days,gid://shopify/ProductVariant/59561843851589,58.95,99.95,84.45
womens-hooded-knit-cardigan-with-button-front-for-casual-days,gid://shopify/ProductVariant/59561843884357,58.95,99.95,84.45
mens-shirt-jacket-and-trousers-set-for-smart-casual-days,gid://shopify/ProductVariant/59561848865093,53.95,109.95,77.45
mens-shirt-jacket-and-trousers-set-for-smart-casual-days,gid://shopify/ProductVariant/59561848897861,53.95,109.95,77.45
mens-shirt-jacket-and-trousers-set-for-smart-casual-days,gid://shopify/ProductVariant/59561848930629,53.95,109.95,77.45
mens-shirt-jacket-and-trousers-set-for-smart-casual-days,gid://shopify/ProductVariant/59561848963397,53.95,109.95,77.45
mens-shirt-jacket-and-trousers-set-for-smart-casual-days,gid://shopify/ProductVariant/59561848996165,53.95,109.95,77.45
mens-shirt-jacket-and-trousers-set-for-smart-casual-days,gid://shopify/ProductVariant/59561849028933,53.95,109.95,77.45
mens-shirt-jacket-and-trousers-set-for-smart-casual-days,gid://shopify/ProductVariant/59561849061701,53.95,109.95,77.45
mens-shirt-jacket-and-trousers-set-for-smart-casual-days,gid://shopify/ProductVariant/59561849094469,53.95,109.95,77.45
mens-shirt-jacket-and-trousers-set-for-smart-casual-days,gid://shopify/ProductVariant/59561849127237,53.95,109.95,77.45
mens-shirt-jacket-and-trousers-set-for-smart-casual-days,gid://shopify/ProductVariant/59561849160005,53.95,109.95,77.45
mens-shirt-jacket-and-trousers-set-for-smart-casual-days,gid://shopify/ProductVariant/59561849192773,53.95,109.95,77.45
mens-shirt-jacket-and-trousers-set-for-smart-casual-days,gid://shopify/ProductVariant/59561849225541,53.95,109.95,77.45
mens-shirt-jacket-and-trousers-set-for-smart-casual-days,gid://shopify/ProductVariant/59561849258309,53.95,109.95,77.45
mens-shirt-jacket-and-trousers-set-for-smart-casual-days,gid://shopify/ProductVariant/59561849291077,53.95,109.95,77.45
mens-shirt-jacket-and-trousers-set-for-smart-casual-days,gid://shopify/ProductVariant/59561849323845,53.95,109.95,77.45
mens-shirt-jacket-and-trousers-set-for-smart-casual-days,gid://shopify/ProductVariant/59561849356613,53.95,109.95,77.45
mens-shirt-jacket-and-trousers-set-for-smart-casual-days,gid://shopify/ProductVariant/59561849389381,53.95,109.95,77.45
mens-shirt-jacket-and-trousers-set-for-smart-casual-days,gid://shopify/ProductVariant/59561849422149,53.95,109.95,77.45
mens-shirt-jacket-and-trousers-set-for-smart-casual-days,gid://shopify/ProductVariant/59561849454917,53.95,109.95,77.45
mens-shirt-jacket-and-trousers-set-for-smart-casual-days,gid://shopify/ProductVariant/59561849487685,53.95,109.95,77.45
mens-shirt-jacket-and-trousers-set-for-smart-casual-days,gid://shopify/ProductVariant/59561849520453,53.95,109.95,77.45
mens-shirt-jacket-and-trousers-set-for-smart-casual-days,gid://shopify/ProductVariant/59561849553221,53.95,109.95,77.45
mens-shirt-jacket-and-trousers-set-for-smart-casual-days,gid://shopify/ProductVariant/59561849585989,53.95,109.95,77.45
mens-shirt-jacket-and-trousers-set-for-smart-casual-days,gid://shopify/ProductVariant/59561849618757,53.95,109.95,77.45
mens-shirt-jacket-and-trousers-set-for-smart-casual-days,gid://shopify/ProductVariant/59561849651525,53.95,109.95,77.45
mens-shirt-jacket-and-trousers-set-for-smart-casual-days,gid://shopify/ProductVariant/59561849684293,53.95,109.95,77.45
mens-shirt-jacket-and-trousers-set-for-smart-casual-days,gid://shopify/ProductVariant/59561849717061,53.95,109.95,77.45
mens-shirt-jacket-and-trousers-set-for-smart-casual-days,gid://shopify/ProductVariant/59561849749829,53.95,109.95,77.45
mens-shirt-jacket-and-trousers-set-for-smart-casual-days,gid://shopify/ProductVariant/59561849782597,53.95,109.95,77.45
mens-shirt-jacket-and-trousers-set-for-smart-casual-days,gid://shopify/ProductVariant/59561849815365,53.95,109.95,77.45
womens-oversized-quilted-jacket-with-pockets-for-cool-days,gid://shopify/ProductVariant/59561858924869,59.95,119.95,85.95
womens-oversized-quilted-jacket-with-pockets-for-cool-days,gid://shopify/ProductVariant/59561858957637,59.95,119.95,85.95
womens-oversized-quilted-jacket-with-pockets-for-cool-days,gid://shopify/ProductVariant/59561858990405,59.95,119.95,85.95
womens-oversized-quilted-jacket-with-pockets-for-cool-days,gid://shopify/ProductVariant/59561859023173,59.95,119.95,85.95
womens-oversized-quilted-jacket-with-pockets-for-cool-days,gid://shopify/ProductVariant/59561859055941,59.95,119.95,85.95
womens-oversized-quilted-jacket-with-pockets-for-cool-days,gid://shopify/ProductVariant/59561859088709,59.95,119.95,85.95
womens-oversized-quilted-jacket-with-pockets-for-cool-days,gid://shopify/ProductVariant/59561859121477,59.95,119.95,85.95
womens-oversized-quilted-jacket-with-pockets-for-cool-days,gid://shopify/ProductVariant/59561859154245,59.95,119.95,85.95
womens-oversized-quilted-jacket-with-pockets-for-cool-days,gid://shopify/ProductVariant/59561859187013,59.95,119.95,85.95
womens-oversized-quilted-jacket-with-pockets-for-cool-days,gid://shopify/ProductVariant/59561859219781,59.95,119.95,85.95
womens-oversized-quilted-jacket-with-pockets-for-cool-days,gid://shopify/ProductVariant/59561859252549,59.95,119.95,85.95
womens-oversized-quilted-jacket-with-pockets-for-cool-days,gid://shopify/ProductVariant/59561859285317,59.95,119.95,85.95
womens-oversized-quilted-jacket-with-pockets-for-cool-days,gid://shopify/ProductVariant/59561859318085,59.95,119.95,85.95
womens-oversized-quilted-jacket-with-pockets-for-cool-days,gid://shopify/ProductVariant/59561859350853,59.95,119.95,85.95
womens-oversized-quilted-jacket-with-pockets-for-cool-days,gid://shopify/ProductVariant/59561859383621,59.95,119.95,85.95
womens-oversized-quilted-jacket-with-pockets-for-cool-days,gid://shopify/ProductVariant/59561859416389,59.95,119.95,85.95
womens-oversized-quilted-jacket-with-pockets-for-cool-days,gid://shopify/ProductVariant/59561859449157,59.95,119.95,85.95
womens-oversized-quilted-jacket-with-pockets-for-cool-days,gid://shopify/ProductVariant/59561859481925,59.95,119.95,85.95
womens-oversized-quilted-jacket-with-pockets-for-cool-days,gid://shopify/ProductVariant/59561859514693,59.95,119.95,85.95
womens-oversized-quilted-jacket-with-pockets-for-cool-days,gid://shopify/ProductVariant/59561859547461,59.95,119.95,85.95
womens-oversized-quilted-jacket-with-pockets-for-cool-days,gid://shopify/ProductVariant/59561859580229,59.95,119.95,85.95
womens-oversized-quilted-jacket-with-pockets-for-cool-days,gid://shopify/ProductVariant/59561859612997,59.95,119.95,85.95
womens-oversized-quilted-jacket-with-pockets-for-cool-days,gid://shopify/ProductVariant/59561859645765,59.95,119.95,85.95
womens-oversized-quilted-jacket-with-pockets-for-cool-days,gid://shopify/ProductVariant/59561859678533,59.95,119.95,85.95
womens-oversized-quilted-jacket-with-pockets-for-cool-days,gid://shopify/ProductVariant/59561859711301,59.95,119.95,85.95
womens-oversized-quilted-jacket-with-pockets-for-cool-days,gid://shopify/ProductVariant/59561859744069,59.95,119.95,85.95
womens-oversized-quilted-jacket-with-pockets-for-cool-days,gid://shopify/ProductVariant/59561859776837,59.95,119.95,85.95
womens-oversized-quilted-jacket-with-pockets-for-cool-days,gid://shopify/ProductVariant/59561859809605,59.95,119.95,85.95
womens-oversized-quilted-jacket-with-pockets-for-cool-days,gid://shopify/ProductVariant/59561859842373,59.95,119.95,85.95
womens-oversized-quilted-jacket-with-pockets-for-cool-days,gid://shopify/ProductVariant/59561859875141,59.95,119.95,85.95
womens-oversized-quilted-jacket-with-pockets-for-cool-days,gid://shopify/ProductVariant/59561859907909,59.95,119.95,85.95
womens-oversized-quilted-jacket-with-pockets-for-cool-days,gid://shopify/ProductVariant/59561859940677,59.95,119.95,85.95
womens-oversized-quilted-jacket-with-pockets-for-cool-days,gid://shopify/ProductVariant/59561859973445,59.95,119.95,85.95
womens-oversized-quilted-jacket-with-pockets-for-cool-days,gid://shopify/ProductVariant/59561860006213,59.95,119.95,85.95
womens-oversized-quilted-jacket-with-pockets-for-cool-days,gid://shopify/ProductVariant/59561860038981,59.95,119.95,85.95
womens-oversized-quilted-jacket-with-pockets-for-cool-days,gid://shopify/ProductVariant/59561860071749,59.95,119.95,85.95
womens-oversized-quilted-jacket-with-pockets-for-cool-days,gid://shopify/ProductVariant/59561860104517,59.95,119.95,85.95
womens-oversized-quilted-jacket-with-pockets-for-cool-days,gid://shopify/ProductVariant/59561860137285,59.95,119.95,85.95
womens-oversized-quilted-jacket-with-pockets-for-cool-days,gid://shopify/ProductVariant/59561860170053,59.95,119.95,85.95
womens-oversized-quilted-jacket-with-pockets-for-cool-days,gid://shopify/ProductVariant/59561860202821,59.95,119.95,85.95
womens-oversized-quilted-jacket-with-pockets-for-cool-days,gid://shopify/ProductVariant/59561860235589,59.95,119.95,85.95
womens-oversized-quilted-jacket-with-pockets-for-cool-days,gid://shopify/ProductVariant/59561860268357,59.95,119.95,85.95
womens-oversized-quilted-jacket-with-pockets-for-cool-days,gid://shopify/ProductVariant/59561860301125,59.95,119.95,85.95
womens-oversized-quilted-jacket-with-pockets-for-cool-days,gid://shopify/ProductVariant/59561860333893,59.95,119.95,85.95
womens-oversized-quilted-jacket-with-pockets-for-cool-days,gid://shopify/ProductVariant/59561860366661,59.95,119.95,85.95
womens-oversized-quilted-jacket-with-pockets-for-cool-days,gid://shopify/ProductVariant/59561860399429,59.95,119.95,85.95
womens-oversized-quilted-jacket-with-pockets-for-cool-days,gid://shopify/ProductVariant/59561860432197,59.95,119.95,85.95
womens-oversized-quilted-jacket-with-pockets-for-cool-days,gid://shopify/ProductVariant/59561860464965,59.95,119.95,85.95
womens-oversized-quilted-jacket-with-pockets-for-cool-days,gid://shopify/ProductVariant/59561860497733,59.95,119.95,85.95
womens-oversized-quilted-jacket-with-pockets-for-cool-days,gid://shopify/ProductVariant/59561860530501,59.95,119.95,85.95
womens-oversized-quilted-jacket-with-pockets-for-cool-days,gid://shopify/ProductVariant/59561860563269,59.95,119.95,85.95
womens-oversized-quilted-jacket-with-pockets-for-cool-days,gid://shopify/ProductVariant/59561860596037,59.95,119.95,85.95
womens-oversized-quilted-jacket-with-pockets-for-cool-days,gid://shopify/ProductVariant/59561860628805,59.95,119.95,85.95
womens-oversized-quilted-jacket-with-pockets-for-cool-days,gid://shopify/ProductVariant/59561860661573,59.95,119.95,85.95
womens-multicolor-plaid-coat-with-pockets-for-autumn,gid://shopify/ProductVariant/59561874620741,75.95,154.95,108.95
womens-multicolor-plaid-coat-with-pockets-for-autumn,gid://shopify/ProductVariant/59561874653509,75.95,154.95,108.95
womens-multicolor-plaid-coat-with-pockets-for-autumn,gid://shopify/ProductVariant/59561874686277,75.95,154.95,108.95
womens-multicolor-plaid-coat-with-pockets-for-autumn,gid://shopify/ProductVariant/59561874719045,75.95,154.95,108.95
womens-multicolor-plaid-coat-with-pockets-for-autumn,gid://shopify/ProductVariant/59561874751813,75.95,154.95,108.95
womens-multicolor-plaid-coat-with-pockets-for-autumn,gid://shopify/ProductVariant/59561874784581,75.95,154.95,108.95
womens-multicolor-plaid-coat-with-pockets-for-autumn,gid://shopify/ProductVariant/59561874817349,75.95,154.95,108.95
womens-multicolor-plaid-coat-with-pockets-for-autumn,gid://shopify/ProductVariant/59561874850117,75.95,154.95,108.95
womens-multicolor-plaid-coat-with-pockets-for-autumn,gid://shopify/ProductVariant/59561874882885,75.95,154.95,108.95
womens-multicolor-plaid-coat-with-pockets-for-autumn,gid://shopify/ProductVariant/59561874915653,75.95,154.95,108.95
womens-multicolor-plaid-coat-with-pockets-for-autumn,gid://shopify/ProductVariant/59561874948421,75.95,154.95,108.95
womens-multicolor-plaid-coat-with-pockets-for-autumn,gid://shopify/ProductVariant/59561874981189,75.95,154.95,108.95
womens-multicolor-plaid-coat-with-pockets-for-autumn,gid://shopify/ProductVariant/59561875013957,75.95,154.95,108.95
womens-multicolor-plaid-coat-with-pockets-for-autumn,gid://shopify/ProductVariant/59561875046725,75.95,154.95,108.95
womens-multicolor-plaid-coat-with-pockets-for-autumn,gid://shopify/ProductVariant/59561875079493,75.95,154.95,108.95
womens-multicolor-plaid-coat-with-pockets-for-autumn,gid://shopify/ProductVariant/59561875112261,75.95,154.95,108.95
womens-multicolor-plaid-coat-with-pockets-for-autumn,gid://shopify/ProductVariant/59561875145029,75.95,154.95,108.95
womens-multicolor-plaid-coat-with-pockets-for-autumn,gid://shopify/ProductVariant/59561875177797,75.95,154.95,108.95
mens-trucker-jacket-with-chest-pockets-for-everyday-wear,gid://shopify/ProductVariant/59561890873669,48.95,99.95,69.95
mens-trucker-jacket-with-chest-pockets-for-everyday-wear,gid://shopify/ProductVariant/59561890906437,48.95,99.95,69.95
mens-trucker-jacket-with-chest-pockets-for-everyday-wear,gid://shopify/ProductVariant/59561890939205,48.95,99.95,69.95
mens-trucker-jacket-with-chest-pockets-for-everyday-wear,gid://shopify/ProductVariant/59561890971973,48.95,99.95,69.95
mens-trucker-jacket-with-chest-pockets-for-everyday-wear,gid://shopify/ProductVariant/59561891004741,48.95,99.95,69.95
mens-trucker-jacket-with-chest-pockets-for-everyday-wear,gid://shopify/ProductVariant/59561891037509,48.95,99.95,69.95
mens-trucker-jacket-with-chest-pockets-for-everyday-wear,gid://shopify/ProductVariant/59561891070277,48.95,99.95,69.95
mens-trucker-jacket-with-chest-pockets-for-everyday-wear,gid://shopify/ProductVariant/59561891103045,48.95,99.95,69.95
mens-trucker-jacket-with-chest-pockets-for-everyday-wear,gid://shopify/ProductVariant/59561891135813,48.95,99.95,69.95
mens-trucker-jacket-with-chest-pockets-for-everyday-wear,gid://shopify/ProductVariant/59561891168581,48.95,99.95,69.95
mens-trucker-jacket-with-chest-pockets-for-everyday-wear,gid://shopify/ProductVariant/59561891201349,48.95,99.95,69.95
mens-trucker-jacket-with-chest-pockets-for-everyday-wear,gid://shopify/ProductVariant/59561891234117,48.95,99.95,69.95
mens-trucker-jacket-with-chest-pockets-for-everyday-wear,gid://shopify/ProductVariant/59561891266885,48.95,99.95,69.95
mens-trucker-jacket-with-chest-pockets-for-everyday-wear,gid://shopify/ProductVariant/59561891299653,48.95,99.95,69.95
mens-trucker-jacket-with-chest-pockets-for-everyday-wear,gid://shopify/ProductVariant/59561891332421,48.95,99.95,69.95
mens-trucker-jacket-with-chest-pockets-for-everyday-wear,gid://shopify/ProductVariant/59561891365189,48.95,99.95,69.95
mens-trucker-jacket-with-chest-pockets-for-everyday-wear,gid://shopify/ProductVariant/59561891397957,48.95,99.95,69.95
mens-trucker-jacket-with-chest-pockets-for-everyday-wear,gid://shopify/ProductVariant/59561891430725,48.95,99.95,69.95
mens-trucker-jacket-with-chest-pockets-for-everyday-wear,gid://shopify/ProductVariant/59561891463493,48.95,99.95,69.95
mens-trucker-jacket-with-chest-pockets-for-everyday-wear,gid://shopify/ProductVariant/59561891496261,48.95,99.95,69.95
mens-trucker-jacket-with-chest-pockets-for-everyday-wear,gid://shopify/ProductVariant/59561891529029,48.95,99.95,69.95
mens-trucker-jacket-with-chest-pockets-for-everyday-wear,gid://shopify/ProductVariant/59561891561797,48.95,99.95,69.95
mens-trucker-jacket-with-chest-pockets-for-everyday-wear,gid://shopify/ProductVariant/59561891594565,48.95,99.95,69.95
mens-trucker-jacket-with-chest-pockets-for-everyday-wear,gid://shopify/ProductVariant/59561891627333,48.95,99.95,69.95
mens-trucker-jacket-with-chest-pockets-for-everyday-wear,gid://shopify/ProductVariant/59561891660101,48.95,99.95,69.95
mens-trucker-jacket-with-chest-pockets-for-everyday-wear,gid://shopify/ProductVariant/59561891692869,48.95,99.95,69.95
mens-trucker-jacket-with-chest-pockets-for-everyday-wear,gid://shopify/ProductVariant/59561891725637,48.95,99.95,69.95
mens-trucker-jacket-with-chest-pockets-for-everyday-wear,gid://shopify/ProductVariant/59561891758405,48.95,99.95,69.95
mens-trucker-jacket-with-chest-pockets-for-everyday-wear,gid://shopify/ProductVariant/59561891791173,48.95,99.95,69.95
mens-trucker-jacket-with-chest-pockets-for-everyday-wear,gid://shopify/ProductVariant/59561891823941,48.95,99.95,69.95
mens-trucker-jacket-with-chest-pockets-for-everyday-wear,gid://shopify/ProductVariant/59561891856709,48.95,99.95,69.95
mens-trucker-jacket-with-chest-pockets-for-everyday-wear,gid://shopify/ProductVariant/59561891889477,48.95,99.95,69.95
mens-trucker-jacket-with-chest-pockets-for-everyday-wear,gid://shopify/ProductVariant/59561891922245,48.95,99.95,69.95
mens-trucker-jacket-with-chest-pockets-for-everyday-wear,gid://shopify/ProductVariant/59561891955013,48.95,99.95,69.95
mens-trucker-jacket-with-chest-pockets-for-everyday-wear,gid://shopify/ProductVariant/59561891987781,48.95,99.95,69.95
mens-trucker-jacket-with-chest-pockets-for-everyday-wear,gid://shopify/ProductVariant/59561892020549,48.95,99.95,69.95
womens-collared-button-cardigan-for-everyday-elegance,gid://shopify/ProductVariant/59561911779653,43.95,89.95,62.95
womens-collared-button-cardigan-for-everyday-elegance,gid://shopify/ProductVariant/59561911812421,43.95,89.95,62.95
womens-collared-button-cardigan-for-everyday-elegance,gid://shopify/ProductVariant/59561911845189,43.95,89.95,62.95
womens-collared-button-cardigan-for-everyday-elegance,gid://shopify/ProductVariant/59561911877957,43.95,89.95,62.95
womens-collared-button-cardigan-for-everyday-elegance,gid://shopify/ProductVariant/59561911910725,43.95,89.95,62.95
womens-collared-button-cardigan-for-everyday-elegance,gid://shopify/ProductVariant/59561911943493,43.95,89.95,62.95
womens-collared-button-cardigan-for-everyday-elegance,gid://shopify/ProductVariant/59561911976261,43.95,89.95,62.95
womens-collared-button-cardigan-for-everyday-elegance,gid://shopify/ProductVariant/59561912009029,43.95,89.95,62.95
womens-collared-button-cardigan-for-everyday-elegance,gid://shopify/ProductVariant/59561912041797,43.95,89.95,62.95
womens-collared-button-cardigan-for-everyday-elegance,gid://shopify/ProductVariant/59561912074565,43.95,89.95,62.95
womens-collared-button-cardigan-for-everyday-elegance,gid://shopify/ProductVariant/59561912107333,43.95,89.95,62.95
womens-collared-button-cardigan-for-everyday-elegance,gid://shopify/ProductVariant/59561912140101,43.95,89.95,62.95
womens-collared-button-cardigan-for-everyday-elegance,gid://shopify/ProductVariant/59561912172869,43.95,89.95,62.95
womens-collared-button-cardigan-for-everyday-elegance,gid://shopify/ProductVariant/59561912205637,43.95,89.95,62.95
womens-collared-button-cardigan-for-everyday-elegance,gid://shopify/ProductVariant/59561912238405,43.95,89.95,62.95
womens-collared-button-cardigan-for-everyday-elegance,gid://shopify/ProductVariant/59561912271173,43.95,89.95,62.95
womens-collared-button-cardigan-for-everyday-elegance,gid://shopify/ProductVariant/59561912303941,43.95,89.95,62.95
womens-collared-button-cardigan-for-everyday-elegance,gid://shopify/ProductVariant/59561912336709,43.95,89.95,62.95
womens-collared-button-cardigan-for-everyday-elegance,gid://shopify/ProductVariant/59561912369477,43.95,89.95,62.95
womens-collared-button-cardigan-for-everyday-elegance,gid://shopify/ProductVariant/59561912402245,43.95,89.95,62.95
womens-collared-button-cardigan-for-everyday-elegance,gid://shopify/ProductVariant/59561912435013,43.95,89.95,62.95
womens-collared-button-cardigan-for-everyday-elegance,gid://shopify/ProductVariant/59561912467781,43.95,89.95,62.95
womens-collared-button-cardigan-for-everyday-elegance,gid://shopify/ProductVariant/59561912500549,43.95,89.95,62.95
womens-collared-button-cardigan-for-everyday-elegance,gid://shopify/ProductVariant/59561912533317,43.95,89.95,62.95
womens-collared-button-cardigan-for-everyday-elegance,gid://shopify/ProductVariant/59561912566085,43.95,89.95,62.95
womens-collared-button-cardigan-for-everyday-elegance,gid://shopify/ProductVariant/59561912598853,43.95,89.95,62.95
womens-collared-button-cardigan-for-everyday-elegance,gid://shopify/ProductVariant/59561912631621,43.95,89.95,62.95
womens-collared-button-cardigan-for-everyday-elegance,gid://shopify/ProductVariant/59561912664389,43.95,89.95,62.95
womens-collared-button-cardigan-for-everyday-elegance,gid://shopify/ProductVariant/59561912697157,43.95,89.95,62.95
womens-collared-button-cardigan-for-everyday-elegance,gid://shopify/ProductVariant/59561912729925,43.95,89.95,62.95
mens-lightweight-zip-jacket-with-plaid-lining-for-everyday,gid://shopify/ProductVariant/59561940844869,53.95,109.95,77.45
mens-lightweight-zip-jacket-with-plaid-lining-for-everyday,gid://shopify/ProductVariant/59561940877637,53.95,109.95,77.45
mens-lightweight-zip-jacket-with-plaid-lining-for-everyday,gid://shopify/ProductVariant/59561940910405,53.95,109.95,77.45
mens-lightweight-zip-jacket-with-plaid-lining-for-everyday,gid://shopify/ProductVariant/59561940943173,53.95,109.95,77.45
mens-lightweight-zip-jacket-with-plaid-lining-for-everyday,gid://shopify/ProductVariant/59561940975941,53.95,109.95,77.45
mens-lightweight-zip-jacket-with-plaid-lining-for-everyday,gid://shopify/ProductVariant/59561941008709,53.95,109.95,77.45
mens-lightweight-zip-jacket-with-plaid-lining-for-everyday,gid://shopify/ProductVariant/59561941041477,53.95,109.95,77.45
mens-lightweight-zip-jacket-with-plaid-lining-for-everyday,gid://shopify/ProductVariant/59561941074245,53.95,109.95,77.45
mens-lightweight-zip-jacket-with-plaid-lining-for-everyday,gid://shopify/ProductVariant/59561941107013,53.95,109.95,77.45
mens-lightweight-zip-jacket-with-plaid-lining-for-everyday,gid://shopify/ProductVariant/59561941139781,53.95,109.95,77.45
mens-lightweight-zip-jacket-with-plaid-lining-for-everyday,gid://shopify/ProductVariant/59561941172549,53.95,109.95,77.45
mens-lightweight-zip-jacket-with-plaid-lining-for-everyday,gid://shopify/ProductVariant/59561941205317,53.95,109.95,77.45
mens-lightweight-zip-jacket-with-plaid-lining-for-everyday,gid://shopify/ProductVariant/59561941238085,53.95,109.95,77.45
mens-lightweight-zip-jacket-with-plaid-lining-for-everyday,gid://shopify/ProductVariant/59561941270853,53.95,109.95,77.45
mens-lightweight-zip-jacket-with-plaid-lining-for-everyday,gid://shopify/ProductVariant/59561941303621,53.95,109.95,77.45
mens-lightweight-zip-jacket-with-plaid-lining-for-everyday,gid://shopify/ProductVariant/59561941336389,53.95,109.95,77.45
mens-lightweight-zip-jacket-with-plaid-lining-for-everyday,gid://shopify/ProductVariant/59561941369157,53.95,109.95,77.45
mens-lightweight-zip-jacket-with-plaid-lining-for-everyday,gid://shopify/ProductVariant/59561941401925,53.95,109.95,77.45
womens-hooded-quilted-puffer-jacket-for-winter-days,gid://shopify/ProductVariant/59561945760069,119.95,239.95,171.45
womens-hooded-quilted-puffer-jacket-for-winter-days,gid://shopify/ProductVariant/59561945792837,119.95,239.95,171.45
womens-hooded-quilted-puffer-jacket-for-winter-days,gid://shopify/ProductVariant/59561945825605,119.95,239.95,171.45
womens-hooded-quilted-puffer-jacket-for-winter-days,gid://shopify/ProductVariant/59561945858373,119.95,239.95,171.45
womens-hooded-quilted-puffer-jacket-for-winter-days,gid://shopify/ProductVariant/59561945891141,119.95,239.95,171.45
womens-hooded-quilted-puffer-jacket-for-winter-days,gid://shopify/ProductVariant/59561945923909,119.95,239.95,171.45
womens-hooded-quilted-puffer-jacket-for-winter-days,gid://shopify/ProductVariant/59561945956677,119.95,239.95,171.45
womens-hooded-quilted-puffer-jacket-for-winter-days,gid://shopify/ProductVariant/59561945989445,119.95,239.95,171.45
womens-hooded-quilted-puffer-jacket-for-winter-days,gid://shopify/ProductVariant/59561946022213,119.95,239.95,171.45
womens-hooded-quilted-puffer-jacket-for-winter-days,gid://shopify/ProductVariant/59561946054981,119.95,239.95,171.45
womens-hooded-quilted-puffer-jacket-for-winter-days,gid://shopify/ProductVariant/59561946087749,119.95,239.95,171.45
womens-hooded-quilted-puffer-jacket-for-winter-days,gid://shopify/ProductVariant/59561946120517,119.95,239.95,171.45
womens-hooded-quilted-puffer-jacket-for-winter-days,gid://shopify/ProductVariant/59561946153285,119.95,239.95,171.45
womens-hooded-quilted-puffer-jacket-for-winter-days,gid://shopify/ProductVariant/59561946186053,119.95,239.95,171.45
womens-hooded-quilted-puffer-jacket-for-winter-days,gid://shopify/ProductVariant/59561946218821,119.95,239.95,171.45
womens-hooded-quilted-puffer-jacket-for-winter-days,gid://shopify/ProductVariant/59561946251589,119.95,239.95,171.45
womens-hooded-quilted-puffer-jacket-for-winter-days,gid://shopify/ProductVariant/59561946284357,119.95,239.95,171.45
womens-hooded-quilted-puffer-jacket-for-winter-days,gid://shopify/ProductVariant/59561946317125,119.95,239.95,171.45
womens-hooded-quilted-puffer-jacket-for-winter-days,gid://shopify/ProductVariant/59561946349893,119.95,239.95,171.45
womens-hooded-quilted-puffer-jacket-for-winter-days,gid://shopify/ProductVariant/59561946382661,119.95,239.95,171.45
womens-hooded-quilted-puffer-jacket-for-winter-days,gid://shopify/ProductVariant/59561946415429,119.95,239.95,171.45
womens-hooded-quilted-puffer-jacket-for-winter-days,gid://shopify/ProductVariant/59561946448197,119.95,239.95,171.45
womens-hooded-quilted-puffer-jacket-for-winter-days,gid://shopify/ProductVariant/59561946480965,119.95,239.95,171.45
womens-hooded-quilted-puffer-jacket-for-winter-days,gid://shopify/ProductVariant/59561946513733,119.95,239.95,171.45
mens-knit-cardigan-jacket-with-stand-collar-and-pockets,gid://shopify/ProductVariant/59561949528389,64.95,129.95,92.95
mens-knit-cardigan-jacket-with-stand-collar-and-pockets,gid://shopify/ProductVariant/59561949561157,64.95,129.95,92.95
mens-knit-cardigan-jacket-with-stand-collar-and-pockets,gid://shopify/ProductVariant/59561949593925,64.95,129.95,92.95
mens-knit-cardigan-jacket-with-stand-collar-and-pockets,gid://shopify/ProductVariant/59561949626693,64.95,129.95,92.95
mens-knit-cardigan-jacket-with-stand-collar-and-pockets,gid://shopify/ProductVariant/59561949659461,64.95,129.95,92.95
mens-knit-cardigan-jacket-with-stand-collar-and-pockets,gid://shopify/ProductVariant/59561949692229,64.95,129.95,92.95
mens-knit-cardigan-jacket-with-stand-collar-and-pockets,gid://shopify/ProductVariant/59561949724997,64.95,129.95,92.95
mens-knit-cardigan-jacket-with-stand-collar-and-pockets,gid://shopify/ProductVariant/59561949757765,64.95,129.95,92.95
mens-knit-cardigan-jacket-with-stand-collar-and-pockets,gid://shopify/ProductVariant/59561949790533,64.95,129.95,92.95
mens-knit-cardigan-jacket-with-stand-collar-and-pockets,gid://shopify/ProductVariant/59561949823301,64.95,129.95,92.95
mens-knit-cardigan-jacket-with-stand-collar-and-pockets,gid://shopify/ProductVariant/59561949856069,64.95,129.95,92.95
mens-knit-cardigan-jacket-with-stand-collar-and-pockets,gid://shopify/ProductVariant/59561949888837,64.95,129.95,92.95
mens-knit-cardigan-jacket-with-stand-collar-and-pockets,gid://shopify/ProductVariant/59561949921605,64.95,129.95,92.95
mens-knit-cardigan-jacket-with-stand-collar-and-pockets,gid://shopify/ProductVariant/59561949954373,64.95,129.95,92.95
mens-knit-cardigan-jacket-with-stand-collar-and-pockets,gid://shopify/ProductVariant/59561949987141,64.95,129.95,92.95
mens-knit-cardigan-jacket-with-stand-collar-and-pockets,gid://shopify/ProductVariant/59561950019909,64.95,129.95,92.95
mens-knit-cardigan-jacket-with-stand-collar-and-pockets,gid://shopify/ProductVariant/59561950052677,64.95,129.95,92.95
mens-knit-cardigan-jacket-with-stand-collar-and-pockets,gid://shopify/ProductVariant/59561950085445,64.95,129.95,92.95
mens-hooded-winter-jacket-with-plaid-lining-for-cold-days,gid://shopify/ProductVariant/59561962438981,86.95,149.95,124.45
mens-hooded-winter-jacket-with-plaid-lining-for-cold-days,gid://shopify/ProductVariant/59561962471749,86.95,149.95,124.45
mens-hooded-winter-jacket-with-plaid-lining-for-cold-days,gid://shopify/ProductVariant/59561962504517,86.95,149.95,124.45
mens-hooded-winter-jacket-with-plaid-lining-for-cold-days,gid://shopify/ProductVariant/59561962537285,86.95,149.95,124.45
mens-hooded-winter-jacket-with-plaid-lining-for-cold-days,gid://shopify/ProductVariant/59561962570053,86.95,149.95,124.45
mens-hooded-winter-jacket-with-plaid-lining-for-cold-days,gid://shopify/ProductVariant/59561962602821,86.95,149.95,124.45
mens-hooded-winter-jacket-with-plaid-lining-for-cold-days,gid://shopify/ProductVariant/59561962635589,86.95,149.95,124.45
mens-hooded-winter-jacket-with-plaid-lining-for-cold-days,gid://shopify/ProductVariant/59561962668357,86.95,149.95,124.45
mens-hooded-winter-jacket-with-plaid-lining-for-cold-days,gid://shopify/ProductVariant/59561962701125,86.95,149.95,124.45
mens-hooded-winter-jacket-with-plaid-lining-for-cold-days,gid://shopify/ProductVariant/59561962733893,86.95,149.95,124.45
mens-hooded-winter-jacket-with-plaid-lining-for-cold-days,gid://shopify/ProductVariant/59561962766661,86.95,149.95,124.45
mens-hooded-winter-jacket-with-plaid-lining-for-cold-days,gid://shopify/ProductVariant/59561962799429,86.95,149.95,124.45
mens-hooded-winter-jacket-with-plaid-lining-for-cold-days,gid://shopify/ProductVariant/59561962832197,86.95,149.95,124.45
mens-hooded-winter-jacket-with-plaid-lining-for-cold-days,gid://shopify/ProductVariant/59561962864965,86.95,149.95,124.45
mens-hooded-winter-jacket-with-plaid-lining-for-cold-days,gid://shopify/ProductVariant/59561962897733,86.95,149.95,124.45
mens-hooded-winter-jacket-with-plaid-lining-for-cold-days,gid://shopify/ProductVariant/59561962930501,86.95,149.95,124.45
mens-hooded-winter-jacket-with-plaid-lining-for-cold-days,gid://shopify/ProductVariant/59561962963269,86.95,149.95,124.45
mens-hooded-winter-jacket-with-plaid-lining-for-cold-days,gid://shopify/ProductVariant/59561962996037,86.95,149.95,124.45
mens-hooded-winter-jacket-with-plaid-lining-for-cold-days,gid://shopify/ProductVariant/59561963028805,86.95,149.95,124.45
mens-hooded-winter-jacket-with-plaid-lining-for-cold-days,gid://shopify/ProductVariant/59561963061573,86.95,149.95,124.45
mens-hooded-winter-jacket-with-plaid-lining-for-cold-days,gid://shopify/ProductVariant/59561963094341,86.95,149.95,124.45
mens-hooded-winter-jacket-with-plaid-lining-for-cold-days,gid://shopify/ProductVariant/59561963127109,86.95,149.95,124.45
mens-hooded-winter-jacket-with-plaid-lining-for-cold-days,gid://shopify/ProductVariant/59561963159877,86.95,149.95,124.45
mens-hooded-winter-jacket-with-plaid-lining-for-cold-days,gid://shopify/ProductVariant/59561963192645,86.95,149.95,124.45
