Handle,Title,Option1 Name,Option1 Value,Option2 Name,Option2 Value,Option3 Name,Option3 Value,Variant SKU,Variant Price,Variant Compare At Price
pantaloncini-da-bagno-da-uomo-per-mare-e-piscina,Pantaloncini da bagno da uomo per mare e piscina,Colore,Rosso,Taglia,S,,,,34.95,
pantaloncini-da-bagno-da-uomo-per-mare-e-piscina,,,Rosso,,M,,,,34.95,
pantaloncini-da-bagno-da-uomo-per-mare-e-piscina,,,Rosso,,L,,,,34.95,
pantaloncini-da-bagno-da-uomo-per-mare-e-piscina,,,Rosso,,XL,,,,34.95,
pantaloncini-da-bagno-da-uomo-per-mare-e-piscina,,,Rosso,,2XL,,,,34.95,
pantaloncini-da-bagno-da-uomo-per-mare-e-piscina,,,Rosso,,3XL,,,,34.95,
pantaloncini-da-bagno-da-uomo-per-mare-e-piscina,,,Verde,,S,,,,34.95,
pantaloncini-da-bagno-da-uomo-per-mare-e-piscina,,,Verde,,M,,,,34.95,
pantaloncini-da-bagno-da-uomo-per-mare-e-piscina,,,Verde,,L,,,,34.95,
pantaloncini-da-bagno-da-uomo-per-mare-e-piscina,,,Verde,,XL,,,,34.95,
pantaloncini-da-bagno-da-uomo-per-mare-e-piscina,,,Verde,,2XL,,,,34.95,
pantaloncini-da-bagno-da-uomo-per-mare-e-piscina,,,Verde,,3XL,,,,34.95,
pantaloncini-da-bagno-da-uomo-per-mare-e-piscina,,,Nero,,S,,,,34.95,
pantaloncini-da-bagno-da-uomo-per-mare-e-piscina,,,Nero,,M,,,,34.95,
pantaloncini-da-bagno-da-uomo-per-mare-e-piscina,,,Nero,,L,,,,34.95,
pantaloncini-da-bagno-da-uomo-per-mare-e-piscina,,,Nero,,XL,,,,34.95,
pantaloncini-da-bagno-da-uomo-per-mare-e-piscina,,,Nero,,2XL,,,,34.95,
pantaloncini-da-bagno-da-uomo-per-mare-e-piscina,,,Nero,,3XL,,,,34.95,
pantaloncini-da-bagno-da-uomo-per-mare-e-piscina,,,Palma blu,,S,,,,34.95,
pantaloncini-da-bagno-da-uomo-per-mare-e-piscina,,,Palma blu,,M,,,,34.95,
pantaloncini-da-bagno-da-uomo-per-mare-e-piscina,,,Palma blu,,L,,,,34.95,
pantaloncini-da-bagno-da-uomo-per-mare-e-piscina,,,Palma blu,,XL,,,,34.95,
pantaloncini-da-bagno-da-uomo-per-mare-e-piscina,,,Palma blu,,2XL,,,,34.95,
pantaloncini-da-bagno-da-uomo-per-mare-e-piscina,,,Palma blu,,3XL,,,,34.95,
pantaloncini-da-bagno-da-uomo-per-mare-e-piscina,,,Tropicale,,S,,,,34.95,
pantaloncini-da-bagno-da-uomo-per-mare-e-piscina,,,Tropicale,,M,,,,34.95,
pantaloncini-da-bagno-da-uomo-per-mare-e-piscina,,,Tropicale,,L,,,,34.95,
pantaloncini-da-bagno-da-uomo-per-mare-e-piscina,,,Tropicale,,XL,,,,34.95,
pantaloncini-da-bagno-da-uomo-per-mare-e-piscina,,,Tropicale,,2XL,,,,34.95,
pantaloncini-da-bagno-da-uomo-per-mare-e-piscina,,,Tropicale,,3XL,,,,34.95,
pantaloncini-da-bagno-da-uomo-per-mare-e-piscina,,,Azzurro,,S,,,,34.95,
pantaloncini-da-bagno-da-uomo-per-mare-e-piscina,,,Azzurro,,M,,,,34.95,
pantaloncini-da-bagno-da-uomo-per-mare-e-piscina,,,Azzurro,,L,,,,34.95,
pantaloncini-da-bagno-da-uomo-per-mare-e-piscina,,,Azzurro,,XL,,,,34.95,
pantaloncini-da-bagno-da-uomo-per-mare-e-piscina,,,Azzurro,,2XL,,,,34.95,
pantaloncini-da-bagno-da-uomo-per-mare-e-piscina,,,Azzurro,,3XL,,,,34.95,
abito-da-donna-per-passeggiate-estive-e-giornate-di-svago,Abito da donna per passeggiate estive e giornate di svago,Colore,Bianco,Taglia,S,,,,39.95,
abito-da-donna-per-passeggiate-estive-e-giornate-di-svago,,,Bianco,,M,,,,39.95,
abito-da-donna-per-passeggiate-estive-e-giornate-di-svago,,,Bianco,,L,,,,39.95,
abito-da-donna-per-passeggiate-estive-e-giornate-di-svago,,,Bianco,,XL,,,,39.95,
abito-da-donna-per-passeggiate-estive-e-giornate-di-svago,,,Bianco,,2XL,,,,39.95,
abito-da-donna-per-passeggiate-estive-e-giornate-di-svago,,,Bianco,,3XL,,,,39.95,
abito-da-donna-per-passeggiate-estive-e-giornate-di-svago,,,Nero,,S,,,,39.95,
abito-da-donna-per-passeggiate-estive-e-giornate-di-svago,,,Nero,,M,,,,39.95,
abito-da-donna-per-passeggiate-estive-e-giornate-di-svago,,,Nero,,L,,,,39.95,
abito-da-donna-per-passeggiate-estive-e-giornate-di-svago,,,Nero,,XL,,,,39.95,
abito-da-donna-per-passeggiate-estive-e-giornate-di-svago,,,Nero,,2XL,,,,39.95,
abito-da-donna-per-passeggiate-estive-e-giornate-di-svago,,,Nero,,3XL,,,,39.95,
abito-da-donna-per-passeggiate-estive-e-giornate-di-svago,,,Blu,,S,,,,39.95,
abito-da-donna-per-passeggiate-estive-e-giornate-di-svago,,,Blu,,M,,,,39.95,
abito-da-donna-per-passeggiate-estive-e-giornate-di-svago,,,Blu,,L,,,,39.95,
abito-da-donna-per-passeggiate-estive-e-giornate-di-svago,,,Blu,,XL,,,,39.95,
abito-da-donna-per-passeggiate-estive-e-giornate-di-svago,,,Blu,,2XL,,,,39.95,
abito-da-donna-per-passeggiate-estive-e-giornate-di-svago,,,Blu,,3XL,,,,39.95,
abito-da-donna-per-passeggiate-estive-e-giornate-di-svago,,,Verde,,S,,,,39.95,
abito-da-donna-per-passeggiate-estive-e-giornate-di-svago,,,Verde,,M,,,,39.95,
abito-da-donna-per-passeggiate-estive-e-giornate-di-svago,,,Verde,,L,,,,39.95,
abito-da-donna-per-passeggiate-estive-e-giornate-di-svago,,,Verde,,XL,,,,39.95,
abito-da-donna-per-passeggiate-estive-e-giornate-di-svago,,,Verde,,2XL,,,,39.95,
abito-da-donna-per-passeggiate-estive-e-giornate-di-svago,,,Verde,,3XL,,,,39.95,
abito-da-donna-per-passeggiate-estive-e-giornate-di-svago,,,Gelb,,S,,,,39.95,
abito-da-donna-per-passeggiate-estive-e-giornate-di-svago,,,Gelb,,M,,,,39.95,
abito-da-donna-per-passeggiate-estive-e-giornate-di-svago,,,Gelb,,L,,,,39.95,
abito-da-donna-per-passeggiate-estive-e-giornate-di-svago,,,Gelb,,XL,,,,39.95,
abito-da-donna-per-passeggiate-estive-e-giornate-di-svago,,,Gelb,,2XL,,,,39.95,
abito-da-donna-per-passeggiate-estive-e-giornate-di-svago,,,Gelb,,3XL,,,,39.95,
completo-da-uomo-per-vacanze-e-giornate-di-svago,Completo da uomo per vacanze e giornate di svago,Colore,Beige,Taglia,S,,,,39.95,
completo-da-uomo-per-vacanze-e-giornate-di-svago,,,Beige,,M,,,,39.95,
completo-da-uomo-per-vacanze-e-giornate-di-svago,,,Beige,,L,,,,39.95,
completo-da-uomo-per-vacanze-e-giornate-di-svago,,,Beige,,XL,,,,39.95,
completo-da-uomo-per-vacanze-e-giornate-di-svago,,,Beige,,2XL,,,,39.95,
completo-da-uomo-per-vacanze-e-giornate-di-svago,,,Beige,,3XL,,,,39.95,
completo-da-uomo-per-vacanze-e-giornate-di-svago,,,Nero,,S,,,,39.95,
completo-da-uomo-per-vacanze-e-giornate-di-svago,,,Nero,,M,,,,39.95,
completo-da-uomo-per-vacanze-e-giornate-di-svago,,,Nero,,L,,,,39.95,
completo-da-uomo-per-vacanze-e-giornate-di-svago,,,Nero,,XL,,,,39.95,
completo-da-uomo-per-vacanze-e-giornate-di-svago,,,Nero,,2XL,,,,39.95,
completo-da-uomo-per-vacanze-e-giornate-di-svago,,,Nero,,3XL,,,,39.95,
completo-da-uomo-per-vacanze-e-giornate-di-svago,,,Verde,,S,,,,39.95,
completo-da-uomo-per-vacanze-e-giornate-di-svago,,,Verde,,M,,,,39.95,
completo-da-uomo-per-vacanze-e-giornate-di-svago,,,Verde,,L,,,,39.95,
completo-da-uomo-per-vacanze-e-giornate-di-svago,,,Verde,,XL,,,,39.95,
completo-da-uomo-per-vacanze-e-giornate-di-svago,,,Verde,,2XL,,,,39.95,
completo-da-uomo-per-vacanze-e-giornate-di-svago,,,Verde,,3XL,,,,39.95,
polo-da-uomo-per-uscite-e-stile-quotidiano,Polo da uomo per uscite e stile quotidiano,Colore,Grigio,Taglia,S,,,,39.99,
polo-da-uomo-per-uscite-e-stile-quotidiano,,,Grigio,,M,,,,39.99,
polo-da-uomo-per-uscite-e-stile-quotidiano,,,Grigio,,L,,,,39.99,
polo-da-uomo-per-uscite-e-stile-quotidiano,,,Grigio,,XL,,,,39.99,
polo-da-uomo-per-uscite-e-stile-quotidiano,,,Grigio,,2XL,,,,39.99,
polo-da-uomo-per-uscite-e-stile-quotidiano,,,Grigio,,3XL,,,,39.99,
polo-da-uomo-per-uscite-e-stile-quotidiano,,,Nero,,S,,,,39.99,
polo-da-uomo-per-uscite-e-stile-quotidiano,,,Nero,,M,,,,39.99,
polo-da-uomo-per-uscite-e-stile-quotidiano,,,Nero,,L,,,,39.99,
polo-da-uomo-per-uscite-e-stile-quotidiano,,,Nero,,XL,,,,39.99,
polo-da-uomo-per-uscite-e-stile-quotidiano,,,Nero,,2XL,,,,39.99,
polo-da-uomo-per-uscite-e-stile-quotidiano,,,Nero,,3XL,,,,39.99,
polo-da-uomo-per-uscite-e-stile-quotidiano,,,Bianco,,S,,,,39.99,
polo-da-uomo-per-uscite-e-stile-quotidiano,,,Bianco,,M,,,,39.99,
polo-da-uomo-per-uscite-e-stile-quotidiano,,,Bianco,,L,,,,39.99,
polo-da-uomo-per-uscite-e-stile-quotidiano,,,Bianco,,XL,,,,39.99,
polo-da-uomo-per-uscite-e-stile-quotidiano,,,Bianco,,2XL,,,,39.99,
polo-da-uomo-per-uscite-e-stile-quotidiano,,,Bianco,,3XL,,,,39.99,
polo-da-uomo-per-uscite-e-stile-quotidiano,,,Blu scuro,,S,,,,39.99,
polo-da-uomo-per-uscite-e-stile-quotidiano,,,Blu scuro,,M,,,,39.99,
polo-da-uomo-per-uscite-e-stile-quotidiano,,,Blu scuro,,L,,,,39.99,
polo-da-uomo-per-uscite-e-stile-quotidiano,,,Blu scuro,,XL,,,,39.99,
polo-da-uomo-per-uscite-e-stile-quotidiano,,,Blu scuro,,2XL,,,,39.99,
polo-da-uomo-per-uscite-e-stile-quotidiano,,,Blu scuro,,3XL,,,,39.99,
polo-da-uomo-per-stile-quotidiano-e-occasioni-informali,Polo da uomo per stile quotidiano e occasioni informali,Colore,Nero,Taglia,S,,,,39.95,
polo-da-uomo-per-stile-quotidiano-e-occasioni-informali,,,Nero,,M,,,,39.95,
polo-da-uomo-per-stile-quotidiano-e-occasioni-informali,,,Nero,,L,,,,39.95,
polo-da-uomo-per-stile-quotidiano-e-occasioni-informali,,,Nero,,XL,,,,39.95,
polo-da-uomo-per-stile-quotidiano-e-occasioni-informali,,,Nero,,2XL,,,,39.95,
polo-da-uomo-per-stile-quotidiano-e-occasioni-informali,,,Nero,,3XL,,,,39.95,
polo-da-uomo-per-stile-quotidiano-e-occasioni-informali,,,Grigio,,S,,,,39.95,
polo-da-uomo-per-stile-quotidiano-e-occasioni-informali,,,Grigio,,M,,,,39.95,
polo-da-uomo-per-stile-quotidiano-e-occasioni-informali,,,Grigio,,L,,,,39.95,
polo-da-uomo-per-stile-quotidiano-e-occasioni-informali,,,Grigio,,XL,,,,39.95,
polo-da-uomo-per-stile-quotidiano-e-occasioni-informali,,,Grigio,,2XL,,,,39.95,
polo-da-uomo-per-stile-quotidiano-e-occasioni-informali,,,Grigio,,3XL,,,,39.95,
polo-da-uomo-per-stile-quotidiano-e-occasioni-informali,,,Blu,,S,,,,39.95,
polo-da-uomo-per-stile-quotidiano-e-occasioni-informali,,,Blu,,M,,,,39.95,
polo-da-uomo-per-stile-quotidiano-e-occasioni-informali,,,Blu,,L,,,,39.95,
polo-da-uomo-per-stile-quotidiano-e-occasioni-informali,,,Blu,,XL,,,,39.95,
polo-da-uomo-per-stile-quotidiano-e-occasioni-informali,,,Blu,,2XL,,,,39.95,
polo-da-uomo-per-stile-quotidiano-e-occasioni-informali,,,Blu,,3XL,,,,39.95,
polo-da-uomo-per-stile-quotidiano-e-occasioni-informali,,,Verde,,S,,,,39.95,
polo-da-uomo-per-stile-quotidiano-e-occasioni-informali,,,Verde,,M,,,,39.95,
polo-da-uomo-per-stile-quotidiano-e-occasioni-informali,,,Verde,,L,,,,39.95,
polo-da-uomo-per-stile-quotidiano-e-occasioni-informali,,,Verde,,XL,,,,39.95,
polo-da-uomo-per-stile-quotidiano-e-occasioni-informali,,,Verde,,2XL,,,,39.95,
polo-da-uomo-per-stile-quotidiano-e-occasioni-informali,,,Verde,,3XL,,,,39.95,
polo-da-uomo-per-stile-quotidiano-e-occasioni-informali,,,Rosso,,S,,,,39.95,
polo-da-uomo-per-stile-quotidiano-e-occasioni-informali,,,Rosso,,M,,,,39.95,
polo-da-uomo-per-stile-quotidiano-e-occasioni-informali,,,Rosso,,L,,,,39.95,
polo-da-uomo-per-stile-quotidiano-e-occasioni-informali,,,Rosso,,XL,,,,39.95,
polo-da-uomo-per-stile-quotidiano-e-occasioni-informali,,,Rosso,,2XL,,,,39.95,
polo-da-uomo-per-stile-quotidiano-e-occasioni-informali,,,Rosso,,3XL,,,,39.95,
polo-da-uomo-per-stile-quotidiano-e-occasioni-informali,,,Grijs,,S,,,,39.95,
polo-da-uomo-per-stile-quotidiano-e-occasioni-informali,,,Grijs,,M,,,,39.95,
polo-da-uomo-per-stile-quotidiano-e-occasioni-informali,,,Grijs,,L,,,,39.95,
polo-da-uomo-per-stile-quotidiano-e-occasioni-informali,,,Grijs,,XL,,,,39.95,
polo-da-uomo-per-stile-quotidiano-e-occasioni-informali,,,Grijs,,2XL,,,,39.95,
polo-da-uomo-per-stile-quotidiano-e-occasioni-informali,,,Grijs,,3XL,,,,39.95,
pantaloni-jogger-da-uomo-con-tasche-utility,Pantaloni jogger da uomo con tasche utility,Colore,Nero,Taglia,S,,,,59.95,
pantaloni-jogger-da-uomo-con-tasche-utility,,,Nero,,M,,,,59.95,
pantaloni-jogger-da-uomo-con-tasche-utility,,,Nero,,L,,,,59.95,
pantaloni-jogger-da-uomo-con-tasche-utility,,,Nero,,XL,,,,59.95,
pantaloni-jogger-da-uomo-con-tasche-utility,,,Nero,,2XL,,,,59.95,
pantaloni-jogger-da-uomo-con-tasche-utility,,,Nero,,3XL,,,,59.95,
pantaloni-jogger-da-uomo-con-tasche-utility,,,Beige,,S,,,,59.95,
pantaloni-jogger-da-uomo-con-tasche-utility,,,Beige,,M,,,,59.95,
pantaloni-jogger-da-uomo-con-tasche-utility,,,Beige,,L,,,,59.95,
pantaloni-jogger-da-uomo-con-tasche-utility,,,Beige,,XL,,,,59.95,
pantaloni-jogger-da-uomo-con-tasche-utility,,,Beige,,2XL,,,,59.95,
pantaloni-jogger-da-uomo-con-tasche-utility,,,Beige,,3XL,,,,59.95,
pantaloni-jogger-da-uomo-con-tasche-utility,,,Grigio scuro,,S,,,,59.95,
pantaloni-jogger-da-uomo-con-tasche-utility,,,Grigio scuro,,M,,,,59.95,
pantaloni-jogger-da-uomo-con-tasche-utility,,,Grigio scuro,,L,,,,59.95,
pantaloni-jogger-da-uomo-con-tasche-utility,,,Grigio scuro,,XL,,,,59.95,
pantaloni-jogger-da-uomo-con-tasche-utility,,,Grigio scuro,,2XL,,,,59.95,
pantaloni-jogger-da-uomo-con-tasche-utility,,,Grigio scuro,,3XL,,,,59.95,
pantaloni-jogger-da-uomo-con-tasche-utility,,,Blu,,S,,,,59.95,
pantaloni-jogger-da-uomo-con-tasche-utility,,,Blu,,M,,,,59.95,
pantaloni-jogger-da-uomo-con-tasche-utility,,,Blu,,L,,,,59.95,
pantaloni-jogger-da-uomo-con-tasche-utility,,,Blu,,XL,,,,59.95,
pantaloni-jogger-da-uomo-con-tasche-utility,,,Blu,,2XL,,,,59.95,
pantaloni-jogger-da-uomo-con-tasche-utility,,,Blu,,3XL,,,,59.95,
pantaloni-jogger-da-uomo-con-tasche-utility,,,Grigio chiaro,,S,,,,59.95,
pantaloni-jogger-da-uomo-con-tasche-utility,,,Grigio chiaro,,M,,,,59.95,
pantaloni-jogger-da-uomo-con-tasche-utility,,,Grigio chiaro,,L,,,,59.95,
pantaloni-jogger-da-uomo-con-tasche-utility,,,Grigio chiaro,,XL,,,,59.95,
pantaloni-jogger-da-uomo-con-tasche-utility,,,Grigio chiaro,,2XL,,,,59.95,
pantaloni-jogger-da-uomo-con-tasche-utility,,,Grigio chiaro,,3XL,,,,59.95,
occhiali-da-sole-da-uomo-per-look-estivi-e-uscite-quotidiane,Occhiali da sole da uomo per look estivi e uscite quotidiane,Title,Default Title,,,,,,34.95,
bermuda-da-uomo-per-tempo-libero-e-giornate-estive,Bermuda da uomo per tempo libero e giornate estive,Colore,Arancione,Taglia,S,,,,34.95,
bermuda-da-uomo-per-tempo-libero-e-giornate-estive,,,Arancione,,M,,,,34.95,
bermuda-da-uomo-per-tempo-libero-e-giornate-estive,,,Arancione,,L,,,,34.95,
bermuda-da-uomo-per-tempo-libero-e-giornate-estive,,,Arancione,,XL,,,,34.95,
bermuda-da-uomo-per-tempo-libero-e-giornate-estive,,,Arancione,,2XL,,,,34.95,
bermuda-da-uomo-per-tempo-libero-e-giornate-estive,,,Arancione,,3XL,,,,34.95,
bermuda-da-uomo-per-tempo-libero-e-giornate-estive,,,Nero,,S,,,,34.95,
bermuda-da-uomo-per-tempo-libero-e-giornate-estive,,,Nero,,M,,,,34.95,
bermuda-da-uomo-per-tempo-libero-e-giornate-estive,,,Nero,,L,,,,34.95,
bermuda-da-uomo-per-tempo-libero-e-giornate-estive,,,Nero,,XL,,,,34.95,
bermuda-da-uomo-per-tempo-libero-e-giornate-estive,,,Nero,,2XL,,,,34.95,
bermuda-da-uomo-per-tempo-libero-e-giornate-estive,,,Nero,,3XL,,,,34.95,
bermuda-da-uomo-per-tempo-libero-e-giornate-estive,,,Grigio scuro,,S,,,,34.95,
bermuda-da-uomo-per-tempo-libero-e-giornate-estive,,,Grigio scuro,,M,,,,34.95,
bermuda-da-uomo-per-tempo-libero-e-giornate-estive,,,Grigio scuro,,L,,,,34.95,
bermuda-da-uomo-per-tempo-libero-e-giornate-estive,,,Grigio scuro,,XL,,,,34.95,
bermuda-da-uomo-per-tempo-libero-e-giornate-estive,,,Grigio scuro,,2XL,,,,34.95,
bermuda-da-uomo-per-tempo-libero-e-giornate-estive,,,Grigio scuro,,3XL,,,,34.95,
bermuda-da-uomo-per-tempo-libero-e-giornate-estive,,,Cachi,,S,,,,34.95,
bermuda-da-uomo-per-tempo-libero-e-giornate-estive,,,Cachi,,M,,,,34.95,
bermuda-da-uomo-per-tempo-libero-e-giornate-estive,,,Cachi,,L,,,,34.95,
bermuda-da-uomo-per-tempo-libero-e-giornate-estive,,,Cachi,,XL,,,,34.95,
bermuda-da-uomo-per-tempo-libero-e-giornate-estive,,,Cachi,,2XL,,,,34.95,
bermuda-da-uomo-per-tempo-libero-e-giornate-estive,,,Cachi,,3XL,,,,34.95,
abito-da-donna-con-stampa-floreale-per-look-quotidiani,Abito da donna con stampa floreale per look quotidiani,Colore,Blu,Taglia,S,,,,44.95,
abito-da-donna-con-stampa-floreale-per-look-quotidiani,,,Blu,,M,,,,44.95,
abito-da-donna-con-stampa-floreale-per-look-quotidiani,,,Blu,,L,,,,44.95,
abito-da-donna-con-stampa-floreale-per-look-quotidiani,,,Blu,,XL,,,,44.95,
abito-da-donna-con-stampa-floreale-per-look-quotidiani,,,Blu,,2XL,,,,44.95,
abito-da-donna-con-stampa-floreale-per-look-quotidiani,,,Blu,,3XL,,,,44.95,
abito-da-donna-con-stampa-floreale-per-look-quotidiani,,,Verde,,S,,,,44.95,
abito-da-donna-con-stampa-floreale-per-look-quotidiani,,,Verde,,M,,,,44.95,
abito-da-donna-con-stampa-floreale-per-look-quotidiani,,,Verde,,L,,,,44.95,
abito-da-donna-con-stampa-floreale-per-look-quotidiani,,,Verde,,XL,,,,44.95,
abito-da-donna-con-stampa-floreale-per-look-quotidiani,,,Verde,,2XL,,,,44.95,
abito-da-donna-con-stampa-floreale-per-look-quotidiani,,,Verde,,3XL,,,,44.95,
abito-da-donna-con-stampa-floreale-per-look-quotidiani,,,Blu scuro,,S,,,,44.95,
abito-da-donna-con-stampa-floreale-per-look-quotidiani,,,Blu scuro,,M,,,,44.95,
abito-da-donna-con-stampa-floreale-per-look-quotidiani,,,Blu scuro,,L,,,,44.95,
abito-da-donna-con-stampa-floreale-per-look-quotidiani,,,Blu scuro,,XL,,,,44.95,
abito-da-donna-con-stampa-floreale-per-look-quotidiani,,,Blu scuro,,2XL,,,,44.95,
abito-da-donna-con-stampa-floreale-per-look-quotidiani,,,Blu scuro,,3XL,,,,44.95,
abito-camicia-da-donna-in-stile-rilassato,Abito camicia da donna in stile rilassato,Colore,Azzurro,Taglia,S,,,,39.95,
abito-camicia-da-donna-in-stile-rilassato,,,Azzurro,,M,,,,39.95,
abito-camicia-da-donna-in-stile-rilassato,,,Azzurro,,L,,,,39.95,
abito-camicia-da-donna-in-stile-rilassato,,,Azzurro,,XL,,,,39.95,
abito-camicia-da-donna-in-stile-rilassato,,,Azzurro,,2XL,,,,39.95,
abito-camicia-da-donna-in-stile-rilassato,,,Azzurro,,3XL,,,,39.95,
abito-camicia-da-donna-in-stile-rilassato,,,Nero,,S,,,,39.95,
abito-camicia-da-donna-in-stile-rilassato,,,Nero,,M,,,,39.95,
abito-camicia-da-donna-in-stile-rilassato,,,Nero,,L,,,,39.95,
abito-camicia-da-donna-in-stile-rilassato,,,Nero,,XL,,,,39.95,
abito-camicia-da-donna-in-stile-rilassato,,,Nero,,2XL,,,,39.95,
abito-camicia-da-donna-in-stile-rilassato,,,Nero,,3XL,,,,39.95,
abito-camicia-da-donna-in-stile-rilassato,,,Blu scuro,,S,,,,39.95,
abito-camicia-da-donna-in-stile-rilassato,,,Blu scuro,,M,,,,39.95,
abito-camicia-da-donna-in-stile-rilassato,,,Blu scuro,,L,,,,39.95,
abito-camicia-da-donna-in-stile-rilassato,,,Blu scuro,,XL,,,,39.95,
abito-camicia-da-donna-in-stile-rilassato,,,Blu scuro,,2XL,,,,39.95,
abito-camicia-da-donna-in-stile-rilassato,,,Blu scuro,,3XL,,,,39.95,
abito-lungo-da-donna-con-stampa-floreale-romantica,Abito lungo da donna con stampa floreale romantica,Colore,Verde,Taglia,S,,,,39.95,
abito-lungo-da-donna-con-stampa-floreale-romantica,,,Verde,,M,,,,39.95,
abito-lungo-da-donna-con-stampa-floreale-romantica,,,Verde,,L,,,,39.95,
abito-lungo-da-donna-con-stampa-floreale-romantica,,,Verde,,XL,,,,39.95,
abito-lungo-da-donna-con-stampa-floreale-romantica,,,Verde,,2XL,,,,39.95,
abito-lungo-da-donna-con-stampa-floreale-romantica,,,Verde,,3XL,,,,39.95,
abito-lungo-da-donna-con-stampa-floreale-romantica,,,Viola,,S,,,,39.95,
abito-lungo-da-donna-con-stampa-floreale-romantica,,,Viola,,M,,,,39.95,
abito-lungo-da-donna-con-stampa-floreale-romantica,,,Viola,,L,,,,39.95,
abito-lungo-da-donna-con-stampa-floreale-romantica,,,Viola,,XL,,,,39.95,
abito-lungo-da-donna-con-stampa-floreale-romantica,,,Viola,,2XL,,,,39.95,
abito-lungo-da-donna-con-stampa-floreale-romantica,,,Viola,,3XL,,,,39.95,
abito-lungo-da-donna-con-stampa-floreale-romantica,,,Blu,,S,,,,39.95,
abito-lungo-da-donna-con-stampa-floreale-romantica,,,Blu,,M,,,,39.95,
abito-lungo-da-donna-con-stampa-floreale-romantica,,,Blu,,L,,,,39.95,
abito-lungo-da-donna-con-stampa-floreale-romantica,,,Blu,,XL,,,,39.95,
abito-lungo-da-donna-con-stampa-floreale-romantica,,,Blu,,2XL,,,,39.95,
abito-lungo-da-donna-con-stampa-floreale-romantica,,,Blu,,3XL,,,,39.95,
blusa-da-donna-con-dettagli-in-pizzo-bohemien,Blusa da donna con dettagli in pizzo bohémien,Colore,Beige,Taglia,S,,,,39.95,
blusa-da-donna-con-dettagli-in-pizzo-bohemien,,,Beige,,M,,,,39.95,
blusa-da-donna-con-dettagli-in-pizzo-bohemien,,,Beige,,L,,,,39.95,
blusa-da-donna-con-dettagli-in-pizzo-bohemien,,,Beige,,XL,,,,39.95,
blusa-da-donna-con-dettagli-in-pizzo-bohemien,,,Beige,,2XL,,,,39.95,
blusa-da-donna-con-dettagli-in-pizzo-bohemien,,,Beige,,3XL,,,,39.95,
blusa-da-donna-con-dettagli-in-pizzo-bohemien,,,Azzurro,,S,,,,39.95,
blusa-da-donna-con-dettagli-in-pizzo-bohemien,,,Azzurro,,M,,,,39.95,
blusa-da-donna-con-dettagli-in-pizzo-bohemien,,,Azzurro,,L,,,,39.95,
blusa-da-donna-con-dettagli-in-pizzo-bohemien,,,Azzurro,,XL,,,,39.95,
blusa-da-donna-con-dettagli-in-pizzo-bohemien,,,Azzurro,,2XL,,,,39.95,
blusa-da-donna-con-dettagli-in-pizzo-bohemien,,,Azzurro,,3XL,,,,39.95,
blusa-da-donna-con-dettagli-in-pizzo-bohemien,,,Blu scuro,,S,,,,39.95,
blusa-da-donna-con-dettagli-in-pizzo-bohemien,,,Blu scuro,,M,,,,39.95,
blusa-da-donna-con-dettagli-in-pizzo-bohemien,,,Blu scuro,,L,,,,39.95,
blusa-da-donna-con-dettagli-in-pizzo-bohemien,,,Blu scuro,,XL,,,,39.95,
blusa-da-donna-con-dettagli-in-pizzo-bohemien,,,Blu scuro,,2XL,,,,39.95,
blusa-da-donna-con-dettagli-in-pizzo-bohemien,,,Blu scuro,,3XL,,,,39.95,
blusa-da-donna-con-dettagli-in-pizzo-bohemien,,,Viola,,S,,,,39.95,
blusa-da-donna-con-dettagli-in-pizzo-bohemien,,,Viola,,M,,,,39.95,
blusa-da-donna-con-dettagli-in-pizzo-bohemien,,,Viola,,L,,,,39.95,
blusa-da-donna-con-dettagli-in-pizzo-bohemien,,,Viola,,XL,,,,39.95,
blusa-da-donna-con-dettagli-in-pizzo-bohemien,,,Viola,,2XL,,,,39.95,
blusa-da-donna-con-dettagli-in-pizzo-bohemien,,,Viola,,3XL,,,,39.95,
blusa-da-donna-con-dettagli-in-pizzo-bohemien,,,Nero,,S,,,,39.95,
blusa-da-donna-con-dettagli-in-pizzo-bohemien,,,Nero,,M,,,,39.95,
blusa-da-donna-con-dettagli-in-pizzo-bohemien,,,Nero,,L,,,,39.95,
blusa-da-donna-con-dettagli-in-pizzo-bohemien,,,Nero,,XL,,,,39.95,
blusa-da-donna-con-dettagli-in-pizzo-bohemien,,,Nero,,2XL,,,,39.95,
blusa-da-donna-con-dettagli-in-pizzo-bohemien,,,Nero,,3XL,,,,39.95,
blusa-da-donna-con-dettagli-in-pizzo-bohemien,,,Rosa,,S,,,,39.95,
blusa-da-donna-con-dettagli-in-pizzo-bohemien,,,Rosa,,M,,,,39.95,
blusa-da-donna-con-dettagli-in-pizzo-bohemien,,,Rosa,,L,,,,39.95,
blusa-da-donna-con-dettagli-in-pizzo-bohemien,,,Rosa,,XL,,,,39.95,
blusa-da-donna-con-dettagli-in-pizzo-bohemien,,,Rosa,,2XL,,,,39.95,
blusa-da-donna-con-dettagli-in-pizzo-bohemien,,,Rosa,,3XL,,,,39.95,
blusa-da-donna-con-dettagli-in-pizzo-bohemien,,,Bordeaux,,S,,,,39.95,
blusa-da-donna-con-dettagli-in-pizzo-bohemien,,,Bordeaux,,M,,,,39.95,
blusa-da-donna-con-dettagli-in-pizzo-bohemien,,,Bordeaux,,L,,,,39.95,
blusa-da-donna-con-dettagli-in-pizzo-bohemien,,,Bordeaux,,XL,,,,39.95,
blusa-da-donna-con-dettagli-in-pizzo-bohemien,,,Bordeaux,,2XL,,,,39.95,
blusa-da-donna-con-dettagli-in-pizzo-bohemien,,,Bordeaux,,3XL,,,,39.95,
blusa-da-donna-con-dettagli-in-pizzo-bohemien,,,Arancione,,S,,,,39.95,
blusa-da-donna-con-dettagli-in-pizzo-bohemien,,,Arancione,,M,,,,39.95,
blusa-da-donna-con-dettagli-in-pizzo-bohemien,,,Arancione,,L,,,,39.95,
blusa-da-donna-con-dettagli-in-pizzo-bohemien,,,Arancione,,XL,,,,39.95,
blusa-da-donna-con-dettagli-in-pizzo-bohemien,,,Arancione,,2XL,,,,39.95,
blusa-da-donna-con-dettagli-in-pizzo-bohemien,,,Arancione,,3XL,,,,39.95,
blusa-da-donna-con-dettagli-in-pizzo-bohemien,,,Bianco,,S,,,,39.95,
blusa-da-donna-con-dettagli-in-pizzo-bohemien,,,Bianco,,M,,,,39.95,
blusa-da-donna-con-dettagli-in-pizzo-bohemien,,,Bianco,,L,,,,39.95,
blusa-da-donna-con-dettagli-in-pizzo-bohemien,,,Bianco,,XL,,,,39.95,
blusa-da-donna-con-dettagli-in-pizzo-bohemien,,,Bianco,,2XL,,,,39.95,
blusa-da-donna-con-dettagli-in-pizzo-bohemien,,,Bianco,,3XL,,,,39.95,
occhiali-da-sole-da-uomo-con-montatura-moderna,Occhiali da sole da uomo con montatura moderna,Colore,Verde,,,,,,34.95,
occhiali-da-sole-da-uomo-con-montatura-moderna,,,Grigio,,,,,,34.95,
occhiali-da-sole-da-uomo-con-montatura-moderna,,,Nero,,,,,,34.95,
borsa-a-spalla-da-donna-intrecciata-in-stile-estivo,Borsa a spalla da donna intrecciata in stile estivo,Colore,Beige,,,,,,49.95,
borsa-a-spalla-da-donna-intrecciata-in-stile-estivo,,,Cachi,,,,,,49.95,
dames-off-shoulder-galajurk-chique-avondjurk-met-elegante-split,Abito midi da donna con spalle scoperte elegante,Colore,Champagne,Taglia,S,,,,39.95,
dames-off-shoulder-galajurk-chique-avondjurk-met-elegante-split,,,Champagne,,M,,,,39.95,
dames-off-shoulder-galajurk-chique-avondjurk-met-elegante-split,,,Champagne,,L,,,,39.95,
dames-off-shoulder-galajurk-chique-avondjurk-met-elegante-split,,,Champagne,,XL,,,,39.95,
dames-off-shoulder-galajurk-chique-avondjurk-met-elegante-split,,,Champagne,,2XL,,,,39.95,
dames-off-shoulder-galajurk-chique-avondjurk-met-elegante-split,,,Champagne,,3XL,,,,39.95,
dames-off-shoulder-galajurk-chique-avondjurk-met-elegante-split,,,Nero,,S,,,,39.95,
dames-off-shoulder-galajurk-chique-avondjurk-met-elegante-split,,,Nero,,M,,,,39.95,
dames-off-shoulder-galajurk-chique-avondjurk-met-elegante-split,,,Nero,,L,,,,39.95,
dames-off-shoulder-galajurk-chique-avondjurk-met-elegante-split,,,Nero,,XL,,,,39.95,
dames-off-shoulder-galajurk-chique-avondjurk-met-elegante-split,,,Nero,,2XL,,,,39.95,
dames-off-shoulder-galajurk-chique-avondjurk-met-elegante-split,,,Nero,,3XL,,,,39.95,
dames-off-shoulder-galajurk-chique-avondjurk-met-elegante-split,,,Rosso,,S,,,,39.95,
dames-off-shoulder-galajurk-chique-avondjurk-met-elegante-split,,,Rosso,,M,,,,39.95,
dames-off-shoulder-galajurk-chique-avondjurk-met-elegante-split,,,Rosso,,L,,,,39.95,
dames-off-shoulder-galajurk-chique-avondjurk-met-elegante-split,,,Rosso,,XL,,,,39.95,
dames-off-shoulder-galajurk-chique-avondjurk-met-elegante-split,,,Rosso,,2XL,,,,39.95,
dames-off-shoulder-galajurk-chique-avondjurk-met-elegante-split,,,Rosso,,3XL,,,,39.95,
dames-off-shoulder-galajurk-chique-avondjurk-met-elegante-split,,,Grigio,,S,,,,39.95,
dames-off-shoulder-galajurk-chique-avondjurk-met-elegante-split,,,Grigio,,M,,,,39.95,
dames-off-shoulder-galajurk-chique-avondjurk-met-elegante-split,,,Grigio,,L,,,,39.95,
dames-off-shoulder-galajurk-chique-avondjurk-met-elegante-split,,,Grigio,,XL,,,,39.95,
dames-off-shoulder-galajurk-chique-avondjurk-met-elegante-split,,,Grigio,,2XL,,,,39.95,
dames-off-shoulder-galajurk-chique-avondjurk-met-elegante-split,,,Grigio,,3XL,,,,39.95,
dames-off-shoulder-galajurk-chique-avondjurk-met-elegante-split,,,Marrone,,S,,,,39.95,
dames-off-shoulder-galajurk-chique-avondjurk-met-elegante-split,,,Marrone,,M,,,,39.95,
dames-off-shoulder-galajurk-chique-avondjurk-met-elegante-split,,,Marrone,,L,,,,39.95,
dames-off-shoulder-galajurk-chique-avondjurk-met-elegante-split,,,Marrone,,XL,,,,39.95,
dames-off-shoulder-galajurk-chique-avondjurk-met-elegante-split,,,Marrone,,2XL,,,,39.95,
dames-off-shoulder-galajurk-chique-avondjurk-met-elegante-split,,,Marrone,,3XL,,,,39.95,
dames-off-shoulder-galajurk-chique-avondjurk-met-elegante-split,,,Verde argento,,S,,,,39.95,
dames-off-shoulder-galajurk-chique-avondjurk-met-elegante-split,,,Verde argento,,M,,,,39.95,
dames-off-shoulder-galajurk-chique-avondjurk-met-elegante-split,,,Verde argento,,L,,,,39.95,
dames-off-shoulder-galajurk-chique-avondjurk-met-elegante-split,,,Verde argento,,XL,,,,39.95,
dames-off-shoulder-galajurk-chique-avondjurk-met-elegante-split,,,Verde argento,,2XL,,,,39.95,
dames-off-shoulder-galajurk-chique-avondjurk-met-elegante-split,,,Verde argento,,3XL,,,,39.95,
dames-off-shoulder-galajurk-chique-avondjurk-met-elegante-split,,,Rosa,,S,,,,39.95,
dames-off-shoulder-galajurk-chique-avondjurk-met-elegante-split,,,Rosa,,M,,,,39.95,
dames-off-shoulder-galajurk-chique-avondjurk-met-elegante-split,,,Rosa,,L,,,,39.95,
dames-off-shoulder-galajurk-chique-avondjurk-met-elegante-split,,,Rosa,,XL,,,,39.95,
dames-off-shoulder-galajurk-chique-avondjurk-met-elegante-split,,,Rosa,,2XL,,,,39.95,
dames-off-shoulder-galajurk-chique-avondjurk-met-elegante-split,,,Rosa,,3XL,,,,39.95,
abito-midi-da-donna-con-scollo-a-v-drappeggiato,Abito midi da donna con scollo a V drappeggiato,Colore,Nero,Taglia,S,,,,39.95,
abito-midi-da-donna-con-scollo-a-v-drappeggiato,,,Nero,,M,,,,39.95,
abito-midi-da-donna-con-scollo-a-v-drappeggiato,,,Nero,,L,,,,39.95,
abito-midi-da-donna-con-scollo-a-v-drappeggiato,,,Nero,,XL,,,,39.95,
abito-midi-da-donna-con-scollo-a-v-drappeggiato,,,Nero,,2XL,,,,39.95,
abito-midi-da-donna-con-scollo-a-v-drappeggiato,,,Nero,,3XL,,,,39.95,
abito-midi-da-donna-con-scollo-a-v-drappeggiato,,,Bianco latte,,S,,,,39.95,
abito-midi-da-donna-con-scollo-a-v-drappeggiato,,,Bianco latte,,M,,,,39.95,
abito-midi-da-donna-con-scollo-a-v-drappeggiato,,,Bianco latte,,L,,,,39.95,
abito-midi-da-donna-con-scollo-a-v-drappeggiato,,,Bianco latte,,XL,,,,39.95,
abito-midi-da-donna-con-scollo-a-v-drappeggiato,,,Bianco latte,,2XL,,,,39.95,
abito-midi-da-donna-con-scollo-a-v-drappeggiato,,,Bianco latte,,3XL,,,,39.95,
abito-midi-da-donna-con-scollo-a-v-drappeggiato,,,Corallo,,S,,,,39.95,
abito-midi-da-donna-con-scollo-a-v-drappeggiato,,,Corallo,,M,,,,39.95,
abito-midi-da-donna-con-scollo-a-v-drappeggiato,,,Corallo,,L,,,,39.95,
abito-midi-da-donna-con-scollo-a-v-drappeggiato,,,Corallo,,XL,,,,39.95,
abito-midi-da-donna-con-scollo-a-v-drappeggiato,,,Corallo,,2XL,,,,39.95,
abito-midi-da-donna-con-scollo-a-v-drappeggiato,,,Corallo,,3XL,,,,39.95,
abito-midi-da-donna-con-scollo-a-v-drappeggiato,,,Verde scuro,,S,,,,39.95,
abito-midi-da-donna-con-scollo-a-v-drappeggiato,,,Verde scuro,,M,,,,39.95,
abito-midi-da-donna-con-scollo-a-v-drappeggiato,,,Verde scuro,,L,,,,39.95,
abito-midi-da-donna-con-scollo-a-v-drappeggiato,,,Verde scuro,,XL,,,,39.95,
abito-midi-da-donna-con-scollo-a-v-drappeggiato,,,Verde scuro,,2XL,,,,39.95,
abito-midi-da-donna-con-scollo-a-v-drappeggiato,,,Verde scuro,,3XL,,,,39.95,
abito-midi-da-donna-con-scollo-a-v-drappeggiato,,,Rosso,,S,,,,39.95,
abito-midi-da-donna-con-scollo-a-v-drappeggiato,,,Rosso,,M,,,,39.95,
abito-midi-da-donna-con-scollo-a-v-drappeggiato,,,Rosso,,L,,,,39.95,
abito-midi-da-donna-con-scollo-a-v-drappeggiato,,,Rosso,,XL,,,,39.95,
abito-midi-da-donna-con-scollo-a-v-drappeggiato,,,Rosso,,2XL,,,,39.95,
abito-midi-da-donna-con-scollo-a-v-drappeggiato,,,Rosso,,3XL,,,,39.95,
abito-midi-da-donna-con-scollo-a-v-drappeggiato,,,Rosa,,S,,,,39.95,
abito-midi-da-donna-con-scollo-a-v-drappeggiato,,,Rosa,,M,,,,39.95,
abito-midi-da-donna-con-scollo-a-v-drappeggiato,,,Rosa,,L,,,,39.95,
abito-midi-da-donna-con-scollo-a-v-drappeggiato,,,Rosa,,XL,,,,39.95,
abito-midi-da-donna-con-scollo-a-v-drappeggiato,,,Rosa,,2XL,,,,39.95,
abito-midi-da-donna-con-scollo-a-v-drappeggiato,,,Rosa,,3XL,,,,39.95,
abito-midi-da-donna-con-scollo-a-v-drappeggiato,,,Verde chiaro,,S,,,,39.95,
abito-midi-da-donna-con-scollo-a-v-drappeggiato,,,Verde chiaro,,M,,,,39.95,
abito-midi-da-donna-con-scollo-a-v-drappeggiato,,,Verde chiaro,,L,,,,39.95,
abito-midi-da-donna-con-scollo-a-v-drappeggiato,,,Verde chiaro,,XL,,,,39.95,
abito-midi-da-donna-con-scollo-a-v-drappeggiato,,,Verde chiaro,,2XL,,,,39.95,
abito-midi-da-donna-con-scollo-a-v-drappeggiato,,,Verde chiaro,,3XL,,,,39.95,
abito-midi-da-donna-con-drappeggio-laterale,Abito midi da donna con drappeggio laterale,Colore,Nero,Taglia,S,,,,39.95,
abito-midi-da-donna-con-drappeggio-laterale,,,Nero,,M,,,,39.95,
abito-midi-da-donna-con-drappeggio-laterale,,,Nero,,L,,,,39.95,
abito-midi-da-donna-con-drappeggio-laterale,,,Nero,,XL,,,,39.95,
abito-midi-da-donna-con-drappeggio-laterale,,,Nero,,2XL,,,,39.95,
abito-midi-da-donna-con-drappeggio-laterale,,,Nero,,3XL,,,,39.95,
abito-midi-da-donna-con-drappeggio-laterale,,,Rosso,,S,,,,39.95,
abito-midi-da-donna-con-drappeggio-laterale,,,Rosso,,M,,,,39.95,
abito-midi-da-donna-con-drappeggio-laterale,,,Rosso,,L,,,,39.95,
abito-midi-da-donna-con-drappeggio-laterale,,,Rosso,,XL,,,,39.95,
abito-midi-da-donna-con-drappeggio-laterale,,,Rosso,,2XL,,,,39.95,
abito-midi-da-donna-con-drappeggio-laterale,,,Rosso,,3XL,,,,39.95,
abito-midi-da-donna-con-drappeggio-laterale,,,Blu,,S,,,,39.95,
abito-midi-da-donna-con-drappeggio-laterale,,,Blu,,M,,,,39.95,
abito-midi-da-donna-con-drappeggio-laterale,,,Blu,,L,,,,39.95,
abito-midi-da-donna-con-drappeggio-laterale,,,Blu,,XL,,,,39.95,
abito-midi-da-donna-con-drappeggio-laterale,,,Blu,,2XL,,,,39.95,
abito-midi-da-donna-con-drappeggio-laterale,,,Blu,,3XL,,,,39.95,
abito-midi-da-donna-con-drappeggio-laterale,,,Cachi,,S,,,,39.95,
abito-midi-da-donna-con-drappeggio-laterale,,,Cachi,,M,,,,39.95,
abito-midi-da-donna-con-drappeggio-laterale,,,Cachi,,L,,,,39.95,
abito-midi-da-donna-con-drappeggio-laterale,,,Cachi,,XL,,,,39.95,
abito-midi-da-donna-con-drappeggio-laterale,,,Cachi,,2XL,,,,39.95,
abito-midi-da-donna-con-drappeggio-laterale,,,Cachi,,3XL,,,,39.95,
abito-midi-da-donna-con-drappeggio-laterale,,,Beige,,S,,,,39.95,
abito-midi-da-donna-con-drappeggio-laterale,,,Beige,,M,,,,39.95,
abito-midi-da-donna-con-drappeggio-laterale,,,Beige,,L,,,,39.95,
abito-midi-da-donna-con-drappeggio-laterale,,,Beige,,XL,,,,39.95,
abito-midi-da-donna-con-drappeggio-laterale,,,Beige,,2XL,,,,39.95,
abito-midi-da-donna-con-drappeggio-laterale,,,Beige,,3XL,,,,39.95,
abito-midi-da-donna-con-drappeggio-laterale,,,Verde scuro,,S,,,,39.95,
abito-midi-da-donna-con-drappeggio-laterale,,,Verde scuro,,M,,,,39.95,
abito-midi-da-donna-con-drappeggio-laterale,,,Verde scuro,,L,,,,39.95,
abito-midi-da-donna-con-drappeggio-laterale,,,Verde scuro,,XL,,,,39.95,
abito-midi-da-donna-con-drappeggio-laterale,,,Verde scuro,,2XL,,,,39.95,
abito-midi-da-donna-con-drappeggio-laterale,,,Verde scuro,,3XL,,,,39.95,
abito-midi-da-donna-con-drappeggio-laterale,,,Blu navy,,S,,,,39.95,
abito-midi-da-donna-con-drappeggio-laterale,,,Blu navy,,M,,,,39.95,
abito-midi-da-donna-con-drappeggio-laterale,,,Blu navy,,L,,,,39.95,
abito-midi-da-donna-con-drappeggio-laterale,,,Blu navy,,XL,,,,39.95,
abito-midi-da-donna-con-drappeggio-laterale,,,Blu navy,,2XL,,,,39.95,
abito-midi-da-donna-con-drappeggio-laterale,,,Blu navy,,3XL,,,,39.95,
abito-midi-da-donna-con-drappeggio-laterale,,,Blu violaceo,,S,,,,39.95,
abito-midi-da-donna-con-drappeggio-laterale,,,Blu violaceo,,M,,,,39.95,
abito-midi-da-donna-con-drappeggio-laterale,,,Blu violaceo,,L,,,,39.95,
abito-midi-da-donna-con-drappeggio-laterale,,,Blu violaceo,,XL,,,,39.95,
abito-midi-da-donna-con-drappeggio-laterale,,,Blu violaceo,,2XL,,,,39.95,
abito-midi-da-donna-con-drappeggio-laterale,,,Blu violaceo,,3XL,,,,39.95,
top-da-donna-con-vita-aderente-e-maniche-ampie,Top da donna con vita aderente e maniche ampiea,Colore,Bianco,Taglia,S,,,,29.95,
top-da-donna-con-vita-aderente-e-maniche-ampie,,,Bianco,,M,,,,29.95,
top-da-donna-con-vita-aderente-e-maniche-ampie,,,Bianco,,L,,,,29.95,
top-da-donna-con-vita-aderente-e-maniche-ampie,,,Bianco,,XL,,,,29.95,
top-da-donna-con-vita-aderente-e-maniche-ampie,,,Bianco,,2XL,,,,29.95,
top-da-donna-con-vita-aderente-e-maniche-ampie,,,Bianco,,3XL,,,,29.95,
top-da-donna-con-vita-aderente-e-maniche-ampie,,,Nero,,S,,,,29.95,
top-da-donna-con-vita-aderente-e-maniche-ampie,,,Nero,,M,,,,29.95,
top-da-donna-con-vita-aderente-e-maniche-ampie,,,Nero,,L,,,,29.95,
top-da-donna-con-vita-aderente-e-maniche-ampie,,,Nero,,XL,,,,29.95,
top-da-donna-con-vita-aderente-e-maniche-ampie,,,Nero,,2XL,,,,29.95,
top-da-donna-con-vita-aderente-e-maniche-ampie,,,Nero,,3XL,,,,29.95,
top-da-donna-con-vita-aderente-e-maniche-ampie,,,Marrone,,S,,,,29.95,
top-da-donna-con-vita-aderente-e-maniche-ampie,,,Marrone,,M,,,,29.95,
top-da-donna-con-vita-aderente-e-maniche-ampie,,,Marrone,,L,,,,29.95,
top-da-donna-con-vita-aderente-e-maniche-ampie,,,Marrone,,XL,,,,29.95,
top-da-donna-con-vita-aderente-e-maniche-ampie,,,Marrone,,2XL,,,,29.95,
top-da-donna-con-vita-aderente-e-maniche-ampie,,,Marrone,,3XL,,,,29.95,
top-da-donna-con-vita-aderente-e-maniche-ampie,,,Rosa,,S,,,,29.95,
top-da-donna-con-vita-aderente-e-maniche-ampie,,,Rosa,,M,,,,29.95,
top-da-donna-con-vita-aderente-e-maniche-ampie,,,Rosa,,L,,,,29.95,
top-da-donna-con-vita-aderente-e-maniche-ampie,,,Rosa,,XL,,,,29.95,
top-da-donna-con-vita-aderente-e-maniche-ampie,,,Rosa,,2XL,,,,29.95,
top-da-donna-con-vita-aderente-e-maniche-ampie,,,Rosa,,3XL,,,,29.95,
abito-monospalla-da-donna-con-drappeggio-elegante,Abito monospalla da donna con drappeggio elegante,Colore,Beige,Taglia,S,,,,39.95,
abito-monospalla-da-donna-con-drappeggio-elegante,,,Beige,,M,,,,39.95,
abito-monospalla-da-donna-con-drappeggio-elegante,,,Beige,,L,,,,39.95,
abito-monospalla-da-donna-con-drappeggio-elegante,,,Beige,,XL,,,,39.95,
abito-monospalla-da-donna-con-drappeggio-elegante,,,Beige,,2XL,,,,39.95,
abito-monospalla-da-donna-con-drappeggio-elegante,,,Beige,,3XL,,,,39.95,
abito-monospalla-da-donna-con-drappeggio-elegante,,,Blu,,S,,,,39.95,
abito-monospalla-da-donna-con-drappeggio-elegante,,,Blu,,M,,,,39.95,
abito-monospalla-da-donna-con-drappeggio-elegante,,,Blu,,L,,,,39.95,
abito-monospalla-da-donna-con-drappeggio-elegante,,,Blu,,XL,,,,39.95,
abito-monospalla-da-donna-con-drappeggio-elegante,,,Blu,,2XL,,,,39.95,
abito-monospalla-da-donna-con-drappeggio-elegante,,,Blu,,3XL,,,,39.95,
abito-monospalla-da-donna-con-drappeggio-elegante,,,Nero,,S,,,,39.95,
abito-monospalla-da-donna-con-drappeggio-elegante,,,Nero,,M,,,,39.95,
abito-monospalla-da-donna-con-drappeggio-elegante,,,Nero,,L,,,,39.95,
abito-monospalla-da-donna-con-drappeggio-elegante,,,Nero,,XL,,,,39.95,
abito-monospalla-da-donna-con-drappeggio-elegante,,,Nero,,2XL,,,,39.95,
abito-monospalla-da-donna-con-drappeggio-elegante,,,Nero,,3XL,,,,39.95,
abito-monospalla-da-donna-con-drappeggio-elegante,,,Rosa,,S,,,,39.95,
abito-monospalla-da-donna-con-drappeggio-elegante,,,Rosa,,M,,,,39.95,
abito-monospalla-da-donna-con-drappeggio-elegante,,,Rosa,,L,,,,39.95,
abito-monospalla-da-donna-con-drappeggio-elegante,,,Rosa,,XL,,,,39.95,
abito-monospalla-da-donna-con-drappeggio-elegante,,,Rosa,,2XL,,,,39.95,
abito-monospalla-da-donna-con-drappeggio-elegante,,,Rosa,,3XL,,,,39.95,
abito-monospalla-da-donna-con-drappeggio-elegante,,,Rosso,,S,,,,39.95,
abito-monospalla-da-donna-con-drappeggio-elegante,,,Rosso,,M,,,,39.95,
abito-monospalla-da-donna-con-drappeggio-elegante,,,Rosso,,L,,,,39.95,
abito-monospalla-da-donna-con-drappeggio-elegante,,,Rosso,,XL,,,,39.95,
abito-monospalla-da-donna-con-drappeggio-elegante,,,Rosso,,2XL,,,,39.95,
abito-monospalla-da-donna-con-drappeggio-elegante,,,Rosso,,3XL,,,,39.95,
abito-lungo-monospalla-da-donna-con-spacco-elegante,Abito lungo monospalla da donna con spacco elegante,Colore,Rosso,Taglia,S,,,,34.99,
abito-lungo-monospalla-da-donna-con-spacco-elegante,,,Rosso,,M,,,,34.99,
abito-lungo-monospalla-da-donna-con-spacco-elegante,,,Rosso,,L,,,,34.99,
abito-lungo-monospalla-da-donna-con-spacco-elegante,,,Rosso,,XL,,,,34.99,
abito-lungo-monospalla-da-donna-con-spacco-elegante,,,Rosso,,2XL,,,,34.99,
abito-lungo-monospalla-da-donna-con-spacco-elegante,,,Rosso,,3XL,,,,34.99,
abito-lungo-monospalla-da-donna-con-spacco-elegante,,,Beige,,S,,,,34.99,
abito-lungo-monospalla-da-donna-con-spacco-elegante,,,Beige,,M,,,,34.99,
abito-lungo-monospalla-da-donna-con-spacco-elegante,,,Beige,,L,,,,34.99,
abito-lungo-monospalla-da-donna-con-spacco-elegante,,,Beige,,XL,,,,34.99,
abito-lungo-monospalla-da-donna-con-spacco-elegante,,,Beige,,2XL,,,,34.99,
abito-lungo-monospalla-da-donna-con-spacco-elegante,,,Beige,,3XL,,,,34.99,
abito-lungo-monospalla-da-donna-con-spacco-elegante,,,Blu navy,,S,,,,34.99,
abito-lungo-monospalla-da-donna-con-spacco-elegante,,,Blu navy,,M,,,,34.99,
abito-lungo-monospalla-da-donna-con-spacco-elegante,,,Blu navy,,L,,,,34.99,
abito-lungo-monospalla-da-donna-con-spacco-elegante,,,Blu navy,,XL,,,,34.99,
abito-lungo-monospalla-da-donna-con-spacco-elegante,,,Blu navy,,2XL,,,,34.99,
abito-lungo-monospalla-da-donna-con-spacco-elegante,,,Blu navy,,3XL,,,,34.99,
abito-lungo-monospalla-da-donna-con-spacco-elegante,,,Nero,,S,,,,34.99,
abito-lungo-monospalla-da-donna-con-spacco-elegante,,,Nero,,M,,,,34.99,
abito-lungo-monospalla-da-donna-con-spacco-elegante,,,Nero,,L,,,,34.99,
abito-lungo-monospalla-da-donna-con-spacco-elegante,,,Nero,,XL,,,,34.99,
abito-lungo-monospalla-da-donna-con-spacco-elegante,,,Nero,,2XL,,,,34.99,
abito-lungo-monospalla-da-donna-con-spacco-elegante,,,Nero,,3XL,,,,34.99,
abito-lungo-monospalla-da-donna-con-spacco-elegante,,,Rosa scuro,,S,,,,34.99,
abito-lungo-monospalla-da-donna-con-spacco-elegante,,,Rosa scuro,,M,,,,34.99,
abito-lungo-monospalla-da-donna-con-spacco-elegante,,,Rosa scuro,,L,,,,34.99,
abito-lungo-monospalla-da-donna-con-spacco-elegante,,,Rosa scuro,,XL,,,,34.99,
abito-lungo-monospalla-da-donna-con-spacco-elegante,,,Rosa scuro,,2XL,,,,34.99,
abito-lungo-monospalla-da-donna-con-spacco-elegante,,,Rosa scuro,,3XL,,,,34.99,
abito-corto-da-donna-con-paillettes-e-frange,Abito corto da donna con paillettes e frange,Colore,Nero,Taglia,S,,,,34.99,
abito-corto-da-donna-con-paillettes-e-frange,,,Nero,,M,,,,34.99,
abito-corto-da-donna-con-paillettes-e-frange,,,Nero,,L,,,,34.99,
abito-corto-da-donna-con-paillettes-e-frange,,,Nero,,XL,,,,34.99,
abito-corto-da-donna-con-paillettes-e-frange,,,Nero,,2XL,,,,34.99,
abito-corto-da-donna-con-paillettes-e-frange,,,Nero,,3XL,,,,34.99,
abito-corto-da-donna-con-paillettes-e-frange,,,Oro rosa,,S,,,,34.99,
abito-corto-da-donna-con-paillettes-e-frange,,,Oro rosa,,M,,,,34.99,
abito-corto-da-donna-con-paillettes-e-frange,,,Oro rosa,,L,,,,34.99,
abito-corto-da-donna-con-paillettes-e-frange,,,Oro rosa,,XL,,,,34.99,
abito-corto-da-donna-con-paillettes-e-frange,,,Oro rosa,,2XL,,,,34.99,
abito-corto-da-donna-con-paillettes-e-frange,,,Oro rosa,,3XL,,,,34.99,
abito-corto-da-donna-con-paillettes-e-frange,,,Rosa,,S,,,,34.99,
abito-corto-da-donna-con-paillettes-e-frange,,,Rosa,,M,,,,34.99,
abito-corto-da-donna-con-paillettes-e-frange,,,Rosa,,L,,,,34.99,
abito-corto-da-donna-con-paillettes-e-frange,,,Rosa,,XL,,,,34.99,
abito-corto-da-donna-con-paillettes-e-frange,,,Rosa,,2XL,,,,34.99,
abito-corto-da-donna-con-paillettes-e-frange,,,Rosa,,3XL,,,,34.99,
abito-corto-da-donna-con-paillettes-e-frange,,,Rosso,,S,,,,34.99,
abito-corto-da-donna-con-paillettes-e-frange,,,Rosso,,M,,,,34.99,
abito-corto-da-donna-con-paillettes-e-frange,,,Rosso,,L,,,,34.99,
abito-corto-da-donna-con-paillettes-e-frange,,,Rosso,,XL,,,,34.99,
abito-corto-da-donna-con-paillettes-e-frange,,,Rosso,,2XL,,,,34.99,
abito-corto-da-donna-con-paillettes-e-frange,,,Rosso,,3XL,,,,34.99,
abito-corto-da-donna-con-paillettes-e-frange,,,Argento,,S,,,,34.99,
abito-corto-da-donna-con-paillettes-e-frange,,,Argento,,M,,,,34.99,
abito-corto-da-donna-con-paillettes-e-frange,,,Argento,,L,,,,34.99,
abito-corto-da-donna-con-paillettes-e-frange,,,Argento,,XL,,,,34.99,
abito-corto-da-donna-con-paillettes-e-frange,,,Argento,,2XL,,,,34.99,
abito-corto-da-donna-con-paillettes-e-frange,,,Argento,,3XL,,,,34.99,
abito-corto-da-donna-con-paillettes-e-frange,,,Blu-verde,,S,,,,34.99,
abito-corto-da-donna-con-paillettes-e-frange,,,Blu-verde,,M,,,,34.99,
abito-corto-da-donna-con-paillettes-e-frange,,,Blu-verde,,L,,,,34.99,
abito-corto-da-donna-con-paillettes-e-frange,,,Blu-verde,,XL,,,,34.99,
abito-corto-da-donna-con-paillettes-e-frange,,,Blu-verde,,2XL,,,,34.99,
abito-corto-da-donna-con-paillettes-e-frange,,,Blu-verde,,3XL,,,,34.99,
abito-blazer-da-donna-con-paillettes-e-cintura,Abito blazer da donna con paillettes e cintura,Colore,Rosso,Taglia,S,,,,54.95,
abito-blazer-da-donna-con-paillettes-e-cintura,,,Rosso,,M,,,,54.95,
abito-blazer-da-donna-con-paillettes-e-cintura,,,Rosso,,L,,,,54.95,
abito-blazer-da-donna-con-paillettes-e-cintura,,,Rosso,,XL,,,,54.95,
abito-blazer-da-donna-con-paillettes-e-cintura,,,Rosso,,2XL,,,,54.95,
abito-blazer-da-donna-con-paillettes-e-cintura,,,Rosso,,3XL,,,,54.95,
abito-blazer-da-donna-con-paillettes-e-cintura,,,Verde,,S,,,,54.95,
abito-blazer-da-donna-con-paillettes-e-cintura,,,Verde,,M,,,,54.95,
abito-blazer-da-donna-con-paillettes-e-cintura,,,Verde,,L,,,,54.95,
abito-blazer-da-donna-con-paillettes-e-cintura,,,Verde,,XL,,,,54.95,
abito-blazer-da-donna-con-paillettes-e-cintura,,,Verde,,2XL,,,,54.95,
abito-blazer-da-donna-con-paillettes-e-cintura,,,Verde,,3XL,,,,54.95,
abito-blazer-da-donna-con-paillettes-e-cintura,,,Blu,,S,,,,54.95,
abito-blazer-da-donna-con-paillettes-e-cintura,,,Blu,,M,,,,54.95,
abito-blazer-da-donna-con-paillettes-e-cintura,,,Blu,,L,,,,54.95,
abito-blazer-da-donna-con-paillettes-e-cintura,,,Blu,,XL,,,,54.95,
abito-blazer-da-donna-con-paillettes-e-cintura,,,Blu,,2XL,,,,54.95,
abito-blazer-da-donna-con-paillettes-e-cintura,,,Blu,,3XL,,,,54.95,
abito-blazer-da-donna-con-paillettes-e-cintura,,,Nero,,S,,,,54.95,
abito-blazer-da-donna-con-paillettes-e-cintura,,,Nero,,M,,,,54.95,
abito-blazer-da-donna-con-paillettes-e-cintura,,,Nero,,L,,,,54.95,
abito-blazer-da-donna-con-paillettes-e-cintura,,,Nero,,XL,,,,54.95,
abito-blazer-da-donna-con-paillettes-e-cintura,,,Nero,,2XL,,,,54.95,
abito-blazer-da-donna-con-paillettes-e-cintura,,,Nero,,3XL,,,,54.95,
sandali-da-donna-con-doppia-fascia-traforata,Sandali da donna con doppia fascia traforata,Colore,Rosso,Taglia,39,,,,39.95,
sandali-da-donna-con-doppia-fascia-traforata,,,Rosso,,40,,,,39.95,
sandali-da-donna-con-doppia-fascia-traforata,,,Rosso,,41,,,,39.95,
sandali-da-donna-con-doppia-fascia-traforata,,,Rosso,,42,,,,39.95,
sandali-da-donna-con-doppia-fascia-traforata,,,Rosso,,43,,,,39.95,
sandali-da-donna-con-doppia-fascia-traforata,,,Rosso,,44,,,,39.95,
sandali-da-donna-con-doppia-fascia-traforata,,,Blu scuro,,39,,,,39.95,
sandali-da-donna-con-doppia-fascia-traforata,,,Blu scuro,,40,,,,39.95,
sandali-da-donna-con-doppia-fascia-traforata,,,Blu scuro,,41,,,,39.95,
sandali-da-donna-con-doppia-fascia-traforata,,,Blu scuro,,42,,,,39.95,
sandali-da-donna-con-doppia-fascia-traforata,,,Blu scuro,,43,,,,39.95,
sandali-da-donna-con-doppia-fascia-traforata,,,Blu scuro,,44,,,,39.95,
sandali-da-donna-con-doppia-fascia-traforata,,,Marrone scuro,,39,,,,39.95,
sandali-da-donna-con-doppia-fascia-traforata,,,Marrone scuro,,40,,,,39.95,
sandali-da-donna-con-doppia-fascia-traforata,,,Marrone scuro,,41,,,,39.95,
sandali-da-donna-con-doppia-fascia-traforata,,,Marrone scuro,,42,,,,39.95,
sandali-da-donna-con-doppia-fascia-traforata,,,Marrone scuro,,43,,,,39.95,
sandali-da-donna-con-doppia-fascia-traforata,,,Marrone scuro,,44,,,,39.95,
sandali-da-donna-con-doppia-fascia-traforata,,,Verde,,39,,,,39.95,
sandali-da-donna-con-doppia-fascia-traforata,,,Verde,,40,,,,39.95,
sandali-da-donna-con-doppia-fascia-traforata,,,Verde,,41,,,,39.95,
sandali-da-donna-con-doppia-fascia-traforata,,,Verde,,42,,,,39.95,
sandali-da-donna-con-doppia-fascia-traforata,,,Verde,,43,,,,39.95,
sandali-da-donna-con-doppia-fascia-traforata,,,Verde,,44,,,,39.95,
sandali-da-donna-con-doppia-fascia-traforata,,,Nero,,39,,,,39.95,
sandali-da-donna-con-doppia-fascia-traforata,,,Nero,,40,,,,39.95,
sandali-da-donna-con-doppia-fascia-traforata,,,Nero,,41,,,,39.95,
sandali-da-donna-con-doppia-fascia-traforata,,,Nero,,42,,,,39.95,
sandali-da-donna-con-doppia-fascia-traforata,,,Nero,,43,,,,39.95,
sandali-da-donna-con-doppia-fascia-traforata,,,Nero,,44,,,,39.95,
sandali-da-donna-con-doppia-fascia-traforata,,,Arancione,,39,,,,39.95,
sandali-da-donna-con-doppia-fascia-traforata,,,Arancione,,40,,,,39.95,
sandali-da-donna-con-doppia-fascia-traforata,,,Arancione,,41,,,,39.95,
sandali-da-donna-con-doppia-fascia-traforata,,,Arancione,,42,,,,39.95,
sandali-da-donna-con-doppia-fascia-traforata,,,Arancione,,43,,,,39.95,
sandali-da-donna-con-doppia-fascia-traforata,,,Arancione,,44,,,,39.95,
pantaloncini-cargo-da-uomo-con-cintura,Pantaloncini cargo da uomo con cintura,Colore,Grigio,Taglia,S,,,,49.95,
pantaloncini-cargo-da-uomo-con-cintura,,,Grigio,,M,,,,49.95,
pantaloncini-cargo-da-uomo-con-cintura,,,Grigio,,L,,,,49.95,
pantaloncini-cargo-da-uomo-con-cintura,,,Grigio,,XL,,,,49.95,
pantaloncini-cargo-da-uomo-con-cintura,,,Grigio,,2XL,,,,49.95,
pantaloncini-cargo-da-uomo-con-cintura,,,Grigio,,3XL,,,,49.95,
pantaloncini-cargo-da-uomo-con-cintura,,,Khaki,,S,,,,49.95,
pantaloncini-cargo-da-uomo-con-cintura,,,Khaki,,M,,,,49.95,
pantaloncini-cargo-da-uomo-con-cintura,,,Khaki,,L,,,,49.95,
pantaloncini-cargo-da-uomo-con-cintura,,,Khaki,,XL,,,,49.95,
pantaloncini-cargo-da-uomo-con-cintura,,,Khaki,,2XL,,,,49.95,
pantaloncini-cargo-da-uomo-con-cintura,,,Khaki,,3XL,,,,49.95,
pantaloncini-cargo-da-uomo-con-cintura,,,Nero,,S,,,,49.95,
pantaloncini-cargo-da-uomo-con-cintura,,,Nero,,M,,,,49.95,
pantaloncini-cargo-da-uomo-con-cintura,,,Nero,,L,,,,49.95,
pantaloncini-cargo-da-uomo-con-cintura,,,Nero,,XL,,,,49.95,
pantaloncini-cargo-da-uomo-con-cintura,,,Nero,,2XL,,,,49.95,
pantaloncini-cargo-da-uomo-con-cintura,,,Nero,,3XL,,,,49.95,
pantaloncini-cargo-da-uomo-con-cintura,,,Blu,,S,,,,49.95,
pantaloncini-cargo-da-uomo-con-cintura,,,Blu,,M,,,,49.95,
pantaloncini-cargo-da-uomo-con-cintura,,,Blu,,L,,,,49.95,
pantaloncini-cargo-da-uomo-con-cintura,,,Blu,,XL,,,,49.95,
pantaloncini-cargo-da-uomo-con-cintura,,,Blu,,2XL,,,,49.95,
pantaloncini-cargo-da-uomo-con-cintura,,,Blu,,3XL,,,,49.95,
pantaloncini-cargo-da-uomo-con-cintura,,,Verde,,S,,,,49.95,
pantaloncini-cargo-da-uomo-con-cintura,,,Verde,,M,,,,49.95,
pantaloncini-cargo-da-uomo-con-cintura,,,Verde,,L,,,,49.95,
pantaloncini-cargo-da-uomo-con-cintura,,,Verde,,XL,,,,49.95,
pantaloncini-cargo-da-uomo-con-cintura,,,Verde,,2XL,,,,49.95,
pantaloncini-cargo-da-uomo-con-cintura,,,Verde,,3XL,,,,49.95,
occhiali-da-sole-squadrati-da-uomo,Occhiali da sole squadrati da uomo,Colore,Quarzo fumé,,,,,,34.95,
occhiali-da-sole-squadrati-da-uomo,,,Fiamma di magma,,,,,,34.95,
occhiali-da-sole-squadrati-da-uomo,,,Nero,,,,,,34.95,
occhiali-da-sole-squadrati-da-uomo,,,Bagliore oceanico,,,,,,34.95,
pantaloncini-casual-da-uomo-con-coulisse,Pantaloncini casual da uomo con coulisse,Colore,Grigio,Taglia,S,,,,44.95,
pantaloncini-casual-da-uomo-con-coulisse,,,Grigio,,M,,,,44.95,
pantaloncini-casual-da-uomo-con-coulisse,,,Grigio,,L,,,,44.95,
pantaloncini-casual-da-uomo-con-coulisse,,,Grigio,,XL,,,,44.95,
pantaloncini-casual-da-uomo-con-coulisse,,,Grigio,,2XL,,,,44.95,
pantaloncini-casual-da-uomo-con-coulisse,,,Grigio,,3XL,,,,44.95,
pantaloncini-casual-da-uomo-con-coulisse,,,Bianco,,S,,,,44.95,
pantaloncini-casual-da-uomo-con-coulisse,,,Bianco,,M,,,,44.95,
pantaloncini-casual-da-uomo-con-coulisse,,,Bianco,,L,,,,44.95,
pantaloncini-casual-da-uomo-con-coulisse,,,Bianco,,XL,,,,44.95,
pantaloncini-casual-da-uomo-con-coulisse,,,Bianco,,2XL,,,,44.95,
pantaloncini-casual-da-uomo-con-coulisse,,,Bianco,,3XL,,,,44.95,
pantaloncini-casual-da-uomo-con-coulisse,,,Rosso,,S,,,,44.95,
pantaloncini-casual-da-uomo-con-coulisse,,,Rosso,,M,,,,44.95,
pantaloncini-casual-da-uomo-con-coulisse,,,Rosso,,L,,,,44.95,
pantaloncini-casual-da-uomo-con-coulisse,,,Rosso,,XL,,,,44.95,
pantaloncini-casual-da-uomo-con-coulisse,,,Rosso,,2XL,,,,44.95,
pantaloncini-casual-da-uomo-con-coulisse,,,Rosso,,3XL,,,,44.95,
pantaloncini-casual-da-uomo-con-coulisse,,,Grigio scuro,,S,,,,44.95,
pantaloncini-casual-da-uomo-con-coulisse,,,Grigio scuro,,M,,,,44.95,
pantaloncini-casual-da-uomo-con-coulisse,,,Grigio scuro,,L,,,,44.95,
pantaloncini-casual-da-uomo-con-coulisse,,,Grigio scuro,,XL,,,,44.95,
pantaloncini-casual-da-uomo-con-coulisse,,,Grigio scuro,,2XL,,,,44.95,
pantaloncini-casual-da-uomo-con-coulisse,,,Grigio scuro,,3XL,,,,44.95,
pantaloncini-casual-da-uomo-con-coulisse,,,Verde,,S,,,,44.95,
pantaloncini-casual-da-uomo-con-coulisse,,,Verde,,M,,,,44.95,
pantaloncini-casual-da-uomo-con-coulisse,,,Verde,,L,,,,44.95,
pantaloncini-casual-da-uomo-con-coulisse,,,Verde,,XL,,,,44.95,
pantaloncini-casual-da-uomo-con-coulisse,,,Verde,,2XL,,,,44.95,
pantaloncini-casual-da-uomo-con-coulisse,,,Verde,,3XL,,,,44.95,
pantaloncini-casual-da-uomo-con-coulisse,,,Cachi,,S,,,,44.95,
pantaloncini-casual-da-uomo-con-coulisse,,,Cachi,,M,,,,44.95,
pantaloncini-casual-da-uomo-con-coulisse,,,Cachi,,L,,,,44.95,
pantaloncini-casual-da-uomo-con-coulisse,,,Cachi,,XL,,,,44.95,
pantaloncini-casual-da-uomo-con-coulisse,,,Cachi,,2XL,,,,44.95,
pantaloncini-casual-da-uomo-con-coulisse,,,Cachi,,3XL,,,,44.95,
pantaloncini-casual-da-uomo-con-coulisse,,,Rosa,,S,,,,44.95,
pantaloncini-casual-da-uomo-con-coulisse,,,Rosa,,M,,,,44.95,
pantaloncini-casual-da-uomo-con-coulisse,,,Rosa,,L,,,,44.95,
pantaloncini-casual-da-uomo-con-coulisse,,,Rosa,,XL,,,,44.95,
pantaloncini-casual-da-uomo-con-coulisse,,,Rosa,,2XL,,,,44.95,
pantaloncini-casual-da-uomo-con-coulisse,,,Rosa,,3XL,,,,44.95,
camicia-a-righe-da-uomo-a-maniche-corte,Camicia a righe da uomo a maniche corte,Colore,Nero,Taglia,S,,,,39.95,
camicia-a-righe-da-uomo-a-maniche-corte,,,Nero,,M,,,,39.95,
camicia-a-righe-da-uomo-a-maniche-corte,,,Nero,,L,,,,39.95,
camicia-a-righe-da-uomo-a-maniche-corte,,,Nero,,XL,,,,39.95,
camicia-a-righe-da-uomo-a-maniche-corte,,,Nero,,2XL,,,,39.95,
camicia-a-righe-da-uomo-a-maniche-corte,,,Nero,,3XL,,,,39.95,
camicia-a-righe-da-uomo-a-maniche-corte,,,Caffè,,S,,,,39.95,
camicia-a-righe-da-uomo-a-maniche-corte,,,Caffè,,M,,,,39.95,
camicia-a-righe-da-uomo-a-maniche-corte,,,Caffè,,L,,,,39.95,
camicia-a-righe-da-uomo-a-maniche-corte,,,Caffè,,XL,,,,39.95,
camicia-a-righe-da-uomo-a-maniche-corte,,,Caffè,,2XL,,,,39.95,
camicia-a-righe-da-uomo-a-maniche-corte,,,Caffè,,3XL,,,,39.95,
bermuda-eleganti-da-uomo-con-cintura,Bermuda eleganti da uomo con cintura,Colore,Bianco,Taglia,S,,,,39.95,
bermuda-eleganti-da-uomo-con-cintura,,,Bianco,,M,,,,39.95,
bermuda-eleganti-da-uomo-con-cintura,,,Bianco,,L,,,,39.95,
bermuda-eleganti-da-uomo-con-cintura,,,Bianco,,XL,,,,39.95,
bermuda-eleganti-da-uomo-con-cintura,,,Bianco,,2XL,,,,39.95,
bermuda-eleganti-da-uomo-con-cintura,,,Bianco,,3XL,,,,39.95,
bermuda-eleganti-da-uomo-con-cintura,,,Grigio,,S,,,,39.95,
bermuda-eleganti-da-uomo-con-cintura,,,Grigio,,M,,,,39.95,
bermuda-eleganti-da-uomo-con-cintura,,,Grigio,,L,,,,39.95,
bermuda-eleganti-da-uomo-con-cintura,,,Grigio,,XL,,,,39.95,
bermuda-eleganti-da-uomo-con-cintura,,,Grigio,,2XL,,,,39.95,
bermuda-eleganti-da-uomo-con-cintura,,,Grigio,,3XL,,,,39.95,
bermuda-eleganti-da-uomo-con-cintura,,,Nero,,S,,,,39.95,
bermuda-eleganti-da-uomo-con-cintura,,,Nero,,M,,,,39.95,
bermuda-eleganti-da-uomo-con-cintura,,,Nero,,L,,,,39.95,
bermuda-eleganti-da-uomo-con-cintura,,,Nero,,XL,,,,39.95,
bermuda-eleganti-da-uomo-con-cintura,,,Nero,,2XL,,,,39.95,
bermuda-eleganti-da-uomo-con-cintura,,,Nero,,3XL,,,,39.95,
bermuda-eleganti-da-uomo-con-cintura,,,Blu,,S,,,,39.95,
bermuda-eleganti-da-uomo-con-cintura,,,Blu,,M,,,,39.95,
bermuda-eleganti-da-uomo-con-cintura,,,Blu,,L,,,,39.95,
bermuda-eleganti-da-uomo-con-cintura,,,Blu,,XL,,,,39.95,
bermuda-eleganti-da-uomo-con-cintura,,,Blu,,2XL,,,,39.95,
bermuda-eleganti-da-uomo-con-cintura,,,Blu,,3XL,,,,39.95,
bermuda-eleganti-da-uomo-con-cintura,,,Cachi,,S,,,,39.95,
bermuda-eleganti-da-uomo-con-cintura,,,Cachi,,M,,,,39.95,
bermuda-eleganti-da-uomo-con-cintura,,,Cachi,,L,,,,39.95,
bermuda-eleganti-da-uomo-con-cintura,,,Cachi,,XL,,,,39.95,
bermuda-eleganti-da-uomo-con-cintura,,,Cachi,,2XL,,,,39.95,
bermuda-eleganti-da-uomo-con-cintura,,,Cachi,,3XL,,,,39.95,
camicia-hawaiana-da-uomo-con-stampa-tropicale,Camicia hawaiana da uomo con stampa tropicale,Colore,A,Taglia,S,,,,44.95,
camicia-hawaiana-da-uomo-con-stampa-tropicale,,,A,,M,,,,44.95,
camicia-hawaiana-da-uomo-con-stampa-tropicale,,,A,,L,,,,44.95,
camicia-hawaiana-da-uomo-con-stampa-tropicale,,,A,,XL,,,,44.95,
camicia-hawaiana-da-uomo-con-stampa-tropicale,,,A,,2XL,,,,44.95,
camicia-hawaiana-da-uomo-con-stampa-tropicale,,,A,,3XL,,,,44.95,
camicia-hawaiana-da-uomo-con-stampa-tropicale,,,B,,S,,,,44.95,
camicia-hawaiana-da-uomo-con-stampa-tropicale,,,B,,M,,,,44.95,
camicia-hawaiana-da-uomo-con-stampa-tropicale,,,B,,L,,,,44.95,
camicia-hawaiana-da-uomo-con-stampa-tropicale,,,B,,XL,,,,44.95,
camicia-hawaiana-da-uomo-con-stampa-tropicale,,,B,,2XL,,,,44.95,
camicia-hawaiana-da-uomo-con-stampa-tropicale,,,B,,3XL,,,,44.95,
camicia-hawaiana-da-uomo-con-stampa-tropicale,,,C,,S,,,,44.95,
camicia-hawaiana-da-uomo-con-stampa-tropicale,,,C,,M,,,,44.95,
camicia-hawaiana-da-uomo-con-stampa-tropicale,,,C,,L,,,,44.95,
camicia-hawaiana-da-uomo-con-stampa-tropicale,,,C,,XL,,,,44.95,
camicia-hawaiana-da-uomo-con-stampa-tropicale,,,C,,2XL,,,,44.95,
camicia-hawaiana-da-uomo-con-stampa-tropicale,,,C,,3XL,,,,44.95,
camicia-hawaiana-da-uomo-con-stampa-tropicale,,,D,,S,,,,44.95,
camicia-hawaiana-da-uomo-con-stampa-tropicale,,,D,,M,,,,44.95,
camicia-hawaiana-da-uomo-con-stampa-tropicale,,,D,,L,,,,44.95,
camicia-hawaiana-da-uomo-con-stampa-tropicale,,,D,,XL,,,,44.95,
camicia-hawaiana-da-uomo-con-stampa-tropicale,,,D,,2XL,,,,44.95,
camicia-hawaiana-da-uomo-con-stampa-tropicale,,,D,,3XL,,,,44.95,
camicia-hawaiana-da-uomo-con-stampa-tropicale,,,E,,S,,,,44.95,
camicia-hawaiana-da-uomo-con-stampa-tropicale,,,E,,M,,,,44.95,
camicia-hawaiana-da-uomo-con-stampa-tropicale,,,E,,L,,,,44.95,
camicia-hawaiana-da-uomo-con-stampa-tropicale,,,E,,XL,,,,44.95,
camicia-hawaiana-da-uomo-con-stampa-tropicale,,,E,,2XL,,,,44.95,
camicia-hawaiana-da-uomo-con-stampa-tropicale,,,E,,3XL,,,,44.95,
camicia-hawaiana-da-uomo-con-stampa-tropicale,,,F,,S,,,,44.95,
camicia-hawaiana-da-uomo-con-stampa-tropicale,,,F,,M,,,,44.95,
camicia-hawaiana-da-uomo-con-stampa-tropicale,,,F,,L,,,,44.95,
camicia-hawaiana-da-uomo-con-stampa-tropicale,,,F,,XL,,,,44.95,
camicia-hawaiana-da-uomo-con-stampa-tropicale,,,F,,2XL,,,,44.95,
camicia-hawaiana-da-uomo-con-stampa-tropicale,,,F,,3XL,,,,44.95,
camicia-hawaiana-da-uomo-con-stampa-tropicale,,,G,,S,,,,44.95,
camicia-hawaiana-da-uomo-con-stampa-tropicale,,,G,,M,,,,44.95,
camicia-hawaiana-da-uomo-con-stampa-tropicale,,,G,,L,,,,44.95,
camicia-hawaiana-da-uomo-con-stampa-tropicale,,,G,,XL,,,,44.95,
camicia-hawaiana-da-uomo-con-stampa-tropicale,,,G,,2XL,,,,44.95,
camicia-hawaiana-da-uomo-con-stampa-tropicale,,,G,,3XL,,,,44.95,
set-estivo-da-uomo-con-polo-e-pantaloncini,Set estivo da uomo con polo e pantaloncini,Colore,Blu,Taglia,S,,,,49.95,
set-estivo-da-uomo-con-polo-e-pantaloncini,,,Blu,,M,,,,49.95,
set-estivo-da-uomo-con-polo-e-pantaloncini,,,Blu,,L,,,,49.95,
set-estivo-da-uomo-con-polo-e-pantaloncini,,,Blu,,XL,,,,49.95,
set-estivo-da-uomo-con-polo-e-pantaloncini,,,Blu,,2XL,,,,49.95,
set-estivo-da-uomo-con-polo-e-pantaloncini,,,Blu,,3XL,,,,49.95,
set-estivo-da-uomo-con-polo-e-pantaloncini,,,Arancione,,S,,,,49.95,
set-estivo-da-uomo-con-polo-e-pantaloncini,,,Arancione,,M,,,,49.95,
set-estivo-da-uomo-con-polo-e-pantaloncini,,,Arancione,,L,,,,49.95,
set-estivo-da-uomo-con-polo-e-pantaloncini,,,Arancione,,XL,,,,49.95,
set-estivo-da-uomo-con-polo-e-pantaloncini,,,Arancione,,2XL,,,,49.95,
set-estivo-da-uomo-con-polo-e-pantaloncini,,,Arancione,,3XL,,,,49.95,
set-estivo-da-uomo-con-polo-e-pantaloncini,,,Rosso,,S,,,,49.95,
set-estivo-da-uomo-con-polo-e-pantaloncini,,,Rosso,,M,,,,49.95,
set-estivo-da-uomo-con-polo-e-pantaloncini,,,Rosso,,L,,,,49.95,
set-estivo-da-uomo-con-polo-e-pantaloncini,,,Rosso,,XL,,,,49.95,
set-estivo-da-uomo-con-polo-e-pantaloncini,,,Rosso,,2XL,,,,49.95,
set-estivo-da-uomo-con-polo-e-pantaloncini,,,Rosso,,3XL,,,,49.95,
set-estivo-da-uomo-con-polo-e-pantaloncini,,,Grigio,,S,,,,49.95,
set-estivo-da-uomo-con-polo-e-pantaloncini,,,Grigio,,M,,,,49.95,
set-estivo-da-uomo-con-polo-e-pantaloncini,,,Grigio,,L,,,,49.95,
set-estivo-da-uomo-con-polo-e-pantaloncini,,,Grigio,,XL,,,,49.95,
set-estivo-da-uomo-con-polo-e-pantaloncini,,,Grigio,,2XL,,,,49.95,
set-estivo-da-uomo-con-polo-e-pantaloncini,,,Grigio,,3XL,,,,49.95,
set-estivo-da-uomo-con-polo-e-pantaloncini,,,Grigio scuro,,S,,,,49.95,
set-estivo-da-uomo-con-polo-e-pantaloncini,,,Grigio scuro,,M,,,,49.95,
set-estivo-da-uomo-con-polo-e-pantaloncini,,,Grigio scuro,,L,,,,49.95,
set-estivo-da-uomo-con-polo-e-pantaloncini,,,Grigio scuro,,XL,,,,49.95,
set-estivo-da-uomo-con-polo-e-pantaloncini,,,Grigio scuro,,2XL,,,,49.95,
set-estivo-da-uomo-con-polo-e-pantaloncini,,,Grigio scuro,,3XL,,,,49.95,
set-estivo-da-uomo-con-polo-e-pantaloncini,,,Verde,,S,,,,49.95,
set-estivo-da-uomo-con-polo-e-pantaloncini,,,Verde,,M,,,,49.95,
set-estivo-da-uomo-con-polo-e-pantaloncini,,,Verde,,L,,,,49.95,
set-estivo-da-uomo-con-polo-e-pantaloncini,,,Verde,,XL,,,,49.95,
set-estivo-da-uomo-con-polo-e-pantaloncini,,,Verde,,2XL,,,,49.95,
set-estivo-da-uomo-con-polo-e-pantaloncini,,,Verde,,3XL,,,,49.95,
set-estivo-da-uomo-con-polo-e-pantaloncini,,,Blu navy,,S,,,,49.95,
set-estivo-da-uomo-con-polo-e-pantaloncini,,,Blu navy,,M,,,,49.95,
set-estivo-da-uomo-con-polo-e-pantaloncini,,,Blu navy,,L,,,,49.95,
set-estivo-da-uomo-con-polo-e-pantaloncini,,,Blu navy,,XL,,,,49.95,
set-estivo-da-uomo-con-polo-e-pantaloncini,,,Blu navy,,2XL,,,,49.95,
set-estivo-da-uomo-con-polo-e-pantaloncini,,,Blu navy,,3XL,,,,49.95,
set-estivo-da-uomo-con-polo-e-pantaloncini,,,Blu scuro,,S,,,,49.95,
set-estivo-da-uomo-con-polo-e-pantaloncini,,,Blu scuro,,M,,,,49.95,
set-estivo-da-uomo-con-polo-e-pantaloncini,,,Blu scuro,,L,,,,49.95,
set-estivo-da-uomo-con-polo-e-pantaloncini,,,Blu scuro,,XL,,,,49.95,
set-estivo-da-uomo-con-polo-e-pantaloncini,,,Blu scuro,,2XL,,,,49.95,
set-estivo-da-uomo-con-polo-e-pantaloncini,,,Blu scuro,,3XL,,,,49.95,
set-estivo-da-uomo-con-polo-e-pantaloncini,,,Bianco,,S,,,,49.95,
set-estivo-da-uomo-con-polo-e-pantaloncini,,,Bianco,,M,,,,49.95,
set-estivo-da-uomo-con-polo-e-pantaloncini,,,Bianco,,L,,,,49.95,
set-estivo-da-uomo-con-polo-e-pantaloncini,,,Bianco,,XL,,,,49.95,
set-estivo-da-uomo-con-polo-e-pantaloncini,,,Bianco,,2XL,,,,49.95,
set-estivo-da-uomo-con-polo-e-pantaloncini,,,Bianco,,3XL,,,,49.95,
espadrillas-slip-on-casual-da-uomo,Espadrillas Slip-On Casual da Uomo,Colore,Blu,Taglia,39,,,,54.95,
espadrillas-slip-on-casual-da-uomo,,,Blu,,40,,,,54.95,
espadrillas-slip-on-casual-da-uomo,,,Blu,,41,,,,54.95,
espadrillas-slip-on-casual-da-uomo,,,Blu,,42,,,,54.95,
espadrillas-slip-on-casual-da-uomo,,,Blu,,43,,,,54.95,
espadrillas-slip-on-casual-da-uomo,,,Grigio,,39,,,,54.95,
espadrillas-slip-on-casual-da-uomo,,,Grigio,,40,,,,54.95,
espadrillas-slip-on-casual-da-uomo,,,Grigio,,41,,,,54.95,
espadrillas-slip-on-casual-da-uomo,,,Grigio,,42,,,,54.95,
espadrillas-slip-on-casual-da-uomo,,,Grigio,,43,,,,54.95,
espadrillas-slip-on-casual-da-uomo,,,Nero,,39,,,,54.95,
espadrillas-slip-on-casual-da-uomo,,,Nero,,40,,,,54.95,
espadrillas-slip-on-casual-da-uomo,,,Nero,,41,,,,54.95,
espadrillas-slip-on-casual-da-uomo,,,Nero,,42,,,,54.95,
espadrillas-slip-on-casual-da-uomo,,,Nero,,43,,,,54.95,
pantaloncini-da-bagno-da-uomo-con-tasca-per-telefono,Pantaloncini da bagno da uomo con tasca per telefono,Colore,Nero,Taglia,S,,,,39.95,
pantaloncini-da-bagno-da-uomo-con-tasca-per-telefono,,,Nero,,M,,,,39.95,
pantaloncini-da-bagno-da-uomo-con-tasca-per-telefono,,,Nero,,L,,,,39.95,
pantaloncini-da-bagno-da-uomo-con-tasca-per-telefono,,,Nero,,XL,,,,39.95,
pantaloncini-da-bagno-da-uomo-con-tasca-per-telefono,,,Nero,,2XL,,,,39.95,
pantaloncini-da-bagno-da-uomo-con-tasca-per-telefono,,,Nero,,3XL,,,,39.95,
pantaloncini-da-bagno-da-uomo-con-tasca-per-telefono,,,Verde,,S,,,,39.95,
pantaloncini-da-bagno-da-uomo-con-tasca-per-telefono,,,Verde,,M,,,,39.95,
pantaloncini-da-bagno-da-uomo-con-tasca-per-telefono,,,Verde,,L,,,,39.95,
pantaloncini-da-bagno-da-uomo-con-tasca-per-telefono,,,Verde,,XL,,,,39.95,
pantaloncini-da-bagno-da-uomo-con-tasca-per-telefono,,,Verde,,2XL,,,,39.95,
pantaloncini-da-bagno-da-uomo-con-tasca-per-telefono,,,Verde,,3XL,,,,39.95,
pantaloncini-da-bagno-da-uomo-con-tasca-per-telefono,,,Blu,,S,,,,39.95,
pantaloncini-da-bagno-da-uomo-con-tasca-per-telefono,,,Blu,,M,,,,39.95,
pantaloncini-da-bagno-da-uomo-con-tasca-per-telefono,,,Blu,,L,,,,39.95,
pantaloncini-da-bagno-da-uomo-con-tasca-per-telefono,,,Blu,,XL,,,,39.95,
pantaloncini-da-bagno-da-uomo-con-tasca-per-telefono,,,Blu,,2XL,,,,39.95,
pantaloncini-da-bagno-da-uomo-con-tasca-per-telefono,,,Blu,,3XL,,,,39.95,
polo-testurizzata-da-uomo-a-maniche-corte,Polo testurizzata da uomo a maniche corte,Colore,Bianco,Taglia,S,,,,39.95,
polo-testurizzata-da-uomo-a-maniche-corte,,,Bianco,,M,,,,39.95,
polo-testurizzata-da-uomo-a-maniche-corte,,,Bianco,,L,,,,39.95,
polo-testurizzata-da-uomo-a-maniche-corte,,,Bianco,,XL,,,,39.95,
polo-testurizzata-da-uomo-a-maniche-corte,,,Bianco,,2XL,,,,39.95,
polo-testurizzata-da-uomo-a-maniche-corte,,,Bianco,,3XL,,,,39.95,
polo-testurizzata-da-uomo-a-maniche-corte,,,Beige,,S,,,,39.95,
polo-testurizzata-da-uomo-a-maniche-corte,,,Beige,,M,,,,39.95,
polo-testurizzata-da-uomo-a-maniche-corte,,,Beige,,L,,,,39.95,
polo-testurizzata-da-uomo-a-maniche-corte,,,Beige,,XL,,,,39.95,
polo-testurizzata-da-uomo-a-maniche-corte,,,Beige,,2XL,,,,39.95,
polo-testurizzata-da-uomo-a-maniche-corte,,,Beige,,3XL,,,,39.95,
polo-testurizzata-da-uomo-a-maniche-corte,,,Nero,,S,,,,39.95,
polo-testurizzata-da-uomo-a-maniche-corte,,,Nero,,M,,,,39.95,
polo-testurizzata-da-uomo-a-maniche-corte,,,Nero,,L,,,,39.95,
polo-testurizzata-da-uomo-a-maniche-corte,,,Nero,,XL,,,,39.95,
polo-testurizzata-da-uomo-a-maniche-corte,,,Nero,,2XL,,,,39.95,
polo-testurizzata-da-uomo-a-maniche-corte,,,Nero,,3XL,,,,39.95,
polo-testurizzata-da-uomo-a-maniche-corte,,,Grigio,,S,,,,39.95,
polo-testurizzata-da-uomo-a-maniche-corte,,,Grigio,,M,,,,39.95,
polo-testurizzata-da-uomo-a-maniche-corte,,,Grigio,,L,,,,39.95,
polo-testurizzata-da-uomo-a-maniche-corte,,,Grigio,,XL,,,,39.95,
polo-testurizzata-da-uomo-a-maniche-corte,,,Grigio,,2XL,,,,39.95,
polo-testurizzata-da-uomo-a-maniche-corte,,,Grigio,,3XL,,,,39.95,
polo-testurizzata-da-uomo-a-maniche-corte,,,Blu,,S,,,,39.95,
polo-testurizzata-da-uomo-a-maniche-corte,,,Blu,,M,,,,39.95,
polo-testurizzata-da-uomo-a-maniche-corte,,,Blu,,L,,,,39.95,
polo-testurizzata-da-uomo-a-maniche-corte,,,Blu,,XL,,,,39.95,
polo-testurizzata-da-uomo-a-maniche-corte,,,Blu,,2XL,,,,39.95,
polo-testurizzata-da-uomo-a-maniche-corte,,,Blu,,3XL,,,,39.95,
occhiali-da-sole-da-uomo-per-uso-quotidiano,Occhiali da sole da uomo per uso quotidiano,Colore,Grigio,,,,,,34.95,
occhiali-da-sole-da-uomo-per-uso-quotidiano,,,Nero,,,,,,34.95,
occhiali-da-sole-da-uomo-per-uso-quotidiano,,,Oro,,,,,,34.95,
mouwloze-top-dames-luchtige-v-hals-zomers-knoopdetail,Canotta da donna per uso quotidiano,Colore,Verde,Taglia,S,,,,29.95,
mouwloze-top-dames-luchtige-v-hals-zomers-knoopdetail,,,Verde,,M,,,,29.95,
mouwloze-top-dames-luchtige-v-hals-zomers-knoopdetail,,,Verde,,L,,,,29.95,
mouwloze-top-dames-luchtige-v-hals-zomers-knoopdetail,,,Verde,,XL,,,,29.95,
mouwloze-top-dames-luchtige-v-hals-zomers-knoopdetail,,,Verde,,2XL,,,,29.95,
mouwloze-top-dames-luchtige-v-hals-zomers-knoopdetail,,,Verde,,3XL,,,,29.95,
mouwloze-top-dames-luchtige-v-hals-zomers-knoopdetail,,,Verde,,4XL,,,,29.95,
mouwloze-top-dames-luchtige-v-hals-zomers-knoopdetail,,,Bianco,,S,,,,29.95,
mouwloze-top-dames-luchtige-v-hals-zomers-knoopdetail,,,Bianco,,M,,,,29.95,
mouwloze-top-dames-luchtige-v-hals-zomers-knoopdetail,,,Bianco,,L,,,,29.95,
mouwloze-top-dames-luchtige-v-hals-zomers-knoopdetail,,,Bianco,,XL,,,,29.95,
mouwloze-top-dames-luchtige-v-hals-zomers-knoopdetail,,,Bianco,,2XL,,,,29.95,
mouwloze-top-dames-luchtige-v-hals-zomers-knoopdetail,,,Bianco,,3XL,,,,29.95,
mouwloze-top-dames-luchtige-v-hals-zomers-knoopdetail,,,Bianco,,4XL,,,,29.95,
mouwloze-top-dames-luchtige-v-hals-zomers-knoopdetail,,,Nero,,S,,,,29.95,
mouwloze-top-dames-luchtige-v-hals-zomers-knoopdetail,,,Nero,,M,,,,29.95,
mouwloze-top-dames-luchtige-v-hals-zomers-knoopdetail,,,Nero,,L,,,,29.95,
mouwloze-top-dames-luchtige-v-hals-zomers-knoopdetail,,,Nero,,XL,,,,29.95,
mouwloze-top-dames-luchtige-v-hals-zomers-knoopdetail,,,Nero,,2XL,,,,29.95,
mouwloze-top-dames-luchtige-v-hals-zomers-knoopdetail,,,Nero,,3XL,,,,29.95,
mouwloze-top-dames-luchtige-v-hals-zomers-knoopdetail,,,Nero,,4XL,,,,29.95,
mouwloze-top-dames-luchtige-v-hals-zomers-knoopdetail,,,Grigio,,S,,,,29.95,
mouwloze-top-dames-luchtige-v-hals-zomers-knoopdetail,,,Grigio,,M,,,,29.95,
mouwloze-top-dames-luchtige-v-hals-zomers-knoopdetail,,,Grigio,,L,,,,29.95,
mouwloze-top-dames-luchtige-v-hals-zomers-knoopdetail,,,Grigio,,XL,,,,29.95,
mouwloze-top-dames-luchtige-v-hals-zomers-knoopdetail,,,Grigio,,2XL,,,,29.95,
mouwloze-top-dames-luchtige-v-hals-zomers-knoopdetail,,,Grigio,,3XL,,,,29.95,
mouwloze-top-dames-luchtige-v-hals-zomers-knoopdetail,,,Grigio,,4XL,,,,29.95,
mouwloze-top-dames-luchtige-v-hals-zomers-knoopdetail,,,Blu,,S,,,,29.95,
mouwloze-top-dames-luchtige-v-hals-zomers-knoopdetail,,,Blu,,M,,,,29.95,
mouwloze-top-dames-luchtige-v-hals-zomers-knoopdetail,,,Blu,,L,,,,29.95,
mouwloze-top-dames-luchtige-v-hals-zomers-knoopdetail,,,Blu,,XL,,,,29.95,
mouwloze-top-dames-luchtige-v-hals-zomers-knoopdetail,,,Blu,,2XL,,,,29.95,
mouwloze-top-dames-luchtige-v-hals-zomers-knoopdetail,,,Blu,,3XL,,,,29.95,
mouwloze-top-dames-luchtige-v-hals-zomers-knoopdetail,,,Blu,,4XL,,,,29.95,
mouwloze-top-dames-luchtige-v-hals-zomers-knoopdetail,,,Arancione,,S,,,,29.95,
mouwloze-top-dames-luchtige-v-hals-zomers-knoopdetail,,,Arancione,,M,,,,29.95,
mouwloze-top-dames-luchtige-v-hals-zomers-knoopdetail,,,Arancione,,L,,,,29.95,
mouwloze-top-dames-luchtige-v-hals-zomers-knoopdetail,,,Arancione,,XL,,,,29.95,
mouwloze-top-dames-luchtige-v-hals-zomers-knoopdetail,,,Arancione,,2XL,,,,29.95,
mouwloze-top-dames-luchtige-v-hals-zomers-knoopdetail,,,Arancione,,3XL,,,,29.95,
mouwloze-top-dames-luchtige-v-hals-zomers-knoopdetail,,,Arancione,,4XL,,,,29.95,
mouwloze-top-dames-luchtige-v-hals-zomers-knoopdetail,,,Verde chiaro,,S,,,,29.95,
mouwloze-top-dames-luchtige-v-hals-zomers-knoopdetail,,,Verde chiaro,,M,,,,29.95,
mouwloze-top-dames-luchtige-v-hals-zomers-knoopdetail,,,Verde chiaro,,L,,,,29.95,
mouwloze-top-dames-luchtige-v-hals-zomers-knoopdetail,,,Verde chiaro,,XL,,,,29.95,
mouwloze-top-dames-luchtige-v-hals-zomers-knoopdetail,,,Verde chiaro,,2XL,,,,29.95,
mouwloze-top-dames-luchtige-v-hals-zomers-knoopdetail,,,Verde chiaro,,3XL,,,,29.95,
mouwloze-top-dames-luchtige-v-hals-zomers-knoopdetail,,,Verde chiaro,,4XL,,,,29.95,
pantaloni-capri-da-donna-per-uso-quotidiano,Pantaloni capri da donna per uso quotidiano,Colore,Bianco,Taglia,S,,,,29.95,
pantaloni-capri-da-donna-per-uso-quotidiano,,,Bianco,,M,,,,29.95,
pantaloni-capri-da-donna-per-uso-quotidiano,,,Bianco,,L,,,,29.95,
pantaloni-capri-da-donna-per-uso-quotidiano,,,Bianco,,XL,,,,29.95,
pantaloni-capri-da-donna-per-uso-quotidiano,,,Bianco,,2XL,,,,29.95,
pantaloni-capri-da-donna-per-uso-quotidiano,,,Bianco,,3XL,,,,29.95,
pantaloni-capri-da-donna-per-uso-quotidiano,,,Cachi,,S,,,,29.95,
pantaloni-capri-da-donna-per-uso-quotidiano,,,Cachi,,M,,,,29.95,
pantaloni-capri-da-donna-per-uso-quotidiano,,,Cachi,,L,,,,29.95,
pantaloni-capri-da-donna-per-uso-quotidiano,,,Cachi,,XL,,,,29.95,
pantaloni-capri-da-donna-per-uso-quotidiano,,,Cachi,,2XL,,,,29.95,
pantaloni-capri-da-donna-per-uso-quotidiano,,,Cachi,,3XL,,,,29.95,
pantaloni-capri-da-donna-per-uso-quotidiano,,,Azzurro chiaro,,S,,,,29.95,
pantaloni-capri-da-donna-per-uso-quotidiano,,,Azzurro chiaro,,M,,,,29.95,
pantaloni-capri-da-donna-per-uso-quotidiano,,,Azzurro chiaro,,L,,,,29.95,
pantaloni-capri-da-donna-per-uso-quotidiano,,,Azzurro chiaro,,XL,,,,29.95,
pantaloni-capri-da-donna-per-uso-quotidiano,,,Azzurro chiaro,,2XL,,,,29.95,
pantaloni-capri-da-donna-per-uso-quotidiano,,,Azzurro chiaro,,3XL,,,,29.95,
pantaloni-capri-da-donna-per-uso-quotidiano,,,Nero,,S,,,,29.95,
pantaloni-capri-da-donna-per-uso-quotidiano,,,Nero,,M,,,,29.95,
pantaloni-capri-da-donna-per-uso-quotidiano,,,Nero,,L,,,,29.95,
pantaloni-capri-da-donna-per-uso-quotidiano,,,Nero,,XL,,,,29.95,
pantaloni-capri-da-donna-per-uso-quotidiano,,,Nero,,2XL,,,,29.95,
pantaloni-capri-da-donna-per-uso-quotidiano,,,Nero,,3XL,,,,29.95,
pantaloni-capri-da-donna-per-uso-quotidiano,,,Verde scuro,,S,,,,29.95,
pantaloni-capri-da-donna-per-uso-quotidiano,,,Verde scuro,,M,,,,29.95,
pantaloni-capri-da-donna-per-uso-quotidiano,,,Verde scuro,,L,,,,29.95,
pantaloni-capri-da-donna-per-uso-quotidiano,,,Verde scuro,,XL,,,,29.95,
pantaloni-capri-da-donna-per-uso-quotidiano,,,Verde scuro,,2XL,,,,29.95,
pantaloni-capri-da-donna-per-uso-quotidiano,,,Verde scuro,,3XL,,,,29.95,
bermuda-da-uomo-per-tempo-libero,Bermuda da uomo per tempo libero,Colore,Blu scuro,Taglia,S,,,,39.95,
bermuda-da-uomo-per-tempo-libero,,,Blu scuro,,M,,,,39.95,
bermuda-da-uomo-per-tempo-libero,,,Blu scuro,,L,,,,39.95,
bermuda-da-uomo-per-tempo-libero,,,Blu scuro,,XL,,,,39.95,
bermuda-da-uomo-per-tempo-libero,,,Blu scuro,,2XL,,,,39.95,
bermuda-da-uomo-per-tempo-libero,,,Blu scuro,,3XL,,,,39.95,
bermuda-da-uomo-per-tempo-libero,,,Verde militare,,S,,,,39.95,
bermuda-da-uomo-per-tempo-libero,,,Verde militare,,M,,,,39.95,
bermuda-da-uomo-per-tempo-libero,,,Verde militare,,L,,,,39.95,
bermuda-da-uomo-per-tempo-libero,,,Verde militare,,XL,,,,39.95,
bermuda-da-uomo-per-tempo-libero,,,Verde militare,,2XL,,,,39.95,
bermuda-da-uomo-per-tempo-libero,,,Verde militare,,3XL,,,,39.95,
bermuda-da-uomo-per-tempo-libero,,,Grigio chiaro,,S,,,,39.95,
bermuda-da-uomo-per-tempo-libero,,,Grigio chiaro,,M,,,,39.95,
bermuda-da-uomo-per-tempo-libero,,,Grigio chiaro,,L,,,,39.95,
bermuda-da-uomo-per-tempo-libero,,,Grigio chiaro,,XL,,,,39.95,
bermuda-da-uomo-per-tempo-libero,,,Grigio chiaro,,2XL,,,,39.95,
bermuda-da-uomo-per-tempo-libero,,,Grigio chiaro,,3XL,,,,39.95,
bermuda-da-uomo-per-tempo-libero,,,Nero,,S,,,,39.95,
bermuda-da-uomo-per-tempo-libero,,,Nero,,M,,,,39.95,
bermuda-da-uomo-per-tempo-libero,,,Nero,,L,,,,39.95,
bermuda-da-uomo-per-tempo-libero,,,Nero,,XL,,,,39.95,
bermuda-da-uomo-per-tempo-libero,,,Nero,,2XL,,,,39.95,
bermuda-da-uomo-per-tempo-libero,,,Nero,,3XL,,,,39.95,
bermuda-da-uomo-per-tempo-libero,,,Cachi,,S,,,,39.95,
bermuda-da-uomo-per-tempo-libero,,,Cachi,,M,,,,39.95,
bermuda-da-uomo-per-tempo-libero,,,Cachi,,L,,,,39.95,
bermuda-da-uomo-per-tempo-libero,,,Cachi,,XL,,,,39.95,
bermuda-da-uomo-per-tempo-libero,,,Cachi,,2XL,,,,39.95,
bermuda-da-uomo-per-tempo-libero,,,Cachi,,3XL,,,,39.95,
bermuda-da-uomo-per-tempo-libero,,,Grigio scuro,,S,,,,39.95,
bermuda-da-uomo-per-tempo-libero,,,Grigio scuro,,M,,,,39.95,
bermuda-da-uomo-per-tempo-libero,,,Grigio scuro,,L,,,,39.95,
bermuda-da-uomo-per-tempo-libero,,,Grigio scuro,,XL,,,,39.95,
bermuda-da-uomo-per-tempo-libero,,,Grigio scuro,,2XL,,,,39.95,
bermuda-da-uomo-per-tempo-libero,,,Grigio scuro,,3XL,,,,39.95,
bermuda-da-uomo-per-tempo-libero,,,Verde,,S,,,,39.95,
bermuda-da-uomo-per-tempo-libero,,,Verde,,M,,,,39.95,
bermuda-da-uomo-per-tempo-libero,,,Verde,,L,,,,39.95,
bermuda-da-uomo-per-tempo-libero,,,Verde,,XL,,,,39.95,
bermuda-da-uomo-per-tempo-libero,,,Verde,,2XL,,,,39.95,
bermuda-da-uomo-per-tempo-libero,,,Verde,,3XL,,,,39.95,
bermuda-da-uomo-per-tempo-libero,,,Azzurro chiaro,,S,,,,39.95,
bermuda-da-uomo-per-tempo-libero,,,Azzurro chiaro,,M,,,,39.95,
bermuda-da-uomo-per-tempo-libero,,,Azzurro chiaro,,L,,,,39.95,
bermuda-da-uomo-per-tempo-libero,,,Azzurro chiaro,,XL,,,,39.95,
bermuda-da-uomo-per-tempo-libero,,,Azzurro chiaro,,2XL,,,,39.95,
bermuda-da-uomo-per-tempo-libero,,,Azzurro chiaro,,3XL,,,,39.95,
bermuda-da-uomo-per-tempo-libero,,,Arancione,,S,,,,39.95,
bermuda-da-uomo-per-tempo-libero,,,Arancione,,M,,,,39.95,
bermuda-da-uomo-per-tempo-libero,,,Arancione,,L,,,,39.95,
bermuda-da-uomo-per-tempo-libero,,,Arancione,,XL,,,,39.95,
bermuda-da-uomo-per-tempo-libero,,,Arancione,,2XL,,,,39.95,
bermuda-da-uomo-per-tempo-libero,,,Arancione,,3XL,,,,39.95,
abito-midi-da-donna-per-giornate-estive-1,Abito midi da donna per giornate estive,Colore,Rosa,Taglia,S,,,,49.95,
abito-midi-da-donna-per-giornate-estive-1,,,Rosa,,M,,,,49.95,
abito-midi-da-donna-per-giornate-estive-1,,,Rosa,,L,,,,49.95,
abito-midi-da-donna-per-giornate-estive-1,,,Rosa,,XL,,,,49.95,
abito-midi-da-donna-per-giornate-estive-1,,,Rosa,,2XL,,,,49.95,
abito-midi-da-donna-per-giornate-estive-1,,,Rosa,,3XL,,,,49.95,
abito-midi-da-donna-per-giornate-estive-1,,,Blu,,S,,,,49.95,
abito-midi-da-donna-per-giornate-estive-1,,,Blu,,M,,,,49.95,
abito-midi-da-donna-per-giornate-estive-1,,,Blu,,L,,,,49.95,
abito-midi-da-donna-per-giornate-estive-1,,,Blu,,XL,,,,49.95,
abito-midi-da-donna-per-giornate-estive-1,,,Blu,,2XL,,,,49.95,
abito-midi-da-donna-per-giornate-estive-1,,,Blu,,3XL,,,,49.95,
abito-midi-da-donna-per-giornate-estive-1,,,Grigio,,S,,,,49.95,
abito-midi-da-donna-per-giornate-estive-1,,,Grigio,,M,,,,49.95,
abito-midi-da-donna-per-giornate-estive-1,,,Grigio,,L,,,,49.95,
abito-midi-da-donna-per-giornate-estive-1,,,Grigio,,XL,,,,49.95,
abito-midi-da-donna-per-giornate-estive-1,,,Grigio,,2XL,,,,49.95,
abito-midi-da-donna-per-giornate-estive-1,,,Grigio,,3XL,,,,49.95,
abito-midi-da-donna-per-giornate-estive-1,,,Rosso,,S,,,,49.95,
abito-midi-da-donna-per-giornate-estive-1,,,Rosso,,M,,,,49.95,
abito-midi-da-donna-per-giornate-estive-1,,,Rosso,,L,,,,49.95,
abito-midi-da-donna-per-giornate-estive-1,,,Rosso,,XL,,,,49.95,
abito-midi-da-donna-per-giornate-estive-1,,,Rosso,,2XL,,,,49.95,
abito-midi-da-donna-per-giornate-estive-1,,,Rosso,,3XL,,,,49.95,
abito-midi-da-donna-per-il-tempo-libero,Abito midi da donna per il tempo libero,Colore,Azzurro chiaro,Taglia,S,,,,39.95,
abito-midi-da-donna-per-il-tempo-libero,,,Azzurro chiaro,,M,,,,39.95,
abito-midi-da-donna-per-il-tempo-libero,,,Azzurro chiaro,,L,,,,39.95,
abito-midi-da-donna-per-il-tempo-libero,,,Azzurro chiaro,,XL,,,,39.95,
abito-midi-da-donna-per-il-tempo-libero,,,Azzurro chiaro,,2XL,,,,39.95,
abito-midi-da-donna-per-il-tempo-libero,,,Azzurro chiaro,,3XL,,,,39.95,
abito-midi-da-donna-per-il-tempo-libero,,,Blu scuro,,S,,,,39.95,
abito-midi-da-donna-per-il-tempo-libero,,,Blu scuro,,M,,,,39.95,
abito-midi-da-donna-per-il-tempo-libero,,,Blu scuro,,L,,,,39.95,
abito-midi-da-donna-per-il-tempo-libero,,,Blu scuro,,XL,,,,39.95,
abito-midi-da-donna-per-il-tempo-libero,,,Blu scuro,,2XL,,,,39.95,
abito-midi-da-donna-per-il-tempo-libero,,,Blu scuro,,3XL,,,,39.95,
abito-midi-da-donna-per-il-tempo-libero,,,Viola,,S,,,,39.95,
abito-midi-da-donna-per-il-tempo-libero,,,Viola,,M,,,,39.95,
abito-midi-da-donna-per-il-tempo-libero,,,Viola,,L,,,,39.95,
abito-midi-da-donna-per-il-tempo-libero,,,Viola,,XL,,,,39.95,
abito-midi-da-donna-per-il-tempo-libero,,,Viola,,2XL,,,,39.95,
abito-midi-da-donna-per-il-tempo-libero,,,Viola,,3XL,,,,39.95,
abito-midi-da-donna-per-il-tempo-libero,,,Nero,,S,,,,39.95,
abito-midi-da-donna-per-il-tempo-libero,,,Nero,,M,,,,39.95,
abito-midi-da-donna-per-il-tempo-libero,,,Nero,,L,,,,39.95,
abito-midi-da-donna-per-il-tempo-libero,,,Nero,,XL,,,,39.95,
abito-midi-da-donna-per-il-tempo-libero,,,Nero,,2XL,,,,39.95,
abito-midi-da-donna-per-il-tempo-libero,,,Nero,,3XL,,,,39.95,
abito-midi-da-donna-per-il-tempo-libero,,,Verde scuro,,S,,,,39.95,
abito-midi-da-donna-per-il-tempo-libero,,,Verde scuro,,M,,,,39.95,
abito-midi-da-donna-per-il-tempo-libero,,,Verde scuro,,L,,,,39.95,
abito-midi-da-donna-per-il-tempo-libero,,,Verde scuro,,XL,,,,39.95,
abito-midi-da-donna-per-il-tempo-libero,,,Verde scuro,,2XL,,,,39.95,
abito-midi-da-donna-per-il-tempo-libero,,,Verde scuro,,3XL,,,,39.95,
abito-midi-da-donna-per-il-tempo-libero,,,Verde chiaro,,S,,,,39.95,
abito-midi-da-donna-per-il-tempo-libero,,,Verde chiaro,,M,,,,39.95,
abito-midi-da-donna-per-il-tempo-libero,,,Verde chiaro,,L,,,,39.95,
abito-midi-da-donna-per-il-tempo-libero,,,Verde chiaro,,XL,,,,39.95,
abito-midi-da-donna-per-il-tempo-libero,,,Verde chiaro,,2XL,,,,39.95,
abito-midi-da-donna-per-il-tempo-libero,,,Verde chiaro,,3XL,,,,39.95,
abito-midi-da-donna-per-il-tempo-libero,,,Verde naturale,,S,,,,39.95,
abito-midi-da-donna-per-il-tempo-libero,,,Verde naturale,,M,,,,39.95,
abito-midi-da-donna-per-il-tempo-libero,,,Verde naturale,,L,,,,39.95,
abito-midi-da-donna-per-il-tempo-libero,,,Verde naturale,,XL,,,,39.95,
abito-midi-da-donna-per-il-tempo-libero,,,Verde naturale,,2XL,,,,39.95,
abito-midi-da-donna-per-il-tempo-libero,,,Verde naturale,,3XL,,,,39.95,
bermuda-da-donna-per-il-tempo-libero,Bermuda da donna per il tempo libero,Orange,Grigio,Taglia,S,,,,34.95,
bermuda-da-donna-per-il-tempo-libero,,,Grigio,,M,,,,34.95,
bermuda-da-donna-per-il-tempo-libero,,,Grigio,,L,,,,34.95,
bermuda-da-donna-per-il-tempo-libero,,,Grigio,,XL,,,,34.95,
bermuda-da-donna-per-il-tempo-libero,,,Grigio,,2XL,,,,34.95,
bermuda-da-donna-per-il-tempo-libero,,,Grigio,,3XL,,,,34.95,
bermuda-da-donna-per-il-tempo-libero,,,Nero,,S,,,,34.95,
bermuda-da-donna-per-il-tempo-libero,,,Nero,,M,,,,34.95,
bermuda-da-donna-per-il-tempo-libero,,,Nero,,L,,,,34.95,
bermuda-da-donna-per-il-tempo-libero,,,Nero,,XL,,,,34.95,
bermuda-da-donna-per-il-tempo-libero,,,Nero,,2XL,,,,34.95,
bermuda-da-donna-per-il-tempo-libero,,,Nero,,3XL,,,,34.95,
bermuda-da-donna-per-il-tempo-libero,,,Marrone,,S,,,,34.95,
bermuda-da-donna-per-il-tempo-libero,,,Marrone,,M,,,,34.95,
bermuda-da-donna-per-il-tempo-libero,,,Marrone,,L,,,,34.95,
bermuda-da-donna-per-il-tempo-libero,,,Marrone,,XL,,,,34.95,
bermuda-da-donna-per-il-tempo-libero,,,Marrone,,2XL,,,,34.95,
bermuda-da-donna-per-il-tempo-libero,,,Marrone,,3XL,,,,34.95,
bermuda-da-donna-per-il-tempo-libero,,,Arancione,,S,,,,34.95,
bermuda-da-donna-per-il-tempo-libero,,,Arancione,,M,,,,34.95,
bermuda-da-donna-per-il-tempo-libero,,,Arancione,,L,,,,34.95,
bermuda-da-donna-per-il-tempo-libero,,,Arancione,,XL,,,,34.95,
bermuda-da-donna-per-il-tempo-libero,,,Arancione,,2XL,,,,34.95,
bermuda-da-donna-per-il-tempo-libero,,,Arancione,,3XL,,,,34.95,
top-da-donna-per-il-tempo-libero,Top da donna per il tempo libero,Colore,Grigio,Taglia,S,,,,29.95,
top-da-donna-per-il-tempo-libero,,,Grigio,,M,,,,29.95,
top-da-donna-per-il-tempo-libero,,,Grigio,,L,,,,29.95,
top-da-donna-per-il-tempo-libero,,,Grigio,,XL,,,,29.95,
top-da-donna-per-il-tempo-libero,,,Grigio,,2XL,,,,29.95,
top-da-donna-per-il-tempo-libero,,,Grigio,,3XL,,,,29.95,
maglietta-da-uomo-a-maniche-corte,Maglietta da uomo a maniche corte,Colore,Azzurro chiaro,Taglia,S,,,,39.95,
maglietta-da-uomo-a-maniche-corte,,,Azzurro chiaro,,M,,,,39.95,
maglietta-da-uomo-a-maniche-corte,,,Azzurro chiaro,,L,,,,39.95,
maglietta-da-uomo-a-maniche-corte,,,Azzurro chiaro,,XL,,,,39.95,
maglietta-da-uomo-a-maniche-corte,,,Azzurro chiaro,,2XL,,,,39.95,
maglietta-da-uomo-a-maniche-corte,,,Azzurro chiaro,,3XL,,,,39.95,
maglietta-da-uomo-a-maniche-corte,,,Verde,,S,,,,39.95,
maglietta-da-uomo-a-maniche-corte,,,Verde,,M,,,,39.95,
maglietta-da-uomo-a-maniche-corte,,,Verde,,L,,,,39.95,
maglietta-da-uomo-a-maniche-corte,,,Verde,,XL,,,,39.95,
maglietta-da-uomo-a-maniche-corte,,,Verde,,2XL,,,,39.95,
maglietta-da-uomo-a-maniche-corte,,,Verde,,3XL,,,,39.95,
maglietta-da-uomo-a-maniche-corte,,,Cachi,,S,,,,39.95,
maglietta-da-uomo-a-maniche-corte,,,Cachi,,M,,,,39.95,
maglietta-da-uomo-a-maniche-corte,,,Cachi,,L,,,,39.95,
maglietta-da-uomo-a-maniche-corte,,,Cachi,,XL,,,,39.95,
maglietta-da-uomo-a-maniche-corte,,,Cachi,,2XL,,,,39.95,
maglietta-da-uomo-a-maniche-corte,,,Cachi,,3XL,,,,39.95,
maglietta-da-uomo-a-maniche-corte,,,Nero,,S,,,,39.95,
maglietta-da-uomo-a-maniche-corte,,,Nero,,M,,,,39.95,
maglietta-da-uomo-a-maniche-corte,,,Nero,,L,,,,39.95,
maglietta-da-uomo-a-maniche-corte,,,Nero,,XL,,,,39.95,
maglietta-da-uomo-a-maniche-corte,,,Nero,,2XL,,,,39.95,
maglietta-da-uomo-a-maniche-corte,,,Nero,,3XL,,,,39.95,
completo-da-uomo-per-uso-quotidiano,Completo da uomo per uso quotidiano,Colore,Nero,Taglia,S,,,,39.95,
completo-da-uomo-per-uso-quotidiano,,,Nero,,M,,,,39.95,
completo-da-uomo-per-uso-quotidiano,,,Nero,,L,,,,39.95,
completo-da-uomo-per-uso-quotidiano,,,Nero,,XL,,,,39.95,
completo-da-uomo-per-uso-quotidiano,,,Nero,,2XL,,,,39.95,
completo-da-uomo-per-uso-quotidiano,,,Nero,,3XL,,,,39.95,
completo-da-uomo-per-uso-quotidiano,,,Grigio,,S,,,,39.95,
completo-da-uomo-per-uso-quotidiano,,,Grigio,,M,,,,39.95,
completo-da-uomo-per-uso-quotidiano,,,Grigio,,L,,,,39.95,
completo-da-uomo-per-uso-quotidiano,,,Grigio,,XL,,,,39.95,
completo-da-uomo-per-uso-quotidiano,,,Grigio,,2XL,,,,39.95,
completo-da-uomo-per-uso-quotidiano,,,Grigio,,3XL,,,,39.95,
completo-da-uomo-per-uso-quotidiano,,,Azzurro chiaro,,S,,,,39.95,
completo-da-uomo-per-uso-quotidiano,,,Azzurro chiaro,,M,,,,39.95,
completo-da-uomo-per-uso-quotidiano,,,Azzurro chiaro,,L,,,,39.95,
completo-da-uomo-per-uso-quotidiano,,,Azzurro chiaro,,XL,,,,39.95,
completo-da-uomo-per-uso-quotidiano,,,Azzurro chiaro,,2XL,,,,39.95,
completo-da-uomo-per-uso-quotidiano,,,Azzurro chiaro,,3XL,,,,39.95,
completo-da-uomo-per-uso-quotidiano,,,Bianco,,S,,,,39.95,
completo-da-uomo-per-uso-quotidiano,,,Bianco,,M,,,,39.95,
completo-da-uomo-per-uso-quotidiano,,,Bianco,,L,,,,39.95,
completo-da-uomo-per-uso-quotidiano,,,Bianco,,XL,,,,39.95,
completo-da-uomo-per-uso-quotidiano,,,Bianco,,2XL,,,,39.95,
completo-da-uomo-per-uso-quotidiano,,,Bianco,,3XL,,,,39.95,
completo-da-uomo-per-uso-quotidiano,,,Blu navy,,S,,,,39.95,
completo-da-uomo-per-uso-quotidiano,,,Blu navy,,M,,,,39.95,
completo-da-uomo-per-uso-quotidiano,,,Blu navy,,L,,,,39.95,
completo-da-uomo-per-uso-quotidiano,,,Blu navy,,XL,,,,39.95,
completo-da-uomo-per-uso-quotidiano,,,Blu navy,,2XL,,,,39.95,
completo-da-uomo-per-uso-quotidiano,,,Blu navy,,3XL,,,,39.95,
completo-da-uomo-per-uso-quotidiano,,,Cachi,,S,,,,39.95,
completo-da-uomo-per-uso-quotidiano,,,Cachi,,M,,,,39.95,
completo-da-uomo-per-uso-quotidiano,,,Cachi,,L,,,,39.95,
completo-da-uomo-per-uso-quotidiano,,,Cachi,,XL,,,,39.95,
completo-da-uomo-per-uso-quotidiano,,,Cachi,,2XL,,,,39.95,
completo-da-uomo-per-uso-quotidiano,,,Cachi,,3XL,,,,39.95,
completo-da-uomo-per-uso-quotidiano,,,Verde,,S,,,,39.95,
completo-da-uomo-per-uso-quotidiano,,,Verde,,M,,,,39.95,
completo-da-uomo-per-uso-quotidiano,,,Verde,,L,,,,39.95,
completo-da-uomo-per-uso-quotidiano,,,Verde,,XL,,,,39.95,
completo-da-uomo-per-uso-quotidiano,,,Verde,,2XL,,,,39.95,
completo-da-uomo-per-uso-quotidiano,,,Verde,,3XL,,,,39.95,
completo-da-uomo-per-uso-quotidiano,,,Blu,,S,,,,39.95,
completo-da-uomo-per-uso-quotidiano,,,Blu,,M,,,,39.95,
completo-da-uomo-per-uso-quotidiano,,,Blu,,L,,,,39.95,
completo-da-uomo-per-uso-quotidiano,,,Blu,,XL,,,,39.95,
completo-da-uomo-per-uso-quotidiano,,,Blu,,2XL,,,,39.95,
completo-da-uomo-per-uso-quotidiano,,,Blu,,3XL,,,,39.95,
sandali-da-donna-per-giornate-estive,Sandali da donna per giornate estive,Colore,Verde scuro,Taglia,36,,,,39.95,
sandali-da-donna-per-giornate-estive,,,Verde scuro,,37,,,,39.95,
sandali-da-donna-per-giornate-estive,,,Verde scuro,,38,,,,39.95,
sandali-da-donna-per-giornate-estive,,,Verde scuro,,39,,,,39.95,
sandali-da-donna-per-giornate-estive,,,Verde scuro,,40,,,,39.95,
sandali-da-donna-per-giornate-estive,,,Verde scuro,,41,,,,39.95,
sandali-da-donna-per-giornate-estive,,,Verde scuro,,42,,,,39.95,
sandali-da-donna-per-giornate-estive,,,Rosso,,36,,,,39.95,
sandali-da-donna-per-giornate-estive,,,Rosso,,37,,,,39.95,
sandali-da-donna-per-giornate-estive,,,Rosso,,38,,,,39.95,
sandali-da-donna-per-giornate-estive,,,Rosso,,39,,,,39.95,
sandali-da-donna-per-giornate-estive,,,Rosso,,40,,,,39.95,
sandali-da-donna-per-giornate-estive,,,Rosso,,41,,,,39.95,
sandali-da-donna-per-giornate-estive,,,Rosso,,42,,,,39.95,
sandali-da-donna-per-giornate-estive,,,Marrone,,36,,,,39.95,
sandali-da-donna-per-giornate-estive,,,Marrone,,37,,,,39.95,
sandali-da-donna-per-giornate-estive,,,Marrone,,38,,,,39.95,
sandali-da-donna-per-giornate-estive,,,Marrone,,39,,,,39.95,
sandali-da-donna-per-giornate-estive,,,Marrone,,40,,,,39.95,
sandali-da-donna-per-giornate-estive,,,Marrone,,41,,,,39.95,
sandali-da-donna-per-giornate-estive,,,Marrone,,42,,,,39.95,
sandali-da-donna-per-giornate-estive,,,Nero,,36,,,,39.95,
sandali-da-donna-per-giornate-estive,,,Nero,,37,,,,39.95,
sandali-da-donna-per-giornate-estive,,,Nero,,38,,,,39.95,
sandali-da-donna-per-giornate-estive,,,Nero,,39,,,,39.95,
sandali-da-donna-per-giornate-estive,,,Nero,,40,,,,39.95,
sandali-da-donna-per-giornate-estive,,,Nero,,41,,,,39.95,
sandali-da-donna-per-giornate-estive,,,Nero,,42,,,,39.95,
sandali-da-donna-per-giornate-estive,,,Nero/Marrone,,36,,,,39.95,
sandali-da-donna-per-giornate-estive,,,Nero/Marrone,,37,,,,39.95,
sandali-da-donna-per-giornate-estive,,,Nero/Marrone,,38,,,,39.95,
sandali-da-donna-per-giornate-estive,,,Nero/Marrone,,39,,,,39.95,
sandali-da-donna-per-giornate-estive,,,Nero/Marrone,,40,,,,39.95,
sandali-da-donna-per-giornate-estive,,,Nero/Marrone,,41,,,,39.95,
sandali-da-donna-per-giornate-estive,,,Nero/Marrone,,42,,,,39.95,
sandali-da-donna-per-giornate-estive,,,Blu scuro/Marrone,,36,,,,39.95,
sandali-da-donna-per-giornate-estive,,,Blu scuro/Marrone,,37,,,,39.95,
sandali-da-donna-per-giornate-estive,,,Blu scuro/Marrone,,38,,,,39.95,
sandali-da-donna-per-giornate-estive,,,Blu scuro/Marrone,,39,,,,39.95,
sandali-da-donna-per-giornate-estive,,,Blu scuro/Marrone,,40,,,,39.95,
sandali-da-donna-per-giornate-estive,,,Blu scuro/Marrone,,41,,,,39.95,
sandali-da-donna-per-giornate-estive,,,Blu scuro/Marrone,,42,,,,39.95,
abito-da-donna-per-la-bella-stagione,Abito da donna per la bella stagione,Colore,Rosso,Taglia,S,,,,39.95,
abito-da-donna-per-la-bella-stagione,,,Rosso,,M,,,,39.95,
abito-da-donna-per-la-bella-stagione,,,Rosso,,L,,,,39.95,
abito-da-donna-per-la-bella-stagione,,,Rosso,,XL,,,,39.95,
abito-da-donna-per-la-bella-stagione,,,Rosso,,2XL,,,,39.95,
abito-da-donna-per-la-bella-stagione,,,Rosso,,3XL,,,,39.95,
abito-da-donna-per-la-bella-stagione,,,Bianco,,S,,,,39.95,
abito-da-donna-per-la-bella-stagione,,,Bianco,,M,,,,39.95,
abito-da-donna-per-la-bella-stagione,,,Bianco,,L,,,,39.95,
abito-da-donna-per-la-bella-stagione,,,Bianco,,XL,,,,39.95,
abito-da-donna-per-la-bella-stagione,,,Bianco,,2XL,,,,39.95,
abito-da-donna-per-la-bella-stagione,,,Bianco,,3XL,,,,39.95,
abito-da-donna-per-la-bella-stagione,,,Verde,,S,,,,39.95,
abito-da-donna-per-la-bella-stagione,,,Verde,,M,,,,39.95,
abito-da-donna-per-la-bella-stagione,,,Verde,,L,,,,39.95,
abito-da-donna-per-la-bella-stagione,,,Verde,,XL,,,,39.95,
abito-da-donna-per-la-bella-stagione,,,Verde,,2XL,,,,39.95,
abito-da-donna-per-la-bella-stagione,,,Verde,,3XL,,,,39.95,
abito-da-donna-per-la-bella-stagione,,,Blu,,S,,,,39.95,
abito-da-donna-per-la-bella-stagione,,,Blu,,M,,,,39.95,
abito-da-donna-per-la-bella-stagione,,,Blu,,L,,,,39.95,
abito-da-donna-per-la-bella-stagione,,,Blu,,XL,,,,39.95,
abito-da-donna-per-la-bella-stagione,,,Blu,,2XL,,,,39.95,
abito-da-donna-per-la-bella-stagione,,,Blu,,3XL,,,,39.95,
abito-da-donna-per-la-bella-stagione,,,Nero,,S,,,,39.95,
abito-da-donna-per-la-bella-stagione,,,Nero,,M,,,,39.95,
abito-da-donna-per-la-bella-stagione,,,Nero,,L,,,,39.95,
abito-da-donna-per-la-bella-stagione,,,Nero,,XL,,,,39.95,
abito-da-donna-per-la-bella-stagione,,,Nero,,2XL,,,,39.95,
abito-da-donna-per-la-bella-stagione,,,Nero,,3XL,,,,39.95,
camicia-da-donna-per-uso-quotidiano,Camicia da donna per uso quotidiano,Colore,Nero,Taglia,S,,,,29.95,
camicia-da-donna-per-uso-quotidiano,,,Nero,,M,,,,29.95,
camicia-da-donna-per-uso-quotidiano,,,Nero,,L,,,,29.95,
camicia-da-donna-per-uso-quotidiano,,,Nero,,XL,,,,29.95,
camicia-da-donna-per-uso-quotidiano,,,Nero,,2XL,,,,29.95,
camicia-da-donna-per-uso-quotidiano,,,Nero,,3XL,,,,29.95,
camicia-da-donna-per-uso-quotidiano,,,Verde,,S,,,,29.95,
camicia-da-donna-per-uso-quotidiano,,,Verde,,M,,,,29.95,
camicia-da-donna-per-uso-quotidiano,,,Verde,,L,,,,29.95,
camicia-da-donna-per-uso-quotidiano,,,Verde,,XL,,,,29.95,
camicia-da-donna-per-uso-quotidiano,,,Verde,,2XL,,,,29.95,
camicia-da-donna-per-uso-quotidiano,,,Verde,,3XL,,,,29.95,
camicia-da-donna-per-uso-quotidiano,,,Blu reale,,S,,,,29.95,
camicia-da-donna-per-uso-quotidiano,,,Blu reale,,M,,,,29.95,
camicia-da-donna-per-uso-quotidiano,,,Blu reale,,L,,,,29.95,
camicia-da-donna-per-uso-quotidiano,,,Blu reale,,XL,,,,29.95,
camicia-da-donna-per-uso-quotidiano,,,Blu reale,,2XL,,,,29.95,
camicia-da-donna-per-uso-quotidiano,,,Blu reale,,3XL,,,,29.95,
camicia-da-donna-per-uso-quotidiano,,,Azzurro chiaro,,S,,,,29.95,
camicia-da-donna-per-uso-quotidiano,,,Azzurro chiaro,,M,,,,29.95,
camicia-da-donna-per-uso-quotidiano,,,Azzurro chiaro,,L,,,,29.95,
camicia-da-donna-per-uso-quotidiano,,,Azzurro chiaro,,XL,,,,29.95,
camicia-da-donna-per-uso-quotidiano,,,Azzurro chiaro,,2XL,,,,29.95,
camicia-da-donna-per-uso-quotidiano,,,Azzurro chiaro,,3XL,,,,29.95,
camicia-da-donna-per-uso-quotidiano,,,Rosa,,S,,,,29.95,
camicia-da-donna-per-uso-quotidiano,,,Rosa,,M,,,,29.95,
camicia-da-donna-per-uso-quotidiano,,,Rosa,,L,,,,29.95,
camicia-da-donna-per-uso-quotidiano,,,Rosa,,XL,,,,29.95,
camicia-da-donna-per-uso-quotidiano,,,Rosa,,2XL,,,,29.95,
camicia-da-donna-per-uso-quotidiano,,,Rosa,,3XL,,,,29.95,
camicia-da-donna-per-uso-quotidiano,,,Grigio,,S,,,,29.95,
camicia-da-donna-per-uso-quotidiano,,,Grigio,,M,,,,29.95,
camicia-da-donna-per-uso-quotidiano,,,Grigio,,L,,,,29.95,
camicia-da-donna-per-uso-quotidiano,,,Grigio,,XL,,,,29.95,
camicia-da-donna-per-uso-quotidiano,,,Grigio,,2XL,,,,29.95,
camicia-da-donna-per-uso-quotidiano,,,Grigio,,3XL,,,,29.95,
camicia-da-donna-per-uso-quotidiano,,,Bianco,,S,,,,29.95,
camicia-da-donna-per-uso-quotidiano,,,Bianco,,M,,,,29.95,
camicia-da-donna-per-uso-quotidiano,,,Bianco,,L,,,,29.95,
camicia-da-donna-per-uso-quotidiano,,,Bianco,,XL,,,,29.95,
camicia-da-donna-per-uso-quotidiano,,,Bianco,,2XL,,,,29.95,
camicia-da-donna-per-uso-quotidiano,,,Bianco,,3XL,,,,29.95,
camicia-da-donna-per-uso-quotidiano,,,Marrone,,S,,,,29.95,
camicia-da-donna-per-uso-quotidiano,,,Marrone,,M,,,,29.95,
camicia-da-donna-per-uso-quotidiano,,,Marrone,,L,,,,29.95,
camicia-da-donna-per-uso-quotidiano,,,Marrone,,XL,,,,29.95,
camicia-da-donna-per-uso-quotidiano,,,Marrone,,2XL,,,,29.95,
camicia-da-donna-per-uso-quotidiano,,,Marrone,,3XL,,,,29.95,
camicia-da-donna-per-uso-quotidiano,,,Viola,,S,,,,29.95,
camicia-da-donna-per-uso-quotidiano,,,Viola,,M,,,,29.95,
camicia-da-donna-per-uso-quotidiano,,,Viola,,L,,,,29.95,
camicia-da-donna-per-uso-quotidiano,,,Viola,,XL,,,,29.95,
camicia-da-donna-per-uso-quotidiano,,,Viola,,2XL,,,,29.95,
camicia-da-donna-per-uso-quotidiano,,,Viola,,3XL,,,,29.95,
camicia-da-donna-per-il-tempo-libero,Camicia da donna per il tempo libero,Colore,Blu,Taglia,S,,,,29.95,
camicia-da-donna-per-il-tempo-libero,,,Blu,,M,,,,29.95,
camicia-da-donna-per-il-tempo-libero,,,Blu,,L,,,,29.95,
camicia-da-donna-per-il-tempo-libero,,,Blu,,XL,,,,29.95,
camicia-da-donna-per-il-tempo-libero,,,Blu,,2XL,,,,29.95,
camicia-da-donna-per-il-tempo-libero,,,Blu,,3XL,,,,29.95,
camicia-da-donna-per-il-tempo-libero,,,Rosso,,S,,,,29.95,
camicia-da-donna-per-il-tempo-libero,,,Rosso,,M,,,,29.95,
camicia-da-donna-per-il-tempo-libero,,,Rosso,,L,,,,29.95,
camicia-da-donna-per-il-tempo-libero,,,Rosso,,XL,,,,29.95,
camicia-da-donna-per-il-tempo-libero,,,Rosso,,2XL,,,,29.95,
camicia-da-donna-per-il-tempo-libero,,,Rosso,,3XL,,,,29.95,
camicia-da-donna-per-il-tempo-libero,,,Viola,,S,,,,29.95,
camicia-da-donna-per-il-tempo-libero,,,Viola,,M,,,,29.95,
camicia-da-donna-per-il-tempo-libero,,,Viola,,L,,,,29.95,
camicia-da-donna-per-il-tempo-libero,,,Viola,,XL,,,,29.95,
camicia-da-donna-per-il-tempo-libero,,,Viola,,2XL,,,,29.95,
camicia-da-donna-per-il-tempo-libero,,,Viola,,3XL,,,,29.95,
camicia-da-donna-per-il-tempo-libero,,,Giallo,,S,,,,29.95,
camicia-da-donna-per-il-tempo-libero,,,Giallo,,M,,,,29.95,
camicia-da-donna-per-il-tempo-libero,,,Giallo,,L,,,,29.95,
camicia-da-donna-per-il-tempo-libero,,,Giallo,,XL,,,,29.95,
camicia-da-donna-per-il-tempo-libero,,,Giallo,,2XL,,,,29.95,
camicia-da-donna-per-il-tempo-libero,,,Giallo,,3XL,,,,29.95,
camicia-da-donna-per-il-tempo-libero,,,Arancione,,S,,,,29.95,
camicia-da-donna-per-il-tempo-libero,,,Arancione,,M,,,,29.95,
camicia-da-donna-per-il-tempo-libero,,,Arancione,,L,,,,29.95,
camicia-da-donna-per-il-tempo-libero,,,Arancione,,XL,,,,29.95,
camicia-da-donna-per-il-tempo-libero,,,Arancione,,2XL,,,,29.95,
camicia-da-donna-per-il-tempo-libero,,,Arancione,,3XL,,,,29.95,
camicia-da-donna-per-il-tempo-libero,,,Grigio,,S,,,,29.95,
camicia-da-donna-per-il-tempo-libero,,,Grigio,,M,,,,29.95,
camicia-da-donna-per-il-tempo-libero,,,Grigio,,L,,,,29.95,
camicia-da-donna-per-il-tempo-libero,,,Grigio,,XL,,,,29.95,
camicia-da-donna-per-il-tempo-libero,,,Grigio,,2XL,,,,29.95,
camicia-da-donna-per-il-tempo-libero,,,Grigio,,3XL,,,,29.95,
bermuda-da-donna-per-uso-quotidiano,Bermuda da donna per uso quotidiano,Colore,Bianco,Taglia,S,,,,29.95,
bermuda-da-donna-per-uso-quotidiano,,,Bianco,,M,,,,29.95,
bermuda-da-donna-per-uso-quotidiano,,,Bianco,,L,,,,29.95,
bermuda-da-donna-per-uso-quotidiano,,,Bianco,,XL,,,,29.95,
bermuda-da-donna-per-uso-quotidiano,,,Bianco,,2XL,,,,29.95,
bermuda-da-donna-per-uso-quotidiano,,,Bianco,,3XL,,,,29.95,
bermuda-da-donna-per-uso-quotidiano,,,Nero,,S,,,,29.95,
bermuda-da-donna-per-uso-quotidiano,,,Nero,,M,,,,29.95,
bermuda-da-donna-per-uso-quotidiano,,,Nero,,L,,,,29.95,
bermuda-da-donna-per-uso-quotidiano,,,Nero,,XL,,,,29.95,
bermuda-da-donna-per-uso-quotidiano,,,Nero,,2XL,,,,29.95,
bermuda-da-donna-per-uso-quotidiano,,,Nero,,3XL,,,,29.95,
bermuda-da-donna-per-uso-quotidiano,,,Grigio scuro,,S,,,,29.95,
bermuda-da-donna-per-uso-quotidiano,,,Grigio scuro,,M,,,,29.95,
bermuda-da-donna-per-uso-quotidiano,,,Grigio scuro,,L,,,,29.95,
bermuda-da-donna-per-uso-quotidiano,,,Grigio scuro,,XL,,,,29.95,
bermuda-da-donna-per-uso-quotidiano,,,Grigio scuro,,2XL,,,,29.95,
bermuda-da-donna-per-uso-quotidiano,,,Grigio scuro,,3XL,,,,29.95,
bermuda-da-donna-per-uso-quotidiano,,,Cachi,,S,,,,29.95,
bermuda-da-donna-per-uso-quotidiano,,,Cachi,,M,,,,29.95,
bermuda-da-donna-per-uso-quotidiano,,,Cachi,,L,,,,29.95,
bermuda-da-donna-per-uso-quotidiano,,,Cachi,,XL,,,,29.95,
bermuda-da-donna-per-uso-quotidiano,,,Cachi,,2XL,,,,29.95,
bermuda-da-donna-per-uso-quotidiano,,,Cachi,,3XL,,,,29.95,
bermuda-da-donna-per-uso-quotidiano,,,Azzurro chiaro,,S,,,,29.95,
bermuda-da-donna-per-uso-quotidiano,,,Azzurro chiaro,,M,,,,29.95,
bermuda-da-donna-per-uso-quotidiano,,,Azzurro chiaro,,L,,,,29.95,
bermuda-da-donna-per-uso-quotidiano,,,Azzurro chiaro,,XL,,,,29.95,
bermuda-da-donna-per-uso-quotidiano,,,Azzurro chiaro,,2XL,,,,29.95,
bermuda-da-donna-per-uso-quotidiano,,,Azzurro chiaro,,3XL,,,,29.95,
bermuda-da-donna-per-uso-quotidiano,,,Blu scuro,,S,,,,29.95,
bermuda-da-donna-per-uso-quotidiano,,,Blu scuro,,M,,,,29.95,
bermuda-da-donna-per-uso-quotidiano,,,Blu scuro,,L,,,,29.95,
bermuda-da-donna-per-uso-quotidiano,,,Blu scuro,,XL,,,,29.95,
bermuda-da-donna-per-uso-quotidiano,,,Blu scuro,,2XL,,,,29.95,
bermuda-da-donna-per-uso-quotidiano,,,Blu scuro,,3XL,,,,29.95,
costume-da-bagno-da-donna-per-mare-e-piscina-1,Costume da bagno da donna per mare e piscina,Colore,Nero,Taglia,S,,,,29.95,
costume-da-bagno-da-donna-per-mare-e-piscina-1,,,Nero,,M,,,,29.95,
costume-da-bagno-da-donna-per-mare-e-piscina-1,,,Nero,,L,,,,29.95,
costume-da-bagno-da-donna-per-mare-e-piscina-1,,,Nero,,XL,,,,29.95,
costume-da-bagno-da-donna-per-mare-e-piscina-1,,,Nero,,2XL,,,,29.95,
costume-da-bagno-da-donna-per-mare-e-piscina-1,,,Nero,,3XL,,,,29.95,
costume-da-bagno-da-donna-per-mare-e-piscina-1,,,Verde,,S,,,,29.95,
costume-da-bagno-da-donna-per-mare-e-piscina-1,,,Verde,,M,,,,29.95,
costume-da-bagno-da-donna-per-mare-e-piscina-1,,,Verde,,L,,,,29.95,
costume-da-bagno-da-donna-per-mare-e-piscina-1,,,Verde,,XL,,,,29.95,
costume-da-bagno-da-donna-per-mare-e-piscina-1,,,Verde,,2XL,,,,29.95,
costume-da-bagno-da-donna-per-mare-e-piscina-1,,,Verde,,3XL,,,,29.95,
costume-da-bagno-da-donna-per-mare-e-piscina-1,,,Marrone,,S,,,,29.95,
costume-da-bagno-da-donna-per-mare-e-piscina-1,,,Marrone,,M,,,,29.95,
costume-da-bagno-da-donna-per-mare-e-piscina-1,,,Marrone,,L,,,,29.95,
costume-da-bagno-da-donna-per-mare-e-piscina-1,,,Marrone,,XL,,,,29.95,
costume-da-bagno-da-donna-per-mare-e-piscina-1,,,Marrone,,2XL,,,,29.95,
costume-da-bagno-da-donna-per-mare-e-piscina-1,,,Marrone,,3XL,,,,29.95,
costume-da-bagno-da-donna-per-mare-e-piscina-1,,,Rosa scuro,,S,,,,29.95,
costume-da-bagno-da-donna-per-mare-e-piscina-1,,,Rosa scuro,,M,,,,29.95,
costume-da-bagno-da-donna-per-mare-e-piscina-1,,,Rosa scuro,,L,,,,29.95,
costume-da-bagno-da-donna-per-mare-e-piscina-1,,,Rosa scuro,,XL,,,,29.95,
costume-da-bagno-da-donna-per-mare-e-piscina-1,,,Rosa scuro,,2XL,,,,29.95,
costume-da-bagno-da-donna-per-mare-e-piscina-1,,,Rosa scuro,,3XL,,,,29.95,
costume-da-bagno-da-donna-per-mare-e-piscina-1,,,Arancione,,S,,,,29.95,
costume-da-bagno-da-donna-per-mare-e-piscina-1,,,Arancione,,M,,,,29.95,
costume-da-bagno-da-donna-per-mare-e-piscina-1,,,Arancione,,L,,,,29.95,
costume-da-bagno-da-donna-per-mare-e-piscina-1,,,Arancione,,XL,,,,29.95,
costume-da-bagno-da-donna-per-mare-e-piscina-1,,,Arancione,,2XL,,,,29.95,
costume-da-bagno-da-donna-per-mare-e-piscina-1,,,Arancione,,3XL,,,,29.95,
blusa-da-donna-per-uso-quotidiano-1,Blusa da donna per uso quotidiano,Colore,Cachi,Taglia,S,,,,29.95,
blusa-da-donna-per-uso-quotidiano-1,,,Cachi,,M,,,,29.95,
blusa-da-donna-per-uso-quotidiano-1,,,Cachi,,L,,,,29.95,
blusa-da-donna-per-uso-quotidiano-1,,,Cachi,,XL,,,,29.95,
blusa-da-donna-per-uso-quotidiano-1,,,Cachi,,2XL,,,,29.95,
blusa-da-donna-per-uso-quotidiano-1,,,Cachi,,3XL,,,,29.95,
blusa-da-donna-per-uso-quotidiano-1,,,Blu,,S,,,,29.95,
blusa-da-donna-per-uso-quotidiano-1,,,Blu,,M,,,,29.95,
blusa-da-donna-per-uso-quotidiano-1,,,Blu,,L,,,,29.95,
blusa-da-donna-per-uso-quotidiano-1,,,Blu,,XL,,,,29.95,
blusa-da-donna-per-uso-quotidiano-1,,,Blu,,2XL,,,,29.95,
blusa-da-donna-per-uso-quotidiano-1,,,Blu,,3XL,,,,29.95,
blusa-da-donna-per-uso-quotidiano-1,,,Verde,,S,,,,29.95,
blusa-da-donna-per-uso-quotidiano-1,,,Verde,,M,,,,29.95,
blusa-da-donna-per-uso-quotidiano-1,,,Verde,,L,,,,29.95,
blusa-da-donna-per-uso-quotidiano-1,,,Verde,,XL,,,,29.95,
blusa-da-donna-per-uso-quotidiano-1,,,Verde,,2XL,,,,29.95,
blusa-da-donna-per-uso-quotidiano-1,,,Verde,,3XL,,,,29.95,
blusa-da-donna-per-uso-quotidiano-1,,,Rosa,,S,,,,29.95,
blusa-da-donna-per-uso-quotidiano-1,,,Rosa,,M,,,,29.95,
blusa-da-donna-per-uso-quotidiano-1,,,Rosa,,L,,,,29.95,
blusa-da-donna-per-uso-quotidiano-1,,,Rosa,,XL,,,,29.95,
blusa-da-donna-per-uso-quotidiano-1,,,Rosa,,2XL,,,,29.95,
blusa-da-donna-per-uso-quotidiano-1,,,Rosa,,3XL,,,,29.95,
blusa-da-donna-per-uso-quotidiano-1,,,Azzurro chiaro,,S,,,,29.95,
blusa-da-donna-per-uso-quotidiano-1,,,Azzurro chiaro,,M,,,,29.95,
blusa-da-donna-per-uso-quotidiano-1,,,Azzurro chiaro,,L,,,,29.95,
blusa-da-donna-per-uso-quotidiano-1,,,Azzurro chiaro,,XL,,,,29.95,
blusa-da-donna-per-uso-quotidiano-1,,,Azzurro chiaro,,2XL,,,,29.95,
blusa-da-donna-per-uso-quotidiano-1,,,Azzurro chiaro,,3XL,,,,29.95,
abito-midi-da-donna-per-passeggiate-e-vacanze,Abito midi da donna per passeggiate e vacanze,Colore,Verde,Taglia,S,,,,34.95,
abito-midi-da-donna-per-passeggiate-e-vacanze,,,Verde,,M,,,,34.95,
abito-midi-da-donna-per-passeggiate-e-vacanze,,,Verde,,L,,,,34.95,
abito-midi-da-donna-per-passeggiate-e-vacanze,,,Verde,,XL,,,,34.95,
abito-midi-da-donna-per-passeggiate-e-vacanze,,,Verde,,2XL,,,,34.95,
abito-midi-da-donna-per-passeggiate-e-vacanze,,,Verde,,3XL,,,,34.95,
abito-midi-da-donna-per-passeggiate-e-vacanze,,,Giallo,,S,,,,34.95,
abito-midi-da-donna-per-passeggiate-e-vacanze,,,Giallo,,M,,,,34.95,
abito-midi-da-donna-per-passeggiate-e-vacanze,,,Giallo,,L,,,,34.95,
abito-midi-da-donna-per-passeggiate-e-vacanze,,,Giallo,,XL,,,,34.95,
abito-midi-da-donna-per-passeggiate-e-vacanze,,,Giallo,,2XL,,,,34.95,
abito-midi-da-donna-per-passeggiate-e-vacanze,,,Giallo,,3XL,,,,34.95,
abito-midi-da-donna-per-passeggiate-e-vacanze,,,Blu,,S,,,,34.95,
abito-midi-da-donna-per-passeggiate-e-vacanze,,,Blu,,M,,,,34.95,
abito-midi-da-donna-per-passeggiate-e-vacanze,,,Blu,,L,,,,34.95,
abito-midi-da-donna-per-passeggiate-e-vacanze,,,Blu,,XL,,,,34.95,
abito-midi-da-donna-per-passeggiate-e-vacanze,,,Blu,,2XL,,,,34.95,
abito-midi-da-donna-per-passeggiate-e-vacanze,,,Blu,,3XL,,,,34.95,
abito-lungo-da-donna-per-le-giornate-estive,Abito lungo da donna per le giornate estive,Colore,Bianco,Taglia,S,,,,34.95,
abito-lungo-da-donna-per-le-giornate-estive,,,Bianco,,M,,,,34.95,
abito-lungo-da-donna-per-le-giornate-estive,,,Bianco,,L,,,,34.95,
abito-lungo-da-donna-per-le-giornate-estive,,,Bianco,,XL,,,,34.95,
abito-lungo-da-donna-per-le-giornate-estive,,,Bianco,,2XL,,,,34.95,
abito-lungo-da-donna-per-le-giornate-estive,,,Bianco,,3XL,,,,34.95,
abito-lungo-da-donna-per-le-giornate-estive,,,Nero,,S,,,,34.95,
abito-lungo-da-donna-per-le-giornate-estive,,,Nero,,M,,,,34.95,
abito-lungo-da-donna-per-le-giornate-estive,,,Nero,,L,,,,34.95,
abito-lungo-da-donna-per-le-giornate-estive,,,Nero,,XL,,,,34.95,
abito-lungo-da-donna-per-le-giornate-estive,,,Nero,,2XL,,,,34.95,
abito-lungo-da-donna-per-le-giornate-estive,,,Nero,,3XL,,,,34.95,
abito-lungo-da-donna-per-le-giornate-estive,,,Giallo,,S,,,,34.95,
abito-lungo-da-donna-per-le-giornate-estive,,,Giallo,,M,,,,34.95,
abito-lungo-da-donna-per-le-giornate-estive,,,Giallo,,L,,,,34.95,
abito-lungo-da-donna-per-le-giornate-estive,,,Giallo,,XL,,,,34.95,
abito-lungo-da-donna-per-le-giornate-estive,,,Giallo,,2XL,,,,34.95,
abito-lungo-da-donna-per-le-giornate-estive,,,Giallo,,3XL,,,,34.95,
abito-lungo-da-donna-per-le-giornate-estive,,,Verde,,S,,,,34.95,
abito-lungo-da-donna-per-le-giornate-estive,,,Verde,,M,,,,34.95,
abito-lungo-da-donna-per-le-giornate-estive,,,Verde,,L,,,,34.95,
abito-lungo-da-donna-per-le-giornate-estive,,,Verde,,XL,,,,34.95,
abito-lungo-da-donna-per-le-giornate-estive,,,Verde,,2XL,,,,34.95,
abito-lungo-da-donna-per-le-giornate-estive,,,Verde,,3XL,,,,34.95,
abito-lungo-da-donna-per-le-giornate-estive,,,Blu,,S,,,,34.95,
abito-lungo-da-donna-per-le-giornate-estive,,,Blu,,M,,,,34.95,
abito-lungo-da-donna-per-le-giornate-estive,,,Blu,,L,,,,34.95,
abito-lungo-da-donna-per-le-giornate-estive,,,Blu,,XL,,,,34.95,
abito-lungo-da-donna-per-le-giornate-estive,,,Blu,,2XL,,,,34.95,
abito-lungo-da-donna-per-le-giornate-estive,,,Blu,,3XL,,,,34.95,
abito-lungo-da-donna-per-le-giornate-estive,,,Beige,,S,,,,34.95,
abito-lungo-da-donna-per-le-giornate-estive,,,Beige,,M,,,,34.95,
abito-lungo-da-donna-per-le-giornate-estive,,,Beige,,L,,,,34.95,
abito-lungo-da-donna-per-le-giornate-estive,,,Beige,,XL,,,,34.95,
abito-lungo-da-donna-per-le-giornate-estive,,,Beige,,2XL,,,,34.95,
abito-lungo-da-donna-per-le-giornate-estive,,,Beige,,3XL,,,,34.95,
abito-lungo-da-donna-per-le-giornate-estive,,,Rosa,,S,,,,34.95,
abito-lungo-da-donna-per-le-giornate-estive,,,Rosa,,M,,,,34.95,
abito-lungo-da-donna-per-le-giornate-estive,,,Rosa,,L,,,,34.95,
abito-lungo-da-donna-per-le-giornate-estive,,,Rosa,,XL,,,,34.95,
abito-lungo-da-donna-per-le-giornate-estive,,,Rosa,,2XL,,,,34.95,
abito-lungo-da-donna-per-le-giornate-estive,,,Rosa,,3XL,,,,34.95,
abito-lungo-da-donna-per-occasioni-speciali,Abito lungo da donna per occasioni speciali,AColore,Marrone,ATaglia,S,,,,39.95,
abito-lungo-da-donna-per-occasioni-speciali,,,Marrone,,M,,,,39.95,
abito-lungo-da-donna-per-occasioni-speciali,,,Marrone,,L,,,,39.95,
abito-lungo-da-donna-per-occasioni-speciali,,,Marrone,,XL,,,,39.95,
abito-lungo-da-donna-per-occasioni-speciali,,,Marrone,,2XL,,,,39.95,
abito-lungo-da-donna-per-occasioni-speciali,,,Marrone,,3XL,,,,39.95,
abito-lungo-da-donna-per-occasioni-speciali,,,Nero,,S,,,,39.95,
abito-lungo-da-donna-per-occasioni-speciali,,,Nero,,M,,,,39.95,
abito-lungo-da-donna-per-occasioni-speciali,,,Nero,,L,,,,39.95,
abito-lungo-da-donna-per-occasioni-speciali,,,Nero,,XL,,,,39.95,
abito-lungo-da-donna-per-occasioni-speciali,,,Nero,,2XL,,,,39.95,
abito-lungo-da-donna-per-occasioni-speciali,,,Nero,,3XL,,,,39.95,
abito-lungo-da-donna-per-occasioni-speciali,,,Rosso,,S,,,,39.95,
abito-lungo-da-donna-per-occasioni-speciali,,,Rosso,,M,,,,39.95,
abito-lungo-da-donna-per-occasioni-speciali,,,Rosso,,L,,,,39.95,
abito-lungo-da-donna-per-occasioni-speciali,,,Rosso,,XL,,,,39.95,
abito-lungo-da-donna-per-occasioni-speciali,,,Rosso,,2XL,,,,39.95,
abito-lungo-da-donna-per-occasioni-speciali,,,Rosso,,3XL,,,,39.95,
abito-midi-da-donna-per-il-tempo-libero-1,Abito midi da donna per il tempo libero,Colore,Bianco,Taglia,S,,,,44.95,
abito-midi-da-donna-per-il-tempo-libero-1,,,Bianco,,M,,,,44.95,
abito-midi-da-donna-per-il-tempo-libero-1,,,Bianco,,L,,,,44.95,
abito-midi-da-donna-per-il-tempo-libero-1,,,Bianco,,XL,,,,44.95,
abito-midi-da-donna-per-il-tempo-libero-1,,,Bianco,,2XL,,,,44.95,
abito-midi-da-donna-per-il-tempo-libero-1,,,Bianco,,3XL,,,,44.95,
abito-midi-da-donna-per-il-tempo-libero-1,,,Nero,,S,,,,44.95,
abito-midi-da-donna-per-il-tempo-libero-1,,,Nero,,M,,,,44.95,
abito-midi-da-donna-per-il-tempo-libero-1,,,Nero,,L,,,,44.95,
abito-midi-da-donna-per-il-tempo-libero-1,,,Nero,,XL,,,,44.95,
abito-midi-da-donna-per-il-tempo-libero-1,,,Nero,,2XL,,,,44.95,
abito-midi-da-donna-per-il-tempo-libero-1,,,Nero,,3XL,,,,44.95,
abito-midi-da-donna-per-il-tempo-libero-1,,,Blu,,S,,,,44.95,
abito-midi-da-donna-per-il-tempo-libero-1,,,Blu,,M,,,,44.95,
abito-midi-da-donna-per-il-tempo-libero-1,,,Blu,,L,,,,44.95,
abito-midi-da-donna-per-il-tempo-libero-1,,,Blu,,XL,,,,44.95,
abito-midi-da-donna-per-il-tempo-libero-1,,,Blu,,2XL,,,,44.95,
abito-midi-da-donna-per-il-tempo-libero-1,,,Blu,,3XL,,,,44.95,
abito-midi-da-donna-per-il-tempo-libero-1,,,Giallo,,S,,,,44.95,
abito-midi-da-donna-per-il-tempo-libero-1,,,Giallo,,M,,,,44.95,
abito-midi-da-donna-per-il-tempo-libero-1,,,Giallo,,L,,,,44.95,
abito-midi-da-donna-per-il-tempo-libero-1,,,Giallo,,XL,,,,44.95,
abito-midi-da-donna-per-il-tempo-libero-1,,,Giallo,,2XL,,,,44.95,
abito-midi-da-donna-per-il-tempo-libero-1,,,Giallo,,3XL,,,,44.95,
abito-midi-da-donna-per-il-tempo-libero-1,,,Verde,,S,,,,44.95,
abito-midi-da-donna-per-il-tempo-libero-1,,,Verde,,M,,,,44.95,
abito-midi-da-donna-per-il-tempo-libero-1,,,Verde,,L,,,,44.95,
abito-midi-da-donna-per-il-tempo-libero-1,,,Verde,,XL,,,,44.95,
abito-midi-da-donna-per-il-tempo-libero-1,,,Verde,,2XL,,,,44.95,
abito-midi-da-donna-per-il-tempo-libero-1,,,Verde,,3XL,,,,44.95,
abito-midi-da-donna-per-il-tempo-libero-1,,,Arancione,,S,,,,44.95,
abito-midi-da-donna-per-il-tempo-libero-1,,,Arancione,,M,,,,44.95,
abito-midi-da-donna-per-il-tempo-libero-1,,,Arancione,,L,,,,44.95,
abito-midi-da-donna-per-il-tempo-libero-1,,,Arancione,,XL,,,,44.95,
abito-midi-da-donna-per-il-tempo-libero-1,,,Arancione,,2XL,,,,44.95,
abito-midi-da-donna-per-il-tempo-libero-1,,,Arancione,,3XL,,,,44.95,
abito-midi-da-donna-per-il-tempo-libero-1,,,Albicocca,,S,,,,44.95,
abito-midi-da-donna-per-il-tempo-libero-1,,,Albicocca,,M,,,,44.95,
abito-midi-da-donna-per-il-tempo-libero-1,,,Albicocca,,L,,,,44.95,
abito-midi-da-donna-per-il-tempo-libero-1,,,Albicocca,,XL,,,,44.95,
abito-midi-da-donna-per-il-tempo-libero-1,,,Albicocca,,2XL,,,,44.95,
abito-midi-da-donna-per-il-tempo-libero-1,,,Albicocca,,3XL,,,,44.95,
abito-midi-da-donna-per-il-tempo-libero-1,,,Rosso scuro,,S,,,,44.95,
abito-midi-da-donna-per-il-tempo-libero-1,,,Rosso scuro,,M,,,,44.95,
abito-midi-da-donna-per-il-tempo-libero-1,,,Rosso scuro,,L,,,,44.95,
abito-midi-da-donna-per-il-tempo-libero-1,,,Rosso scuro,,XL,,,,44.95,
abito-midi-da-donna-per-il-tempo-libero-1,,,Rosso scuro,,2XL,,,,44.95,
abito-midi-da-donna-per-il-tempo-libero-1,,,Rosso scuro,,3XL,,,,44.95,
sneakers-da-donna-per-le-attivita-quotidiane,Sneakers da donna per le attività quotidiane,Colore,Bianco,Taglia,39,,,,34.95,
sneakers-da-donna-per-le-attivita-quotidiane,,,Bianco,,40,,,,34.95,
sneakers-da-donna-per-le-attivita-quotidiane,,,Bianco,,41,,,,34.95,
sneakers-da-donna-per-le-attivita-quotidiane,,,Bianco,,42,,,,34.95,
sneakers-da-donna-per-le-attivita-quotidiane,,,Bianco,,43,,,,34.95,
sneakers-da-donna-per-le-attivita-quotidiane,,,Bianco,,44,,,,34.95,
sneakers-da-donna-per-le-attivita-quotidiane,,,Nero,,39,,,,34.95,
sneakers-da-donna-per-le-attivita-quotidiane,,,Nero,,40,,,,34.95,
sneakers-da-donna-per-le-attivita-quotidiane,,,Nero,,41,,,,34.95,
sneakers-da-donna-per-le-attivita-quotidiane,,,Nero,,42,,,,34.95,
sneakers-da-donna-per-le-attivita-quotidiane,,,Nero,,43,,,,34.95,
sneakers-da-donna-per-le-attivita-quotidiane,,,Nero,,44,,,,34.95,
sneakers-da-donna-per-le-attivita-quotidiane,,,Blu,,39,,,,34.95,
sneakers-da-donna-per-le-attivita-quotidiane,,,Blu,,40,,,,34.95,
sneakers-da-donna-per-le-attivita-quotidiane,,,Blu,,41,,,,34.95,
sneakers-da-donna-per-le-attivita-quotidiane,,,Blu,,42,,,,34.95,
sneakers-da-donna-per-le-attivita-quotidiane,,,Blu,,43,,,,34.95,
sneakers-da-donna-per-le-attivita-quotidiane,,,Blu,,44,,,,34.95,
sneakers-da-donna-per-le-attivita-quotidiane,,,Grigio,,39,,,,34.95,
sneakers-da-donna-per-le-attivita-quotidiane,,,Grigio,,40,,,,34.95,
sneakers-da-donna-per-le-attivita-quotidiane,,,Grigio,,41,,,,34.95,
sneakers-da-donna-per-le-attivita-quotidiane,,,Grigio,,42,,,,34.95,
sneakers-da-donna-per-le-attivita-quotidiane,,,Grigio,,43,,,,34.95,
sneakers-da-donna-per-le-attivita-quotidiane,,,Grigio,,44,,,,34.95,
sneakers-da-donna-per-le-attivita-quotidiane,,,Verde,,39,,,,34.95,
sneakers-da-donna-per-le-attivita-quotidiane,,,Verde,,40,,,,34.95,
sneakers-da-donna-per-le-attivita-quotidiane,,,Verde,,41,,,,34.95,
sneakers-da-donna-per-le-attivita-quotidiane,,,Verde,,42,,,,34.95,
sneakers-da-donna-per-le-attivita-quotidiane,,,Verde,,43,,,,34.95,
sneakers-da-donna-per-le-attivita-quotidiane,,,Verde,,44,,,,34.95,
felpa-con-cappuccio-da-donna-per-il-tempo-libero,Felpa con cappuccio da donna per il tempo libero,Colore,Bianco,Taglia,S,,,,54.95,
felpa-con-cappuccio-da-donna-per-il-tempo-libero,,,Bianco,,M,,,,54.95,
felpa-con-cappuccio-da-donna-per-il-tempo-libero,,,Bianco,,L,,,,54.95,
felpa-con-cappuccio-da-donna-per-il-tempo-libero,,,Bianco,,XL,,,,54.95,
felpa-con-cappuccio-da-donna-per-il-tempo-libero,,,Bianco,,2XL,,,,54.95,
felpa-con-cappuccio-da-donna-per-il-tempo-libero,,,Bianco,,3XL,,,,54.95,
felpa-con-cappuccio-da-donna-per-il-tempo-libero,,,Grigio,,S,,,,54.95,
felpa-con-cappuccio-da-donna-per-il-tempo-libero,,,Grigio,,M,,,,54.95,
felpa-con-cappuccio-da-donna-per-il-tempo-libero,,,Grigio,,L,,,,54.95,
felpa-con-cappuccio-da-donna-per-il-tempo-libero,,,Grigio,,XL,,,,54.95,
felpa-con-cappuccio-da-donna-per-il-tempo-libero,,,Grigio,,2XL,,,,54.95,
felpa-con-cappuccio-da-donna-per-il-tempo-libero,,,Grigio,,3XL,,,,54.95,
felpa-con-cappuccio-da-donna-per-il-tempo-libero,,,Blu,,S,,,,54.95,
felpa-con-cappuccio-da-donna-per-il-tempo-libero,,,Blu,,M,,,,54.95,
felpa-con-cappuccio-da-donna-per-il-tempo-libero,,,Blu,,L,,,,54.95,
felpa-con-cappuccio-da-donna-per-il-tempo-libero,,,Blu,,XL,,,,54.95,
felpa-con-cappuccio-da-donna-per-il-tempo-libero,,,Blu,,2XL,,,,54.95,
felpa-con-cappuccio-da-donna-per-il-tempo-libero,,,Blu,,3XL,,,,54.95,
abito-midi-smanicato-da-donna-per-il-tempo-libero,Abito midi smanicato da donna per il tempo libero,aColore,Multicolore 1,Taglia,S,,,,39.95,
abito-midi-smanicato-da-donna-per-il-tempo-libero,,,Multicolore 1,,M,,,,39.95,
abito-midi-smanicato-da-donna-per-il-tempo-libero,,,Multicolore 1,,L,,,,39.95,
abito-midi-smanicato-da-donna-per-il-tempo-libero,,,Multicolore 1,,XL,,,,39.95,
abito-midi-smanicato-da-donna-per-il-tempo-libero,,,Multicolore 1,,2XL,,,,39.95,
abito-midi-smanicato-da-donna-per-il-tempo-libero,,,Multicolore 1,,3XL,,,,39.95,
abito-midi-smanicato-da-donna-per-il-tempo-libero,,,Multicolore 2,,S,,,,39.95,
abito-midi-smanicato-da-donna-per-il-tempo-libero,,,Multicolore 2,,M,,,,39.95,
abito-midi-smanicato-da-donna-per-il-tempo-libero,,,Multicolore 2,,L,,,,39.95,
abito-midi-smanicato-da-donna-per-il-tempo-libero,,,Multicolore 2,,XL,,,,39.95,
abito-midi-smanicato-da-donna-per-il-tempo-libero,,,Multicolore 2,,2XL,,,,39.95,
abito-midi-smanicato-da-donna-per-il-tempo-libero,,,Multicolore 2,,3XL,,,,39.95,
abito-midi-smanicato-da-donna-per-il-tempo-libero,,,Blu 1,,S,,,,39.95,
abito-midi-smanicato-da-donna-per-il-tempo-libero,,,Blu 1,,M,,,,39.95,
abito-midi-smanicato-da-donna-per-il-tempo-libero,,,Blu 1,,L,,,,39.95,
abito-midi-smanicato-da-donna-per-il-tempo-libero,,,Blu 1,,XL,,,,39.95,
abito-midi-smanicato-da-donna-per-il-tempo-libero,,,Blu 1,,2XL,,,,39.95,
abito-midi-smanicato-da-donna-per-il-tempo-libero,,,Blu 1,,3XL,,,,39.95,
abito-midi-smanicato-da-donna-per-il-tempo-libero,,,Blu 2,,S,,,,39.95,
abito-midi-smanicato-da-donna-per-il-tempo-libero,,,Blu 2,,M,,,,39.95,
abito-midi-smanicato-da-donna-per-il-tempo-libero,,,Blu 2,,L,,,,39.95,
abito-midi-smanicato-da-donna-per-il-tempo-libero,,,Blu 2,,XL,,,,39.95,
abito-midi-smanicato-da-donna-per-il-tempo-libero,,,Blu 2,,2XL,,,,39.95,
abito-midi-smanicato-da-donna-per-il-tempo-libero,,,Blu 2,,3XL,,,,39.95,
abito-midi-smanicato-da-donna-per-il-tempo-libero,,,Blu 3,,S,,,,39.95,
abito-midi-smanicato-da-donna-per-il-tempo-libero,,,Blu 3,,M,,,,39.95,
abito-midi-smanicato-da-donna-per-il-tempo-libero,,,Blu 3,,L,,,,39.95,
abito-midi-smanicato-da-donna-per-il-tempo-libero,,,Blu 3,,XL,,,,39.95,
abito-midi-smanicato-da-donna-per-il-tempo-libero,,,Blu 3,,2XL,,,,39.95,
abito-midi-smanicato-da-donna-per-il-tempo-libero,,,Blu 3,,3XL,,,,39.95,
abito-lungo-da-donna-per-eventi-e-cerimonie,Abito lungo da donna per eventi e cerimonie,Colore,Stampa floreale verde,Taglia,S,,,,59.95,
abito-lungo-da-donna-per-eventi-e-cerimonie,,,Stampa floreale verde,,M,,,,59.95,
abito-lungo-da-donna-per-eventi-e-cerimonie,,,Stampa floreale verde,,L,,,,59.95,
abito-lungo-da-donna-per-eventi-e-cerimonie,,,Stampa floreale verde,,XL,,,,59.95,
abito-lungo-da-donna-per-eventi-e-cerimonie,,,Stampa floreale verde,,2XL,,,,59.95,
abito-lungo-da-donna-per-eventi-e-cerimonie,,,Stampa floreale verde,,3XL,,,,59.95,
bikini-a-due-pezzi-da-donna-per-le-giornate-al-mare,Bikini a due pezzi da donna per le giornate al mare,Colore,Nero,Taglia,S,,,,39.95,
bikini-a-due-pezzi-da-donna-per-le-giornate-al-mare,,,Nero,,M,,,,39.95,
bikini-a-due-pezzi-da-donna-per-le-giornate-al-mare,,,Nero,,L,,,,39.95,
bikini-a-due-pezzi-da-donna-per-le-giornate-al-mare,,,Nero,,XL,,,,39.95,
bikini-a-due-pezzi-da-donna-per-le-giornate-al-mare,,,Nero,,2XL,,,,39.95,
bikini-a-due-pezzi-da-donna-per-le-giornate-al-mare,,,Nero,,3XL,,,,39.95,
bikini-a-due-pezzi-da-donna-per-le-giornate-al-mare,,,Rosso,,S,,,,39.95,
bikini-a-due-pezzi-da-donna-per-le-giornate-al-mare,,,Rosso,,M,,,,39.95,
bikini-a-due-pezzi-da-donna-per-le-giornate-al-mare,,,Rosso,,L,,,,39.95,
bikini-a-due-pezzi-da-donna-per-le-giornate-al-mare,,,Rosso,,XL,,,,39.95,
bikini-a-due-pezzi-da-donna-per-le-giornate-al-mare,,,Rosso,,2XL,,,,39.95,
bikini-a-due-pezzi-da-donna-per-le-giornate-al-mare,,,Rosso,,3XL,,,,39.95,
bikini-a-due-pezzi-da-donna-per-le-giornate-al-mare,,,Blu,,S,,,,39.95,
bikini-a-due-pezzi-da-donna-per-le-giornate-al-mare,,,Blu,,M,,,,39.95,
bikini-a-due-pezzi-da-donna-per-le-giornate-al-mare,,,Blu,,L,,,,39.95,
bikini-a-due-pezzi-da-donna-per-le-giornate-al-mare,,,Blu,,XL,,,,39.95,
bikini-a-due-pezzi-da-donna-per-le-giornate-al-mare,,,Blu,,2XL,,,,39.95,
bikini-a-due-pezzi-da-donna-per-le-giornate-al-mare,,,Blu,,3XL,,,,39.95,
bikini-a-due-pezzi-da-donna-per-le-giornate-al-mare,,,Verde,,S,,,,39.95,
bikini-a-due-pezzi-da-donna-per-le-giornate-al-mare,,,Verde,,M,,,,39.95,
bikini-a-due-pezzi-da-donna-per-le-giornate-al-mare,,,Verde,,L,,,,39.95,
bikini-a-due-pezzi-da-donna-per-le-giornate-al-mare,,,Verde,,XL,,,,39.95,
bikini-a-due-pezzi-da-donna-per-le-giornate-al-mare,,,Verde,,2XL,,,,39.95,
bikini-a-due-pezzi-da-donna-per-le-giornate-al-mare,,,Verde,,3XL,,,,39.95,
bikini-a-due-pezzi-da-donna-per-le-giornate-al-mare,,,Rosa,,S,,,,39.95,
bikini-a-due-pezzi-da-donna-per-le-giornate-al-mare,,,Rosa,,M,,,,39.95,
bikini-a-due-pezzi-da-donna-per-le-giornate-al-mare,,,Rosa,,L,,,,39.95,
bikini-a-due-pezzi-da-donna-per-le-giornate-al-mare,,,Rosa,,XL,,,,39.95,
bikini-a-due-pezzi-da-donna-per-le-giornate-al-mare,,,Rosa,,2XL,,,,39.95,
bikini-a-due-pezzi-da-donna-per-le-giornate-al-mare,,,Rosa,,3XL,,,,39.95,
bikini-a-due-pezzi-da-donna-per-le-giornate-al-mare,,,Blu navy,,S,,,,39.95,
bikini-a-due-pezzi-da-donna-per-le-giornate-al-mare,,,Blu navy,,M,,,,39.95,
bikini-a-due-pezzi-da-donna-per-le-giornate-al-mare,,,Blu navy,,L,,,,39.95,
bikini-a-due-pezzi-da-donna-per-le-giornate-al-mare,,,Blu navy,,XL,,,,39.95,
bikini-a-due-pezzi-da-donna-per-le-giornate-al-mare,,,Blu navy,,2XL,,,,39.95,
bikini-a-due-pezzi-da-donna-per-le-giornate-al-mare,,,Blu navy,,3XL,,,,39.95,
bikini-a-due-pezzi-da-donna-per-le-giornate-al-mare,,,Bianco,,S,,,,39.95,
bikini-a-due-pezzi-da-donna-per-le-giornate-al-mare,,,Bianco,,M,,,,39.95,
bikini-a-due-pezzi-da-donna-per-le-giornate-al-mare,,,Bianco,,L,,,,39.95,
bikini-a-due-pezzi-da-donna-per-le-giornate-al-mare,,,Bianco,,XL,,,,39.95,
bikini-a-due-pezzi-da-donna-per-le-giornate-al-mare,,,Bianco,,2XL,,,,39.95,
bikini-a-due-pezzi-da-donna-per-le-giornate-al-mare,,,Bianco,,3XL,,,,39.95,
abito-midi-smanicato-da-donna-per-il-tempo-libero-1,Abito midi smanicato da donna per il tempo libero,Taglia,S,,,,,,39.95,
abito-midi-smanicato-da-donna-per-il-tempo-libero-1,,,M,,,,,,39.95,
abito-midi-smanicato-da-donna-per-il-tempo-libero-1,,,L,,,,,,39.95,
abito-midi-smanicato-da-donna-per-il-tempo-libero-1,,,XL,,,,,,39.95,
abito-midi-smanicato-da-donna-per-il-tempo-libero-1,,,2XL,,,,,,39.95,
abito-midi-smanicato-da-donna-per-il-tempo-libero-1,,,3XL,,,,,,39.95,
abito-midi-da-donna-per-eventi-e-cerimonie,Abito midi da donna per eventi e cerimonie,Taglia,S,,,,,,44.95,
abito-midi-da-donna-per-eventi-e-cerimonie,,,M,,,,,,44.95,
abito-midi-da-donna-per-eventi-e-cerimonie,,,L,,,,,,44.95,
abito-midi-da-donna-per-eventi-e-cerimonie,,,XL,,,,,,44.95,
abito-midi-da-donna-per-eventi-e-cerimonie,,,2XL,,,,,,44.95,
abito-midi-da-donna-per-eventi-e-cerimonie,,,3XL,,,,,,44.95,
costume-da-bagno-da-uomo-per-le-giornate-al-mare,Costume da bagno da uomo per le giornate al mare,Colore,Blu,Taglia,S,,,,29.95,
costume-da-bagno-da-uomo-per-le-giornate-al-mare,,,Blu,,M,,,,29.95,
costume-da-bagno-da-uomo-per-le-giornate-al-mare,,,Blu,,L,,,,29.95,
costume-da-bagno-da-uomo-per-le-giornate-al-mare,,,Blu,,XL,,,,29.95,
costume-da-bagno-da-uomo-per-le-giornate-al-mare,,,Blu,,2XL,,,,29.95,
costume-da-bagno-da-uomo-per-le-giornate-al-mare,,,Blu,,3XL,,,,29.95,
costume-da-bagno-da-uomo-per-le-giornate-al-mare,,,Nero,,S,,,,29.95,
costume-da-bagno-da-uomo-per-le-giornate-al-mare,,,Nero,,M,,,,29.95,
costume-da-bagno-da-uomo-per-le-giornate-al-mare,,,Nero,,L,,,,29.95,
costume-da-bagno-da-uomo-per-le-giornate-al-mare,,,Nero,,XL,,,,29.95,
costume-da-bagno-da-uomo-per-le-giornate-al-mare,,,Nero,,2XL,,,,29.95,
costume-da-bagno-da-uomo-per-le-giornate-al-mare,,,Nero,,3XL,,,,29.95,
costume-da-bagno-da-uomo-per-le-giornate-al-mare,,,Verde,,S,,,,29.95,
costume-da-bagno-da-uomo-per-le-giornate-al-mare,,,Verde,,M,,,,29.95,
costume-da-bagno-da-uomo-per-le-giornate-al-mare,,,Verde,,L,,,,29.95,
costume-da-bagno-da-uomo-per-le-giornate-al-mare,,,Verde,,XL,,,,29.95,
costume-da-bagno-da-uomo-per-le-giornate-al-mare,,,Verde,,2XL,,,,29.95,
costume-da-bagno-da-uomo-per-le-giornate-al-mare,,,Verde,,3XL,,,,29.95,
costume-da-bagno-da-uomo-per-le-giornate-al-mare,,,Blu navy,,S,,,,29.95,
costume-da-bagno-da-uomo-per-le-giornate-al-mare,,,Blu navy,,M,,,,29.95,
costume-da-bagno-da-uomo-per-le-giornate-al-mare,,,Blu navy,,L,,,,29.95,
costume-da-bagno-da-uomo-per-le-giornate-al-mare,,,Blu navy,,XL,,,,29.95,
costume-da-bagno-da-uomo-per-le-giornate-al-mare,,,Blu navy,,2XL,,,,29.95,
costume-da-bagno-da-uomo-per-le-giornate-al-mare,,,Blu navy,,3XL,,,,29.95,
costume-da-bagno-da-uomo-per-le-giornate-al-mare,,,Rosa,,S,,,,29.95,
costume-da-bagno-da-uomo-per-le-giornate-al-mare,,,Rosa,,M,,,,29.95,
costume-da-bagno-da-uomo-per-le-giornate-al-mare,,,Rosa,,L,,,,29.95,
costume-da-bagno-da-uomo-per-le-giornate-al-mare,,,Rosa,,XL,,,,29.95,
costume-da-bagno-da-uomo-per-le-giornate-al-mare,,,Rosa,,2XL,,,,29.95,
costume-da-bagno-da-uomo-per-le-giornate-al-mare,,,Rosa,,3XL,,,,29.95,
pantaloni-da-donna-per-il-tempo-libero-1,Pantaloni da donna per il tempo libero,Colore,Beige,Taglia,S,,,,34.95,
pantaloni-da-donna-per-il-tempo-libero-1,,,Beige,,M,,,,34.95,
pantaloni-da-donna-per-il-tempo-libero-1,,,Beige,,L,,,,34.95,
pantaloni-da-donna-per-il-tempo-libero-1,,,Beige,,XL,,,,34.95,
pantaloni-da-donna-per-il-tempo-libero-1,,,Beige,,2XL,,,,34.95,
pantaloni-da-donna-per-il-tempo-libero-1,,,Beige,,3XL,,,,34.95,
pantaloni-da-donna-per-il-tempo-libero-1,,,Nero,,S,,,,34.95,
pantaloni-da-donna-per-il-tempo-libero-1,,,Nero,,M,,,,34.95,
pantaloni-da-donna-per-il-tempo-libero-1,,,Nero,,L,,,,34.95,
pantaloni-da-donna-per-il-tempo-libero-1,,,Nero,,XL,,,,34.95,
pantaloni-da-donna-per-il-tempo-libero-1,,,Nero,,2XL,,,,34.95,
pantaloni-da-donna-per-il-tempo-libero-1,,,Nero,,3XL,,,,34.95,
pantaloni-da-donna-per-il-tempo-libero-1,,,Blu,,S,,,,34.95,
pantaloni-da-donna-per-il-tempo-libero-1,,,Blu,,M,,,,34.95,
pantaloni-da-donna-per-il-tempo-libero-1,,,Blu,,L,,,,34.95,
pantaloni-da-donna-per-il-tempo-libero-1,,,Blu,,XL,,,,34.95,
pantaloni-da-donna-per-il-tempo-libero-1,,,Blu,,2XL,,,,34.95,
pantaloni-da-donna-per-il-tempo-libero-1,,,Blu,,3XL,,,,34.95,
pantaloni-da-donna-per-il-tempo-libero-1,,,Bianco,,S,,,,34.95,
pantaloni-da-donna-per-il-tempo-libero-1,,,Bianco,,M,,,,34.95,
pantaloni-da-donna-per-il-tempo-libero-1,,,Bianco,,L,,,,34.95,
pantaloni-da-donna-per-il-tempo-libero-1,,,Bianco,,XL,,,,34.95,
pantaloni-da-donna-per-il-tempo-libero-1,,,Bianco,,2XL,,,,34.95,
pantaloni-da-donna-per-il-tempo-libero-1,,,Bianco,,3XL,,,,34.95,
pantaloni-da-donna-per-il-tempo-libero-1,,,Verde,,S,,,,34.95,
pantaloni-da-donna-per-il-tempo-libero-1,,,Verde,,M,,,,34.95,
pantaloni-da-donna-per-il-tempo-libero-1,,,Verde,,L,,,,34.95,
pantaloni-da-donna-per-il-tempo-libero-1,,,Verde,,XL,,,,34.95,
pantaloni-da-donna-per-il-tempo-libero-1,,,Verde,,2XL,,,,34.95,
pantaloni-da-donna-per-il-tempo-libero-1,,,Verde,,3XL,,,,34.95,
pantaloni-da-donna-per-il-tempo-libero-1,,,Grigio,,S,,,,34.95,
pantaloni-da-donna-per-il-tempo-libero-1,,,Grigio,,M,,,,34.95,
pantaloni-da-donna-per-il-tempo-libero-1,,,Grigio,,L,,,,34.95,
pantaloni-da-donna-per-il-tempo-libero-1,,,Grigio,,XL,,,,34.95,
pantaloni-da-donna-per-il-tempo-libero-1,,,Grigio,,2XL,,,,34.95,
pantaloni-da-donna-per-il-tempo-libero-1,,,Grigio,,3XL,,,,34.95,
pantaloni-da-donna-per-il-tempo-libero-1,,,Rosso,,S,,,,34.95,
pantaloni-da-donna-per-il-tempo-libero-1,,,Rosso,,M,,,,34.95,
pantaloni-da-donna-per-il-tempo-libero-1,,,Rosso,,L,,,,34.95,
pantaloni-da-donna-per-il-tempo-libero-1,,,Rosso,,XL,,,,34.95,
pantaloni-da-donna-per-il-tempo-libero-1,,,Rosso,,2XL,,,,34.95,
pantaloni-da-donna-per-il-tempo-libero-1,,,Rosso,,3XL,,,,34.95,
abito-midi-da-donna-per-occasioni-eleganti,Abito midi da donna per occasioni eleganti,Colore,Azzurro chiaro,Taglia,S,,,,49.95,
abito-midi-da-donna-per-occasioni-eleganti,,,Azzurro chiaro,,M,,,,49.95,
abito-midi-da-donna-per-occasioni-eleganti,,,Azzurro chiaro,,L,,,,49.95,
abito-midi-da-donna-per-occasioni-eleganti,,,Azzurro chiaro,,XL,,,,49.95,
abito-midi-da-donna-per-occasioni-eleganti,,,Azzurro chiaro,,2XL,,,,49.95,
abito-midi-da-donna-per-occasioni-eleganti,,,Azzurro chiaro,,3XL,,,,49.95,
abito-midi-da-donna-per-occasioni-eleganti,,,Blu navy,,S,,,,49.95,
abito-midi-da-donna-per-occasioni-eleganti,,,Blu navy,,M,,,,49.95,
abito-midi-da-donna-per-occasioni-eleganti,,,Blu navy,,L,,,,49.95,
abito-midi-da-donna-per-occasioni-eleganti,,,Blu navy,,XL,,,,49.95,
abito-midi-da-donna-per-occasioni-eleganti,,,Blu navy,,2XL,,,,49.95,
abito-midi-da-donna-per-occasioni-eleganti,,,Blu navy,,3XL,,,,49.95,
abito-midi-da-donna-per-occasioni-eleganti,,,Bianco,,S,,,,49.95,
abito-midi-da-donna-per-occasioni-eleganti,,,Bianco,,M,,,,49.95,
abito-midi-da-donna-per-occasioni-eleganti,,,Bianco,,L,,,,49.95,
abito-midi-da-donna-per-occasioni-eleganti,,,Bianco,,XL,,,,49.95,
abito-midi-da-donna-per-occasioni-eleganti,,,Bianco,,2XL,,,,49.95,
abito-midi-da-donna-per-occasioni-eleganti,,,Bianco,,3XL,,,,49.95,
abito-midi-da-donna-per-occasioni-eleganti,,,Nero,,S,,,,49.95,
abito-midi-da-donna-per-occasioni-eleganti,,,Nero,,M,,,,49.95,
abito-midi-da-donna-per-occasioni-eleganti,,,Nero,,L,,,,49.95,
abito-midi-da-donna-per-occasioni-eleganti,,,Nero,,XL,,,,49.95,
abito-midi-da-donna-per-occasioni-eleganti,,,Nero,,2XL,,,,49.95,
abito-midi-da-donna-per-occasioni-eleganti,,,Nero,,3XL,,,,49.95,
abito-midi-da-donna-per-occasioni-eleganti,,,Verde,,S,,,,49.95,
abito-midi-da-donna-per-occasioni-eleganti,,,Verde,,M,,,,49.95,
abito-midi-da-donna-per-occasioni-eleganti,,,Verde,,L,,,,49.95,
abito-midi-da-donna-per-occasioni-eleganti,,,Verde,,XL,,,,49.95,
abito-midi-da-donna-per-occasioni-eleganti,,,Verde,,2XL,,,,49.95,
abito-midi-da-donna-per-occasioni-eleganti,,,Verde,,3XL,,,,49.95,
abito-midi-da-donna-per-occasioni-eleganti,,,Rosso,,S,,,,49.95,
abito-midi-da-donna-per-occasioni-eleganti,,,Rosso,,M,,,,49.95,
abito-midi-da-donna-per-occasioni-eleganti,,,Rosso,,L,,,,49.95,
abito-midi-da-donna-per-occasioni-eleganti,,,Rosso,,XL,,,,49.95,
abito-midi-da-donna-per-occasioni-eleganti,,,Rosso,,2XL,,,,49.95,
abito-midi-da-donna-per-occasioni-eleganti,,,Rosso,,3XL,,,,49.95,
mocassini-da-donna-per-look-quotidiani,Mocassini da donna per look quotidiani,Colore,Colore,Taglia,36,,,,59.95,
mocassini-da-donna-per-look-quotidiani,,,Colore,,37,,,,59.95,
mocassini-da-donna-per-look-quotidiani,,,Colore,,38,,,,59.95,
mocassini-da-donna-per-look-quotidiani,,,Colore,,39,,,,59.95,
mocassini-da-donna-per-look-quotidiani,,,Colore,,40,,,,59.95,
mocassini-da-donna-per-look-quotidiani,,,Colore,,41,,,,59.95,
mocassini-da-donna-per-look-quotidiani,,,Colore,,42,,,,59.95,
mocassini-da-donna-per-look-quotidiani,,,Grigio,,36,,,,59.95,
mocassini-da-donna-per-look-quotidiani,,,Grigio,,37,,,,59.95,
mocassini-da-donna-per-look-quotidiani,,,Grigio,,38,,,,59.95,
mocassini-da-donna-per-look-quotidiani,,,Grigio,,39,,,,59.95,
mocassini-da-donna-per-look-quotidiani,,,Grigio,,40,,,,59.95,
mocassini-da-donna-per-look-quotidiani,,,Grigio,,41,,,,59.95,
mocassini-da-donna-per-look-quotidiani,,,Grigio,,42,,,,59.95,
mocassini-da-donna-per-look-quotidiani,,,Nero,,36,,,,59.95,
mocassini-da-donna-per-look-quotidiani,,,Nero,,37,,,,59.95,
mocassini-da-donna-per-look-quotidiani,,,Nero,,38,,,,59.95,
mocassini-da-donna-per-look-quotidiani,,,Nero,,39,,,,59.95,
mocassini-da-donna-per-look-quotidiani,,,Nero,,40,,,,59.95,
mocassini-da-donna-per-look-quotidiani,,,Nero,,41,,,,59.95,
mocassini-da-donna-per-look-quotidiani,,,Nero,,42,,,,59.95,
mocassini-da-donna-per-look-quotidiani,,,Leopardato,,36,,,,59.95,
mocassini-da-donna-per-look-quotidiani,,,Leopardato,,37,,,,59.95,
mocassini-da-donna-per-look-quotidiani,,,Leopardato,,38,,,,59.95,
mocassini-da-donna-per-look-quotidiani,,,Leopardato,,39,,,,59.95,
mocassini-da-donna-per-look-quotidiani,,,Leopardato,,40,,,,59.95,
mocassini-da-donna-per-look-quotidiani,,,Leopardato,,41,,,,59.95,
mocassini-da-donna-per-look-quotidiani,,,Leopardato,,42,,,,59.95,
camicia-elegante-da-donna-per-lufficio-e-le-occasioni,Camicia elegante da donna per l'ufficio e le occasioni,Colore,Bianco,Taglia,S,,,,44.95,
camicia-elegante-da-donna-per-lufficio-e-le-occasioni,,,Bianco,,M,,,,44.95,
camicia-elegante-da-donna-per-lufficio-e-le-occasioni,,,Bianco,,L,,,,44.95,
camicia-elegante-da-donna-per-lufficio-e-le-occasioni,,,Bianco,,XL,,,,44.95,
camicia-elegante-da-donna-per-lufficio-e-le-occasioni,,,Bianco,,2XL,,,,44.95,
camicia-elegante-da-donna-per-lufficio-e-le-occasioni,,,Bianco,,3XL,,,,44.95,
camicia-elegante-da-donna-per-lufficio-e-le-occasioni,,,Nero,,S,,,,44.95,
camicia-elegante-da-donna-per-lufficio-e-le-occasioni,,,Nero,,M,,,,44.95,
camicia-elegante-da-donna-per-lufficio-e-le-occasioni,,,Nero,,L,,,,44.95,
camicia-elegante-da-donna-per-lufficio-e-le-occasioni,,,Nero,,XL,,,,44.95,
camicia-elegante-da-donna-per-lufficio-e-le-occasioni,,,Nero,,2XL,,,,44.95,
camicia-elegante-da-donna-per-lufficio-e-le-occasioni,,,Nero,,3XL,,,,44.95,
camicia-elegante-da-donna-per-lufficio-e-le-occasioni,,,Blu navy,,S,,,,44.95,
camicia-elegante-da-donna-per-lufficio-e-le-occasioni,,,Blu navy,,M,,,,44.95,
camicia-elegante-da-donna-per-lufficio-e-le-occasioni,,,Blu navy,,L,,,,44.95,
camicia-elegante-da-donna-per-lufficio-e-le-occasioni,,,Blu navy,,XL,,,,44.95,
camicia-elegante-da-donna-per-lufficio-e-le-occasioni,,,Blu navy,,2XL,,,,44.95,
camicia-elegante-da-donna-per-lufficio-e-le-occasioni,,,Blu navy,,3XL,,,,44.95,
camicia-elegante-da-donna-per-lufficio-e-le-occasioni,,,Rosso,,S,,,,44.95,
camicia-elegante-da-donna-per-lufficio-e-le-occasioni,,,Rosso,,M,,,,44.95,
camicia-elegante-da-donna-per-lufficio-e-le-occasioni,,,Rosso,,L,,,,44.95,
camicia-elegante-da-donna-per-lufficio-e-le-occasioni,,,Rosso,,XL,,,,44.95,
camicia-elegante-da-donna-per-lufficio-e-le-occasioni,,,Rosso,,2XL,,,,44.95,
camicia-elegante-da-donna-per-lufficio-e-le-occasioni,,,Rosso,,3XL,,,,44.95,
camicia-elegante-da-donna-per-lufficio-e-le-occasioni,,,Champagne,,S,,,,44.95,
camicia-elegante-da-donna-per-lufficio-e-le-occasioni,,,Champagne,,M,,,,44.95,
camicia-elegante-da-donna-per-lufficio-e-le-occasioni,,,Champagne,,L,,,,44.95,
camicia-elegante-da-donna-per-lufficio-e-le-occasioni,,,Champagne,,XL,,,,44.95,
camicia-elegante-da-donna-per-lufficio-e-le-occasioni,,,Champagne,,2XL,,,,44.95,
camicia-elegante-da-donna-per-lufficio-e-le-occasioni,,,Champagne,,3XL,,,,44.95,
camicia-elegante-da-donna-per-lufficio-e-le-occasioni,,,Blu,,S,,,,44.95,
camicia-elegante-da-donna-per-lufficio-e-le-occasioni,,,Blu,,M,,,,44.95,
camicia-elegante-da-donna-per-lufficio-e-le-occasioni,,,Blu,,L,,,,44.95,
camicia-elegante-da-donna-per-lufficio-e-le-occasioni,,,Blu,,XL,,,,44.95,
camicia-elegante-da-donna-per-lufficio-e-le-occasioni,,,Blu,,2XL,,,,44.95,
camicia-elegante-da-donna-per-lufficio-e-le-occasioni,,,Blu,,3XL,,,,44.95,
camicia-elegante-da-donna-per-lufficio-e-le-occasioni,,,Lilla,,S,,,,44.95,
camicia-elegante-da-donna-per-lufficio-e-le-occasioni,,,Lilla,,M,,,,44.95,
camicia-elegante-da-donna-per-lufficio-e-le-occasioni,,,Lilla,,L,,,,44.95,
camicia-elegante-da-donna-per-lufficio-e-le-occasioni,,,Lilla,,XL,,,,44.95,
camicia-elegante-da-donna-per-lufficio-e-le-occasioni,,,Lilla,,2XL,,,,44.95,
camicia-elegante-da-donna-per-lufficio-e-le-occasioni,,,Lilla,,3XL,,,,44.95,
camicia-elegante-da-donna-per-lufficio-e-le-occasioni,,,Grigio,,S,,,,44.95,
camicia-elegante-da-donna-per-lufficio-e-le-occasioni,,,Grigio,,M,,,,44.95,
camicia-elegante-da-donna-per-lufficio-e-le-occasioni,,,Grigio,,L,,,,44.95,
camicia-elegante-da-donna-per-lufficio-e-le-occasioni,,,Grigio,,XL,,,,44.95,
camicia-elegante-da-donna-per-lufficio-e-le-occasioni,,,Grigio,,2XL,,,,44.95,
camicia-elegante-da-donna-per-lufficio-e-le-occasioni,,,Grigio,,3XL,,,,44.95,
camicia-elegante-da-donna-per-lufficio-e-le-occasioni,,,Rosa,,S,,,,44.95,
camicia-elegante-da-donna-per-lufficio-e-le-occasioni,,,Rosa,,M,,,,44.95,
camicia-elegante-da-donna-per-lufficio-e-le-occasioni,,,Rosa,,L,,,,44.95,
camicia-elegante-da-donna-per-lufficio-e-le-occasioni,,,Rosa,,XL,,,,44.95,
camicia-elegante-da-donna-per-lufficio-e-le-occasioni,,,Rosa,,2XL,,,,44.95,
camicia-elegante-da-donna-per-lufficio-e-le-occasioni,,,Rosa,,3XL,,,,44.95,
camicia-elegante-da-donna-per-lufficio-e-le-occasioni,,,Giallo,,S,,,,44.95,
camicia-elegante-da-donna-per-lufficio-e-le-occasioni,,,Giallo,,M,,,,44.95,
camicia-elegante-da-donna-per-lufficio-e-le-occasioni,,,Giallo,,L,,,,44.95,
camicia-elegante-da-donna-per-lufficio-e-le-occasioni,,,Giallo,,XL,,,,44.95,
camicia-elegante-da-donna-per-lufficio-e-le-occasioni,,,Giallo,,2XL,,,,44.95,
camicia-elegante-da-donna-per-lufficio-e-le-occasioni,,,Giallo,,3XL,,,,44.95,
sneakers-da-uomo-per-il-tempo-libero-e-la-citta,Sneakers da uomo per il tempo libero e la città,Colore,Beige,Taglia,39,,,,59.95,
sneakers-da-uomo-per-il-tempo-libero-e-la-citta,,,Beige,,40,,,,59.95,
sneakers-da-uomo-per-il-tempo-libero-e-la-citta,,,Beige,,41,,,,59.95,
sneakers-da-uomo-per-il-tempo-libero-e-la-citta,,,Beige,,42,,,,59.95,
sneakers-da-uomo-per-il-tempo-libero-e-la-citta,,,Beige,,43,,,,59.95,
sneakers-da-uomo-per-il-tempo-libero-e-la-citta,,,Beige,,44,,,,59.95,
sneakers-da-uomo-per-il-tempo-libero-e-la-citta,,,Bianco,,39,,,,59.95,
sneakers-da-uomo-per-il-tempo-libero-e-la-citta,,,Bianco,,40,,,,59.95,
sneakers-da-uomo-per-il-tempo-libero-e-la-citta,,,Bianco,,41,,,,59.95,
sneakers-da-uomo-per-il-tempo-libero-e-la-citta,,,Bianco,,42,,,,59.95,
sneakers-da-uomo-per-il-tempo-libero-e-la-citta,,,Bianco,,43,,,,59.95,
sneakers-da-uomo-per-il-tempo-libero-e-la-citta,,,Bianco,,44,,,,59.95,
sneakers-da-uomo-per-il-tempo-libero-e-la-citta,,,Nero,,39,,,,59.95,
sneakers-da-uomo-per-il-tempo-libero-e-la-citta,,,Nero,,40,,,,59.95,
sneakers-da-uomo-per-il-tempo-libero-e-la-citta,,,Nero,,41,,,,59.95,
sneakers-da-uomo-per-il-tempo-libero-e-la-citta,,,Nero,,42,,,,59.95,
sneakers-da-uomo-per-il-tempo-libero-e-la-citta,,,Nero,,43,,,,59.95,
sneakers-da-uomo-per-il-tempo-libero-e-la-citta,,,Nero,,44,,,,59.95,
sneakers-da-uomo-per-il-tempo-libero-e-la-citta,,,Blu,,39,,,,59.95,
sneakers-da-uomo-per-il-tempo-libero-e-la-citta,,,Blu,,40,,,,59.95,
sneakers-da-uomo-per-il-tempo-libero-e-la-citta,,,Blu,,41,,,,59.95,
sneakers-da-uomo-per-il-tempo-libero-e-la-citta,,,Blu,,42,,,,59.95,
sneakers-da-uomo-per-il-tempo-libero-e-la-citta,,,Blu,,43,,,,59.95,
sneakers-da-uomo-per-il-tempo-libero-e-la-citta,,,Blu,,44,,,,59.95,
top-da-donna-per-giornate-estive,Top da donna per giornate estive,Colore,Rosa,Taglia,S,,,,39.95,
top-da-donna-per-giornate-estive,,,Rosa,,M,,,,39.95,
top-da-donna-per-giornate-estive,,,Rosa,,L,,,,39.95,
top-da-donna-per-giornate-estive,,,Rosa,,XL,,,,39.95,
top-da-donna-per-giornate-estive,,,Rosa,,2XL,,,,39.95,
top-da-donna-per-giornate-estive,,,Rosa,,3XL,,,,39.95,
top-da-donna-per-giornate-estive,,,Nero,,S,,,,39.95,
top-da-donna-per-giornate-estive,,,Nero,,M,,,,39.95,
top-da-donna-per-giornate-estive,,,Nero,,L,,,,39.95,
top-da-donna-per-giornate-estive,,,Nero,,XL,,,,39.95,
top-da-donna-per-giornate-estive,,,Nero,,2XL,,,,39.95,
top-da-donna-per-giornate-estive,,,Nero,,3XL,,,,39.95,
top-da-donna-per-giornate-estive,,,Rosso,,S,,,,39.95,
top-da-donna-per-giornate-estive,,,Rosso,,M,,,,39.95,
top-da-donna-per-giornate-estive,,,Rosso,,L,,,,39.95,
top-da-donna-per-giornate-estive,,,Rosso,,XL,,,,39.95,
top-da-donna-per-giornate-estive,,,Rosso,,2XL,,,,39.95,
top-da-donna-per-giornate-estive,,,Rosso,,3XL,,,,39.95,
top-da-donna-per-giornate-estive,,,Blu,,S,,,,39.95,
top-da-donna-per-giornate-estive,,,Blu,,M,,,,39.95,
top-da-donna-per-giornate-estive,,,Blu,,L,,,,39.95,
top-da-donna-per-giornate-estive,,,Blu,,XL,,,,39.95,
top-da-donna-per-giornate-estive,,,Blu,,2XL,,,,39.95,
top-da-donna-per-giornate-estive,,,Blu,,3XL,,,,39.95,
top-da-donna-per-giornate-estive,,,Bianco,,S,,,,39.95,
top-da-donna-per-giornate-estive,,,Bianco,,M,,,,39.95,
top-da-donna-per-giornate-estive,,,Bianco,,L,,,,39.95,
top-da-donna-per-giornate-estive,,,Bianco,,XL,,,,39.95,
top-da-donna-per-giornate-estive,,,Bianco,,2XL,,,,39.95,
top-da-donna-per-giornate-estive,,,Bianco,,3XL,,,,39.95,
top-da-donna-per-giornate-estive,,,Verde,,S,,,,39.95,
top-da-donna-per-giornate-estive,,,Verde,,M,,,,39.95,
top-da-donna-per-giornate-estive,,,Verde,,L,,,,39.95,
top-da-donna-per-giornate-estive,,,Verde,,XL,,,,39.95,
top-da-donna-per-giornate-estive,,,Verde,,2XL,,,,39.95,
top-da-donna-per-giornate-estive,,,Verde,,3XL,,,,39.95,
top-da-donna-per-giornate-estive,,,Albicocca,,S,,,,39.95,
top-da-donna-per-giornate-estive,,,Albicocca,,M,,,,39.95,
top-da-donna-per-giornate-estive,,,Albicocca,,L,,,,39.95,
top-da-donna-per-giornate-estive,,,Albicocca,,XL,,,,39.95,
top-da-donna-per-giornate-estive,,,Albicocca,,2XL,,,,39.95,
top-da-donna-per-giornate-estive,,,Albicocca,,3XL,,,,39.95,
top-da-donna-per-giornate-estive,,,Bordeaux,,S,,,,39.95,
top-da-donna-per-giornate-estive,,,Bordeaux,,M,,,,39.95,
top-da-donna-per-giornate-estive,,,Bordeaux,,L,,,,39.95,
top-da-donna-per-giornate-estive,,,Bordeaux,,XL,,,,39.95,
top-da-donna-per-giornate-estive,,,Bordeaux,,2XL,,,,39.95,
top-da-donna-per-giornate-estive,,,Bordeaux,,3XL,,,,39.95,
abito-lungo-da-donna-per-eventi-e-occasioni-speciali,Abito lungo da donna per eventi e occasioni speciali,Colore,Rosso rosa,Taglia,S,,,,64.95,
abito-lungo-da-donna-per-eventi-e-occasioni-speciali,,,Rosso rosa,,M,,,,64.95,
abito-lungo-da-donna-per-eventi-e-occasioni-speciali,,,Rosso rosa,,L,,,,64.95,
abito-lungo-da-donna-per-eventi-e-occasioni-speciali,,,Rosso rosa,,XL,,,,64.95,
abito-lungo-da-donna-per-eventi-e-occasioni-speciali,,,Rosso rosa,,2XL,,,,64.95,
abito-lungo-da-donna-per-eventi-e-occasioni-speciali,,,Rosso rosa,,3XL,,,,64.95,
abito-midi-da-donna-per-le-giornate-estive-e-il-tempo-libero,Abito midi da donna per le giornate estive e il tempo libero,Colore,Rosso,Taglia,S,,,,49.95,
abito-midi-da-donna-per-le-giornate-estive-e-il-tempo-libero,,,Bianco,,S,,,,49.95,
abito-midi-da-donna-per-le-giornate-estive-e-il-tempo-libero,,,Verde,,S,,,,49.95,
abito-midi-da-donna-per-le-giornate-estive-e-il-tempo-libero,,,Blu,,S,,,,49.95,
abito-midi-da-donna-per-le-giornate-estive-e-il-tempo-libero,,,Marrone,,S,,,,49.95,
abito-midi-da-donna-per-le-giornate-estive-e-il-tempo-libero,,,Marrone chiaro,,S,,,,49.95,
abito-midi-da-donna-per-le-giornate-estive-e-il-tempo-libero,,,Rosso,,M,,,,49.95,
abito-midi-da-donna-per-le-giornate-estive-e-il-tempo-libero,,,Bianco,,M,,,,49.95,
abito-midi-da-donna-per-le-giornate-estive-e-il-tempo-libero,,,Verde,,M,,,,49.95,
abito-midi-da-donna-per-le-giornate-estive-e-il-tempo-libero,,,Blu,,M,,,,49.95,
abito-midi-da-donna-per-le-giornate-estive-e-il-tempo-libero,,,Marrone,,M,,,,49.95,
abito-midi-da-donna-per-le-giornate-estive-e-il-tempo-libero,,,Marrone chiaro,,M,,,,49.95,
abito-midi-da-donna-per-le-giornate-estive-e-il-tempo-libero,,,Rosso,,L,,,,49.95,
abito-midi-da-donna-per-le-giornate-estive-e-il-tempo-libero,,,Bianco,,L,,,,49.95,
abito-midi-da-donna-per-le-giornate-estive-e-il-tempo-libero,,,Verde,,L,,,,49.95,
abito-midi-da-donna-per-le-giornate-estive-e-il-tempo-libero,,,Blu,,L,,,,49.95,
abito-midi-da-donna-per-le-giornate-estive-e-il-tempo-libero,,,Marrone,,L,,,,49.95,
abito-midi-da-donna-per-le-giornate-estive-e-il-tempo-libero,,,Marrone chiaro,,L,,,,49.95,
abito-midi-da-donna-per-le-giornate-estive-e-il-tempo-libero,,,Rosso,,XL,,,,49.95,
abito-midi-da-donna-per-le-giornate-estive-e-il-tempo-libero,,,Bianco,,XL,,,,49.95,
abito-midi-da-donna-per-le-giornate-estive-e-il-tempo-libero,,,Verde,,XL,,,,49.95,
abito-midi-da-donna-per-le-giornate-estive-e-il-tempo-libero,,,Blu,,XL,,,,49.95,
abito-midi-da-donna-per-le-giornate-estive-e-il-tempo-libero,,,Marrone,,XL,,,,49.95,
abito-midi-da-donna-per-le-giornate-estive-e-il-tempo-libero,,,Marrone chiaro,,XL,,,,49.95,
abito-midi-da-donna-per-le-giornate-estive-e-il-tempo-libero,,,Rosso,,2XL,,,,49.95,
abito-midi-da-donna-per-le-giornate-estive-e-il-tempo-libero,,,Bianco,,2XL,,,,49.95,
abito-midi-da-donna-per-le-giornate-estive-e-il-tempo-libero,,,Verde,,2XL,,,,49.95,
abito-midi-da-donna-per-le-giornate-estive-e-il-tempo-libero,,,Blu,,2XL,,,,49.95,
abito-midi-da-donna-per-le-giornate-estive-e-il-tempo-libero,,,Marrone,,2XL,,,,49.95,
abito-midi-da-donna-per-le-giornate-estive-e-il-tempo-libero,,,Marrone chiaro,,2XL,,,,49.95,
abito-midi-da-donna-per-le-giornate-estive-e-il-tempo-libero,,,Rosso,,3XL,,,,49.95,
abito-midi-da-donna-per-le-giornate-estive-e-il-tempo-libero,,,Bianco,,3XL,,,,49.95,
abito-midi-da-donna-per-le-giornate-estive-e-il-tempo-libero,,,Verde,,3XL,,,,49.95,
abito-midi-da-donna-per-le-giornate-estive-e-il-tempo-libero,,,Blu,,3XL,,,,49.95,
abito-midi-da-donna-per-le-giornate-estive-e-il-tempo-libero,,,Marrone,,3XL,,,,49.95,
abito-midi-da-donna-per-le-giornate-estive-e-il-tempo-libero,,,Marrone chiaro,,3XL,,,,49.95,
abito-midi-da-donna-per-le-giornate-estive-e-il-tempo-libero,,,Beige,,S,,,,49.95,
abito-midi-da-donna-per-le-giornate-estive-e-il-tempo-libero,,,Beige,,M,,,,49.95,
abito-midi-da-donna-per-le-giornate-estive-e-il-tempo-libero,,,Beige,,L,,,,49.95,
abito-midi-da-donna-per-le-giornate-estive-e-il-tempo-libero,,,Beige,,XL,,,,49.95,
abito-midi-da-donna-per-le-giornate-estive-e-il-tempo-libero,,,Beige,,2XL,,,,49.95,
abito-midi-da-donna-per-le-giornate-estive-e-il-tempo-libero,,,Beige,,3XL,,,,49.95,
abito-in-maglia-da-donna-per-le-giornate-fresche,Abito in maglia da donna per le giornate fresche,Colore,Giallo,Taglia,S,,,,54.95,
abito-in-maglia-da-donna-per-le-giornate-fresche,,,Giallo,,M,,,,54.95,
abito-in-maglia-da-donna-per-le-giornate-fresche,,,Giallo,,L,,,,54.95,
abito-in-maglia-da-donna-per-le-giornate-fresche,,,Giallo,,XL,,,,54.95,
abito-in-maglia-da-donna-per-le-giornate-fresche,,,Giallo,,2XL,,,,54.95,
abito-in-maglia-da-donna-per-le-giornate-fresche,,,Giallo,,3XL,,,,54.95,
abito-in-maglia-da-donna-per-le-giornate-fresche,,,Rosso,,S,,,,54.95,
abito-in-maglia-da-donna-per-le-giornate-fresche,,,Rosso,,M,,,,54.95,
abito-in-maglia-da-donna-per-le-giornate-fresche,,,Rosso,,L,,,,54.95,
abito-in-maglia-da-donna-per-le-giornate-fresche,,,Rosso,,XL,,,,54.95,
abito-in-maglia-da-donna-per-le-giornate-fresche,,,Rosso,,2XL,,,,54.95,
abito-in-maglia-da-donna-per-le-giornate-fresche,,,Rosso,,3XL,,,,54.95,
abito-in-maglia-da-donna-per-le-giornate-fresche,,,Cachi,,S,,,,54.95,
abito-in-maglia-da-donna-per-le-giornate-fresche,,,Cachi,,M,,,,54.95,
abito-in-maglia-da-donna-per-le-giornate-fresche,,,Cachi,,L,,,,54.95,
abito-in-maglia-da-donna-per-le-giornate-fresche,,,Cachi,,XL,,,,54.95,
abito-in-maglia-da-donna-per-le-giornate-fresche,,,Cachi,,2XL,,,,54.95,
abito-in-maglia-da-donna-per-le-giornate-fresche,,,Cachi,,3XL,,,,54.95,
abito-in-maglia-da-donna-per-le-giornate-fresche,,,Nero,,S,,,,54.95,
abito-in-maglia-da-donna-per-le-giornate-fresche,,,Nero,,M,,,,54.95,
abito-in-maglia-da-donna-per-le-giornate-fresche,,,Nero,,L,,,,54.95,
abito-in-maglia-da-donna-per-le-giornate-fresche,,,Nero,,XL,,,,54.95,
abito-in-maglia-da-donna-per-le-giornate-fresche,,,Nero,,2XL,,,,54.95,
abito-in-maglia-da-donna-per-le-giornate-fresche,,,Nero,,3XL,,,,54.95,
abito-lungo-da-donna-per-eventi-e-serate-speciali,Abito lungo da donna per eventi e serate speciali,Colore,Verde chiaro,Taglia,S,,,,44.95,
abito-lungo-da-donna-per-eventi-e-serate-speciali,,,Verde chiaro,,M,,,,44.95,
abito-lungo-da-donna-per-eventi-e-serate-speciali,,,Verde chiaro,,L,,,,44.95,
abito-lungo-da-donna-per-eventi-e-serate-speciali,,,Verde chiaro,,XL,,,,44.95,
abito-lungo-da-donna-per-eventi-e-serate-speciali,,,Verde chiaro,,2XL,,,,44.95,
abito-lungo-da-donna-per-eventi-e-serate-speciali,,,Verde chiaro,,3XL,,,,44.95,
abito-lungo-da-donna-per-eventi-e-serate-speciali,,,Beige,,S,,,,44.95,
abito-lungo-da-donna-per-eventi-e-serate-speciali,,,Beige,,M,,,,44.95,
abito-lungo-da-donna-per-eventi-e-serate-speciali,,,Beige,,L,,,,44.95,
abito-lungo-da-donna-per-eventi-e-serate-speciali,,,Beige,,XL,,,,44.95,
abito-lungo-da-donna-per-eventi-e-serate-speciali,,,Beige,,2XL,,,,44.95,
abito-lungo-da-donna-per-eventi-e-serate-speciali,,,Beige,,3XL,,,,44.95,
abito-lungo-da-donna-per-eventi-e-serate-speciali,,,Rosa corallo,,S,,,,44.95,
abito-lungo-da-donna-per-eventi-e-serate-speciali,,,Rosa corallo,,M,,,,44.95,
abito-lungo-da-donna-per-eventi-e-serate-speciali,,,Rosa corallo,,L,,,,44.95,
abito-lungo-da-donna-per-eventi-e-serate-speciali,,,Rosa corallo,,XL,,,,44.95,
abito-lungo-da-donna-per-eventi-e-serate-speciali,,,Rosa corallo,,2XL,,,,44.95,
abito-lungo-da-donna-per-eventi-e-serate-speciali,,,Rosa corallo,,3XL,,,,44.95,
abito-lungo-da-donna-per-eventi-e-serate-speciali,,,Verde oliva,,S,,,,44.95,
abito-lungo-da-donna-per-eventi-e-serate-speciali,,,Verde oliva,,M,,,,44.95,
abito-lungo-da-donna-per-eventi-e-serate-speciali,,,Verde oliva,,L,,,,44.95,
abito-lungo-da-donna-per-eventi-e-serate-speciali,,,Verde oliva,,XL,,,,44.95,
abito-lungo-da-donna-per-eventi-e-serate-speciali,,,Verde oliva,,2XL,,,,44.95,
abito-lungo-da-donna-per-eventi-e-serate-speciali,,,Verde oliva,,3XL,,,,44.95,
abito-lungo-da-donna-per-eventi-e-serate-speciali,,,Blu navy,,S,,,,44.95,
abito-lungo-da-donna-per-eventi-e-serate-speciali,,,Blu navy,,M,,,,44.95,
abito-lungo-da-donna-per-eventi-e-serate-speciali,,,Blu navy,,L,,,,44.95,
abito-lungo-da-donna-per-eventi-e-serate-speciali,,,Blu navy,,XL,,,,44.95,
abito-lungo-da-donna-per-eventi-e-serate-speciali,,,Blu navy,,2XL,,,,44.95,
abito-lungo-da-donna-per-eventi-e-serate-speciali,,,Blu navy,,3XL,,,,44.95,
abito-lungo-da-donna-per-eventi-e-serate-speciali,,,Verde scuro,,S,,,,44.95,
abito-lungo-da-donna-per-eventi-e-serate-speciali,,,Verde scuro,,M,,,,44.95,
abito-lungo-da-donna-per-eventi-e-serate-speciali,,,Verde scuro,,L,,,,44.95,
abito-lungo-da-donna-per-eventi-e-serate-speciali,,,Verde scuro,,XL,,,,44.95,
abito-lungo-da-donna-per-eventi-e-serate-speciali,,,Verde scuro,,2XL,,,,44.95,
abito-lungo-da-donna-per-eventi-e-serate-speciali,,,Verde scuro,,3XL,,,,44.95,
abito-lungo-da-donna-per-eventi-e-serate-speciali,,,Nero,,S,,,,44.95,
abito-lungo-da-donna-per-eventi-e-serate-speciali,,,Nero,,M,,,,44.95,
abito-lungo-da-donna-per-eventi-e-serate-speciali,,,Nero,,L,,,,44.95,
abito-lungo-da-donna-per-eventi-e-serate-speciali,,,Nero,,XL,,,,44.95,
abito-lungo-da-donna-per-eventi-e-serate-speciali,,,Nero,,2XL,,,,44.95,
abito-lungo-da-donna-per-eventi-e-serate-speciali,,,Nero,,3XL,,,,44.95,
abito-midi-da-donna-per-eventi-e-occasioni-estive,Abito midi da donna per eventi e occasioni estive,Colore,Multicolore,Taglia,S,,,,49.95,
abito-midi-da-donna-per-eventi-e-occasioni-estive,,,Multicolore,,M,,,,49.95,
abito-midi-da-donna-per-eventi-e-occasioni-estive,,,Multicolore,,L,,,,49.95,
abito-midi-da-donna-per-eventi-e-occasioni-estive,,,Multicolore,,XL,,,,49.95,
abito-midi-da-donna-per-eventi-e-occasioni-estive,,,Multicolore,,2XL,,,,49.95,
abito-midi-da-donna-per-eventi-e-occasioni-estive,,,Multicolore,,3XL,,,,49.95,
ballerine-da-donna-a-punta-per-luso-quotidiano,Ballerine da donna a punta per l'uso quotidiano,Colore,Bianco,Taglia,36,,,,44.95,
ballerine-da-donna-a-punta-per-luso-quotidiano,,,Bianco,,37,,,,44.95,
ballerine-da-donna-a-punta-per-luso-quotidiano,,,Bianco,,38,,,,44.95,
ballerine-da-donna-a-punta-per-luso-quotidiano,,,Bianco,,39,,,,44.95,
ballerine-da-donna-a-punta-per-luso-quotidiano,,,Bianco,,40,,,,44.95,
ballerine-da-donna-a-punta-per-luso-quotidiano,,,Bianco,,41,,,,44.95,
ballerine-da-donna-a-punta-per-luso-quotidiano,,,Bianco,,42,,,,44.95,
ballerine-da-donna-a-punta-per-luso-quotidiano,,,Azzurro chiaro,,36,,,,44.95,
ballerine-da-donna-a-punta-per-luso-quotidiano,,,Azzurro chiaro,,37,,,,44.95,
ballerine-da-donna-a-punta-per-luso-quotidiano,,,Azzurro chiaro,,38,,,,44.95,
ballerine-da-donna-a-punta-per-luso-quotidiano,,,Azzurro chiaro,,39,,,,44.95,
ballerine-da-donna-a-punta-per-luso-quotidiano,,,Azzurro chiaro,,40,,,,44.95,
ballerine-da-donna-a-punta-per-luso-quotidiano,,,Azzurro chiaro,,41,,,,44.95,
ballerine-da-donna-a-punta-per-luso-quotidiano,,,Azzurro chiaro,,42,,,,44.95,
ballerine-da-donna-a-punta-per-luso-quotidiano,,,Arancione,,36,,,,44.95,
ballerine-da-donna-a-punta-per-luso-quotidiano,,,Arancione,,37,,,,44.95,
ballerine-da-donna-a-punta-per-luso-quotidiano,,,Arancione,,38,,,,44.95,
ballerine-da-donna-a-punta-per-luso-quotidiano,,,Arancione,,39,,,,44.95,
ballerine-da-donna-a-punta-per-luso-quotidiano,,,Arancione,,40,,,,44.95,
ballerine-da-donna-a-punta-per-luso-quotidiano,,,Arancione,,41,,,,44.95,
ballerine-da-donna-a-punta-per-luso-quotidiano,,,Arancione,,42,,,,44.95,
ballerine-da-donna-a-punta-per-luso-quotidiano,,,Cachi,,36,,,,44.95,
ballerine-da-donna-a-punta-per-luso-quotidiano,,,Cachi,,37,,,,44.95,
ballerine-da-donna-a-punta-per-luso-quotidiano,,,Cachi,,38,,,,44.95,
ballerine-da-donna-a-punta-per-luso-quotidiano,,,Cachi,,39,,,,44.95,
ballerine-da-donna-a-punta-per-luso-quotidiano,,,Cachi,,40,,,,44.95,
ballerine-da-donna-a-punta-per-luso-quotidiano,,,Cachi,,41,,,,44.95,
ballerine-da-donna-a-punta-per-luso-quotidiano,,,Cachi,,42,,,,44.95,
ballerine-da-donna-a-punta-per-luso-quotidiano,,,Beige,,36,,,,44.95,
ballerine-da-donna-a-punta-per-luso-quotidiano,,,Beige,,37,,,,44.95,
ballerine-da-donna-a-punta-per-luso-quotidiano,,,Beige,,38,,,,44.95,
ballerine-da-donna-a-punta-per-luso-quotidiano,,,Beige,,39,,,,44.95,
ballerine-da-donna-a-punta-per-luso-quotidiano,,,Beige,,40,,,,44.95,
ballerine-da-donna-a-punta-per-luso-quotidiano,,,Beige,,41,,,,44.95,
ballerine-da-donna-a-punta-per-luso-quotidiano,,,Beige,,42,,,,44.95,
ballerine-da-donna-a-punta-per-luso-quotidiano,,,Nero,,36,,,,44.95,
ballerine-da-donna-a-punta-per-luso-quotidiano,,,Nero,,37,,,,44.95,
ballerine-da-donna-a-punta-per-luso-quotidiano,,,Nero,,38,,,,44.95,
ballerine-da-donna-a-punta-per-luso-quotidiano,,,Nero,,39,,,,44.95,
ballerine-da-donna-a-punta-per-luso-quotidiano,,,Nero,,40,,,,44.95,
ballerine-da-donna-a-punta-per-luso-quotidiano,,,Nero,,41,,,,44.95,
ballerine-da-donna-a-punta-per-luso-quotidiano,,,Nero,,42,,,,44.95,
ballerine-da-donna-a-punta-per-luso-quotidiano,,,Blu scuro,,36,,,,44.95,
ballerine-da-donna-a-punta-per-luso-quotidiano,,,Blu scuro,,37,,,,44.95,
ballerine-da-donna-a-punta-per-luso-quotidiano,,,Blu scuro,,38,,,,44.95,
ballerine-da-donna-a-punta-per-luso-quotidiano,,,Blu scuro,,39,,,,44.95,
ballerine-da-donna-a-punta-per-luso-quotidiano,,,Blu scuro,,40,,,,44.95,
ballerine-da-donna-a-punta-per-luso-quotidiano,,,Blu scuro,,41,,,,44.95,
ballerine-da-donna-a-punta-per-luso-quotidiano,,,Blu scuro,,42,,,,44.95,
sandali-con-zeppa-da-donna-per-giornate-estive,Sandali con zeppa da donna per giornate estive,Farbe,Schwarz,Taglia,36,,,,64.95,
sandali-con-zeppa-da-donna-per-giornate-estive,,,Schwarz,,37,,,,64.95,
sandali-con-zeppa-da-donna-per-giornate-estive,,,Schwarz,,38,,,,64.95,
sandali-con-zeppa-da-donna-per-giornate-estive,,,Schwarz,,39,,,,64.95,
sandali-con-zeppa-da-donna-per-giornate-estive,,,Schwarz,,40,,,,64.95,
sandali-con-zeppa-da-donna-per-giornate-estive,,,Schwarz,,41,,,,64.95,
sandali-con-zeppa-da-donna-per-giornate-estive,,,Schwarz,,42,,,,64.95,
sandali-con-zeppa-da-donna-per-giornate-estive,,,Beige,,36,,,,64.95,
sandali-con-zeppa-da-donna-per-giornate-estive,,,Beige,,37,,,,64.95,
sandali-con-zeppa-da-donna-per-giornate-estive,,,Beige,,38,,,,64.95,
sandali-con-zeppa-da-donna-per-giornate-estive,,,Beige,,39,,,,64.95,
sandali-con-zeppa-da-donna-per-giornate-estive,,,Beige,,40,,,,64.95,
sandali-con-zeppa-da-donna-per-giornate-estive,,,Beige,,41,,,,64.95,
sandali-con-zeppa-da-donna-per-giornate-estive,,,Beige,,42,,,,64.95,
sandali-con-zeppa-da-donna-per-giornate-estive,,,Beiger quadratischer Kopf,,36,,,,64.95,
sandali-con-zeppa-da-donna-per-giornate-estive,,,Beiger quadratischer Kopf,,37,,,,64.95,
sandali-con-zeppa-da-donna-per-giornate-estive,,,Beiger quadratischer Kopf,,38,,,,64.95,
sandali-con-zeppa-da-donna-per-giornate-estive,,,Beiger quadratischer Kopf,,39,,,,64.95,
sandali-con-zeppa-da-donna-per-giornate-estive,,,Beiger quadratischer Kopf,,40,,,,64.95,
sandali-con-zeppa-da-donna-per-giornate-estive,,,Beiger quadratischer Kopf,,41,,,,64.95,
sandali-con-zeppa-da-donna-per-giornate-estive,,,Beiger quadratischer Kopf,,42,,,,64.95,
abito-midi-da-donna-per-le-giornate-estive-e-il-tempo-libero-1,Abito midi da donna per le giornate estive e il tempo libero,Colore,Blu,Taglia,S,,,,54.95,
abito-midi-da-donna-per-le-giornate-estive-e-il-tempo-libero-1,,,Blu,,M,,,,54.95,
abito-midi-da-donna-per-le-giornate-estive-e-il-tempo-libero-1,,,Blu,,L,,,,54.95,
abito-midi-da-donna-per-le-giornate-estive-e-il-tempo-libero-1,,,Blu,,XL,,,,54.95,
abito-midi-da-donna-per-le-giornate-estive-e-il-tempo-libero-1,,,Blu,,2XL,,,,54.95,
abito-midi-da-donna-per-le-giornate-estive-e-il-tempo-libero-1,,,Blu,,3XL,,,,54.95,
abito-midi-da-donna-per-le-giornate-estive-e-il-tempo-libero-1,,,Giallo,,S,,,,54.95,
abito-midi-da-donna-per-le-giornate-estive-e-il-tempo-libero-1,,,Giallo,,M,,,,54.95,
abito-midi-da-donna-per-le-giornate-estive-e-il-tempo-libero-1,,,Giallo,,L,,,,54.95,
abito-midi-da-donna-per-le-giornate-estive-e-il-tempo-libero-1,,,Giallo,,XL,,,,54.95,
abito-midi-da-donna-per-le-giornate-estive-e-il-tempo-libero-1,,,Giallo,,2XL,,,,54.95,
abito-midi-da-donna-per-le-giornate-estive-e-il-tempo-libero-1,,,Giallo,,3XL,,,,54.95,
abito-midi-da-donna-per-le-giornate-estive-e-il-tempo-libero-1,,,Lilla,,S,,,,54.95,
abito-midi-da-donna-per-le-giornate-estive-e-il-tempo-libero-1,,,Lilla,,M,,,,54.95,
abito-midi-da-donna-per-le-giornate-estive-e-il-tempo-libero-1,,,Lilla,,L,,,,54.95,
abito-midi-da-donna-per-le-giornate-estive-e-il-tempo-libero-1,,,Lilla,,XL,,,,54.95,
abito-midi-da-donna-per-le-giornate-estive-e-il-tempo-libero-1,,,Lilla,,2XL,,,,54.95,
abito-midi-da-donna-per-le-giornate-estive-e-il-tempo-libero-1,,,Lilla,,3XL,,,,54.95,
abito-lungo-da-donna-per-cerimonie-ed-eventi,Abito lungo da donna per cerimonie ed eventi,Colore,Azzurro chiaro,Taglia,S,,,,59.95,
abito-lungo-da-donna-per-cerimonie-ed-eventi,,,Azzurro chiaro,,M,,,,59.95,
abito-lungo-da-donna-per-cerimonie-ed-eventi,,,Azzurro chiaro,,L,,,,59.95,
abito-lungo-da-donna-per-cerimonie-ed-eventi,,,Azzurro chiaro,,XL,,,,59.95,
abito-lungo-da-donna-per-cerimonie-ed-eventi,,,Azzurro chiaro,,2XL,,,,59.95,
abito-lungo-da-donna-per-cerimonie-ed-eventi,,,Azzurro chiaro,,3XL,,,,59.95,
abito-lungo-da-donna-per-cerimonie-ed-eventi,,,Blu navy,,S,,,,59.95,
abito-lungo-da-donna-per-cerimonie-ed-eventi,,,Blu navy,,M,,,,59.95,
abito-lungo-da-donna-per-cerimonie-ed-eventi,,,Blu navy,,L,,,,59.95,
abito-lungo-da-donna-per-cerimonie-ed-eventi,,,Blu navy,,XL,,,,59.95,
abito-lungo-da-donna-per-cerimonie-ed-eventi,,,Blu navy,,2XL,,,,59.95,
abito-lungo-da-donna-per-cerimonie-ed-eventi,,,Blu navy,,3XL,,,,59.95,
abito-lungo-da-donna-per-cerimonie-ed-eventi,,,Giallo,,S,,,,59.95,
abito-lungo-da-donna-per-cerimonie-ed-eventi,,,Giallo,,M,,,,59.95,
abito-lungo-da-donna-per-cerimonie-ed-eventi,,,Giallo,,L,,,,59.95,
abito-lungo-da-donna-per-cerimonie-ed-eventi,,,Giallo,,XL,,,,59.95,
abito-lungo-da-donna-per-cerimonie-ed-eventi,,,Giallo,,2XL,,,,59.95,
abito-lungo-da-donna-per-cerimonie-ed-eventi,,,Giallo,,3XL,,,,59.95,
abito-lungo-da-donna-per-cerimonie-ed-eventi,,,Verde chiaro,,S,,,,59.95,
abito-lungo-da-donna-per-cerimonie-ed-eventi,,,Verde chiaro,,M,,,,59.95,
abito-lungo-da-donna-per-cerimonie-ed-eventi,,,Verde chiaro,,L,,,,59.95,
abito-lungo-da-donna-per-cerimonie-ed-eventi,,,Verde chiaro,,XL,,,,59.95,
abito-lungo-da-donna-per-cerimonie-ed-eventi,,,Verde chiaro,,2XL,,,,59.95,
abito-lungo-da-donna-per-cerimonie-ed-eventi,,,Verde chiaro,,3XL,,,,59.95,
abito-lungo-da-donna-per-cerimonie-ed-eventi,,,Rosa,,S,,,,59.95,
abito-lungo-da-donna-per-cerimonie-ed-eventi,,,Rosa,,M,,,,59.95,
abito-lungo-da-donna-per-cerimonie-ed-eventi,,,Rosa,,L,,,,59.95,
abito-lungo-da-donna-per-cerimonie-ed-eventi,,,Rosa,,XL,,,,59.95,
abito-lungo-da-donna-per-cerimonie-ed-eventi,,,Rosa,,2XL,,,,59.95,
abito-lungo-da-donna-per-cerimonie-ed-eventi,,,Rosa,,3XL,,,,59.95,
abito-lungo-da-donna-per-cerimonie-ed-eventi,,,Lilla,,S,,,,59.95,
abito-lungo-da-donna-per-cerimonie-ed-eventi,,,Lilla,,M,,,,59.95,
abito-lungo-da-donna-per-cerimonie-ed-eventi,,,Lilla,,L,,,,59.95,
abito-lungo-da-donna-per-cerimonie-ed-eventi,,,Lilla,,XL,,,,59.95,
abito-lungo-da-donna-per-cerimonie-ed-eventi,,,Lilla,,2XL,,,,59.95,
abito-lungo-da-donna-per-cerimonie-ed-eventi,,,Lilla,,3XL,,,,59.95,
abito-lungo-da-donna-per-cerimonie-ed-eventi,,,Arancione,,S,,,,59.95,
abito-lungo-da-donna-per-cerimonie-ed-eventi,,,Arancione,,M,,,,59.95,
abito-lungo-da-donna-per-cerimonie-ed-eventi,,,Arancione,,L,,,,59.95,
abito-lungo-da-donna-per-cerimonie-ed-eventi,,,Arancione,,XL,,,,59.95,
abito-lungo-da-donna-per-cerimonie-ed-eventi,,,Arancione,,2XL,,,,59.95,
abito-lungo-da-donna-per-cerimonie-ed-eventi,,,Arancione,,3XL,,,,59.95,
abito-lungo-da-donna-per-cerimonie-ed-eventi,,,Verde,,S,,,,59.95,
abito-lungo-da-donna-per-cerimonie-ed-eventi,,,Verde,,M,,,,59.95,
abito-lungo-da-donna-per-cerimonie-ed-eventi,,,Verde,,L,,,,59.95,
abito-lungo-da-donna-per-cerimonie-ed-eventi,,,Verde,,XL,,,,59.95,
abito-lungo-da-donna-per-cerimonie-ed-eventi,,,Verde,,2XL,,,,59.95,
abito-lungo-da-donna-per-cerimonie-ed-eventi,,,Verde,,3XL,,,,59.95,
abito-chemisier-lungo-da-donna-per-il-tempo-libero,Abito chemisier lungo da donna per il tempo libero,Farbe,Azzurro chiaro,Größe,XS,,,,59.95,
abito-chemisier-lungo-da-donna-per-il-tempo-libero,,,Azzurro chiaro,,S,,,,59.95,
abito-chemisier-lungo-da-donna-per-il-tempo-libero,,,Azzurro chiaro,,M,,,,59.95,
abito-chemisier-lungo-da-donna-per-il-tempo-libero,,,Azzurro chiaro,,L,,,,59.95,
abito-chemisier-lungo-da-donna-per-il-tempo-libero,,,Azzurro chiaro,,XL,,,,59.95,
abito-chemisier-lungo-da-donna-per-il-tempo-libero,,,Azzurro chiaro,,2XL,,,,59.95,
tankini-da-donna-con-pantaloncini-per-l-estate,Tankini da donna con pantaloncini per l’estate,Colore,Lilla,Taglia,S,,,,39.95,
tankini-da-donna-con-pantaloncini-per-l-estate,,,Lilla,,M,,,,39.95,
tankini-da-donna-con-pantaloncini-per-l-estate,,,Lilla,,L,,,,39.95,
tankini-da-donna-con-pantaloncini-per-l-estate,,,Lilla,,XL,,,,39.95,
tankini-da-donna-con-pantaloncini-per-l-estate,,,Lilla,,2XL,,,,39.95,
tankini-da-donna-con-pantaloncini-per-l-estate,,,Lilla,,3XL,,,,39.95,
tankini-da-donna-con-pantaloncini-per-l-estate,,,Nero,,S,,,,39.95,
tankini-da-donna-con-pantaloncini-per-l-estate,,,Nero,,M,,,,39.95,
tankini-da-donna-con-pantaloncini-per-l-estate,,,Nero,,L,,,,39.95,
tankini-da-donna-con-pantaloncini-per-l-estate,,,Nero,,XL,,,,39.95,
tankini-da-donna-con-pantaloncini-per-l-estate,,,Nero,,2XL,,,,39.95,
tankini-da-donna-con-pantaloncini-per-l-estate,,,Nero,,3XL,,,,39.95,
tankini-da-donna-con-pantaloncini-per-l-estate,,,Rosa acceso,,S,,,,39.95,
tankini-da-donna-con-pantaloncini-per-l-estate,,,Rosa acceso,,M,,,,39.95,
tankini-da-donna-con-pantaloncini-per-l-estate,,,Rosa acceso,,L,,,,39.95,
tankini-da-donna-con-pantaloncini-per-l-estate,,,Rosa acceso,,XL,,,,39.95,
tankini-da-donna-con-pantaloncini-per-l-estate,,,Rosa acceso,,2XL,,,,39.95,
tankini-da-donna-con-pantaloncini-per-l-estate,,,Rosa acceso,,3XL,,,,39.95,
tankini-da-donna-con-pantaloncini-per-l-estate,,,Blu reale,,S,,,,39.95,
tankini-da-donna-con-pantaloncini-per-l-estate,,,Blu reale,,M,,,,39.95,
tankini-da-donna-con-pantaloncini-per-l-estate,,,Blu reale,,L,,,,39.95,
tankini-da-donna-con-pantaloncini-per-l-estate,,,Blu reale,,XL,,,,39.95,
tankini-da-donna-con-pantaloncini-per-l-estate,,,Blu reale,,2XL,,,,39.95,
tankini-da-donna-con-pantaloncini-per-l-estate,,,Blu reale,,3XL,,,,39.95,
tankini-da-donna-con-pantaloncini-per-l-estate,,,Blu,,S,,,,39.95,
tankini-da-donna-con-pantaloncini-per-l-estate,,,Blu,,M,,,,39.95,
tankini-da-donna-con-pantaloncini-per-l-estate,,,Blu,,L,,,,39.95,
tankini-da-donna-con-pantaloncini-per-l-estate,,,Blu,,XL,,,,39.95,
tankini-da-donna-con-pantaloncini-per-l-estate,,,Blu,,2XL,,,,39.95,
tankini-da-donna-con-pantaloncini-per-l-estate,,,Blu,,3XL,,,,39.95,
vestito-lungo-da-donna-a-righe-sfumate-per-tempo-libero-e-primavera,Vestito lungo da donna a righe sfumate per tempo libero e primavera,Colore,Rosa,Taglia,S,,,,44.95,
vestito-lungo-da-donna-a-righe-sfumate-per-tempo-libero-e-primavera,,,Rosa,,M,,,,44.95,
vestito-lungo-da-donna-a-righe-sfumate-per-tempo-libero-e-primavera,,,Rosa,,L,,,,44.95,
vestito-lungo-da-donna-a-righe-sfumate-per-tempo-libero-e-primavera,,,Rosa,,XL,,,,44.95,
vestito-lungo-da-donna-a-righe-sfumate-per-tempo-libero-e-primavera,,,Rosa,,2XL,,,,44.95,
vestito-lungo-da-donna-a-righe-sfumate-per-tempo-libero-e-primavera,,,Rosa,,3XL,,,,44.95,
costume-intero-da-donna-per-giornate-estive,Costume intero da donna per giornate estive,Colore,Rosa,Taglia,S,,,,44.95,
costume-intero-da-donna-per-giornate-estive,,,Rosa,,M,,,,44.95,
costume-intero-da-donna-per-giornate-estive,,,Rosa,,L,,,,44.95,
costume-intero-da-donna-per-giornate-estive,,,Rosa,,XL,,,,44.95,
costume-intero-da-donna-per-giornate-estive,,,Rosa,,2XL,,,,44.95,
costume-intero-da-donna-per-giornate-estive,,,Rosa,,3XL,,,,44.95,
costume-intero-da-donna-per-giornate-estive,,,Marrone,,S,,,,44.95,
costume-intero-da-donna-per-giornate-estive,,,Marrone,,M,,,,44.95,
costume-intero-da-donna-per-giornate-estive,,,Marrone,,L,,,,44.95,
costume-intero-da-donna-per-giornate-estive,,,Marrone,,XL,,,,44.95,
costume-intero-da-donna-per-giornate-estive,,,Marrone,,2XL,,,,44.95,
costume-intero-da-donna-per-giornate-estive,,,Marrone,,3XL,,,,44.95,
costume-intero-da-donna-per-giornate-estive,,,Blu,,S,,,,44.95,
costume-intero-da-donna-per-giornate-estive,,,Blu,,M,,,,44.95,
costume-intero-da-donna-per-giornate-estive,,,Blu,,L,,,,44.95,
costume-intero-da-donna-per-giornate-estive,,,Blu,,XL,,,,44.95,
costume-intero-da-donna-per-giornate-estive,,,Blu,,2XL,,,,44.95,
costume-intero-da-donna-per-giornate-estive,,,Blu,,3XL,,,,44.95,
costume-intero-da-donna-per-giornate-estive,,,Giallo,,S,,,,44.95,
costume-intero-da-donna-per-giornate-estive,,,Giallo,,M,,,,44.95,
costume-intero-da-donna-per-giornate-estive,,,Giallo,,L,,,,44.95,
costume-intero-da-donna-per-giornate-estive,,,Giallo,,XL,,,,44.95,
costume-intero-da-donna-per-giornate-estive,,,Giallo,,2XL,,,,44.95,
costume-intero-da-donna-per-giornate-estive,,,Giallo,,3XL,,,,44.95,
costume-intero-da-donna-per-giornate-estive,,,Verde,,S,,,,44.95,
costume-intero-da-donna-per-giornate-estive,,,Verde,,M,,,,44.95,
costume-intero-da-donna-per-giornate-estive,,,Verde,,L,,,,44.95,
costume-intero-da-donna-per-giornate-estive,,,Verde,,XL,,,,44.95,
costume-intero-da-donna-per-giornate-estive,,,Verde,,2XL,,,,44.95,
costume-intero-da-donna-per-giornate-estive,,,Verde,,3XL,,,,44.95,
abito-midi-da-donna-per-attivita-quotidiane,Abito midi da donna per attività quotidiane,Colore,Blu,Taglia,S,,,,44.95,
abito-midi-da-donna-per-attivita-quotidiane,,,Blu,,M,,,,44.95,
abito-midi-da-donna-per-attivita-quotidiane,,,Blu,,L,,,,44.95,
abito-midi-da-donna-per-attivita-quotidiane,,,Blu,,XL,,,,44.95,
abito-midi-da-donna-per-attivita-quotidiane,,,Blu,,2XL,,,,44.95,
abito-midi-da-donna-per-attivita-quotidiane,,,Blu,,3XL,,,,44.95,
abito-midi-da-donna-per-attivita-quotidiane,,,Bianco,,S,,,,44.95,
abito-midi-da-donna-per-attivita-quotidiane,,,Bianco,,M,,,,44.95,
abito-midi-da-donna-per-attivita-quotidiane,,,Bianco,,L,,,,44.95,
abito-midi-da-donna-per-attivita-quotidiane,,,Bianco,,XL,,,,44.95,
abito-midi-da-donna-per-attivita-quotidiane,,,Bianco,,2XL,,,,44.95,
abito-midi-da-donna-per-attivita-quotidiane,,,Bianco,,3XL,,,,44.95,
abito-midi-da-donna-per-attivita-quotidiane,,,Verde,,S,,,,44.95,
abito-midi-da-donna-per-attivita-quotidiane,,,Verde,,M,,,,44.95,
abito-midi-da-donna-per-attivita-quotidiane,,,Verde,,L,,,,44.95,
abito-midi-da-donna-per-attivita-quotidiane,,,Verde,,XL,,,,44.95,
abito-midi-da-donna-per-attivita-quotidiane,,,Verde,,2XL,,,,44.95,
abito-midi-da-donna-per-attivita-quotidiane,,,Verde,,3XL,,,,44.95,
abito-midi-da-donna-per-uso-quotidiano-1,Abito midi da donna per uso quotidiano,Colore,Blu,Taglia,S,,,,39.95,
abito-midi-da-donna-per-uso-quotidiano-1,,,Blu,,M,,,,39.95,
abito-midi-da-donna-per-uso-quotidiano-1,,,Blu,,L,,,,39.95,
abito-midi-da-donna-per-uso-quotidiano-1,,,Blu,,XL,,,,39.95,
abito-midi-da-donna-per-uso-quotidiano-1,,,Blu,,2XL,,,,39.95,
abito-midi-da-donna-per-uso-quotidiano-1,,,Blu,,3XL,,,,39.95,
abito-midi-da-donna-per-uso-quotidiano-1,,,Rosso,,S,,,,39.95,
abito-midi-da-donna-per-uso-quotidiano-1,,,Rosso,,M,,,,39.95,
abito-midi-da-donna-per-uso-quotidiano-1,,,Rosso,,L,,,,39.95,
abito-midi-da-donna-per-uso-quotidiano-1,,,Rosso,,XL,,,,39.95,
abito-midi-da-donna-per-uso-quotidiano-1,,,Rosso,,2XL,,,,39.95,
abito-midi-da-donna-per-uso-quotidiano-1,,,Rosso,,3XL,,,,39.95,
abito-midi-da-donna-per-uso-quotidiano-1,,,Nero,,S,,,,39.95,
abito-midi-da-donna-per-uso-quotidiano-1,,,Nero,,M,,,,39.95,
abito-midi-da-donna-per-uso-quotidiano-1,,,Nero,,L,,,,39.95,
abito-midi-da-donna-per-uso-quotidiano-1,,,Nero,,XL,,,,39.95,
abito-midi-da-donna-per-uso-quotidiano-1,,,Nero,,2XL,,,,39.95,
abito-midi-da-donna-per-uso-quotidiano-1,,,Nero,,3XL,,,,39.95,
abito-midi-da-donna-per-giornate-di-sole,Abito midi da donna per giornate di sole,Colore,Blu,Taglia,S,,,,39.95,
abito-midi-da-donna-per-giornate-di-sole,,,Blu,,M,,,,39.95,
abito-midi-da-donna-per-giornate-di-sole,,,Blu,,L,,,,39.95,
abito-midi-da-donna-per-giornate-di-sole,,,Blu,,XL,,,,39.95,
abito-midi-da-donna-per-giornate-di-sole,,,Blu,,2XL,,,,39.95,
abito-midi-da-donna-per-giornate-di-sole,,,Blu,,3XL,,,,39.95,
abito-mini-da-donna-per-giornate-estive,Abito mini da donna per giornate estive,Colore,Nero,Taglia,S,,,,39.95,
abito-mini-da-donna-per-giornate-estive,,,Nero,,M,,,,39.95,
abito-mini-da-donna-per-giornate-estive,,,Nero,,L,,,,39.95,
abito-mini-da-donna-per-giornate-estive,,,Nero,,XL,,,,39.95,
abito-mini-da-donna-per-giornate-estive,,,Nero,,2XL,,,,39.95,
abito-mini-da-donna-per-giornate-estive,,,Nero,,3XL,,,,39.95,
abito-mini-da-donna-per-giornate-estive,,,Verde,,S,,,,39.95,
abito-mini-da-donna-per-giornate-estive,,,Verde,,M,,,,39.95,
abito-mini-da-donna-per-giornate-estive,,,Verde,,L,,,,39.95,
abito-mini-da-donna-per-giornate-estive,,,Verde,,XL,,,,39.95,
abito-mini-da-donna-per-giornate-estive,,,Verde,,2XL,,,,39.95,
abito-mini-da-donna-per-giornate-estive,,,Verde,,3XL,,,,39.95,
abito-mini-da-donna-per-giornate-estive,,,Rosso,,S,,,,39.95,
abito-mini-da-donna-per-giornate-estive,,,Rosso,,M,,,,39.95,
abito-mini-da-donna-per-giornate-estive,,,Rosso,,L,,,,39.95,
abito-mini-da-donna-per-giornate-estive,,,Rosso,,XL,,,,39.95,
abito-mini-da-donna-per-giornate-estive,,,Rosso,,2XL,,,,39.95,
abito-mini-da-donna-per-giornate-estive,,,Rosso,,3XL,,,,39.95,
costume-da-bagno-da-donna-per-giornate-estive,Costume da bagno da donna per giornate estive,Colore,Blu navy,Taglia,S,,,,39.95,
costume-da-bagno-da-donna-per-giornate-estive,,,Blu navy,,M,,,,39.95,
costume-da-bagno-da-donna-per-giornate-estive,,,Blu navy,,L,,,,39.95,
costume-da-bagno-da-donna-per-giornate-estive,,,Blu navy,,XL,,,,39.95,
costume-da-bagno-da-donna-per-giornate-estive,,,Blu navy,,2XL,,,,39.95,
costume-da-bagno-da-donna-per-giornate-estive,,,Blu navy,,3XL,,,,39.95,
costume-da-bagno-da-donna-per-giornate-estive,,,Nero,,S,,,,39.95,
costume-da-bagno-da-donna-per-giornate-estive,,,Nero,,M,,,,39.95,
costume-da-bagno-da-donna-per-giornate-estive,,,Nero,,L,,,,39.95,
costume-da-bagno-da-donna-per-giornate-estive,,,Nero,,XL,,,,39.95,
costume-da-bagno-da-donna-per-giornate-estive,,,Nero,,2XL,,,,39.95,
costume-da-bagno-da-donna-per-giornate-estive,,,Nero,,3XL,,,,39.95,
costume-da-bagno-da-donna-per-giornate-estive,,,Verde,,S,,,,39.95,
costume-da-bagno-da-donna-per-giornate-estive,,,Verde,,M,,,,39.95,
costume-da-bagno-da-donna-per-giornate-estive,,,Verde,,L,,,,39.95,
costume-da-bagno-da-donna-per-giornate-estive,,,Verde,,XL,,,,39.95,
costume-da-bagno-da-donna-per-giornate-estive,,,Verde,,2XL,,,,39.95,
costume-da-bagno-da-donna-per-giornate-estive,,,Verde,,3XL,,,,39.95,
abito-maxi-da-donna-per-giornate-estive,Abito maxi da donna per giornate estive,Colore,Beige,Taglia,S,,,,44.95,
abito-maxi-da-donna-per-giornate-estive,,,Beige,,M,,,,44.95,
abito-maxi-da-donna-per-giornate-estive,,,Beige,,L,,,,44.95,
abito-maxi-da-donna-per-giornate-estive,,,Beige,,XL,,,,44.95,
abito-maxi-da-donna-per-giornate-estive,,,Beige,,2XL,,,,44.95,
abito-maxi-da-donna-per-giornate-estive,,,Bianco,,S,,,,44.95,
abito-maxi-da-donna-per-giornate-estive,,,Bianco,,M,,,,44.95,
abito-maxi-da-donna-per-giornate-estive,,,Bianco,,L,,,,44.95,
abito-maxi-da-donna-per-giornate-estive,,,Bianco,,XL,,,,44.95,
abito-maxi-da-donna-per-giornate-estive,,,Bianco,,2XL,,,,44.95,
abito-maxi-da-donna-per-giornate-estive,,,Rosa,,S,,,,44.95,
abito-maxi-da-donna-per-giornate-estive,,,Rosa,,M,,,,44.95,
abito-maxi-da-donna-per-giornate-estive,,,Rosa,,L,,,,44.95,
abito-maxi-da-donna-per-giornate-estive,,,Rosa,,XL,,,,44.95,
abito-maxi-da-donna-per-giornate-estive,,,Rosa,,2XL,,,,44.95,
abito-maxi-da-donna-per-giornate-estive,,,Corallo,,S,,,,44.95,
abito-maxi-da-donna-per-giornate-estive,,,Corallo,,M,,,,44.95,
abito-maxi-da-donna-per-giornate-estive,,,Corallo,,L,,,,44.95,
abito-maxi-da-donna-per-giornate-estive,,,Corallo,,XL,,,,44.95,
abito-maxi-da-donna-per-giornate-estive,,,Corallo,,2XL,,,,44.95,
abito-maxi-da-donna-per-giornate-estive,,,Verde chiaro,,S,,,,44.95,
abito-maxi-da-donna-per-giornate-estive,,,Verde chiaro,,M,,,,44.95,
abito-maxi-da-donna-per-giornate-estive,,,Verde chiaro,,L,,,,44.95,
abito-maxi-da-donna-per-giornate-estive,,,Verde chiaro,,XL,,,,44.95,
abito-maxi-da-donna-per-giornate-estive,,,Verde chiaro,,2XL,,,,44.95,
abito-maxi-da-donna-per-giornate-estive,,,Lilla,,S,,,,44.95,
abito-maxi-da-donna-per-giornate-estive,,,Lilla,,M,,,,44.95,
abito-maxi-da-donna-per-giornate-estive,,,Lilla,,L,,,,44.95,
abito-maxi-da-donna-per-giornate-estive,,,Lilla,,XL,,,,44.95,
abito-maxi-da-donna-per-giornate-estive,,,Lilla,,2XL,,,,44.95,
abito-maxi-da-donna-per-giornate-estive,,,Azzurro,,S,,,,44.95,
abito-maxi-da-donna-per-giornate-estive,,,Azzurro,,M,,,,44.95,
abito-maxi-da-donna-per-giornate-estive,,,Azzurro,,L,,,,44.95,
abito-maxi-da-donna-per-giornate-estive,,,Azzurro,,XL,,,,44.95,
abito-maxi-da-donna-per-giornate-estive,,,Azzurro,,2XL,,,,44.95,
abito-maxi-da-donna-per-giornate-estive,,,Marrone,,S,,,,44.95,
abito-maxi-da-donna-per-giornate-estive,,,Marrone,,M,,,,44.95,
abito-maxi-da-donna-per-giornate-estive,,,Marrone,,L,,,,44.95,
abito-maxi-da-donna-per-giornate-estive,,,Marrone,,XL,,,,44.95,
abito-maxi-da-donna-per-giornate-estive,,,Marrone,,2XL,,,,44.95,
abito-maxi-da-donna-per-giornate-estive,,,Verde,,S,,,,44.95,
abito-maxi-da-donna-per-giornate-estive,,,Verde,,M,,,,44.95,
abito-maxi-da-donna-per-giornate-estive,,,Verde,,L,,,,44.95,
abito-maxi-da-donna-per-giornate-estive,,,Verde,,XL,,,,44.95,
abito-maxi-da-donna-per-giornate-estive,,,Verde,,2XL,,,,44.95,
abito-maxi-da-donna-per-giornate-estive,,,Blu,,S,,,,44.95,
abito-maxi-da-donna-per-giornate-estive,,,Blu,,M,,,,44.95,
abito-maxi-da-donna-per-giornate-estive,,,Blu,,L,,,,44.95,
abito-maxi-da-donna-per-giornate-estive,,,Blu,,XL,,,,44.95,
abito-maxi-da-donna-per-giornate-estive,,,Blu,,2XL,,,,44.95,
abito-maxi-da-donna-per-giornate-estive,,,Bordeaux,,S,,,,44.95,
abito-maxi-da-donna-per-giornate-estive,,,Bordeaux,,M,,,,44.95,
abito-maxi-da-donna-per-giornate-estive,,,Bordeaux,,L,,,,44.95,
abito-maxi-da-donna-per-giornate-estive,,,Bordeaux,,XL,,,,44.95,
abito-maxi-da-donna-per-giornate-estive,,,Bordeaux,,2XL,,,,44.95,
abito-maxi-da-donna-per-giornate-estive,,,Nero,,S,,,,44.95,
abito-maxi-da-donna-per-giornate-estive,,,Nero,,M,,,,44.95,
abito-maxi-da-donna-per-giornate-estive,,,Nero,,L,,,,44.95,
abito-maxi-da-donna-per-giornate-estive,,,Nero,,XL,,,,44.95,
abito-maxi-da-donna-per-giornate-estive,,,Nero,,2XL,,,,44.95,
abito-maxi-da-donna-per-giornate-estive,,,Beige,,3XL,,,,44.95,
abito-maxi-da-donna-per-giornate-estive,,,Bianco,,3XL,,,,44.95,
abito-maxi-da-donna-per-giornate-estive,,,Rosa,,3XL,,,,44.95,
abito-maxi-da-donna-per-giornate-estive,,,Corallo,,3XL,,,,44.95,
abito-maxi-da-donna-per-giornate-estive,,,Verde chiaro,,3XL,,,,44.95,
abito-maxi-da-donna-per-giornate-estive,,,Lilla,,3XL,,,,44.95,
abito-maxi-da-donna-per-giornate-estive,,,Azzurro,,3XL,,,,44.95,
abito-maxi-da-donna-per-giornate-estive,,,Marrone,,3XL,,,,44.95,
abito-maxi-da-donna-per-giornate-estive,,,Verde,,3XL,,,,44.95,
abito-maxi-da-donna-per-giornate-estive,,,Blu,,3XL,,,,44.95,
abito-maxi-da-donna-per-giornate-estive,,,Bordeaux,,3XL,,,,44.95,
abito-maxi-da-donna-per-giornate-estive,,,Nero,,3XL,,,,44.95,
abito-midi-da-donna-dal-taglio-ampio,Abito midi da donna dal taglio ampio,Colore,Verde militare,Taglia,S,,,,39.95,
abito-midi-da-donna-dal-taglio-ampio,,,Verde militare,,M,,,,39.95,
abito-midi-da-donna-dal-taglio-ampio,,,Verde militare,,L,,,,39.95,
abito-midi-da-donna-dal-taglio-ampio,,,Verde militare,,XL,,,,39.95,
abito-midi-da-donna-dal-taglio-ampio,,,Verde militare,,2XL,,,,39.95,
abito-midi-da-donna-dal-taglio-ampio,,,Verde militare,,3XL,,,,39.95,
abito-midi-da-donna-dal-taglio-ampio,,,Blu,,S,,,,39.95,
abito-midi-da-donna-dal-taglio-ampio,,,Blu,,M,,,,39.95,
abito-midi-da-donna-dal-taglio-ampio,,,Blu,,L,,,,39.95,
abito-midi-da-donna-dal-taglio-ampio,,,Blu,,XL,,,,39.95,
abito-midi-da-donna-dal-taglio-ampio,,,Blu,,2XL,,,,39.95,
abito-midi-da-donna-dal-taglio-ampio,,,Blu,,3XL,,,,39.95,
abito-midi-da-donna-dal-taglio-ampio,,,Blu navy,,S,,,,39.95,
abito-midi-da-donna-dal-taglio-ampio,,,Blu navy,,M,,,,39.95,
abito-midi-da-donna-dal-taglio-ampio,,,Blu navy,,L,,,,39.95,
abito-midi-da-donna-dal-taglio-ampio,,,Blu navy,,XL,,,,39.95,
abito-midi-da-donna-dal-taglio-ampio,,,Blu navy,,2XL,,,,39.95,
abito-midi-da-donna-dal-taglio-ampio,,,Blu navy,,3XL,,,,39.95,
abito-midi-da-donna-dal-taglio-ampio,,,Rosa,,S,,,,39.95,
abito-midi-da-donna-dal-taglio-ampio,,,Rosa,,M,,,,39.95,
abito-midi-da-donna-dal-taglio-ampio,,,Rosa,,L,,,,39.95,
abito-midi-da-donna-dal-taglio-ampio,,,Rosa,,XL,,,,39.95,
abito-midi-da-donna-dal-taglio-ampio,,,Rosa,,2XL,,,,39.95,
abito-midi-da-donna-dal-taglio-ampio,,,Rosa,,3XL,,,,39.95,
abito-midi-da-donna-dal-taglio-ampio,,,Nero,,S,,,,39.95,
abito-midi-da-donna-dal-taglio-ampio,,,Nero,,M,,,,39.95,
abito-midi-da-donna-dal-taglio-ampio,,,Nero,,L,,,,39.95,
abito-midi-da-donna-dal-taglio-ampio,,,Nero,,XL,,,,39.95,
abito-midi-da-donna-dal-taglio-ampio,,,Nero,,2XL,,,,39.95,
abito-midi-da-donna-dal-taglio-ampio,,,Nero,,3XL,,,,39.95,
abito-midi-da-donna-dal-taglio-ampio,,,Bianco,,S,,,,39.95,
abito-midi-da-donna-dal-taglio-ampio,,,Bianco,,M,,,,39.95,
abito-midi-da-donna-dal-taglio-ampio,,,Bianco,,L,,,,39.95,
abito-midi-da-donna-dal-taglio-ampio,,,Bianco,,XL,,,,39.95,
abito-midi-da-donna-dal-taglio-ampio,,,Bianco,,2XL,,,,39.95,
abito-midi-da-donna-dal-taglio-ampio,,,Bianco,,3XL,,,,39.95,
abito-midi-da-donna-dal-taglio-ampio,,,Rosso,,S,,,,39.95,
abito-midi-da-donna-dal-taglio-ampio,,,Rosso,,M,,,,39.95,
abito-midi-da-donna-dal-taglio-ampio,,,Rosso,,L,,,,39.95,
abito-midi-da-donna-dal-taglio-ampio,,,Rosso,,XL,,,,39.95,
abito-midi-da-donna-dal-taglio-ampio,,,Rosso,,2XL,,,,39.95,
abito-midi-da-donna-dal-taglio-ampio,,,Rosso,,3XL,,,,39.95,
abito-midi-da-donna-dal-taglio-ampio,,,Grigio,,S,,,,39.95,
abito-midi-da-donna-dal-taglio-ampio,,,Grigio,,M,,,,39.95,
abito-midi-da-donna-dal-taglio-ampio,,,Grigio,,L,,,,39.95,
abito-midi-da-donna-dal-taglio-ampio,,,Grigio,,XL,,,,39.95,
abito-midi-da-donna-dal-taglio-ampio,,,Grigio,,2XL,,,,39.95,
abito-midi-da-donna-dal-taglio-ampio,,,Grigio,,3XL,,,,39.95,
abito-midi-da-donna-dal-taglio-ampio,,,Marrone,,S,,,,39.95,
abito-midi-da-donna-dal-taglio-ampio,,,Marrone,,M,,,,39.95,
abito-midi-da-donna-dal-taglio-ampio,,,Marrone,,L,,,,39.95,
abito-midi-da-donna-dal-taglio-ampio,,,Marrone,,XL,,,,39.95,
abito-midi-da-donna-dal-taglio-ampio,,,Marrone,,2XL,,,,39.95,
abito-midi-da-donna-dal-taglio-ampio,,,Marrone,,3XL,,,,39.95,
abito-mini-da-donna-per-giornate-estive-1,Abito mini da donna per giornate estive,Colore,Blu navy,Taglia,S,,,,39.95,
abito-mini-da-donna-per-giornate-estive-1,,,Blu navy,,M,,,,39.95,
abito-mini-da-donna-per-giornate-estive-1,,,Blu navy,,L,,,,39.95,
abito-mini-da-donna-per-giornate-estive-1,,,Blu navy,,XL,,,,39.95,
abito-mini-da-donna-per-giornate-estive-1,,,Blu navy,,2XL,,,,39.95,
abito-mini-da-donna-per-giornate-estive-1,,,Blu navy,,3XL,,,,39.95,
abito-mini-da-donna-per-giornate-estive-1,,,Rosa,,S,,,,39.95,
abito-mini-da-donna-per-giornate-estive-1,,,Rosa,,M,,,,39.95,
abito-mini-da-donna-per-giornate-estive-1,,,Rosa,,L,,,,39.95,
abito-mini-da-donna-per-giornate-estive-1,,,Rosa,,XL,,,,39.95,
abito-mini-da-donna-per-giornate-estive-1,,,Rosa,,2XL,,,,39.95,
abito-mini-da-donna-per-giornate-estive-1,,,Rosa,,3XL,,,,39.95,
abito-mini-da-donna-per-giornate-estive-1,,,Nero,,S,,,,39.95,
abito-mini-da-donna-per-giornate-estive-1,,,Nero,,M,,,,39.95,
abito-mini-da-donna-per-giornate-estive-1,,,Nero,,L,,,,39.95,
abito-mini-da-donna-per-giornate-estive-1,,,Nero,,XL,,,,39.95,
abito-mini-da-donna-per-giornate-estive-1,,,Nero,,2XL,,,,39.95,
abito-mini-da-donna-per-giornate-estive-1,,,Nero,,3XL,,,,39.95,
abito-mini-da-donna-per-giornate-estive-1,,,Bianco,,S,,,,39.95,
abito-mini-da-donna-per-giornate-estive-1,,,Bianco,,M,,,,39.95,
abito-mini-da-donna-per-giornate-estive-1,,,Bianco,,L,,,,39.95,
abito-mini-da-donna-per-giornate-estive-1,,,Bianco,,XL,,,,39.95,
abito-mini-da-donna-per-giornate-estive-1,,,Bianco,,2XL,,,,39.95,
abito-mini-da-donna-per-giornate-estive-1,,,Bianco,,3XL,,,,39.95,
abito-mini-da-donna-per-giornate-estive-1,,,Blu,,S,,,,39.95,
abito-mini-da-donna-per-giornate-estive-1,,,Blu,,M,,,,39.95,
abito-mini-da-donna-per-giornate-estive-1,,,Blu,,L,,,,39.95,
abito-mini-da-donna-per-giornate-estive-1,,,Blu,,XL,,,,39.95,
abito-mini-da-donna-per-giornate-estive-1,,,Blu,,2XL,,,,39.95,
abito-mini-da-donna-per-giornate-estive-1,,,Blu,,3XL,,,,39.95,
abito-mini-da-donna-per-giornate-estive-1,,,Arancione,,S,,,,39.95,
abito-mini-da-donna-per-giornate-estive-1,,,Arancione,,M,,,,39.95,
abito-mini-da-donna-per-giornate-estive-1,,,Arancione,,L,,,,39.95,
abito-mini-da-donna-per-giornate-estive-1,,,Arancione,,XL,,,,39.95,
abito-mini-da-donna-per-giornate-estive-1,,,Arancione,,2XL,,,,39.95,
abito-mini-da-donna-per-giornate-estive-1,,,Arancione,,3XL,,,,39.95,
abito-midi-da-donna-per-occasioni-quotidiane-1,Abito midi da donna per occasioni quotidiane,Colore,Bianco,Taglia,S,,,,39.95,
abito-midi-da-donna-per-occasioni-quotidiane-1,,,Bianco,,M,,,,39.95,
abito-midi-da-donna-per-occasioni-quotidiane-1,,,Bianco,,L,,,,39.95,
abito-midi-da-donna-per-occasioni-quotidiane-1,,,Bianco,,XL,,,,39.95,
abito-midi-da-donna-per-occasioni-quotidiane-1,,,Bianco,,2XL,,,,39.95,
abito-midi-da-donna-per-occasioni-quotidiane-1,,,Bianco,,3XL,,,,39.95,
abito-midi-da-donna-per-occasioni-quotidiane-1,,,Grigio,,S,,,,39.95,
abito-midi-da-donna-per-occasioni-quotidiane-1,,,Grigio,,M,,,,39.95,
abito-midi-da-donna-per-occasioni-quotidiane-1,,,Grigio,,L,,,,39.95,
abito-midi-da-donna-per-occasioni-quotidiane-1,,,Grigio,,XL,,,,39.95,
abito-midi-da-donna-per-occasioni-quotidiane-1,,,Grigio,,2XL,,,,39.95,
abito-midi-da-donna-per-occasioni-quotidiane-1,,,Grigio,,3XL,,,,39.95,
abito-midi-da-donna-per-occasioni-quotidiane-1,,,Nero,,S,,,,39.95,
abito-midi-da-donna-per-occasioni-quotidiane-1,,,Nero,,M,,,,39.95,
abito-midi-da-donna-per-occasioni-quotidiane-1,,,Nero,,L,,,,39.95,
abito-midi-da-donna-per-occasioni-quotidiane-1,,,Nero,,XL,,,,39.95,
abito-midi-da-donna-per-occasioni-quotidiane-1,,,Nero,,2XL,,,,39.95,
abito-midi-da-donna-per-occasioni-quotidiane-1,,,Nero,,3XL,,,,39.95,
abito-midi-da-donna-per-occasioni-quotidiane-1,,,Verde militare,,S,,,,39.95,
abito-midi-da-donna-per-occasioni-quotidiane-1,,,Verde militare,,M,,,,39.95,
abito-midi-da-donna-per-occasioni-quotidiane-1,,,Verde militare,,L,,,,39.95,
abito-midi-da-donna-per-occasioni-quotidiane-1,,,Verde militare,,XL,,,,39.95,
abito-midi-da-donna-per-occasioni-quotidiane-1,,,Verde militare,,2XL,,,,39.95,
abito-midi-da-donna-per-occasioni-quotidiane-1,,,Verde militare,,3XL,,,,39.95,
abito-midi-da-donna-per-occasioni-quotidiane-1,,,Verde chiaro,,S,,,,39.95,
abito-midi-da-donna-per-occasioni-quotidiane-1,,,Verde chiaro,,M,,,,39.95,
abito-midi-da-donna-per-occasioni-quotidiane-1,,,Verde chiaro,,L,,,,39.95,
abito-midi-da-donna-per-occasioni-quotidiane-1,,,Verde chiaro,,XL,,,,39.95,
abito-midi-da-donna-per-occasioni-quotidiane-1,,,Verde chiaro,,2XL,,,,39.95,
abito-midi-da-donna-per-occasioni-quotidiane-1,,,Verde chiaro,,3XL,,,,39.95,
abito-midi-da-donna-per-occasioni-quotidiane-1,,,Blu navy,,S,,,,39.95,
abito-midi-da-donna-per-occasioni-quotidiane-1,,,Blu navy,,M,,,,39.95,
abito-midi-da-donna-per-occasioni-quotidiane-1,,,Blu navy,,L,,,,39.95,
abito-midi-da-donna-per-occasioni-quotidiane-1,,,Blu navy,,XL,,,,39.95,
abito-midi-da-donna-per-occasioni-quotidiane-1,,,Blu navy,,2XL,,,,39.95,
abito-midi-da-donna-per-occasioni-quotidiane-1,,,Blu navy,,3XL,,,,39.95,
abito-midi-da-donna-per-occasioni-quotidiane-1,,,Azzurro,,S,,,,39.95,
abito-midi-da-donna-per-occasioni-quotidiane-1,,,Azzurro,,M,,,,39.95,
abito-midi-da-donna-per-occasioni-quotidiane-1,,,Azzurro,,L,,,,39.95,
abito-midi-da-donna-per-occasioni-quotidiane-1,,,Azzurro,,XL,,,,39.95,
abito-midi-da-donna-per-occasioni-quotidiane-1,,,Azzurro,,2XL,,,,39.95,
abito-midi-da-donna-per-occasioni-quotidiane-1,,,Azzurro,,3XL,,,,39.95,
abito-midi-da-donna-per-passeggiate-e-tempo-libero,Abito midi da donna per passeggiate e tempo libero,Colore,Verde,Taglia,S,,,,44.95,
abito-midi-da-donna-per-passeggiate-e-tempo-libero,,,Verde,,M,,,,44.95,
abito-midi-da-donna-per-passeggiate-e-tempo-libero,,,Verde,,L,,,,44.95,
abito-midi-da-donna-per-passeggiate-e-tempo-libero,,,Verde,,XL,,,,44.95,
abito-midi-da-donna-per-passeggiate-e-tempo-libero,,,Verde,,2XL,,,,44.95,
abito-midi-da-donna-per-passeggiate-e-tempo-libero,,,Verde,,3XL,,,,44.95,
abito-midi-da-donna-per-passeggiate-e-tempo-libero,,,Giallo,,S,,,,44.95,
abito-midi-da-donna-per-passeggiate-e-tempo-libero,,,Giallo,,M,,,,44.95,
abito-midi-da-donna-per-passeggiate-e-tempo-libero,,,Giallo,,L,,,,44.95,
abito-midi-da-donna-per-passeggiate-e-tempo-libero,,,Giallo,,2XL,,,,44.95,
abito-midi-da-donna-per-passeggiate-e-tempo-libero,,,Giallo,,3XL,,,,44.95,
abito-midi-da-donna-per-passeggiate-e-tempo-libero,,,Bianco,,S,,,,44.95,
abito-midi-da-donna-per-passeggiate-e-tempo-libero,,,Bianco,,M,,,,44.95,
abito-midi-da-donna-per-passeggiate-e-tempo-libero,,,Bianco,,L,,,,44.95,
abito-midi-da-donna-per-passeggiate-e-tempo-libero,,,Bianco,,2XL,,,,44.95,
abito-midi-da-donna-per-passeggiate-e-tempo-libero,,,Bianco,,3XL,,,,44.95,
abito-midi-da-donna-per-passeggiate-e-tempo-libero,,,Blu,,S,,,,44.95,
abito-midi-da-donna-per-passeggiate-e-tempo-libero,,,Blu,,M,,,,44.95,
abito-midi-da-donna-per-passeggiate-e-tempo-libero,,,Blu,,L,,,,44.95,
abito-midi-da-donna-per-passeggiate-e-tempo-libero,,,Blu,,XL,,,,44.95,
abito-midi-da-donna-per-passeggiate-e-tempo-libero,,,Blu,,2XL,,,,44.95,
abito-midi-da-donna-per-passeggiate-e-tempo-libero,,,Blu,,3XL,,,,44.95,
abito-midi-da-donna-per-primavera-ed-estate,Abito midi da donna per primavera ed estate,Stile,Bianco,Taglia,S,,,,39.95,
abito-midi-da-donna-per-primavera-ed-estate,,,Bianco,,M,,,,39.95,
abito-midi-da-donna-per-primavera-ed-estate,,,Bianco,,L,,,,39.95,
abito-midi-da-donna-per-primavera-ed-estate,,,Bianco,,XL,,,,39.95,
abito-midi-da-donna-per-primavera-ed-estate,,,Bianco,,2XL,,,,39.95,
abito-midi-da-donna-per-primavera-ed-estate,,,Bianco,,3XL,,,,39.95,
abito-midi-da-donna-per-primavera-ed-estate,,,Blu,,S,,,,39.95,
abito-midi-da-donna-per-primavera-ed-estate,,,Blu,,M,,,,39.95,
abito-midi-da-donna-per-primavera-ed-estate,,,Blu,,L,,,,39.95,
abito-midi-da-donna-per-primavera-ed-estate,,,Blu,,XL,,,,39.95,
abito-midi-da-donna-per-primavera-ed-estate,,,Blu,,2XL,,,,39.95,
abito-midi-da-donna-per-primavera-ed-estate,,,Blu,,3XL,,,,39.95,
abito-midi-da-donna-per-il-tempo-libero-3,Abito midi da donna per il tempo libero,Colore,Blu,Taglia,S,,,,44.95,
abito-midi-da-donna-per-il-tempo-libero-3,,,Blu,,M,,,,44.95,
abito-midi-da-donna-per-il-tempo-libero-3,,,Blu,,L,,,,44.95,
abito-midi-da-donna-per-il-tempo-libero-3,,,Blu,,XL,,,,44.95,
abito-midi-da-donna-per-il-tempo-libero-3,,,Blu,,2XL,,,,44.95,
abito-midi-da-donna-per-il-tempo-libero-3,,,Blu,,3XL,,,,44.95,
abito-midi-da-donna-per-il-tempo-libero-3,,,Verde,,S,,,,44.95,
abito-midi-da-donna-per-il-tempo-libero-3,,,Verde,,M,,,,44.95,
abito-midi-da-donna-per-il-tempo-libero-3,,,Verde,,L,,,,44.95,
abito-midi-da-donna-per-il-tempo-libero-3,,,Verde,,XL,,,,44.95,
abito-midi-da-donna-per-il-tempo-libero-3,,,Verde,,2XL,,,,44.95,
abito-midi-da-donna-per-il-tempo-libero-3,,,Verde,,3XL,,,,44.95,
abito-midi-da-donna-per-il-tempo-libero-3,,,Viola,,S,,,,44.95,
abito-midi-da-donna-per-il-tempo-libero-3,,,Viola,,M,,,,44.95,
abito-midi-da-donna-per-il-tempo-libero-3,,,Viola,,L,,,,44.95,
abito-midi-da-donna-per-il-tempo-libero-3,,,Viola,,XL,,,,44.95,
abito-midi-da-donna-per-il-tempo-libero-3,,,Viola,,2XL,,,,44.95,
abito-midi-da-donna-per-il-tempo-libero-3,,,Viola,,3XL,,,,44.95,
abito-midi-da-donna-per-il-tempo-libero-3,,,Bianco,,S,,,,44.95,
abito-midi-da-donna-per-il-tempo-libero-3,,,Bianco,,M,,,,44.95,
abito-midi-da-donna-per-il-tempo-libero-3,,,Bianco,,L,,,,44.95,
abito-midi-da-donna-per-il-tempo-libero-3,,,Bianco,,XL,,,,44.95,
abito-midi-da-donna-per-il-tempo-libero-3,,,Bianco,,2XL,,,,44.95,
abito-midi-da-donna-per-il-tempo-libero-3,,,Bianco,,3XL,,,,44.95,
abito-midi-da-donna-per-il-tempo-libero-3,,,Blu navy,,S,,,,44.95,
abito-midi-da-donna-per-il-tempo-libero-3,,,Blu navy,,M,,,,44.95,
abito-midi-da-donna-per-il-tempo-libero-3,,,Blu navy,,L,,,,44.95,
abito-midi-da-donna-per-il-tempo-libero-3,,,Blu navy,,XL,,,,44.95,
abito-midi-da-donna-per-il-tempo-libero-3,,,Blu navy,,2XL,,,,44.95,
abito-midi-da-donna-per-il-tempo-libero-3,,,Blu navy,,3XL,,,,44.95,
abito-midi-da-donna-per-il-tempo-libero-3,,,Bordeaux,,S,,,,44.95,
abito-midi-da-donna-per-il-tempo-libero-3,,,Bordeaux,,M,,,,44.95,
abito-midi-da-donna-per-il-tempo-libero-3,,,Bordeaux,,L,,,,44.95,
abito-midi-da-donna-per-il-tempo-libero-3,,,Bordeaux,,XL,,,,44.95,
abito-midi-da-donna-per-il-tempo-libero-3,,,Bordeaux,,2XL,,,,44.95,
abito-midi-da-donna-per-il-tempo-libero-3,,,Bordeaux,,3XL,,,,44.95,
pantaloni-lunghi-da-uomo-per-il-tempo-libero,Pantaloni lunghi da uomo per il tempo libero,Colore,Beige,Taglia,S,,,,44.95,
pantaloni-lunghi-da-uomo-per-il-tempo-libero,,,Beige,,M,,,,44.95,
pantaloni-lunghi-da-uomo-per-il-tempo-libero,,,Beige,,L,,,,44.95,
pantaloni-lunghi-da-uomo-per-il-tempo-libero,,,Beige,,XL,,,,44.95,
pantaloni-lunghi-da-uomo-per-il-tempo-libero,,,Beige,,2XL,,,,44.95,
pantaloni-lunghi-da-uomo-per-il-tempo-libero,,,Beige,,3XL,,,,44.95,
pantaloni-lunghi-da-uomo-per-il-tempo-libero,,,Blu,,S,,,,44.95,
pantaloni-lunghi-da-uomo-per-il-tempo-libero,,,Blu,,M,,,,44.95,
pantaloni-lunghi-da-uomo-per-il-tempo-libero,,,Blu,,L,,,,44.95,
pantaloni-lunghi-da-uomo-per-il-tempo-libero,,,Blu,,XL,,,,44.95,
pantaloni-lunghi-da-uomo-per-il-tempo-libero,,,Blu,,2XL,,,,44.95,
pantaloni-lunghi-da-uomo-per-il-tempo-libero,,,Blu,,3XL,,,,44.95,
pantaloni-lunghi-da-uomo-per-il-tempo-libero,,,Verde,,S,,,,44.95,
pantaloni-lunghi-da-uomo-per-il-tempo-libero,,,Verde,,M,,,,44.95,
pantaloni-lunghi-da-uomo-per-il-tempo-libero,,,Verde,,L,,,,44.95,
pantaloni-lunghi-da-uomo-per-il-tempo-libero,,,Verde,,XL,,,,44.95,
pantaloni-lunghi-da-uomo-per-il-tempo-libero,,,Verde,,2XL,,,,44.95,
pantaloni-lunghi-da-uomo-per-il-tempo-libero,,,Verde,,3XL,,,,44.95,
pantaloni-lunghi-da-uomo-per-il-tempo-libero,,,Bianco,,S,,,,44.95,
pantaloni-lunghi-da-uomo-per-il-tempo-libero,,,Bianco,,M,,,,44.95,
pantaloni-lunghi-da-uomo-per-il-tempo-libero,,,Bianco,,L,,,,44.95,
pantaloni-lunghi-da-uomo-per-il-tempo-libero,,,Bianco,,XL,,,,44.95,
pantaloni-lunghi-da-uomo-per-il-tempo-libero,,,Bianco,,2XL,,,,44.95,
pantaloni-lunghi-da-uomo-per-il-tempo-libero,,,Bianco,,3XL,,,,44.95,
pantaloni-lunghi-da-uomo-per-il-tempo-libero,,,Khaki,,S,,,,44.95,
pantaloni-lunghi-da-uomo-per-il-tempo-libero,,,Khaki,,M,,,,44.95,
pantaloni-lunghi-da-uomo-per-il-tempo-libero,,,Khaki,,L,,,,44.95,
pantaloni-lunghi-da-uomo-per-il-tempo-libero,,,Khaki,,XL,,,,44.95,
pantaloni-lunghi-da-uomo-per-il-tempo-libero,,,Khaki,,2XL,,,,44.95,
pantaloni-lunghi-da-uomo-per-il-tempo-libero,,,Khaki,,3XL,,,,44.95,
pantaloni-lunghi-da-uomo-per-il-tempo-libero,,,Grigio,,S,,,,44.95,
pantaloni-lunghi-da-uomo-per-il-tempo-libero,,,Grigio,,M,,,,44.95,
pantaloni-lunghi-da-uomo-per-il-tempo-libero,,,Grigio,,L,,,,44.95,
pantaloni-lunghi-da-uomo-per-il-tempo-libero,,,Grigio,,XL,,,,44.95,
pantaloni-lunghi-da-uomo-per-il-tempo-libero,,,Grigio,,2XL,,,,44.95,
pantaloni-lunghi-da-uomo-per-il-tempo-libero,,,Grigio,,3XL,,,,44.95,
pantaloni-lunghi-da-uomo-per-il-tempo-libero,,,Groen,,S,,,,44.95,
pantaloni-lunghi-da-uomo-per-il-tempo-libero,,,Groen,,M,,,,44.95,
pantaloni-lunghi-da-uomo-per-il-tempo-libero,,,Groen,,L,,,,44.95,
pantaloni-lunghi-da-uomo-per-il-tempo-libero,,,Groen,,XL,,,,44.95,
pantaloni-lunghi-da-uomo-per-il-tempo-libero,,,Groen,,2XL,,,,44.95,
pantaloni-lunghi-da-uomo-per-il-tempo-libero,,,Groen,,3XL,,,,44.95,
pantaloni-lunghi-da-uomo-per-il-tempo-libero,,,Nero,,S,,,,44.95,
pantaloni-lunghi-da-uomo-per-il-tempo-libero,,,Nero,,M,,,,44.95,
pantaloni-lunghi-da-uomo-per-il-tempo-libero,,,Nero,,L,,,,44.95,
pantaloni-lunghi-da-uomo-per-il-tempo-libero,,,Nero,,XL,,,,44.95,
pantaloni-lunghi-da-uomo-per-il-tempo-libero,,,Nero,,2XL,,,,44.95,
pantaloni-lunghi-da-uomo-per-il-tempo-libero,,,Nero,,3XL,,,,44.95,
pantaloni-da-uomo-per-occasioni-quotidiane,Pantaloni da uomo per occasioni quotidiane,Colore,Nero,Taglia,S,,,,44.95,
pantaloni-da-uomo-per-occasioni-quotidiane,,,Verde,,S,,,,44.95,
pantaloni-da-uomo-per-occasioni-quotidiane,,,Nero,,M,,,,44.95,
pantaloni-da-uomo-per-occasioni-quotidiane,,,Verde,,M,,,,44.95,
pantaloni-da-uomo-per-occasioni-quotidiane,,,Nero,,L,,,,44.95,
pantaloni-da-uomo-per-occasioni-quotidiane,,,Verde,,L,,,,44.95,
pantaloni-da-uomo-per-occasioni-quotidiane,,,Verde,,XL,,,,44.95,
pantaloni-da-uomo-per-occasioni-quotidiane,,,Nero,,XL,,,,44.95,
pantaloni-da-uomo-per-occasioni-quotidiane,,,Nero,,2XL,,,,44.95,
pantaloni-da-uomo-per-occasioni-quotidiane,,,Verde,,2XL,,,,44.95,
pantaloni-da-uomo-per-occasioni-quotidiane,,,Verde,,3XL,,,,44.95,
pantaloni-da-uomo-per-occasioni-quotidiane,,,Nero,,3XL,,,,44.95,
camicia-da-uomo-per-occasioni-informali,Camicia da Uomo per Occasioni Informali,Colore,Blu,Taglia,S,,,,39.95,
camicia-da-uomo-per-occasioni-informali,,,Blu,,M,,,,39.95,
camicia-da-uomo-per-occasioni-informali,,,Blu,,L,,,,39.95,
camicia-da-uomo-per-occasioni-informali,,,Blu,,XL,,,,39.95,
camicia-da-uomo-per-occasioni-informali,,,Blu,,2XL,,,,39.95,
camicia-da-uomo-per-occasioni-informali,,,Blu,,3XL,,,,39.95,
camicia-da-uomo-per-occasioni-informali,,,Blu navy,,S,,,,39.95,
camicia-da-uomo-per-occasioni-informali,,,Blu navy,,M,,,,39.95,
camicia-da-uomo-per-occasioni-informali,,,Blu navy,,L,,,,39.95,
camicia-da-uomo-per-occasioni-informali,,,Blu navy,,XL,,,,39.95,
camicia-da-uomo-per-occasioni-informali,,,Blu navy,,2XL,,,,39.95,
camicia-da-uomo-per-occasioni-informali,,,Blu navy,,3XL,,,,39.95,
camicia-da-uomo-per-occasioni-informali,,,Grigio,,S,,,,39.95,
camicia-da-uomo-per-occasioni-informali,,,Grigio,,M,,,,39.95,
camicia-da-uomo-per-occasioni-informali,,,Grigio,,L,,,,39.95,
camicia-da-uomo-per-occasioni-informali,,,Grigio,,XL,,,,39.95,
camicia-da-uomo-per-occasioni-informali,,,Grigio,,2XL,,,,39.95,
camicia-da-uomo-per-occasioni-informali,,,Grigio,,3XL,,,,39.95,
abito-midi-da-donna-per-le-giornate-estive,Abito Midi da Donna per le Giornate Estive,Colore,Rosso,Taglia,S,,,,39.95,
abito-midi-da-donna-per-le-giornate-estive,,,Rosso,,M,,,,39.95,
abito-midi-da-donna-per-le-giornate-estive,,,Rosso,,L,,,,39.95,
abito-midi-da-donna-per-le-giornate-estive,,,Rosso,,XL,,,,39.95,
abito-midi-da-donna-per-le-giornate-estive,,,Rosso,,2XL,,,,39.95,
abito-midi-da-donna-per-le-giornate-estive,,,Rosso,,3XL,,,,39.95,
canotta-da-donna-per-le-giornate-al-mare,Canotta da Donna per le Giornate al Mare,Colore,Nero,Taglia,S,,,,39.95,
canotta-da-donna-per-le-giornate-al-mare,,,Nero,,M,,,,39.95,
canotta-da-donna-per-le-giornate-al-mare,,,Nero,,L,,,,39.95,
canotta-da-donna-per-le-giornate-al-mare,,,Nero,,XL,,,,39.95,
canotta-da-donna-per-le-giornate-al-mare,,,Nero,,2XL,,,,39.95,
canotta-da-donna-per-le-giornate-al-mare,,,Nero,,3XL,,,,39.95,
canotta-da-donna-per-le-giornate-al-mare,,,Nero Blu,,S,,,,39.95,
canotta-da-donna-per-le-giornate-al-mare,,,Nero Blu,,M,,,,39.95,
canotta-da-donna-per-le-giornate-al-mare,,,Nero Blu,,L,,,,39.95,
canotta-da-donna-per-le-giornate-al-mare,,,Nero Blu,,XL,,,,39.95,
canotta-da-donna-per-le-giornate-al-mare,,,Nero Blu,,2XL,,,,39.95,
canotta-da-donna-per-le-giornate-al-mare,,,Nero Blu,,3XL,,,,39.95,
canotta-da-donna-per-le-giornate-al-mare,,,Nero Viola,,S,,,,39.95,
canotta-da-donna-per-le-giornate-al-mare,,,Nero Viola,,M,,,,39.95,
canotta-da-donna-per-le-giornate-al-mare,,,Nero Viola,,L,,,,39.95,
canotta-da-donna-per-le-giornate-al-mare,,,Nero Viola,,XL,,,,39.95,
canotta-da-donna-per-le-giornate-al-mare,,,Nero Viola,,2XL,,,,39.95,
canotta-da-donna-per-le-giornate-al-mare,,,Nero Viola,,3XL,,,,39.95,
canotta-da-donna-per-le-giornate-al-mare,,,Rosso Nero,,S,,,,39.95,
canotta-da-donna-per-le-giornate-al-mare,,,Rosso Nero,,M,,,,39.95,
canotta-da-donna-per-le-giornate-al-mare,,,Rosso Nero,,L,,,,39.95,
canotta-da-donna-per-le-giornate-al-mare,,,Rosso Nero,,XL,,,,39.95,
canotta-da-donna-per-le-giornate-al-mare,,,Rosso Nero,,2XL,,,,39.95,
canotta-da-donna-per-le-giornate-al-mare,,,Rosso Nero,,3XL,,,,39.95,
canotta-da-donna-per-le-giornate-al-mare,,,Nero Bianco,,S,,,,39.95,
canotta-da-donna-per-le-giornate-al-mare,,,Nero Bianco,,M,,,,39.95,
canotta-da-donna-per-le-giornate-al-mare,,,Nero Bianco,,L,,,,39.95,
canotta-da-donna-per-le-giornate-al-mare,,,Nero Bianco,,XL,,,,39.95,
canotta-da-donna-per-le-giornate-al-mare,,,Nero Bianco,,2XL,,,,39.95,
canotta-da-donna-per-le-giornate-al-mare,,,Nero Bianco,,3XL,,,,39.95,
canotta-da-donna-per-le-giornate-al-mare,,,Nero Rosa,,S,,,,39.95,
canotta-da-donna-per-le-giornate-al-mare,,,Nero Rosa,,M,,,,39.95,
canotta-da-donna-per-le-giornate-al-mare,,,Nero Rosa,,L,,,,39.95,
canotta-da-donna-per-le-giornate-al-mare,,,Nero Rosa,,XL,,,,39.95,
canotta-da-donna-per-le-giornate-al-mare,,,Nero Rosa,,2XL,,,,39.95,
canotta-da-donna-per-le-giornate-al-mare,,,Nero Rosa,,3XL,,,,39.95,
canotta-da-donna-per-le-giornate-al-mare,,,Grigio Nero,,S,,,,39.95,
canotta-da-donna-per-le-giornate-al-mare,,,Grigio Nero,,M,,,,39.95,
canotta-da-donna-per-le-giornate-al-mare,,,Grigio Nero,,L,,,,39.95,
canotta-da-donna-per-le-giornate-al-mare,,,Grigio Nero,,XL,,,,39.95,
canotta-da-donna-per-le-giornate-al-mare,,,Grigio Nero,,2XL,,,,39.95,
canotta-da-donna-per-le-giornate-al-mare,,,Grigio Nero,,3XL,,,,39.95,
canotta-da-donna-per-le-giornate-al-mare,,,Bianco Verde,,S,,,,39.95,
canotta-da-donna-per-le-giornate-al-mare,,,Bianco Verde,,M,,,,39.95,
canotta-da-donna-per-le-giornate-al-mare,,,Bianco Verde,,L,,,,39.95,
canotta-da-donna-per-le-giornate-al-mare,,,Bianco Verde,,XL,,,,39.95,
canotta-da-donna-per-le-giornate-al-mare,,,Bianco Verde,,2XL,,,,39.95,
canotta-da-donna-per-le-giornate-al-mare,,,Bianco Verde,,3XL,,,,39.95,
canotta-da-donna-per-le-giornate-al-mare,,,Rosa Arancione,,S,,,,39.95,
canotta-da-donna-per-le-giornate-al-mare,,,Rosa Arancione,,M,,,,39.95,
canotta-da-donna-per-le-giornate-al-mare,,,Rosa Arancione,,L,,,,39.95,
canotta-da-donna-per-le-giornate-al-mare,,,Rosa Arancione,,XL,,,,39.95,
canotta-da-donna-per-le-giornate-al-mare,,,Rosa Arancione,,2XL,,,,39.95,
canotta-da-donna-per-le-giornate-al-mare,,,Rosa Arancione,,3XL,,,,39.95,
canotta-da-donna-per-le-giornate-al-mare,,,Blu,,S,,,,39.95,
canotta-da-donna-per-le-giornate-al-mare,,,Blu,,M,,,,39.95,
canotta-da-donna-per-le-giornate-al-mare,,,Blu,,L,,,,39.95,
canotta-da-donna-per-le-giornate-al-mare,,,Blu,,XL,,,,39.95,
canotta-da-donna-per-le-giornate-al-mare,,,Blu,,2XL,,,,39.95,
canotta-da-donna-per-le-giornate-al-mare,,,Blu,,3XL,,,,39.95,
canotta-da-donna-per-le-giornate-al-mare,,,Bianco Blu,,S,,,,39.95,
canotta-da-donna-per-le-giornate-al-mare,,,Bianco Blu,,M,,,,39.95,
canotta-da-donna-per-le-giornate-al-mare,,,Bianco Blu,,L,,,,39.95,
canotta-da-donna-per-le-giornate-al-mare,,,Bianco Blu,,XL,,,,39.95,
canotta-da-donna-per-le-giornate-al-mare,,,Bianco Blu,,2XL,,,,39.95,
canotta-da-donna-per-le-giornate-al-mare,,,Bianco Blu,,3XL,,,,39.95,
canotta-da-donna-per-le-giornate-al-mare,,,Blu Bianco,,S,,,,39.95,
canotta-da-donna-per-le-giornate-al-mare,,,Blu Bianco,,M,,,,39.95,
canotta-da-donna-per-le-giornate-al-mare,,,Blu Bianco,,L,,,,39.95,
canotta-da-donna-per-le-giornate-al-mare,,,Blu Bianco,,XL,,,,39.95,
canotta-da-donna-per-le-giornate-al-mare,,,Blu Bianco,,2XL,,,,39.95,
canotta-da-donna-per-le-giornate-al-mare,,,Blu Bianco,,3XL,,,,39.95,
abito-da-donna-per-le-giornate-informali,Abito da Donna per le Giornate Informali,Colore,Multicolore,Taglia,S,,,,39.95,
abito-da-donna-per-le-giornate-informali,,,Multicolore,,M,,,,39.95,
abito-da-donna-per-le-giornate-informali,,,Multicolore,,L,,,,39.95,
abito-da-donna-per-le-giornate-informali,,,Multicolore,,XL,,,,39.95,
abito-da-donna-per-le-giornate-informali,,,Multicolore,,2XL,,,,39.95,
abito-da-donna-per-le-giornate-informali,,,Multicolore,,3XL,,,,39.95,
sandali-da-donna-per-le-passeggiate-estive,Sandali da Donna per le Passeggiate Estive,Colore,Rosso,Taglia,36,,,,39.95,
sandali-da-donna-per-le-passeggiate-estive,,,Rosso,,37,,,,39.95,
sandali-da-donna-per-le-passeggiate-estive,,,Rosso,,38,,,,39.95,
sandali-da-donna-per-le-passeggiate-estive,,,Rosso,,39,,,,39.95,
sandali-da-donna-per-le-passeggiate-estive,,,Rosso,,40,,,,39.95,
sandali-da-donna-per-le-passeggiate-estive,,,Rosso,,41,,,,39.95,
sandali-da-donna-per-le-passeggiate-estive,,,Rosso,,42,,,,39.95,
sandali-da-donna-per-le-passeggiate-estive,,,Verde,,36,,,,39.95,
sandali-da-donna-per-le-passeggiate-estive,,,Verde,,37,,,,39.95,
sandali-da-donna-per-le-passeggiate-estive,,,Verde,,38,,,,39.95,
sandali-da-donna-per-le-passeggiate-estive,,,Verde,,39,,,,39.95,
sandali-da-donna-per-le-passeggiate-estive,,,Verde,,40,,,,39.95,
sandali-da-donna-per-le-passeggiate-estive,,,Verde,,41,,,,39.95,
sandali-da-donna-per-le-passeggiate-estive,,,Verde,,42,,,,39.95,
sandali-da-donna-per-le-passeggiate-estive,,,Blu,,36,,,,39.95,
sandali-da-donna-per-le-passeggiate-estive,,,Blu,,37,,,,39.95,
sandali-da-donna-per-le-passeggiate-estive,,,Blu,,38,,,,39.95,
sandali-da-donna-per-le-passeggiate-estive,,,Blu,,39,,,,39.95,
sandali-da-donna-per-le-passeggiate-estive,,,Blu,,40,,,,39.95,
sandali-da-donna-per-le-passeggiate-estive,,,Blu,,41,,,,39.95,
sandali-da-donna-per-le-passeggiate-estive,,,Blu,,42,,,,39.95,
sandali-da-donna-per-le-passeggiate-estive,,,Marrone,,36,,,,39.95,
sandali-da-donna-per-le-passeggiate-estive,,,Marrone,,37,,,,39.95,
sandali-da-donna-per-le-passeggiate-estive,,,Marrone,,38,,,,39.95,
sandali-da-donna-per-le-passeggiate-estive,,,Marrone,,39,,,,39.95,
sandali-da-donna-per-le-passeggiate-estive,,,Marrone,,40,,,,39.95,
sandali-da-donna-per-le-passeggiate-estive,,,Marrone,,41,,,,39.95,
sandali-da-donna-per-le-passeggiate-estive,,,Marrone,,42,,,,39.95,
abito-da-donna-per-eventi-eleganti,Abito da Donna per Eventi Eleganti,Colore,Rosso,Taglia,S,,,,34.95,
abito-da-donna-per-eventi-eleganti,,,Rosso,,M,,,,34.95,
abito-da-donna-per-eventi-eleganti,,,Rosso,,L,,,,34.95,
abito-da-donna-per-eventi-eleganti,,,Rosso,,XL,,,,34.95,
abito-da-donna-per-eventi-eleganti,,,Rosso,,2XL,,,,34.95,
abito-da-donna-per-eventi-eleganti,,,Rosso,,3XL,,,,34.95,
abito-da-donna-per-eventi-eleganti,,,Blu,,S,,,,34.95,
abito-da-donna-per-eventi-eleganti,,,Blu,,M,,,,34.95,
abito-da-donna-per-eventi-eleganti,,,Blu,,L,,,,34.95,
abito-da-donna-per-eventi-eleganti,,,Blu,,XL,,,,34.95,
abito-da-donna-per-eventi-eleganti,,,Blu,,2XL,,,,34.95,
abito-da-donna-per-eventi-eleganti,,,Blu,,3XL,,,,34.95,
abito-da-donna-per-eventi-eleganti,,,Verde,,S,,,,34.95,
abito-da-donna-per-eventi-eleganti,,,Verde,,M,,,,34.95,
abito-da-donna-per-eventi-eleganti,,,Verde,,L,,,,34.95,
abito-da-donna-per-eventi-eleganti,,,Verde,,XL,,,,34.95,
abito-da-donna-per-eventi-eleganti,,,Verde,,2XL,,,,34.95,
abito-da-donna-per-eventi-eleganti,,,Verde,,3XL,,,,34.95,
abito-da-donna-per-eventi-eleganti,,,Cachi,,S,,,,34.95,
abito-da-donna-per-eventi-eleganti,,,Cachi,,M,,,,34.95,
abito-da-donna-per-eventi-eleganti,,,Cachi,,L,,,,34.95,
abito-da-donna-per-eventi-eleganti,,,Cachi,,XL,,,,34.95,
abito-da-donna-per-eventi-eleganti,,,Cachi,,2XL,,,,34.95,
abito-da-donna-per-eventi-eleganti,,,Cachi,,3XL,,,,34.95,
abito-da-donna-per-le-giornate-di-relax,Abito da Donna per le Giornate di Relax,Colore,Verde,Taglia,S,,,,39.95,
abito-da-donna-per-le-giornate-di-relax,,,Verde,,M,,,,39.95,
abito-da-donna-per-le-giornate-di-relax,,,Verde,,L,,,,39.95,
abito-da-donna-per-le-giornate-di-relax,,,Verde,,Xl,,,,39.95,
abito-da-donna-per-le-giornate-di-relax,,,Verde,,2XL,,,,39.95,
abito-da-donna-per-le-giornate-di-relax,,,Verde,,3XL,,,,39.95,
pantaloni-da-uomo-per-occasioni-quotidiane-1,Pantaloni da Uomo per Occasioni Quotidiane,Colore,Beige,Taglia,S,,,,44.95,
pantaloni-da-uomo-per-occasioni-quotidiane-1,,,Beige,,M,,,,44.95,
pantaloni-da-uomo-per-occasioni-quotidiane-1,,,Beige,,L,,,,44.95,
pantaloni-da-uomo-per-occasioni-quotidiane-1,,,Beige,,XL,,,,44.95,
pantaloni-da-uomo-per-occasioni-quotidiane-1,,,Beige,,2XL,,,,44.95,
pantaloni-da-uomo-per-occasioni-quotidiane-1,,,Beige,,3XL,,,,44.95,
pantaloni-da-uomo-per-occasioni-quotidiane-1,,,Nero,,S,,,,44.95,
pantaloni-da-uomo-per-occasioni-quotidiane-1,,,Nero,,M,,,,44.95,
pantaloni-da-uomo-per-occasioni-quotidiane-1,,,Nero,,L,,,,44.95,
pantaloni-da-uomo-per-occasioni-quotidiane-1,,,Nero,,XL,,,,44.95,
pantaloni-da-uomo-per-occasioni-quotidiane-1,,,Nero,,2XL,,,,44.95,
pantaloni-da-uomo-per-occasioni-quotidiane-1,,,Nero,,3XL,,,,44.95,
pantaloni-da-uomo-per-occasioni-quotidiane-1,,,Grigio,,S,,,,44.95,
pantaloni-da-uomo-per-occasioni-quotidiane-1,,,Grigio,,M,,,,44.95,
pantaloni-da-uomo-per-occasioni-quotidiane-1,,,Grigio,,L,,,,44.95,
pantaloni-da-uomo-per-occasioni-quotidiane-1,,,Grigio,,XL,,,,44.95,
pantaloni-da-uomo-per-occasioni-quotidiane-1,,,Grigio,,2XL,,,,44.95,
pantaloni-da-uomo-per-occasioni-quotidiane-1,,,Grigio,,3XL,,,,44.95,
pantaloni-da-uomo-per-occasioni-quotidiane-1,,,Rosso,,S,,,,44.95,
pantaloni-da-uomo-per-occasioni-quotidiane-1,,,Rosso,,M,,,,44.95,
pantaloni-da-uomo-per-occasioni-quotidiane-1,,,Rosso,,L,,,,44.95,
pantaloni-da-uomo-per-occasioni-quotidiane-1,,,Rosso,,XL,,,,44.95,
pantaloni-da-uomo-per-occasioni-quotidiane-1,,,Rosso,,2XL,,,,44.95,
pantaloni-da-uomo-per-occasioni-quotidiane-1,,,Rosso,,3XL,,,,44.95,
camicia-da-uomo-per-giornate-estive,Camicia da Uomo per Giornate Estive,Colore,Grigio,Taglia,S,,,,44.95,
camicia-da-uomo-per-giornate-estive,,,Grigio,,M,,,,44.95,
camicia-da-uomo-per-giornate-estive,,,Grigio,,L,,,,44.95,
camicia-da-uomo-per-giornate-estive,,,Grigio,,XL,,,,44.95,
camicia-da-uomo-per-giornate-estive,,,Grigio,,2XL,,,,44.95,
camicia-da-uomo-per-giornate-estive,,,Grigio,,3XL,,,,44.95,
camicia-da-uomo-per-giornate-estive,,,Blu,,S,,,,44.95,
camicia-da-uomo-per-giornate-estive,,,Blu,,M,,,,44.95,
camicia-da-uomo-per-giornate-estive,,,Blu,,L,,,,44.95,
camicia-da-uomo-per-giornate-estive,,,Blu,,XL,,,,44.95,
camicia-da-uomo-per-giornate-estive,,,Blu,,2XL,,,,44.95,
camicia-da-uomo-per-giornate-estive,,,Blu,,3XL,,,,44.95,
camicia-da-uomo-per-giornate-estive,,,Nero,,S,,,,44.95,
camicia-da-uomo-per-giornate-estive,,,Nero,,M,,,,44.95,
camicia-da-uomo-per-giornate-estive,,,Nero,,L,,,,44.95,
camicia-da-uomo-per-giornate-estive,,,Nero,,XL,,,,44.95,
camicia-da-uomo-per-giornate-estive,,,Nero,,2XL,,,,44.95,
camicia-da-uomo-per-giornate-estive,,,Nero,,3XL,,,,44.95,
abito-da-donna-per-giornate-estive-1,Abito da Donna per Giornate Estive,Colore,Viola,Taglia,S,,,,39.95,
abito-da-donna-per-giornate-estive-1,,,Viola,,M,,,,39.95,
abito-da-donna-per-giornate-estive-1,,,Viola,,L,,,,39.95,
abito-da-donna-per-giornate-estive-1,,,Viola,,XL,,,,39.95,
abito-da-donna-per-giornate-estive-1,,,Viola,,2XL,,,,39.95,
abito-da-donna-per-giornate-estive-1,,,Viola,,3XL,,,,39.95,
abito-da-donna-per-giornate-estive-1,,,Rosso,,S,,,,39.95,
abito-da-donna-per-giornate-estive-1,,,Rosso,,M,,,,39.95,
abito-da-donna-per-giornate-estive-1,,,Rosso,,L,,,,39.95,
abito-da-donna-per-giornate-estive-1,,,Rosso,,XL,,,,39.95,
abito-da-donna-per-giornate-estive-1,,,Rosso,,2XL,,,,39.95,
abito-da-donna-per-giornate-estive-1,,,Rosso,,3XL,,,,39.95,
abito-da-donna-per-giornate-estive-1,,,Giallo,,S,,,,39.95,
abito-da-donna-per-giornate-estive-1,,,Giallo,,M,,,,39.95,
abito-da-donna-per-giornate-estive-1,,,Giallo,,L,,,,39.95,
abito-da-donna-per-giornate-estive-1,,,Giallo,,XL,,,,39.95,
abito-da-donna-per-giornate-estive-1,,,Giallo,,2XL,,,,39.95,
abito-da-donna-per-giornate-estive-1,,,Giallo,,3XL,,,,39.95,
abito-da-donna-per-giornate-estive-1,,,Blu,,S,,,,39.95,
abito-da-donna-per-giornate-estive-1,,,Blu,,M,,,,39.95,
abito-da-donna-per-giornate-estive-1,,,Blu,,L,,,,39.95,
abito-da-donna-per-giornate-estive-1,,,Blu,,XL,,,,39.95,
abito-da-donna-per-giornate-estive-1,,,Blu,,2XL,,,,39.95,
abito-da-donna-per-giornate-estive-1,,,Blu,,3XL,,,,39.95,
sandali-da-donna-per-la-stagione-estiva,Sandali da Donna per la Stagione Estiva,Colore,Nero,Taglia,36,,,,39.95,
sandali-da-donna-per-la-stagione-estiva,,,Nero,,37,,,,39.95,
sandali-da-donna-per-la-stagione-estiva,,,Nero,,38,,,,39.95,
sandali-da-donna-per-la-stagione-estiva,,,Nero,,39,,,,39.95,
sandali-da-donna-per-la-stagione-estiva,,,Nero,,40,,,,39.95,
sandali-da-donna-per-la-stagione-estiva,,,Nero,,41,,,,39.95,
sandali-da-donna-per-la-stagione-estiva,,,Nero,,42,,,,39.95,
sandali-da-donna-per-la-stagione-estiva,,,Beige,,36,,,,39.95,
sandali-da-donna-per-la-stagione-estiva,,,Beige,,37,,,,39.95,
sandali-da-donna-per-la-stagione-estiva,,,Beige,,38,,,,39.95,
sandali-da-donna-per-la-stagione-estiva,,,Beige,,39,,,,39.95,
sandali-da-donna-per-la-stagione-estiva,,,Beige,,40,,,,39.95,
sandali-da-donna-per-la-stagione-estiva,,,Beige,,41,,,,39.95,
sandali-da-donna-per-la-stagione-estiva,,,Beige,,42,,,,39.95,
sandali-da-donna-per-la-stagione-estiva,,,Bianco,,36,,,,39.95,
sandali-da-donna-per-la-stagione-estiva,,,Bianco,,37,,,,39.95,
sandali-da-donna-per-la-stagione-estiva,,,Bianco,,38,,,,39.95,
sandali-da-donna-per-la-stagione-estiva,,,Bianco,,39,,,,39.95,
sandali-da-donna-per-la-stagione-estiva,,,Bianco,,40,,,,39.95,
sandali-da-donna-per-la-stagione-estiva,,,Bianco,,41,,,,39.95,
sandali-da-donna-per-la-stagione-estiva,,,Bianco,,42,,,,39.95,
sandali-da-donna-per-la-stagione-estiva,,,Rosa,,36,,,,39.95,
sandali-da-donna-per-la-stagione-estiva,,,Rosa,,37,,,,39.95,
sandali-da-donna-per-la-stagione-estiva,,,Rosa,,38,,,,39.95,
sandali-da-donna-per-la-stagione-estiva,,,Rosa,,39,,,,39.95,
sandali-da-donna-per-la-stagione-estiva,,,Rosa,,40,,,,39.95,
sandali-da-donna-per-la-stagione-estiva,,,Rosa,,41,,,,39.95,
sandali-da-donna-per-la-stagione-estiva,,,Rosa,,42,,,,39.95,
sandali-da-donna-con-zeppa-per-l-estate,Sandali da Donna con Zeppa per l’Estate,Colore,Argento,Taglia,36,,,,54.95,
sandali-da-donna-con-zeppa-per-l-estate,,,Argento,,37,,,,54.95,
sandali-da-donna-con-zeppa-per-l-estate,,,Argento,,38,,,,54.95,
sandali-da-donna-con-zeppa-per-l-estate,,,Argento,,39,,,,54.95,
sandali-da-donna-con-zeppa-per-l-estate,,,Argento,,40,,,,54.95,
sandali-da-donna-con-zeppa-per-l-estate,,,Argento,,41,,,,54.95,
sandali-da-donna-con-zeppa-per-l-estate,,,Argento,,43,,,,54.95,
sandali-da-donna-con-zeppa-per-l-estate,,,Oro,,36,,,,54.95,
sandali-da-donna-con-zeppa-per-l-estate,,,Oro,,37,,,,54.95,
sandali-da-donna-con-zeppa-per-l-estate,,,Oro,,38,,,,54.95,
sandali-da-donna-con-zeppa-per-l-estate,,,Oro,,39,,,,54.95,
sandali-da-donna-con-zeppa-per-l-estate,,,Oro,,40,,,,54.95,
sandali-da-donna-con-zeppa-per-l-estate,,,Oro,,41,,,,54.95,
sandali-da-donna-con-zeppa-per-l-estate,,,Oro,,43,,,,54.95,
sandali-femminili-per-giornate-estive,Sandali Femminili per Giornate Estive,Colore,Marrone,Taglia,36,,,,39.95,
sandali-femminili-per-giornate-estive,,,Marrone,,37,,,,39.95,
sandali-femminili-per-giornate-estive,,,Marrone,,38,,,,39.95,
sandali-femminili-per-giornate-estive,,,Marrone,,39,,,,39.95,
sandali-femminili-per-giornate-estive,,,Marrone,,40,,,,39.95,
sandali-femminili-per-giornate-estive,,,Marrone,,41,,,,39.95,
sandali-femminili-per-giornate-estive,,,Marrone,,42,,,,39.95,
sandali-femminili-per-giornate-estive,,,Marrone,,43,,,,39.95,
sandali-femminili-per-giornate-estive,,,Nero,,36,,,,39.95,
sandali-femminili-per-giornate-estive,,,Nero,,37,,,,39.95,
sandali-femminili-per-giornate-estive,,,Nero,,38,,,,39.95,
sandali-femminili-per-giornate-estive,,,Nero,,39,,,,39.95,
sandali-femminili-per-giornate-estive,,,Nero,,40,,,,39.95,
sandali-femminili-per-giornate-estive,,,Nero,,41,,,,39.95,
sandali-femminili-per-giornate-estive,,,Nero,,42,,,,39.95,
sandali-femminili-per-giornate-estive,,,Nero,,43,,,,39.95,
sandali-con-tacco-da-donna-per-occasioni-speciali,Sandali con Tacco da Donna per Occasioni Speciali,Colore,Rosa,Taglia,36,,,,34.95,
sandali-con-tacco-da-donna-per-occasioni-speciali,,,Rosa,,37,,,,34.95,
sandali-con-tacco-da-donna-per-occasioni-speciali,,,Rosa,,38,,,,34.95,
sandali-con-tacco-da-donna-per-occasioni-speciali,,,Rosa,,39,,,,34.95,
sandali-con-tacco-da-donna-per-occasioni-speciali,,,Rosa,,40,,,,34.95,
sandali-con-tacco-da-donna-per-occasioni-speciali,,,Rosa,,41,,,,34.95,
sandali-con-tacco-da-donna-per-occasioni-speciali,,,Rosa,,42,,,,34.95,
sandali-con-tacco-da-donna-per-occasioni-speciali,,,Nero,,36,,,,34.95,
sandali-con-tacco-da-donna-per-occasioni-speciali,,,Nero,,37,,,,34.95,
sandali-con-tacco-da-donna-per-occasioni-speciali,,,Nero,,38,,,,34.95,
sandali-con-tacco-da-donna-per-occasioni-speciali,,,Nero,,39,,,,34.95,
sandali-con-tacco-da-donna-per-occasioni-speciali,,,Nero,,40,,,,34.95,
sandali-con-tacco-da-donna-per-occasioni-speciali,,,Nero,,41,,,,34.95,
sandali-con-tacco-da-donna-per-occasioni-speciali,,,Nero,,42,,,,34.95,
decollete-da-donna-per-occasioni-speciali,Décolleté da Donna per Occasioni Speciali,Colore,Bianco,Taglia,36,,,,39.95,
decollete-da-donna-per-occasioni-speciali,,,Bianco,,37,,,,39.95,
decollete-da-donna-per-occasioni-speciali,,,Bianco,,38,,,,39.95,
decollete-da-donna-per-occasioni-speciali,,,Bianco,,39,,,,39.95,
decollete-da-donna-per-occasioni-speciali,,,Bianco,,40,,,,39.95,
decollete-da-donna-per-occasioni-speciali,,,Bianco,,41,,,,39.95,
decollete-da-donna-per-occasioni-speciali,,,Bianco,,42,,,,39.95,
decollete-da-donna-per-occasioni-speciali,,,Nero,,36,,,,39.95,
decollete-da-donna-per-occasioni-speciali,,,Nero,,37,,,,39.95,
decollete-da-donna-per-occasioni-speciali,,,Nero,,38,,,,39.95,
decollete-da-donna-per-occasioni-speciali,,,Nero,,39,,,,39.95,
decollete-da-donna-per-occasioni-speciali,,,Nero,,40,,,,39.95,
decollete-da-donna-per-occasioni-speciali,,,Nero,,41,,,,39.95,
decollete-da-donna-per-occasioni-speciali,,,Nero,,42,,,,39.95,
decollete-da-donna-per-occasioni-speciali,,,Beige,,36,,,,39.95,
decollete-da-donna-per-occasioni-speciali,,,Beige,,37,,,,39.95,
decollete-da-donna-per-occasioni-speciali,,,Beige,,38,,,,39.95,
decollete-da-donna-per-occasioni-speciali,,,Beige,,39,,,,39.95,
decollete-da-donna-per-occasioni-speciali,,,Beige,,40,,,,39.95,
decollete-da-donna-per-occasioni-speciali,,,Beige,,41,,,,39.95,
decollete-da-donna-per-occasioni-speciali,,,Beige,,42,,,,39.95,
decollete-da-donna-per-occasioni-speciali,,,Rosa,,36,,,,39.95,
decollete-da-donna-per-occasioni-speciali,,,Rosa,,37,,,,39.95,
decollete-da-donna-per-occasioni-speciali,,,Rosa,,38,,,,39.95,
decollete-da-donna-per-occasioni-speciali,,,Rosa,,39,,,,39.95,
decollete-da-donna-per-occasioni-speciali,,,Rosa,,40,,,,39.95,
decollete-da-donna-per-occasioni-speciali,,,Rosa,,41,,,,39.95,
decollete-da-donna-per-occasioni-speciali,,,Rosa,,42,,,,39.95,
sandali-da-donna-con-zeppa-estiva,Sandali da Donna con Zeppa Estiva,Colore,Nero,Taglia,36,,,,49.95,
sandali-da-donna-con-zeppa-estiva,,,Nero,,37,,,,49.95,
sandali-da-donna-con-zeppa-estiva,,,Nero,,38,,,,49.95,
sandali-da-donna-con-zeppa-estiva,,,Nero,,39,,,,49.95,
sandali-da-donna-con-zeppa-estiva,,,Nero,,40,,,,49.95,
sandali-da-donna-con-zeppa-estiva,,,Nero,,41,,,,49.95,
sandali-da-donna-con-zeppa-estiva,,,Nero,,42,,,,49.95,
sandali-da-donna-con-zeppa-estiva,,,Marrone chiaro,,36,,,,49.95,
sandali-da-donna-con-zeppa-estiva,,,Marrone chiaro,,37,,,,49.95,
sandali-da-donna-con-zeppa-estiva,,,Marrone chiaro,,38,,,,49.95,
sandali-da-donna-con-zeppa-estiva,,,Marrone chiaro,,39,,,,49.95,
sandali-da-donna-con-zeppa-estiva,,,Marrone chiaro,,40,,,,49.95,
sandali-da-donna-con-zeppa-estiva,,,Marrone chiaro,,41,,,,49.95,
sandali-da-donna-con-zeppa-estiva,,,Marrone chiaro,,42,,,,49.95,
sandali-da-donna-con-zeppa-estiva,,,Bianco,,36,,,,49.95,
sandali-da-donna-con-zeppa-estiva,,,Bianco,,37,,,,49.95,
sandali-da-donna-con-zeppa-estiva,,,Bianco,,38,,,,49.95,
sandali-da-donna-con-zeppa-estiva,,,Bianco,,39,,,,49.95,
sandali-da-donna-con-zeppa-estiva,,,Bianco,,40,,,,49.95,
sandali-da-donna-con-zeppa-estiva,,,Bianco,,41,,,,49.95,
sandali-da-donna-con-zeppa-estiva,,,Bianco,,42,,,,49.95,
scarpe-slip-on-da-donna-per-l-estate,Scarpe Slip-On da Donna per l’Estate,Colore,Verde,Taglia,36,,,,44.95,
scarpe-slip-on-da-donna-per-l-estate,,,Verde,,37,,,,44.95,
scarpe-slip-on-da-donna-per-l-estate,,,Verde,,38,,,,44.95,
scarpe-slip-on-da-donna-per-l-estate,,,Verde,,39,,,,44.95,
scarpe-slip-on-da-donna-per-l-estate,,,Verde,,40,,,,44.95,
scarpe-slip-on-da-donna-per-l-estate,,,Verde,,41,,,,44.95,
scarpe-slip-on-da-donna-per-l-estate,,,Verde,,42,,,,44.95,
scarpe-slip-on-da-donna-per-l-estate,,,Nero,,36,,,,44.95,
scarpe-slip-on-da-donna-per-l-estate,,,Nero,,37,,,,44.95,
scarpe-slip-on-da-donna-per-l-estate,,,Nero,,38,,,,44.95,
scarpe-slip-on-da-donna-per-l-estate,,,Nero,,39,,,,44.95,
scarpe-slip-on-da-donna-per-l-estate,,,Nero,,40,,,,44.95,
scarpe-slip-on-da-donna-per-l-estate,,,Nero,,41,,,,44.95,
scarpe-slip-on-da-donna-per-l-estate,,,Nero,,42,,,,44.95,
scarpe-slip-on-da-donna-per-l-estate,,,Blu,,36,,,,44.95,
scarpe-slip-on-da-donna-per-l-estate,,,Blu,,37,,,,44.95,
scarpe-slip-on-da-donna-per-l-estate,,,Blu,,38,,,,44.95,
scarpe-slip-on-da-donna-per-l-estate,,,Blu,,39,,,,44.95,
scarpe-slip-on-da-donna-per-l-estate,,,Blu,,40,,,,44.95,
scarpe-slip-on-da-donna-per-l-estate,,,Blu,,41,,,,44.95,
scarpe-slip-on-da-donna-per-l-estate,,,Blu,,42,,,,44.95,
scarpe-slip-on-da-donna-per-l-estate,,,Rosso,,36,,,,44.95,
scarpe-slip-on-da-donna-per-l-estate,,,Rosso,,37,,,,44.95,
scarpe-slip-on-da-donna-per-l-estate,,,Rosso,,38,,,,44.95,
scarpe-slip-on-da-donna-per-l-estate,,,Rosso,,39,,,,44.95,
scarpe-slip-on-da-donna-per-l-estate,,,Rosso,,40,,,,44.95,
scarpe-slip-on-da-donna-per-l-estate,,,Rosso,,41,,,,44.95,
scarpe-slip-on-da-donna-per-l-estate,,,Rosso,,42,,,,44.95,
scarpe-slip-on-da-donna-per-l-estate,,,Bianco,,36,,,,44.95,
scarpe-slip-on-da-donna-per-l-estate,,,Bianco,,37,,,,44.95,
scarpe-slip-on-da-donna-per-l-estate,,,Bianco,,38,,,,44.95,
scarpe-slip-on-da-donna-per-l-estate,,,Bianco,,39,,,,44.95,
scarpe-slip-on-da-donna-per-l-estate,,,Bianco,,40,,,,44.95,
scarpe-slip-on-da-donna-per-l-estate,,,Bianco,,41,,,,44.95,
scarpe-slip-on-da-donna-per-l-estate,,,Bianco,,42,,,,44.95,
sandali-da-donna-per-giornate-estive-1,Sandali da Donna per Giornate Estive,Colore,Blu,Taglia,36,,,,54.95,
sandali-da-donna-per-giornate-estive-1,,,Blu,,37,,,,54.95,
sandali-da-donna-per-giornate-estive-1,,,Blu,,38,,,,54.95,
sandali-da-donna-per-giornate-estive-1,,,Blu,,39,,,,54.95,
sandali-da-donna-per-giornate-estive-1,,,Blu,,40,,,,54.95,
sandali-da-donna-per-giornate-estive-1,,,Blu,,41,,,,54.95,
sandali-da-donna-per-giornate-estive-1,,,Blu,,42,,,,54.95,
sandali-da-donna-per-giornate-estive-1,,,Grigio,,36,,,,54.95,
sandali-da-donna-per-giornate-estive-1,,,Grigio,,37,,,,54.95,
sandali-da-donna-per-giornate-estive-1,,,Grigio,,38,,,,54.95,
sandali-da-donna-per-giornate-estive-1,,,Grigio,,39,,,,54.95,
sandali-da-donna-per-giornate-estive-1,,,Grigio,,40,,,,54.95,
sandali-da-donna-per-giornate-estive-1,,,Grigio,,41,,,,54.95,
sandali-da-donna-per-giornate-estive-1,,,Grigio,,42,,,,54.95,
sandali-da-donna-per-giornate-estive-1,,,Nero,,36,,,,54.95,
sandali-da-donna-per-giornate-estive-1,,,Nero,,37,,,,54.95,
sandali-da-donna-per-giornate-estive-1,,,Nero,,38,,,,54.95,
sandali-da-donna-per-giornate-estive-1,,,Nero,,39,,,,54.95,
sandali-da-donna-per-giornate-estive-1,,,Nero,,40,,,,54.95,
sandali-da-donna-per-giornate-estive-1,,,Nero,,41,,,,54.95,
sandali-da-donna-per-giornate-estive-1,,,Nero,,42,,,,54.95,
sandali-da-donna-per-giornate-estive-1,,,Arancione,,36,,,,54.95,
sandali-da-donna-per-giornate-estive-1,,,Arancione,,37,,,,54.95,
sandali-da-donna-per-giornate-estive-1,,,Arancione,,38,,,,54.95,
sandali-da-donna-per-giornate-estive-1,,,Arancione,,39,,,,54.95,
sandali-da-donna-per-giornate-estive-1,,,Arancione,,40,,,,54.95,
sandali-da-donna-per-giornate-estive-1,,,Arancione,,41,,,,54.95,
sandali-da-donna-per-giornate-estive-1,,,Arancione,,42,,,,54.95,
sandali-da-donna-per-giornate-estive-1,,,Beige,,36,,,,54.95,
sandali-da-donna-per-giornate-estive-1,,,Beige,,37,,,,54.95,
sandali-da-donna-per-giornate-estive-1,,,Beige,,38,,,,54.95,
sandali-da-donna-per-giornate-estive-1,,,Beige,,39,,,,54.95,
sandali-da-donna-per-giornate-estive-1,,,Beige,,40,,,,54.95,
sandali-da-donna-per-giornate-estive-1,,,Beige,,41,,,,54.95,
sandali-da-donna-per-giornate-estive-1,,,Beige,,42,,,,54.95,
sandali-da-donna-per-giornate-estive-1,,,Giallo,,36,,,,54.95,
sandali-da-donna-per-giornate-estive-1,,,Giallo,,37,,,,54.95,
sandali-da-donna-per-giornate-estive-1,,,Giallo,,38,,,,54.95,
sandali-da-donna-per-giornate-estive-1,,,Giallo,,39,,,,54.95,
sandali-da-donna-per-giornate-estive-1,,,Giallo,,40,,,,54.95,
sandali-da-donna-per-giornate-estive-1,,,Giallo,,41,,,,54.95,
sandali-da-donna-per-giornate-estive-1,,,Giallo,,42,,,,54.95,
sneakers-da-donna-per-giornate-dinamiche,Sneakers da Donna per Giornate Dinamiche,Colore,Beige,Taglia,36,,,,49.95,
sneakers-da-donna-per-giornate-dinamiche,,,Beige,,37,,,,49.95,
sneakers-da-donna-per-giornate-dinamiche,,,Beige,,38,,,,49.95,
sneakers-da-donna-per-giornate-dinamiche,,,Beige,,39,,,,49.95,
sneakers-da-donna-per-giornate-dinamiche,,,Beige,,40,,,,49.95,
sneakers-da-donna-per-giornate-dinamiche,,,Beige,,41,,,,49.95,
sneakers-da-donna-per-giornate-dinamiche,,,Beige,,42,,,,49.95,
sneakers-da-donna-per-giornate-dinamiche,,,Bianco,,36,,,,49.95,
sneakers-da-donna-per-giornate-dinamiche,,,Bianco,,37,,,,49.95,
sneakers-da-donna-per-giornate-dinamiche,,,Bianco,,38,,,,49.95,
sneakers-da-donna-per-giornate-dinamiche,,,Bianco,,39,,,,49.95,
sneakers-da-donna-per-giornate-dinamiche,,,Bianco,,40,,,,49.95,
sneakers-da-donna-per-giornate-dinamiche,,,Bianco,,41,,,,49.95,
sneakers-da-donna-per-giornate-dinamiche,,,Bianco,,42,,,,49.95,
sneakers-da-donna-per-giornate-dinamiche,,,Rosa,,36,,,,49.95,
sneakers-da-donna-per-giornate-dinamiche,,,Rosa,,37,,,,49.95,
sneakers-da-donna-per-giornate-dinamiche,,,Rosa,,38,,,,49.95,
sneakers-da-donna-per-giornate-dinamiche,,,Rosa,,39,,,,49.95,
sneakers-da-donna-per-giornate-dinamiche,,,Rosa,,40,,,,49.95,
sneakers-da-donna-per-giornate-dinamiche,,,Rosa,,41,,,,49.95,
sneakers-da-donna-per-giornate-dinamiche,,,Rosa,,42,,,,49.95,
sneakers-da-donna-per-giornate-dinamiche,,,Grigio,,36,,,,49.95,
sneakers-da-donna-per-giornate-dinamiche,,,Grigio,,37,,,,49.95,
sneakers-da-donna-per-giornate-dinamiche,,,Grigio,,38,,,,49.95,
sneakers-da-donna-per-giornate-dinamiche,,,Grigio,,39,,,,49.95,
sneakers-da-donna-per-giornate-dinamiche,,,Grigio,,40,,,,49.95,
sneakers-da-donna-per-giornate-dinamiche,,,Grigio,,41,,,,49.95,
sneakers-da-donna-per-giornate-dinamiche,,,Grigio,,42,,,,49.95,
sneakers-da-donna-per-giornate-dinamiche,,,Oro,,36,,,,49.95,
sneakers-da-donna-per-giornate-dinamiche,,,Oro,,37,,,,49.95,
sneakers-da-donna-per-giornate-dinamiche,,,Oro,,38,,,,49.95,
sneakers-da-donna-per-giornate-dinamiche,,,Oro,,39,,,,49.95,
sneakers-da-donna-per-giornate-dinamiche,,,Oro,,40,,,,49.95,
sneakers-da-donna-per-giornate-dinamiche,,,Oro,,41,,,,49.95,
sneakers-da-donna-per-giornate-dinamiche,,,Oro,,42,,,,49.95,
abito-midi-da-donna-per-giornate-estive-2,Abito Midi da Donna per Giornate Estive,Colore,Blu,Taglia,S,,,,59.95,
abito-midi-da-donna-per-giornate-estive-2,,,Blu,,M,,,,59.95,
abito-midi-da-donna-per-giornate-estive-2,,,Blu,,L,,,,59.95,
abito-midi-da-donna-per-giornate-estive-2,,,Blu,,XL,,,,59.95,
abito-midi-da-donna-per-giornate-estive-2,,,Blu,,2XL,,,,59.95,
abito-midi-da-donna-per-giornate-estive-2,,,Blu,,3XL,,,,59.95,
abito-midi-da-donna-per-giornate-estive-2,,,Beige,,S,,,,59.95,
abito-midi-da-donna-per-giornate-estive-2,,,Beige,,M,,,,59.95,
abito-midi-da-donna-per-giornate-estive-2,,,Beige,,L,,,,59.95,
abito-midi-da-donna-per-giornate-estive-2,,,Beige,,XL,,,,59.95,
abito-midi-da-donna-per-giornate-estive-2,,,Beige,,2XL,,,,59.95,
abito-midi-da-donna-per-giornate-estive-2,,,Beige,,3XL,,,,59.95,
abito-midi-da-donna-per-giornate-estive-2,,,Grigio,,S,,,,59.95,
abito-midi-da-donna-per-giornate-estive-2,,,Grigio,,M,,,,59.95,
abito-midi-da-donna-per-giornate-estive-2,,,Grigio,,L,,,,59.95,
abito-midi-da-donna-per-giornate-estive-2,,,Grigio,,XL,,,,59.95,
abito-midi-da-donna-per-giornate-estive-2,,,Grigio,,2XL,,,,59.95,
abito-midi-da-donna-per-giornate-estive-2,,,Grigio,,3XL,,,,59.95,
women-s-orthopedic-walking-sandals-wedge-heel-comfort-fit,Sandali Donna per Giornate Estive,Colore,Beige,Taglia,36,,,,44.95,
women-s-orthopedic-walking-sandals-wedge-heel-comfort-fit,,,Beige,,37,,,,44.95,
women-s-orthopedic-walking-sandals-wedge-heel-comfort-fit,,,Beige,,38,,,,44.95,
women-s-orthopedic-walking-sandals-wedge-heel-comfort-fit,,,Beige,,39,,,,44.95,
women-s-orthopedic-walking-sandals-wedge-heel-comfort-fit,,,Beige,,40,,,,44.95,
women-s-orthopedic-walking-sandals-wedge-heel-comfort-fit,,,Beige,,41,,,,44.95,
women-s-orthopedic-walking-sandals-wedge-heel-comfort-fit,,,Beige,,42,,,,44.95,
women-s-orthopedic-walking-sandals-wedge-heel-comfort-fit,,,Blu,,36,,,,44.95,
women-s-orthopedic-walking-sandals-wedge-heel-comfort-fit,,,Blu,,37,,,,44.95,
women-s-orthopedic-walking-sandals-wedge-heel-comfort-fit,,,Blu,,38,,,,44.95,
women-s-orthopedic-walking-sandals-wedge-heel-comfort-fit,,,Blu,,39,,,,44.95,
women-s-orthopedic-walking-sandals-wedge-heel-comfort-fit,,,Blu,,40,,,,44.95,
women-s-orthopedic-walking-sandals-wedge-heel-comfort-fit,,,Blu,,41,,,,44.95,
women-s-orthopedic-walking-sandals-wedge-heel-comfort-fit,,,Blu,,42,,,,44.95,
women-s-orthopedic-walking-sandals-wedge-heel-comfort-fit,,,Nero,,36,,,,44.95,
women-s-orthopedic-walking-sandals-wedge-heel-comfort-fit,,,Nero,,37,,,,44.95,
women-s-orthopedic-walking-sandals-wedge-heel-comfort-fit,,,Nero,,38,,,,44.95,
women-s-orthopedic-walking-sandals-wedge-heel-comfort-fit,,,Nero,,39,,,,44.95,
women-s-orthopedic-walking-sandals-wedge-heel-comfort-fit,,,Nero,,40,,,,44.95,
women-s-orthopedic-walking-sandals-wedge-heel-comfort-fit,,,Nero,,41,,,,44.95,
women-s-orthopedic-walking-sandals-wedge-heel-comfort-fit,,,Nero,,42,,,,44.95,
women-s-orthopedic-walking-sandals-wedge-heel-comfort-fit,,,Verde,,36,,,,44.95,
women-s-orthopedic-walking-sandals-wedge-heel-comfort-fit,,,Verde,,37,,,,44.95,
women-s-orthopedic-walking-sandals-wedge-heel-comfort-fit,,,Verde,,38,,,,44.95,
women-s-orthopedic-walking-sandals-wedge-heel-comfort-fit,,,Verde,,39,,,,44.95,
women-s-orthopedic-walking-sandals-wedge-heel-comfort-fit,,,Verde,,40,,,,44.95,
women-s-orthopedic-walking-sandals-wedge-heel-comfort-fit,,,Verde,,41,,,,44.95,
women-s-orthopedic-walking-sandals-wedge-heel-comfort-fit,,,Verde,,42,,,,44.95,
women-s-orthopedic-walking-sandals-wedge-heel-comfort-fit,,,Rosso,,36,,,,44.95,
women-s-orthopedic-walking-sandals-wedge-heel-comfort-fit,,,Rosso,,37,,,,44.95,
women-s-orthopedic-walking-sandals-wedge-heel-comfort-fit,,,Rosso,,38,,,,44.95,
women-s-orthopedic-walking-sandals-wedge-heel-comfort-fit,,,Rosso,,39,,,,44.95,
women-s-orthopedic-walking-sandals-wedge-heel-comfort-fit,,,Rosso,,40,,,,44.95,
women-s-orthopedic-walking-sandals-wedge-heel-comfort-fit,,,Rosso,,41,,,,44.95,
women-s-orthopedic-walking-sandals-wedge-heel-comfort-fit,,,Rosso,,42,,,,44.95,
sandali-donna-con-fascia-anteriore,Sandali Donna con Fascia Anteriore,Colore,Nero,Taglia,36,,,,49.95,
sandali-donna-con-fascia-anteriore,,,Nero,,37,,,,49.95,
sandali-donna-con-fascia-anteriore,,,Nero,,38,,,,49.95,
sandali-donna-con-fascia-anteriore,,,Nero,,39,,,,49.95,
sandali-donna-con-fascia-anteriore,,,Nero,,40,,,,49.95,
sandali-donna-con-fascia-anteriore,,,Nero,,41,,,,49.95,
sandali-donna-con-fascia-anteriore,,,Nero,,42,,,,49.95,
sandali-donna-con-fascia-anteriore,,,Bianco,,36,,,,49.95,
sandali-donna-con-fascia-anteriore,,,Bianco,,37,,,,49.95,
sandali-donna-con-fascia-anteriore,,,Bianco,,38,,,,49.95,
sandali-donna-con-fascia-anteriore,,,Bianco,,39,,,,49.95,
sandali-donna-con-fascia-anteriore,,,Bianco,,40,,,,49.95,
sandali-donna-con-fascia-anteriore,,,Bianco,,41,,,,49.95,
sandali-donna-con-fascia-anteriore,,,Bianco,,42,,,,49.95,
sandali-donna-con-fascia-anteriore,,,Marrone,,36,,,,49.95,
sandali-donna-con-fascia-anteriore,,,Marrone,,37,,,,49.95,
sandali-donna-con-fascia-anteriore,,,Marrone,,38,,,,49.95,
sandali-donna-con-fascia-anteriore,,,Marrone,,39,,,,49.95,
sandali-donna-con-fascia-anteriore,,,Marrone,,40,,,,49.95,
sandali-donna-con-fascia-anteriore,,,Marrone,,41,,,,49.95,
sandali-donna-con-fascia-anteriore,,,Marrone,,42,,,,49.95,
sandali-donna-con-tacco-per-occasioni-speciali,Sandali Donna con Tacco per Occasioni Speciali,Colore,Bianco,Taglia,36,,,,54.95,
sandali-donna-con-tacco-per-occasioni-speciali,,,Bianco,,37,,,,54.95,
sandali-donna-con-tacco-per-occasioni-speciali,,,Bianco,,38,,,,54.95,
sandali-donna-con-tacco-per-occasioni-speciali,,,Bianco,,39,,,,54.95,
sandali-donna-con-tacco-per-occasioni-speciali,,,Bianco,,40,,,,54.95,
sandali-donna-con-tacco-per-occasioni-speciali,,,Bianco,,41,,,,54.95,
sandali-donna-con-tacco-per-occasioni-speciali,,,Bianco,,42,,,,54.95,
sandali-donna-con-tacco-per-occasioni-speciali,,,Oro,,36,,,,54.95,
sandali-donna-con-tacco-per-occasioni-speciali,,,Oro,,37,,,,54.95,
sandali-donna-con-tacco-per-occasioni-speciali,,,Oro,,38,,,,54.95,
sandali-donna-con-tacco-per-occasioni-speciali,,,Oro,,39,,,,54.95,
sandali-donna-con-tacco-per-occasioni-speciali,,,Oro,,40,,,,54.95,
sandali-donna-con-tacco-per-occasioni-speciali,,,Oro,,41,,,,54.95,
sandali-donna-con-tacco-per-occasioni-speciali,,,Oro,,42,,,,54.95,
sandali-donna-con-tacco-per-occasioni-speciali,,,Nero,,36,,,,54.95,
sandali-donna-con-tacco-per-occasioni-speciali,,,Nero,,37,,,,54.95,
sandali-donna-con-tacco-per-occasioni-speciali,,,Nero,,38,,,,54.95,
sandali-donna-con-tacco-per-occasioni-speciali,,,Nero,,39,,,,54.95,
sandali-donna-con-tacco-per-occasioni-speciali,,,Nero,,40,,,,54.95,
sandali-donna-con-tacco-per-occasioni-speciali,,,Nero,,41,,,,54.95,
sandali-donna-con-tacco-per-occasioni-speciali,,,Nero,,42,,,,54.95,
sandali-donna-con-tacco-per-occasioni-speciali,,,Argento,,36,,,,54.95,
sandali-donna-con-tacco-per-occasioni-speciali,,,Argento,,37,,,,54.95,
sandali-donna-con-tacco-per-occasioni-speciali,,,Argento,,38,,,,54.95,
sandali-donna-con-tacco-per-occasioni-speciali,,,Argento,,39,,,,54.95,
sandali-donna-con-tacco-per-occasioni-speciali,,,Argento,,40,,,,54.95,
sandali-donna-con-tacco-per-occasioni-speciali,,,Argento,,41,,,,54.95,
sandali-donna-con-tacco-per-occasioni-speciali,,,Argento,,42,,,,54.95,
sandali-donna-per-eventi-estivi,Sandali Donna per Eventi Estivi,Colore,Marrone,Taglia,36,,,,59.95,
sandali-donna-per-eventi-estivi,,,Marrone,,37,,,,59.95,
sandali-donna-per-eventi-estivi,,,Marrone,,38,,,,59.95,
sandali-donna-per-eventi-estivi,,,Marrone,,39,,,,59.95,
sandali-donna-per-eventi-estivi,,,Marrone,,40,,,,59.95,
sandali-donna-per-eventi-estivi,,,Marrone,,41,,,,59.95,
sandali-donna-per-eventi-estivi,,,Marrone,,42,,,,59.95,
sandali-donna-per-eventi-estivi,,,Beige,,36,,,,59.95,
sandali-donna-per-eventi-estivi,,,Beige,,37,,,,59.95,
sandali-donna-per-eventi-estivi,,,Beige,,38,,,,59.95,
sandali-donna-per-eventi-estivi,,,Beige,,39,,,,59.95,
sandali-donna-per-eventi-estivi,,,Beige,,40,,,,59.95,
sandali-donna-per-eventi-estivi,,,Beige,,41,,,,59.95,
sandali-donna-per-eventi-estivi,,,Beige,,42,,,,59.95,
sandali-donna-per-occasioni-estive,Sandali Donna per Occasioni Estive,Colore,Bianco,Taglia,36,,,,54.95,
sandali-donna-per-occasioni-estive,,,Bianco,,37,,,,54.95,
sandali-donna-per-occasioni-estive,,,Bianco,,38,,,,54.95,
sandali-donna-per-occasioni-estive,,,Bianco,,39,,,,54.95,
sandali-donna-per-occasioni-estive,,,Bianco,,40,,,,54.95,
sandali-donna-per-occasioni-estive,,,Bianco,,41,,,,54.95,
sandali-donna-per-occasioni-estive,,,Bianco,,42,,,,54.95,
sandali-donna-per-occasioni-estive,,,Marrone,,36,,,,54.95,
sandali-donna-per-occasioni-estive,,,Marrone,,37,,,,54.95,
sandali-donna-per-occasioni-estive,,,Marrone,,38,,,,54.95,
sandali-donna-per-occasioni-estive,,,Marrone,,39,,,,54.95,
sandali-donna-per-occasioni-estive,,,Marrone,,40,,,,54.95,
sandali-donna-per-occasioni-estive,,,Marrone,,41,,,,54.95,
sandali-donna-per-occasioni-estive,,,Marrone,,42,,,,54.95,
sandali-donna-per-occasioni-estive,,,Nero,,36,,,,54.95,
sandali-donna-per-occasioni-estive,,,Nero,,37,,,,54.95,
sandali-donna-per-occasioni-estive,,,Nero,,38,,,,54.95,
sandali-donna-per-occasioni-estive,,,Nero,,39,,,,54.95,
sandali-donna-per-occasioni-estive,,,Nero,,40,,,,54.95,
sandali-donna-per-occasioni-estive,,,Nero,,41,,,,54.95,
sandali-donna-per-occasioni-estive,,,Nero,,42,,,,54.95,
sneakers-donna-per-uso-quotidiano,Sneakers Donna per Uso Quotidiano,Colore,Nero,Taglia,36,,,,44.95,
sneakers-donna-per-uso-quotidiano,,,Nero,,37,,,,44.95,
sneakers-donna-per-uso-quotidiano,,,Nero,,38,,,,44.95,
sneakers-donna-per-uso-quotidiano,,,Nero,,39,,,,44.95,
sneakers-donna-per-uso-quotidiano,,,Nero,,40,,,,44.95,
sneakers-donna-per-uso-quotidiano,,,Nero,,41,,,,44.95,
sneakers-donna-per-uso-quotidiano,,,Nero,,42,,,,44.95,
sneakers-donna-per-uso-quotidiano,,,Blu,,36,,,,44.95,
sneakers-donna-per-uso-quotidiano,,,Blu,,37,,,,44.95,
sneakers-donna-per-uso-quotidiano,,,Blu,,38,,,,44.95,
sneakers-donna-per-uso-quotidiano,,,Blu,,39,,,,44.95,
sneakers-donna-per-uso-quotidiano,,,Blu,,40,,,,44.95,
sneakers-donna-per-uso-quotidiano,,,Blu,,41,,,,44.95,
sneakers-donna-per-uso-quotidiano,,,Blu,,42,,,,44.95,
sneakers-donna-per-uso-quotidiano,,,Grigio,,36,,,,44.95,
sneakers-donna-per-uso-quotidiano,,,Grigio,,37,,,,44.95,
sneakers-donna-per-uso-quotidiano,,,Grigio,,38,,,,44.95,
sneakers-donna-per-uso-quotidiano,,,Grigio,,39,,,,44.95,
sneakers-donna-per-uso-quotidiano,,,Grigio,,40,,,,44.95,
sneakers-donna-per-uso-quotidiano,,,Grigio,,41,,,,44.95,
sneakers-donna-per-uso-quotidiano,,,Grigio,,42,,,,44.95,
sneakers-donna-per-uso-quotidiano,,,Beige,,36,,,,44.95,
sneakers-donna-per-uso-quotidiano,,,Beige,,37,,,,44.95,
sneakers-donna-per-uso-quotidiano,,,Beige,,38,,,,44.95,
sneakers-donna-per-uso-quotidiano,,,Beige,,39,,,,44.95,
sneakers-donna-per-uso-quotidiano,,,Beige,,40,,,,44.95,
sneakers-donna-per-uso-quotidiano,,,Beige,,41,,,,44.95,
sneakers-donna-per-uso-quotidiano,,,Beige,,42,,,,44.95,
abito-lungo-donna-per-occasioni-speciali,Abito Lungo Donna per Occasioni Speciali,Colore,Nero,Taglia,S,,,,79.95,
abito-lungo-donna-per-occasioni-speciali,,,Nero,,M,,,,79.95,
abito-lungo-donna-per-occasioni-speciali,,,Nero,,L,,,,79.95,
abito-lungo-donna-per-occasioni-speciali,,,Nero,,XL,,,,79.95,
abito-lungo-donna-per-occasioni-speciali,,,Nero,,2XL,,,,79.95,
abito-lungo-donna-per-occasioni-speciali,,,Nero,,3XL,,,,79.95,
abito-lungo-donna-per-occasioni-speciali,,,Giallo,,S,,,,79.95,
abito-lungo-donna-per-occasioni-speciali,,,Giallo,,M,,,,79.95,
abito-lungo-donna-per-occasioni-speciali,,,Giallo,,L,,,,79.95,
abito-lungo-donna-per-occasioni-speciali,,,Giallo,,XL,,,,79.95,
abito-lungo-donna-per-occasioni-speciali,,,Giallo,,2XL,,,,79.95,
abito-lungo-donna-per-occasioni-speciali,,,Giallo,,3XL,,,,79.95,
abito-lungo-donna-per-occasioni-speciali,,,Bianco,,S,,,,79.95,
abito-lungo-donna-per-occasioni-speciali,,,Bianco,,M,,,,79.95,
abito-lungo-donna-per-occasioni-speciali,,,Bianco,,L,,,,79.95,
abito-lungo-donna-per-occasioni-speciali,,,Bianco,,XL,,,,79.95,
abito-lungo-donna-per-occasioni-speciali,,,Bianco,,2XL,,,,79.95,
abito-lungo-donna-per-occasioni-speciali,,,Bianco,,3XL,,,,79.95,
abito-lungo-donna-per-occasioni-speciali,,,Blu Navy,,S,,,,79.95,
abito-lungo-donna-per-occasioni-speciali,,,Blu Navy,,M,,,,79.95,
abito-lungo-donna-per-occasioni-speciali,,,Blu Navy,,L,,,,79.95,
abito-lungo-donna-per-occasioni-speciali,,,Blu Navy,,XL,,,,79.95,
abito-lungo-donna-per-occasioni-speciali,,,Blu Navy,,2XL,,,,79.95,
abito-lungo-donna-per-occasioni-speciali,,,Blu Navy,,3XL,,,,79.95,
completo-donna-con-top-a-maniche-corte-e-pantaloni,Completo Donna con Top a Maniche Corte e Pantaloni,Colore,Verde,Taglia,S,,,,59.95,
completo-donna-con-top-a-maniche-corte-e-pantaloni,,,Verde,,M,,,,59.95,
completo-donna-con-top-a-maniche-corte-e-pantaloni,,,Verde,,L,,,,59.95,
completo-donna-con-top-a-maniche-corte-e-pantaloni,,,Verde,,XL,,,,59.95,
completo-donna-con-top-a-maniche-corte-e-pantaloni,,,Verde,,XS,,,,59.95,
completo-donna-con-top-a-maniche-corte-e-pantaloni,,,Verde,,3XL,,,,59.95,
completo-donna-con-top-a-maniche-corte-e-pantaloni,,,Blu Navy,,S,,,,59.95,
completo-donna-con-top-a-maniche-corte-e-pantaloni,,,Blu Navy,,M,,,,59.95,
completo-donna-con-top-a-maniche-corte-e-pantaloni,,,Blu Navy,,L,,,,59.95,
completo-donna-con-top-a-maniche-corte-e-pantaloni,,,Blu Navy,,XL,,,,59.95,
completo-donna-con-top-a-maniche-corte-e-pantaloni,,,Blu Navy,,XS,,,,59.95,
completo-donna-con-top-a-maniche-corte-e-pantaloni,,,Blu Navy,,3XL,,,,59.95,
completo-donna-con-top-a-maniche-corte-e-pantaloni,,,Arancione,,S,,,,59.95,
completo-donna-con-top-a-maniche-corte-e-pantaloni,,,Arancione,,M,,,,59.95,
completo-donna-con-top-a-maniche-corte-e-pantaloni,,,Arancione,,L,,,,59.95,
completo-donna-con-top-a-maniche-corte-e-pantaloni,,,Arancione,,XL,,,,59.95,
completo-donna-con-top-a-maniche-corte-e-pantaloni,,,Arancione,,XS,,,,59.95,
completo-donna-con-top-a-maniche-corte-e-pantaloni,,,Arancione,,3XL,,,,59.95,
completo-donna-con-top-a-maniche-corte-e-pantaloni,,,Beige,,S,,,,59.95,
completo-donna-con-top-a-maniche-corte-e-pantaloni,,,Beige,,M,,,,59.95,
completo-donna-con-top-a-maniche-corte-e-pantaloni,,,Beige,,L,,,,59.95,
completo-donna-con-top-a-maniche-corte-e-pantaloni,,,Beige,,XL,,,,59.95,
completo-donna-con-top-a-maniche-corte-e-pantaloni,,,Beige,,XS,,,,59.95,
completo-donna-con-top-a-maniche-corte-e-pantaloni,,,Beige,,3XL,,,,59.95,
scarpe-donna-eleganti-per-occasioni-speciali,Scarpe Donna Eleganti per Occasioni Speciali,Colore,Nero,Taglia,36,,,,44.95,
scarpe-donna-eleganti-per-occasioni-speciali,,,Nero,,37,,,,44.95,
scarpe-donna-eleganti-per-occasioni-speciali,,,Nero,,38,,,,44.95,
scarpe-donna-eleganti-per-occasioni-speciali,,,Nero,,39,,,,44.95,
scarpe-donna-eleganti-per-occasioni-speciali,,,Nero,,40,,,,44.95,
scarpe-donna-eleganti-per-occasioni-speciali,,,Nero,,41,,,,44.95,
scarpe-donna-eleganti-per-occasioni-speciali,,,Nero,,42,,,,44.95,
scarpe-donna-eleganti-per-occasioni-speciali,,,Marrone,,36,,,,44.95,
scarpe-donna-eleganti-per-occasioni-speciali,,,Marrone,,37,,,,44.95,
scarpe-donna-eleganti-per-occasioni-speciali,,,Marrone,,38,,,,44.95,
scarpe-donna-eleganti-per-occasioni-speciali,,,Marrone,,39,,,,44.95,
scarpe-donna-eleganti-per-occasioni-speciali,,,Marrone,,40,,,,44.95,
scarpe-donna-eleganti-per-occasioni-speciali,,,Marrone,,41,,,,44.95,
scarpe-donna-eleganti-per-occasioni-speciali,,,Marrone,,42,,,,44.95,
scarpe-donna-eleganti-per-occasioni-speciali,,,Beige,,36,,,,44.95,
scarpe-donna-eleganti-per-occasioni-speciali,,,Beige,,37,,,,44.95,
scarpe-donna-eleganti-per-occasioni-speciali,,,Beige,,38,,,,44.95,
scarpe-donna-eleganti-per-occasioni-speciali,,,Beige,,39,,,,44.95,
scarpe-donna-eleganti-per-occasioni-speciali,,,Beige,,40,,,,44.95,
scarpe-donna-eleganti-per-occasioni-speciali,,,Beige,,41,,,,44.95,
scarpe-donna-eleganti-per-occasioni-speciali,,,Beige,,42,,,,44.95,
scarpe-donna-eleganti-per-occasioni-speciali,,,Bianco,,36,,,,44.95,
scarpe-donna-eleganti-per-occasioni-speciali,,,Bianco,,37,,,,44.95,
scarpe-donna-eleganti-per-occasioni-speciali,,,Bianco,,38,,,,44.95,
scarpe-donna-eleganti-per-occasioni-speciali,,,Bianco,,39,,,,44.95,
scarpe-donna-eleganti-per-occasioni-speciali,,,Bianco,,40,,,,44.95,
scarpe-donna-eleganti-per-occasioni-speciali,,,Bianco,,41,,,,44.95,
scarpe-donna-eleganti-per-occasioni-speciali,,,Bianco,,42,,,,44.95,
scarpe-donna-per-occasioni-quotidiane-e-tempo-libero,Scarpe Donna per Occasioni Quotidiane e Tempo Libero,Colore,Blu,Taglia,36,,,,54.95,
scarpe-donna-per-occasioni-quotidiane-e-tempo-libero,,,Blu,,37,,,,54.95,
scarpe-donna-per-occasioni-quotidiane-e-tempo-libero,,,Blu,,38,,,,54.95,
scarpe-donna-per-occasioni-quotidiane-e-tempo-libero,,,Blu,,39,,,,54.95,
scarpe-donna-per-occasioni-quotidiane-e-tempo-libero,,,Blu,,40,,,,54.95,
scarpe-donna-per-occasioni-quotidiane-e-tempo-libero,,,Blu,,41,,,,54.95,
scarpe-donna-per-occasioni-quotidiane-e-tempo-libero,,,Blu,,42,,,,54.95,
scarpe-donna-per-occasioni-quotidiane-e-tempo-libero,,,Marrone,,36,,,,54.95,
scarpe-donna-per-occasioni-quotidiane-e-tempo-libero,,,Marrone,,37,,,,54.95,
scarpe-donna-per-occasioni-quotidiane-e-tempo-libero,,,Marrone,,38,,,,54.95,
scarpe-donna-per-occasioni-quotidiane-e-tempo-libero,,,Marrone,,39,,,,54.95,
scarpe-donna-per-occasioni-quotidiane-e-tempo-libero,,,Marrone,,40,,,,54.95,
scarpe-donna-per-occasioni-quotidiane-e-tempo-libero,,,Marrone,,41,,,,54.95,
scarpe-donna-per-occasioni-quotidiane-e-tempo-libero,,,Marrone,,42,,,,54.95,
scarpe-donna-per-occasioni-quotidiane-e-tempo-libero,,,Nero,,36,,,,54.95,
scarpe-donna-per-occasioni-quotidiane-e-tempo-libero,,,Nero,,37,,,,54.95,
scarpe-donna-per-occasioni-quotidiane-e-tempo-libero,,,Nero,,38,,,,54.95,
scarpe-donna-per-occasioni-quotidiane-e-tempo-libero,,,Nero,,39,,,,54.95,
scarpe-donna-per-occasioni-quotidiane-e-tempo-libero,,,Nero,,40,,,,54.95,
scarpe-donna-per-occasioni-quotidiane-e-tempo-libero,,,Nero,,41,,,,54.95,
scarpe-donna-per-occasioni-quotidiane-e-tempo-libero,,,Nero,,42,,,,54.95,
scarpe-donna-per-occasioni-quotidiane-e-tempo-libero,,,Marrone Chiaro,,36,,,,54.95,
scarpe-donna-per-occasioni-quotidiane-e-tempo-libero,,,Marrone Chiaro,,37,,,,54.95,
scarpe-donna-per-occasioni-quotidiane-e-tempo-libero,,,Marrone Chiaro,,38,,,,54.95,
scarpe-donna-per-occasioni-quotidiane-e-tempo-libero,,,Marrone Chiaro,,39,,,,54.95,
scarpe-donna-per-occasioni-quotidiane-e-tempo-libero,,,Marrone Chiaro,,40,,,,54.95,
scarpe-donna-per-occasioni-quotidiane-e-tempo-libero,,,Marrone Chiaro,,41,,,,54.95,
scarpe-donna-per-occasioni-quotidiane-e-tempo-libero,,,Marrone Chiaro,,42,,,,54.95,
abito-mini-da-donna-per-occasioni-estive,Abito Mini da Donna per Occasioni Estive,Colore,Giallo,Taglia,S,,,,49.95,
abito-mini-da-donna-per-occasioni-estive,,,Giallo,,M,,,,49.95,
abito-mini-da-donna-per-occasioni-estive,,,Giallo,,L,,,,49.95,
abito-mini-da-donna-per-occasioni-estive,,,Giallo,,XL,,,,49.95,
abito-mini-da-donna-per-occasioni-estive,,,Giallo,,2XL,,,,49.95,
abito-mini-da-donna-per-occasioni-estive,,,Giallo,,3XL,,,,49.95,
abito-mini-da-donna-per-occasioni-estive,,,Nero,,S,,,,49.95,
abito-mini-da-donna-per-occasioni-estive,,,Nero,,M,,,,49.95,
abito-mini-da-donna-per-occasioni-estive,,,Nero,,L,,,,49.95,
abito-mini-da-donna-per-occasioni-estive,,,Nero,,XL,,,,49.95,
abito-mini-da-donna-per-occasioni-estive,,,Nero,,2XL,,,,49.95,
abito-mini-da-donna-per-occasioni-estive,,,Nero,,3XL,,,,49.95,
abito-mini-da-donna-per-occasioni-estive,,,Rosa,,S,,,,49.95,
abito-mini-da-donna-per-occasioni-estive,,,Rosa,,M,,,,49.95,
abito-mini-da-donna-per-occasioni-estive,,,Rosa,,L,,,,49.95,
abito-mini-da-donna-per-occasioni-estive,,,Rosa,,XL,,,,49.95,
abito-mini-da-donna-per-occasioni-estive,,,Rosa,,2XL,,,,49.95,
abito-mini-da-donna-per-occasioni-estive,,,Rosa,,3XL,,,,49.95,
abito-mini-da-donna-per-occasioni-estive,,,Marrone,,S,,,,49.95,
abito-mini-da-donna-per-occasioni-estive,,,Marrone,,M,,,,49.95,
abito-mini-da-donna-per-occasioni-estive,,,Marrone,,L,,,,49.95,
abito-mini-da-donna-per-occasioni-estive,,,Marrone,,XL,,,,49.95,
abito-mini-da-donna-per-occasioni-estive,,,Marrone,,2XL,,,,49.95,
abito-mini-da-donna-per-occasioni-estive,,,Marrone,,3XL,,,,49.95,
abito-mini-da-donna-per-occasioni-estive,,,Blu,,S,,,,49.95,
abito-mini-da-donna-per-occasioni-estive,,,Blu,,M,,,,49.95,
abito-mini-da-donna-per-occasioni-estive,,,Blu,,L,,,,49.95,
abito-mini-da-donna-per-occasioni-estive,,,Blu,,XL,,,,49.95,
abito-mini-da-donna-per-occasioni-estive,,,Blu,,2XL,,,,49.95,
abito-mini-da-donna-per-occasioni-estive,,,Blu,,3XL,,,,49.95,
sandali-da-donna-con-fasce-incrociate,Sandali da donna con fasce incrociate,Colore,Beige,Taglia,36,,,,39.95,
sandali-da-donna-con-fasce-incrociate,,,Beige,,37,,,,39.95,
sandali-da-donna-con-fasce-incrociate,,,Beige,,38,,,,39.95,
sandali-da-donna-con-fasce-incrociate,,,Beige,,39,,,,39.95,
sandali-da-donna-con-fasce-incrociate,,,Beige,,40,,,,39.95,
sandali-da-donna-con-fasce-incrociate,,,Beige,,41,,,,39.95,
sandali-da-donna-con-fasce-incrociate,,,Beige,,42,,,,39.95,
sandali-da-donna-con-fasce-incrociate,,,Marrone,,36,,,,39.95,
sandali-da-donna-con-fasce-incrociate,,,Marrone,,37,,,,39.95,
sandali-da-donna-con-fasce-incrociate,,,Marrone,,38,,,,39.95,
sandali-da-donna-con-fasce-incrociate,,,Marrone,,39,,,,39.95,
sandali-da-donna-con-fasce-incrociate,,,Marrone,,40,,,,39.95,
sandali-da-donna-con-fasce-incrociate,,,Marrone,,41,,,,39.95,
sandali-da-donna-con-fasce-incrociate,,,Marrone,,42,,,,39.95,
camicia-in-lino-da-donna-con-misto-cotone-estate,Camicia in lino da donna con misto cotone estate,Colore,Verde oliva,Taglia,S,,,,39.95,
camicia-in-lino-da-donna-con-misto-cotone-estate,,,Verde oliva,,M,,,,39.95,
camicia-in-lino-da-donna-con-misto-cotone-estate,,,Verde oliva,,L,,,,39.95,
camicia-in-lino-da-donna-con-misto-cotone-estate,,,Verde oliva,,XL,,,,39.95,
camicia-in-lino-da-donna-con-misto-cotone-estate,,,Verde oliva,,2XL,,,,39.95,
camicia-in-lino-da-donna-con-misto-cotone-estate,,,Verde oliva,,3XL,,,,39.95,
camicia-in-lino-da-donna-con-misto-cotone-estate,,,Bianco,,S,,,,39.95,
camicia-in-lino-da-donna-con-misto-cotone-estate,,,Bianco,,M,,,,39.95,
camicia-in-lino-da-donna-con-misto-cotone-estate,,,Bianco,,L,,,,39.95,
camicia-in-lino-da-donna-con-misto-cotone-estate,,,Bianco,,XL,,,,39.95,
camicia-in-lino-da-donna-con-misto-cotone-estate,,,Bianco,,2XL,,,,39.95,
camicia-in-lino-da-donna-con-misto-cotone-estate,,,Bianco,,3XL,,,,39.95,
camicia-in-lino-da-donna-con-misto-cotone-estate,,,Arancione,,S,,,,39.95,
camicia-in-lino-da-donna-con-misto-cotone-estate,,,Arancione,,M,,,,39.95,
camicia-in-lino-da-donna-con-misto-cotone-estate,,,Arancione,,L,,,,39.95,
camicia-in-lino-da-donna-con-misto-cotone-estate,,,Arancione,,XL,,,,39.95,
camicia-in-lino-da-donna-con-misto-cotone-estate,,,Arancione,,2XL,,,,39.95,
camicia-in-lino-da-donna-con-misto-cotone-estate,,,Arancione,,3XL,,,,39.95,
camicia-in-lino-da-donna-con-misto-cotone-estate,,,Verde malachite,,S,,,,39.95,
camicia-in-lino-da-donna-con-misto-cotone-estate,,,Verde malachite,,M,,,,39.95,
camicia-in-lino-da-donna-con-misto-cotone-estate,,,Verde malachite,,L,,,,39.95,
camicia-in-lino-da-donna-con-misto-cotone-estate,,,Verde malachite,,XL,,,,39.95,
camicia-in-lino-da-donna-con-misto-cotone-estate,,,Verde malachite,,2XL,,,,39.95,
camicia-in-lino-da-donna-con-misto-cotone-estate,,,Verde malachite,,3XL,,,,39.95,
camicia-in-lino-da-donna-con-misto-cotone-estate,,,Nero,,S,,,,39.95,
camicia-in-lino-da-donna-con-misto-cotone-estate,,,Nero,,M,,,,39.95,
camicia-in-lino-da-donna-con-misto-cotone-estate,,,Nero,,L,,,,39.95,
camicia-in-lino-da-donna-con-misto-cotone-estate,,,Nero,,XL,,,,39.95,
camicia-in-lino-da-donna-con-misto-cotone-estate,,,Nero,,2XL,,,,39.95,
camicia-in-lino-da-donna-con-misto-cotone-estate,,,Nero,,3XL,,,,39.95,
camicia-in-lino-da-donna-con-misto-cotone-estate,,,Giallo,,S,,,,39.95,
camicia-in-lino-da-donna-con-misto-cotone-estate,,,Giallo,,M,,,,39.95,
camicia-in-lino-da-donna-con-misto-cotone-estate,,,Giallo,,L,,,,39.95,
camicia-in-lino-da-donna-con-misto-cotone-estate,,,Giallo,,XL,,,,39.95,
camicia-in-lino-da-donna-con-misto-cotone-estate,,,Giallo,,2XL,,,,39.95,
camicia-in-lino-da-donna-con-misto-cotone-estate,,,Giallo,,3XL,,,,39.95,
camicia-in-lino-da-donna-con-misto-cotone-estate,,,Blu navy,,S,,,,39.95,
camicia-in-lino-da-donna-con-misto-cotone-estate,,,Blu navy,,M,,,,39.95,
camicia-in-lino-da-donna-con-misto-cotone-estate,,,Blu navy,,L,,,,39.95,
camicia-in-lino-da-donna-con-misto-cotone-estate,,,Blu navy,,XL,,,,39.95,
camicia-in-lino-da-donna-con-misto-cotone-estate,,,Blu navy,,2XL,,,,39.95,
camicia-in-lino-da-donna-con-misto-cotone-estate,,,Blu navy,,3XL,,,,39.95,
camicia-in-lino-da-donna-con-misto-cotone-estate,,,Rosa,,S,,,,39.95,
camicia-in-lino-da-donna-con-misto-cotone-estate,,,Rosa,,M,,,,39.95,
camicia-in-lino-da-donna-con-misto-cotone-estate,,,Rosa,,L,,,,39.95,
camicia-in-lino-da-donna-con-misto-cotone-estate,,,Rosa,,XL,,,,39.95,
camicia-in-lino-da-donna-con-misto-cotone-estate,,,Rosa,,2XL,,,,39.95,
camicia-in-lino-da-donna-con-misto-cotone-estate,,,Rosa,,3XL,,,,39.95,
camicia-in-lino-da-donna-con-misto-cotone-estate,,,Marrone,,S,,,,39.95,
camicia-in-lino-da-donna-con-misto-cotone-estate,,,Marrone,,M,,,,39.95,
camicia-in-lino-da-donna-con-misto-cotone-estate,,,Marrone,,L,,,,39.95,
camicia-in-lino-da-donna-con-misto-cotone-estate,,,Marrone,,XL,,,,39.95,
camicia-in-lino-da-donna-con-misto-cotone-estate,,,Marrone,,2XL,,,,39.95,
camicia-in-lino-da-donna-con-misto-cotone-estate,,,Marrone,,3XL,,,,39.95,
