Handle,Title,Option1 Name,Option1 Value,Option2 Name,Option2 Value,Option3 Name,Option3 Value,Variant SKU,Variant Grams,Variant Inventory Tracker,Variant Inventory Qty,Variant Inventory Policy,Variant Fulfillment Service,Variant Price,Variant Compare At Price,Variant Requires Shipping,Variant Taxable,Variant Image,Image Src,Image Position,Image Alt Text
womens-orthopedic-slip-on-shoes,Women's Orthopedic Slip-On Shoes,Color,Black,Size,36,,,,0.0,shopify,99999,continue,manual,44.95,73.95,true,false,https://cdn.shopify.com/s/files/1/1074/0200/2757/files/Women_s_Orthopedic_Slip-On_Shoesdfsd.png?v=1789322259,,,
womens-orthopedic-slip-on-shoes,,,Black,,37,,,,0.0,shopify,99999,continue,manual,44.95,73.95,true,false,https://cdn.shopify.com/s/files/1/1074/0200/2757/files/Women_s_Orthopedic_Slip-On_Shoesdfsd.png?v=1789322259,,,
womens-orthopedic-slip-on-shoes,,,Black,,38,,,,0.0,shopify,99999,continue,manual,44.95,73.95,true,false,https://cdn.shopify.com/s/files/1/1074/0200/2757/files/Women_s_Orthopedic_Slip-On_Shoesdfsd.png?v=1789322259,,,
womens-orthopedic-slip-on-shoes,,,Black,,39,,,,0.0,shopify,99999,continue,manual,44.95,73.95,true,false,https://cdn.shopify.com/s/files/1/1074/0200/2757/files/Women_s_Orthopedic_Slip-On_Shoesdfsd.png?v=1789322259,,,
womens-orthopedic-slip-on-shoes,,,Black,,40,,,,0.0,shopify,99999,continue,manual,44.95,73.95,true,false,https://cdn.shopify.com/s/files/1/1074/0200/2757/files/Women_s_Orthopedic_Slip-On_Shoesdfsd.png?v=1789322259,,,
womens-orthopedic-slip-on-shoes,,,Black,,41,,,,0.0,shopify,99999,continue,manual,44.95,73.95,true,false,https://cdn.shopify.com/s/files/1/1074/0200/2757/files/Women_s_Orthopedic_Slip-On_Shoesdfsd.png?v=1789322259,,,
womens-orthopedic-slip-on-shoes,,,Black,,42,,,,0.0,shopify,99999,continue,manual,44.95,73.95,true,false,https://cdn.shopify.com/s/files/1/1074/0200/2757/files/Women_s_Orthopedic_Slip-On_Shoesdfsd.png?v=1789322259,,,
womens-orthopedic-slip-on-shoes,,,White,,36,,,,0.0,shopify,99999,continue,manual,44.95,73.95,true,false,https://cdn.shopify.com/s/files/1/1074/0200/2757/files/Women_s_Orthopedic_Slip-On_Shoesvdd.jpg?v=1789322309,,,
womens-orthopedic-slip-on-shoes,,,White,,37,,,,0.0,shopify,99999,continue,manual,44.95,73.95,true,false,https://cdn.shopify.com/s/files/1/1074/0200/2757/files/Women_s_Orthopedic_Slip-On_Shoesvdd.jpg?v=1789322309,,,
womens-orthopedic-slip-on-shoes,,,White,,38,,,,0.0,shopify,99999,continue,manual,44.95,73.95,true,false,https://cdn.shopify.com/s/files/1/1074/0200/2757/files/Women_s_Orthopedic_Slip-On_Shoesvdd.jpg?v=1789322309,,,
womens-orthopedic-slip-on-shoes,,,White,,39,,,,0.0,shopify,99999,continue,manual,44.95,73.95,true,false,https://cdn.shopify.com/s/files/1/1074/0200/2757/files/Women_s_Orthopedic_Slip-On_Shoesvdd.jpg?v=1789322309,,,
womens-orthopedic-slip-on-shoes,,,White,,40,,,,0.0,shopify,99999,continue,manual,44.95,73.95,true,false,https://cdn.shopify.com/s/files/1/1074/0200/2757/files/Women_s_Orthopedic_Slip-On_Shoesvdd.jpg?v=1789322309,,,
womens-orthopedic-slip-on-shoes,,,White,,41,,,,0.0,shopify,99999,continue,manual,44.95,73.95,true,false,https://cdn.shopify.com/s/files/1/1074/0200/2757/files/Women_s_Orthopedic_Slip-On_Shoesvdd.jpg?v=1789322309,,,
womens-orthopedic-slip-on-shoes,,,White,,42,,,,0.0,shopify,99999,continue,manual,44.95,73.95,true,false,https://cdn.shopify.com/s/files/1/1074/0200/2757/files/Women_s_Orthopedic_Slip-On_Shoesvdd.jpg?v=1789322309,,,
womens-orthopedic-slip-on-shoes,,,Dark Blue,,36,,,,0.0,shopify,99999,continue,manual,44.95,73.95,true,false,https://cdn.shopify.com/s/files/1/1074/0200/2757/files/Women_s_Orthopedic_Slip-On_Shoesvd.png?v=1789322340,,,
womens-orthopedic-slip-on-shoes,,,Dark Blue,,37,,,,0.0,shopify,99999,continue,manual,44.95,73.95,true,false,https://cdn.shopify.com/s/files/1/1074/0200/2757/files/Women_s_Orthopedic_Slip-On_Shoesvd.png?v=1789322340,,,
womens-orthopedic-slip-on-shoes,,,Dark Blue,,38,,,,0.0,shopify,99999,continue,manual,44.95,73.95,true,false,https://cdn.shopify.com/s/files/1/1074/0200/2757/files/Women_s_Orthopedic_Slip-On_Shoesvd.png?v=1789322340,,,
womens-orthopedic-slip-on-shoes,,,Dark Blue,,39,,,,0.0,shopify,99999,continue,manual,44.95,73.95,true,false,https://cdn.shopify.com/s/files/1/1074/0200/2757/files/Women_s_Orthopedic_Slip-On_Shoesvd.png?v=1789322340,,,
womens-orthopedic-slip-on-shoes,,,Dark Blue,,40,,,,0.0,shopify,99999,continue,manual,44.95,73.95,true,false,https://cdn.shopify.com/s/files/1/1074/0200/2757/files/Women_s_Orthopedic_Slip-On_Shoesvd.png?v=1789322340,,,
womens-orthopedic-slip-on-shoes,,,Dark Blue,,41,,,,0.0,shopify,99999,continue,manual,44.95,73.95,true,false,https://cdn.shopify.com/s/files/1/1074/0200/2757/files/Women_s_Orthopedic_Slip-On_Shoesvd.png?v=1789322340,,,
womens-orthopedic-slip-on-shoes,,,Dark Blue,,42,,,,0.0,shopify,99999,continue,manual,44.95,73.95,true,false,https://cdn.shopify.com/s/files/1/1074/0200/2757/files/Women_s_Orthopedic_Slip-On_Shoesvd.png?v=1789322340,,,
womens-orthopedic-slip-on-shoes,,,Beige,,36,,,,0.0,shopify,99999,continue,manual,44.95,73.95,true,false,https://cdn.shopify.com/s/files/1/1074/0200/2757/files/Women_s_Orthopedic_Slip-On_Shoesvdf.jpg?v=1789322404,,,
womens-orthopedic-slip-on-shoes,,,Beige,,37,,,,0.0,shopify,99998,continue,manual,44.95,73.95,true,false,https://cdn.shopify.com/s/files/1/1074/0200/2757/files/Women_s_Orthopedic_Slip-On_Shoesvdf.jpg?v=1789322404,,,
womens-orthopedic-slip-on-shoes,,,Beige,,38,,,,0.0,shopify,99999,continue,manual,44.95,73.95,true,false,https://cdn.shopify.com/s/files/1/1074/0200/2757/files/Women_s_Orthopedic_Slip-On_Shoesvdf.jpg?v=1789322404,,,
womens-orthopedic-slip-on-shoes,,,Beige,,39,,,,0.0,shopify,99999,continue,manual,44.95,73.95,true,false,https://cdn.shopify.com/s/files/1/1074/0200/2757/files/Women_s_Orthopedic_Slip-On_Shoesvdf.jpg?v=1789322404,,,
womens-orthopedic-slip-on-shoes,,,Beige,,40,,,,0.0,shopify,99999,continue,manual,44.95,73.95,true,false,https://cdn.shopify.com/s/files/1/1074/0200/2757/files/Women_s_Orthopedic_Slip-On_Shoesvdf.jpg?v=1789322404,,,
womens-orthopedic-slip-on-shoes,,,Beige,,41,,,,0.0,shopify,99999,continue,manual,44.95,73.95,true,false,https://cdn.shopify.com/s/files/1/1074/0200/2757/files/Women_s_Orthopedic_Slip-On_Shoesvdf.jpg?v=1789322404,,,
womens-orthopedic-slip-on-shoes,,,Beige,,42,,,,0.0,shopify,99999,continue,manual,44.95,73.95,true,false,https://cdn.shopify.com/s/files/1/1074/0200/2757/files/Women_s_Orthopedic_Slip-On_Shoesvdf.jpg?v=1789322404,,,
womens-orthopedic-slip-on-shoes,,,Gray,,36,,,,0.0,shopify,99999,continue,manual,44.95,73.95,true,false,https://cdn.shopify.com/s/files/1/1074/0200/2757/files/Women_s_Orthopedic_Slip-On_Shoesvf.png?v=1789322484,,,
womens-orthopedic-slip-on-shoes,,,Gray,,37,,,,0.0,shopify,99999,continue,manual,44.95,73.95,true,false,https://cdn.shopify.com/s/files/1/1074/0200/2757/files/Women_s_Orthopedic_Slip-On_Shoesvf.png?v=1789322484,,,
womens-orthopedic-slip-on-shoes,,,Gray,,38,,,,0.0,shopify,99999,continue,manual,44.95,73.95,true,false,https://cdn.shopify.com/s/files/1/1074/0200/2757/files/Women_s_Orthopedic_Slip-On_Shoesvf.png?v=1789322484,,,
womens-orthopedic-slip-on-shoes,,,Gray,,39,,,,0.0,shopify,99999,continue,manual,44.95,73.95,true,false,https://cdn.shopify.com/s/files/1/1074/0200/2757/files/Women_s_Orthopedic_Slip-On_Shoesvf.png?v=1789322484,,,
womens-orthopedic-slip-on-shoes,,,Gray,,40,,,,0.0,shopify,99999,continue,manual,44.95,73.95,true,false,https://cdn.shopify.com/s/files/1/1074/0200/2757/files/Women_s_Orthopedic_Slip-On_Shoesvf.png?v=1789322484,,,
womens-orthopedic-slip-on-shoes,,,Gray,,41,,,,0.0,shopify,99999,continue,manual,44.95,73.95,true,false,https://cdn.shopify.com/s/files/1/1074/0200/2757/files/Women_s_Orthopedic_Slip-On_Shoesvf.png?v=1789322484,,,
womens-orthopedic-slip-on-shoes,,,Gray,,42,,,,0.0,shopify,99999,continue,manual,44.95,73.95,true,false,https://cdn.shopify.com/s/files/1/1074/0200/2757/files/Women_s_Orthopedic_Slip-On_Shoesvf.png?v=1789322484,,,
womens-orthopedic-slip-on-shoes,,,Pink,,36,,,,0.0,shopify,99999,continue,manual,44.95,73.95,true,false,https://cdn.shopify.com/s/files/1/1074/0200/2757/files/Women_s_Orthopedic_Slip-On_Shoessd.png?v=1789324163,,,
womens-orthopedic-slip-on-shoes,,,Pink,,37,,,,0.0,shopify,99999,continue,manual,44.95,73.95,true,false,https://cdn.shopify.com/s/files/1/1074/0200/2757/files/Women_s_Orthopedic_Slip-On_Shoessd.png?v=1789324163,,,
womens-orthopedic-slip-on-shoes,,,Pink,,38,,,,0.0,shopify,99999,continue,manual,44.95,73.95,true,false,https://cdn.shopify.com/s/files/1/1074/0200/2757/files/Women_s_Orthopedic_Slip-On_Shoessd.png?v=1789324163,,,
womens-orthopedic-slip-on-shoes,,,Pink,,39,,,,0.0,shopify,99998,continue,manual,44.95,73.95,true,false,https://cdn.shopify.com/s/files/1/1074/0200/2757/files/Women_s_Orthopedic_Slip-On_Shoessd.png?v=1789324163,,,
womens-orthopedic-slip-on-shoes,,,Pink,,40,,,,0.0,shopify,99999,continue,manual,44.95,73.95,true,false,https://cdn.shopify.com/s/files/1/1074/0200/2757/files/Women_s_Orthopedic_Slip-On_Shoessd.png?v=1789324163,,,
womens-orthopedic-slip-on-shoes,,,Pink,,41,,,,0.0,shopify,99998,continue,manual,44.95,73.95,true,false,https://cdn.shopify.com/s/files/1/1074/0200/2757/files/Women_s_Orthopedic_Slip-On_Shoessd.png?v=1789324163,,,
womens-orthopedic-slip-on-shoes,,,Pink,,42,,,,0.0,shopify,99999,continue,manual,44.95,73.95,true,false,https://cdn.shopify.com/s/files/1/1074/0200/2757/files/Women_s_Orthopedic_Slip-On_Shoessd.png?v=1789324163,,,
womens-orthopedic-slip-on-shoes,,,Red,,36,,,,0.0,shopify,99999,continue,manual,44.95,73.95,true,false,https://cdn.shopify.com/s/files/1/1074/0200/2757/files/Women_s_Orthopedic_Slip-On_ShoesWomen_s_Orthopedic_Slip-On_Shoesd.jpg?v=1789324211,,,
womens-orthopedic-slip-on-shoes,,,Red,,37,,,,0.0,shopify,99999,continue,manual,44.95,73.95,true,false,https://cdn.shopify.com/s/files/1/1074/0200/2757/files/Women_s_Orthopedic_Slip-On_ShoesWomen_s_Orthopedic_Slip-On_Shoesd.jpg?v=1789324211,,,
womens-orthopedic-slip-on-shoes,,,Red,,38,,,,0.0,shopify,99999,continue,manual,44.95,73.95,true,false,https://cdn.shopify.com/s/files/1/1074/0200/2757/files/Women_s_Orthopedic_Slip-On_ShoesWomen_s_Orthopedic_Slip-On_Shoesd.jpg?v=1789324211,,,
womens-orthopedic-slip-on-shoes,,,Red,,39,,,,0.0,shopify,99999,continue,manual,44.95,73.95,true,false,https://cdn.shopify.com/s/files/1/1074/0200/2757/files/Women_s_Orthopedic_Slip-On_ShoesWomen_s_Orthopedic_Slip-On_Shoesd.jpg?v=1789324211,,,
womens-orthopedic-slip-on-shoes,,,Red,,40,,,,0.0,shopify,99999,continue,manual,44.95,73.95,true,false,https://cdn.shopify.com/s/files/1/1074/0200/2757/files/Women_s_Orthopedic_Slip-On_ShoesWomen_s_Orthopedic_Slip-On_Shoesd.jpg?v=1789324211,,,
womens-orthopedic-slip-on-shoes,,,Red,,41,,,,0.0,shopify,99998,continue,manual,44.95,73.95,true,false,https://cdn.shopify.com/s/files/1/1074/0200/2757/files/Women_s_Orthopedic_Slip-On_ShoesWomen_s_Orthopedic_Slip-On_Shoesd.jpg?v=1789324211,,,
womens-orthopedic-slip-on-shoes,,,Red,,42,,,,0.0,shopify,99999,continue,manual,44.95,73.95,true,false,https://cdn.shopify.com/s/files/1/1074/0200/2757/files/Women_s_Orthopedic_Slip-On_ShoesWomen_s_Orthopedic_Slip-On_Shoesd.jpg?v=1789324211,,,
womens-orthopedic-slip-on-shoes,,,,,,,,,,,,,,,,,,,https://cdn.shopify.com/s/files/1/1074/0200/2757/files/Women_s_Orthopedic_Slip-On_Shoesdfsd.png?v=1789322259,1,Women's Orthopedic Slip-On Shoes
womens-orthopedic-slip-on-shoes,,,,,,,,,,,,,,,,,,,https://cdn.shopify.com/s/files/1/1074/0200/2757/files/Women_s_Orthopedic_Slip-On_Shoesvdd.jpg?v=1789322309,2,Women's Orthopedic Slip-On Shoes
womens-orthopedic-slip-on-shoes,,,,,,,,,,,,,,,,,,,https://cdn.shopify.com/s/files/1/1074/0200/2757/files/Women_s_Orthopedic_Slip-On_Shoesvd.png?v=1789322340,3,Women's Orthopedic Slip-On Shoes
womens-orthopedic-slip-on-shoes,,,,,,,,,,,,,,,,,,,https://cdn.shopify.com/s/files/1/1074/0200/2757/files/Women_s_Orthopedic_Slip-On_Shoesvdsd.png?v=1789322390,4,Women's Orthopedic Slip-On Shoes
womens-orthopedic-slip-on-shoes,,,,,,,,,,,,,,,,,,,https://cdn.shopify.com/s/files/1/1074/0200/2757/files/Women_s_Orthopedic_Slip-On_Shoesvdf.jpg?v=1789322404,5,Women's Orthopedic Slip-On Shoes
womens-orthopedic-slip-on-shoes,,,,,,,,,,,,,,,,,,,https://cdn.shopify.com/s/files/1/1074/0200/2757/files/Women_s_Orthopedic_Slip-On_Shoesvf.png?v=1789322484,6,Women's Orthopedic Slip-On Shoes
womens-orthopedic-slip-on-shoes,,,,,,,,,,,,,,,,,,,https://cdn.shopify.com/s/files/1/1074/0200/2757/files/Women_s_Orthopedic_Slip-On_Shoessd.png?v=1789324163,7,Women's Orthopedic Slip-On Shoes
womens-orthopedic-slip-on-shoes,,,,,,,,,,,,,,,,,,,https://cdn.shopify.com/s/files/1/1074/0200/2757/files/Women_s_Orthopedic_Slip-On_ShoesWomen_s_Orthopedic_Slip-On_Shoesd.jpg?v=1789324211,8,Women's Orthopedic Slip-On Shoes
womens-orthopedic-slip-on-shoes,,,,,,,,,,,,,,,,,,,https://cdn.shopify.com/s/files/1/1074/0200/2757/files/Women_s_Orthopedic_Slip-On_Shoesvdf.png?v=1789324257,9,Women's Orthopedic Slip-On Shoes
womens-orthopedic-slip-on-shoes,,,,,,,,,,,,,,,,,,,https://cdn.shopify.com/s/files/1/1074/0200/2757/files/Women_s_Orthopedic_Slip-On_Shoesvdfd.png?v=1789324299,10,Women's Orthopedic Slip-On Shoes
womens-orthopedic-slip-on-shoes,,,,,,,,,,,,,,,,,,,https://cdn.shopify.com/s/files/1/1074/0200/2757/files/Women_s_Orthopedic_Slip-On_Shoesvdf3.png?v=1789324356,11,Women's Orthopedic Slip-On Shoes
mens-cable-knit-crew-neck-sweater,Men's Cable Knit Crew Neck Sweater,Color,Brown,Size,S,,,,0.0,shopify,99999,continue,manual,59.95,98.95,true,false,https://cdn.shopify.com/s/files/1/1074/0200/2757/files/Men_s_Cable_Knit_Crew_Neck_Sweatervdfe.jpg?v=1789231075,,,
mens-cable-knit-crew-neck-sweater,,,Brown,,M,,,,0.0,shopify,99999,continue,manual,59.95,98.95,true,false,https://cdn.shopify.com/s/files/1/1074/0200/2757/files/Men_s_Cable_Knit_Crew_Neck_Sweatervdfe.jpg?v=1789231075,,,
mens-cable-knit-crew-neck-sweater,,,Brown,,L,,,,0.0,shopify,99999,continue,manual,59.95,98.95,true,false,https://cdn.shopify.com/s/files/1/1074/0200/2757/files/Men_s_Cable_Knit_Crew_Neck_Sweatervdfe.jpg?v=1789231075,,,
mens-cable-knit-crew-neck-sweater,,,Brown,,XL,,,,0.0,shopify,99999,continue,manual,59.95,98.95,true,false,https://cdn.shopify.com/s/files/1/1074/0200/2757/files/Men_s_Cable_Knit_Crew_Neck_Sweatervdfe.jpg?v=1789231075,,,
mens-cable-knit-crew-neck-sweater,,,Brown,,2XL,,,,0.0,shopify,99999,continue,manual,59.95,98.95,true,false,https://cdn.shopify.com/s/files/1/1074/0200/2757/files/Men_s_Cable_Knit_Crew_Neck_Sweatervdfe.jpg?v=1789231075,,,
mens-cable-knit-crew-neck-sweater,,,Black,,S,,,,0.0,shopify,99999,continue,manual,59.95,98.95,true,false,https://cdn.shopify.com/s/files/1/1074/0200/2757/files/Men_s_Cable_Knit_Crew_Neck_Sweatervdee.jpg?v=1789231093,,,
mens-cable-knit-crew-neck-sweater,,,Black,,M,,,,0.0,shopify,99999,continue,manual,59.95,98.95,true,false,https://cdn.shopify.com/s/files/1/1074/0200/2757/files/Men_s_Cable_Knit_Crew_Neck_Sweatervdee.jpg?v=1789231093,,,
mens-cable-knit-crew-neck-sweater,,,Black,,L,,,,0.0,shopify,99999,continue,manual,59.95,98.95,true,false,https://cdn.shopify.com/s/files/1/1074/0200/2757/files/Men_s_Cable_Knit_Crew_Neck_Sweatervdee.jpg?v=1789231093,,,
mens-cable-knit-crew-neck-sweater,,,Black,,XL,,,,0.0,shopify,99999,continue,manual,59.95,98.95,true,false,https://cdn.shopify.com/s/files/1/1074/0200/2757/files/Men_s_Cable_Knit_Crew_Neck_Sweatervdee.jpg?v=1789231093,,,
mens-cable-knit-crew-neck-sweater,,,Black,,2XL,,,,0.0,shopify,99999,continue,manual,59.95,98.95,true,false,https://cdn.shopify.com/s/files/1/1074/0200/2757/files/Men_s_Cable_Knit_Crew_Neck_Sweatervdee.jpg?v=1789231093,,,
mens-cable-knit-crew-neck-sweater,,,Beige,,S,,,,0.0,shopify,99999,continue,manual,59.95,98.95,true,false,https://cdn.shopify.com/s/files/1/1074/0200/2757/files/Men_s_Cable_Knit_Crew_Neck_Sweatervdef.jpg?v=1789231111,,,
mens-cable-knit-crew-neck-sweater,,,Beige,,M,,,,0.0,shopify,99999,continue,manual,59.95,98.95,true,false,https://cdn.shopify.com/s/files/1/1074/0200/2757/files/Men_s_Cable_Knit_Crew_Neck_Sweatervdef.jpg?v=1789231111,,,
mens-cable-knit-crew-neck-sweater,,,Beige,,L,,,,0.0,shopify,99999,continue,manual,59.95,98.95,true,false,https://cdn.shopify.com/s/files/1/1074/0200/2757/files/Men_s_Cable_Knit_Crew_Neck_Sweatervdef.jpg?v=1789231111,,,
mens-cable-knit-crew-neck-sweater,,,Beige,,XL,,,,0.0,shopify,99999,continue,manual,59.95,98.95,true,false,https://cdn.shopify.com/s/files/1/1074/0200/2757/files/Men_s_Cable_Knit_Crew_Neck_Sweatervdef.jpg?v=1789231111,,,
mens-cable-knit-crew-neck-sweater,,,Beige,,2XL,,,,0.0,shopify,99999,continue,manual,59.95,98.95,true,false,https://cdn.shopify.com/s/files/1/1074/0200/2757/files/Men_s_Cable_Knit_Crew_Neck_Sweatervdef.jpg?v=1789231111,,,
mens-cable-knit-crew-neck-sweater,,,Red,,S,,,,0.0,shopify,99999,continue,manual,59.95,98.95,true,false,https://cdn.shopify.com/s/files/1/1074/0200/2757/files/Men_s_Cable_Knit_Crew_Neck_Sweatervswd.jpg?v=1789231129,,,
mens-cable-knit-crew-neck-sweater,,,Red,,M,,,,0.0,shopify,99999,continue,manual,59.95,98.95,true,false,https://cdn.shopify.com/s/files/1/1074/0200/2757/files/Men_s_Cable_Knit_Crew_Neck_Sweatervswd.jpg?v=1789231129,,,
mens-cable-knit-crew-neck-sweater,,,Red,,L,,,,0.0,shopify,99999,continue,manual,59.95,98.95,true,false,https://cdn.shopify.com/s/files/1/1074/0200/2757/files/Men_s_Cable_Knit_Crew_Neck_Sweatervswd.jpg?v=1789231129,,,
mens-cable-knit-crew-neck-sweater,,,Red,,XL,,,,0.0,shopify,99999,continue,manual,59.95,98.95,true,false,https://cdn.shopify.com/s/files/1/1074/0200/2757/files/Men_s_Cable_Knit_Crew_Neck_Sweatervswd.jpg?v=1789231129,,,
mens-cable-knit-crew-neck-sweater,,,Red,,2XL,,,,0.0,shopify,99999,continue,manual,59.95,98.95,true,false,https://cdn.shopify.com/s/files/1/1074/0200/2757/files/Men_s_Cable_Knit_Crew_Neck_Sweatervswd.jpg?v=1789231129,,,
mens-cable-knit-crew-neck-sweater,,,Gray,,S,,,,0.0,shopify,99999,continue,manual,59.95,98.95,true,false,https://cdn.shopify.com/s/files/1/1074/0200/2757/files/Men_s_Cable_Knit_Crew_Neck_Sweatervddf.jpg?v=1789231155,,,
mens-cable-knit-crew-neck-sweater,,,Gray,,M,,,,0.0,shopify,99999,continue,manual,59.95,98.95,true,false,https://cdn.shopify.com/s/files/1/1074/0200/2757/files/Men_s_Cable_Knit_Crew_Neck_Sweatervddf.jpg?v=1789231155,,,
mens-cable-knit-crew-neck-sweater,,,Gray,,L,,,,0.0,shopify,99999,continue,manual,59.95,98.95,true,false,https://cdn.shopify.com/s/files/1/1074/0200/2757/files/Men_s_Cable_Knit_Crew_Neck_Sweatervddf.jpg?v=1789231155,,,
mens-cable-knit-crew-neck-sweater,,,Gray,,XL,,,,0.0,shopify,99999,continue,manual,59.95,98.95,true,false,https://cdn.shopify.com/s/files/1/1074/0200/2757/files/Men_s_Cable_Knit_Crew_Neck_Sweatervddf.jpg?v=1789231155,,,
mens-cable-knit-crew-neck-sweater,,,Gray,,2XL,,,,0.0,shopify,99999,continue,manual,59.95,98.95,true,false,https://cdn.shopify.com/s/files/1/1074/0200/2757/files/Men_s_Cable_Knit_Crew_Neck_Sweatervddf.jpg?v=1789231155,,,
mens-cable-knit-crew-neck-sweater,,,,,,,,,,,,,,,,,,,https://cdn.shopify.com/s/files/1/1074/0200/2757/files/Men_s_Cable_Knit_Crew_Neck_Sweatervfe.jpg?v=1789231032,1,Men's Cable Knit Crew Neck Sweater
mens-cable-knit-crew-neck-sweater,,,,,,,,,,,,,,,,,,,https://cdn.shopify.com/s/files/1/1074/0200/2757/files/Men_s_Cable_Knit_Crew_Neck_Sweatervde.jpg?v=1789231049,2,Men's Cable Knit Crew Neck Sweater
mens-cable-knit-crew-neck-sweater,,,,,,,,,,,,,,,,,,,https://cdn.shopify.com/s/files/1/1074/0200/2757/files/Men_s_Cable_Knit_Crew_Neck_Sweatervdfe.jpg?v=1789231075,3,Men's Cable Knit Crew Neck Sweater
mens-cable-knit-crew-neck-sweater,,,,,,,,,,,,,,,,,,,https://cdn.shopify.com/s/files/1/1074/0200/2757/files/Men_s_Cable_Knit_Crew_Neck_Sweatervdee.jpg?v=1789231093,4,Men's Cable Knit Crew Neck Sweater
mens-cable-knit-crew-neck-sweater,,,,,,,,,,,,,,,,,,,https://cdn.shopify.com/s/files/1/1074/0200/2757/files/Men_s_Cable_Knit_Crew_Neck_Sweatervdef.jpg?v=1789231111,5,Men's Cable Knit Crew Neck Sweater
mens-cable-knit-crew-neck-sweater,,,,,,,,,,,,,,,,,,,https://cdn.shopify.com/s/files/1/1074/0200/2757/files/Men_s_Cable_Knit_Crew_Neck_Sweatervswd.jpg?v=1789231129,6,Men's Cable Knit Crew Neck Sweater
mens-cable-knit-crew-neck-sweater,,,,,,,,,,,,,,,,,,,https://cdn.shopify.com/s/files/1/1074/0200/2757/files/Men_s_Cable_Knit_Crew_Neck_Sweatervddf.jpg?v=1789231155,7,Men's Cable Knit Crew Neck Sweater
mens-bomber-jacket-for-autumn-winter-wear,Men's Bomber Jacket for Autumn Winter Wear,Color,Blue,Size,S,,,,0.0,shopify,99999,continue,manual,59.95,98.95,true,false,https://cdn.shopify.com/s/files/1/1074/0200/2757/files/Men_s_Bomber_Jacket_for_Autumn_Winter_WearVS.jpg?v=1790124377,,,
mens-bomber-jacket-for-autumn-winter-wear,,,Blue,,M,,,,0.0,shopify,99999,continue,manual,59.95,98.95,true,false,https://cdn.shopify.com/s/files/1/1074/0200/2757/files/Men_s_Bomber_Jacket_for_Autumn_Winter_WearVS.jpg?v=1790124377,,,
mens-bomber-jacket-for-autumn-winter-wear,,,Blue,,L,,,,0.0,shopify,99999,continue,manual,59.95,98.95,true,false,https://cdn.shopify.com/s/files/1/1074/0200/2757/files/Men_s_Bomber_Jacket_for_Autumn_Winter_WearVS.jpg?v=1790124377,,,
mens-bomber-jacket-for-autumn-winter-wear,,,Blue,,XL,,,,0.0,shopify,99999,continue,manual,59.95,98.95,true,false,https://cdn.shopify.com/s/files/1/1074/0200/2757/files/Men_s_Bomber_Jacket_for_Autumn_Winter_WearVS.jpg?v=1790124377,,,
mens-bomber-jacket-for-autumn-winter-wear,,,Blue,,2XL,,,,0.0,shopify,99999,continue,manual,59.95,98.95,true,false,https://cdn.shopify.com/s/files/1/1074/0200/2757/files/Men_s_Bomber_Jacket_for_Autumn_Winter_WearVS.jpg?v=1790124377,,,
mens-bomber-jacket-for-autumn-winter-wear,,,Blue,,3XL,,,,0.0,shopify,99999,continue,manual,59.95,98.95,true,false,https://cdn.shopify.com/s/files/1/1074/0200/2757/files/Men_s_Bomber_Jacket_for_Autumn_Winter_WearVS.jpg?v=1790124377,,,
mens-bomber-jacket-for-autumn-winter-wear,,,Black,,S,,,,0.0,shopify,99999,continue,manual,59.95,98.95,true,false,https://cdn.shopify.com/s/files/1/1074/0200/2757/files/Men_s_Bomber_Jacket_for_Autumn_Winter_WearVSD.jpg?v=1790124394,,,
mens-bomber-jacket-for-autumn-winter-wear,,,Black,,M,,,,0.0,shopify,99999,continue,manual,59.95,98.95,true,false,https://cdn.shopify.com/s/files/1/1074/0200/2757/files/Men_s_Bomber_Jacket_for_Autumn_Winter_WearVSD.jpg?v=1790124394,,,
mens-bomber-jacket-for-autumn-winter-wear,,,Black,,L,,,,0.0,shopify,99999,continue,manual,59.95,98.95,true,false,https://cdn.shopify.com/s/files/1/1074/0200/2757/files/Men_s_Bomber_Jacket_for_Autumn_Winter_WearVSD.jpg?v=1790124394,,,
mens-bomber-jacket-for-autumn-winter-wear,,,Black,,XL,,,,0.0,shopify,99999,continue,manual,59.95,98.95,true,false,https://cdn.shopify.com/s/files/1/1074/0200/2757/files/Men_s_Bomber_Jacket_for_Autumn_Winter_WearVSD.jpg?v=1790124394,,,
mens-bomber-jacket-for-autumn-winter-wear,,,Black,,2XL,,,,0.0,shopify,99999,continue,manual,59.95,98.95,true,false,https://cdn.shopify.com/s/files/1/1074/0200/2757/files/Men_s_Bomber_Jacket_for_Autumn_Winter_WearVSD.jpg?v=1790124394,,,
mens-bomber-jacket-for-autumn-winter-wear,,,Black,,3XL,,,,0.0,shopify,99999,continue,manual,59.95,98.95,true,false,https://cdn.shopify.com/s/files/1/1074/0200/2757/files/Men_s_Bomber_Jacket_for_Autumn_Winter_WearVSD.jpg?v=1790124394,,,
mens-bomber-jacket-for-autumn-winter-wear,,,Green,,S,,,,0.0,shopify,99999,continue,manual,59.95,98.95,true,false,https://cdn.shopify.com/s/files/1/1074/0200/2757/files/Men_s_Bomber_Jacket_for_Autumn_Winter_Weardsaa.jpg?v=1790124417,,,
mens-bomber-jacket-for-autumn-winter-wear,,,Green,,M,,,,0.0,shopify,99999,continue,manual,59.95,98.95,true,false,https://cdn.shopify.com/s/files/1/1074/0200/2757/files/Men_s_Bomber_Jacket_for_Autumn_Winter_Weardsaa.jpg?v=1790124417,,,
mens-bomber-jacket-for-autumn-winter-wear,,,Green,,L,,,,0.0,shopify,99999,continue,manual,59.95,98.95,true,false,https://cdn.shopify.com/s/files/1/1074/0200/2757/files/Men_s_Bomber_Jacket_for_Autumn_Winter_Weardsaa.jpg?v=1790124417,,,
mens-bomber-jacket-for-autumn-winter-wear,,,Green,,XL,,,,0.0,shopify,99999,continue,manual,59.95,98.95,true,false,https://cdn.shopify.com/s/files/1/1074/0200/2757/files/Men_s_Bomber_Jacket_for_Autumn_Winter_Weardsaa.jpg?v=1790124417,,,
mens-bomber-jacket-for-autumn-winter-wear,,,Green,,2XL,,,,0.0,shopify,99999,continue,manual,59.95,98.95,true,false,https://cdn.shopify.com/s/files/1/1074/0200/2757/files/Men_s_Bomber_Jacket_for_Autumn_Winter_Weardsaa.jpg?v=1790124417,,,
mens-bomber-jacket-for-autumn-winter-wear,,,Green,,3XL,,,,0.0,shopify,99999,continue,manual,59.95,98.95,true,false,https://cdn.shopify.com/s/files/1/1074/0200/2757/files/Men_s_Bomber_Jacket_for_Autumn_Winter_Weardsaa.jpg?v=1790124417,,,
mens-bomber-jacket-for-autumn-winter-wear,,,,,,,,,,,,,,,,,,,https://cdn.shopify.com/s/files/1/1074/0200/2757/files/Men_s_Bomber_Jacket_for_Autumn_Winter_WearVS.jpg?v=1790124377,1,Men's Bomber Jacket for Autumn Winter Wear
mens-bomber-jacket-for-autumn-winter-wear,,,,,,,,,,,,,,,,,,,https://cdn.shopify.com/s/files/1/1074/0200/2757/files/Men_s_Bomber_Jacket_for_Autumn_Winter_WearVSD.jpg?v=1790124394,2,Men's Bomber Jacket for Autumn Winter Wear
mens-bomber-jacket-for-autumn-winter-wear,,,,,,,,,,,,,,,,,,,https://cdn.shopify.com/s/files/1/1074/0200/2757/files/Men_s_Bomber_Jacket_for_Autumn_Winter_Weardsaa.jpg?v=1790124417,3,Men's Bomber Jacket for Autumn Winter Wear
womens-breathable-cowboy-boots,Women's Breathable Cowboy Boots,Color,White,Size,36,,,,0.0,shopify,99999,continue,manual,59.95,98.95,true,false,https://cdn.shopify.com/s/files/1/1074/0200/2757/files/Women_s_Breathable_Cowboy_Bootsvds.png?v=1789322050,,,
womens-breathable-cowboy-boots,,,White,,37,,,,0.0,shopify,99999,continue,manual,59.95,98.95,true,false,https://cdn.shopify.com/s/files/1/1074/0200/2757/files/Women_s_Breathable_Cowboy_Bootsvds.png?v=1789322050,,,
womens-breathable-cowboy-boots,,,White,,38,,,,0.0,shopify,99999,continue,manual,59.95,98.95,true,false,https://cdn.shopify.com/s/files/1/1074/0200/2757/files/Women_s_Breathable_Cowboy_Bootsvds.png?v=1789322050,,,
womens-breathable-cowboy-boots,,,White,,39,,,,0.0,shopify,99999,continue,manual,59.95,98.95,true,false,https://cdn.shopify.com/s/files/1/1074/0200/2757/files/Women_s_Breathable_Cowboy_Bootsvds.png?v=1789322050,,,
womens-breathable-cowboy-boots,,,White,,40,,,,0.0,shopify,99999,continue,manual,59.95,98.95,true,false,https://cdn.shopify.com/s/files/1/1074/0200/2757/files/Women_s_Breathable_Cowboy_Bootsvds.png?v=1789322050,,,
womens-breathable-cowboy-boots,,,White,,41,,,,0.0,shopify,99999,continue,manual,59.95,98.95,true,false,https://cdn.shopify.com/s/files/1/1074/0200/2757/files/Women_s_Breathable_Cowboy_Bootsvds.png?v=1789322050,,,
womens-breathable-cowboy-boots,,,White,,42,,,,0.0,shopify,99999,continue,manual,59.95,98.95,true,false,https://cdn.shopify.com/s/files/1/1074/0200/2757/files/Women_s_Breathable_Cowboy_Bootsvds.png?v=1789322050,,,
womens-breathable-cowboy-boots,,,Black,,36,,,,0.0,shopify,99999,continue,manual,59.95,98.95,true,false,https://cdn.shopify.com/s/files/1/1074/0200/2757/files/Women_s_Breathable_Cowboy_Boots.png?v=1789322096,,,
womens-breathable-cowboy-boots,,,Black,,37,,,,0.0,shopify,99999,continue,manual,59.95,98.95,true,false,https://cdn.shopify.com/s/files/1/1074/0200/2757/files/Women_s_Breathable_Cowboy_Boots.png?v=1789322096,,,
womens-breathable-cowboy-boots,,,Black,,38,,,,0.0,shopify,99999,continue,manual,59.95,98.95,true,false,https://cdn.shopify.com/s/files/1/1074/0200/2757/files/Women_s_Breathable_Cowboy_Boots.png?v=1789322096,,,
womens-breathable-cowboy-boots,,,Black,,39,,,,0.0,shopify,99999,continue,manual,59.95,98.95,true,false,https://cdn.shopify.com/s/files/1/1074/0200/2757/files/Women_s_Breathable_Cowboy_Boots.png?v=1789322096,,,
womens-breathable-cowboy-boots,,,Black,,40,,,,0.0,shopify,99999,continue,manual,59.95,98.95,true,false,https://cdn.shopify.com/s/files/1/1074/0200/2757/files/Women_s_Breathable_Cowboy_Boots.png?v=1789322096,,,
womens-breathable-cowboy-boots,,,Black,,41,,,,0.0,shopify,99999,continue,manual,59.95,98.95,true,false,https://cdn.shopify.com/s/files/1/1074/0200/2757/files/Women_s_Breathable_Cowboy_Boots.png?v=1789322096,,,
womens-breathable-cowboy-boots,,,Black,,42,,,,0.0,shopify,99999,continue,manual,59.95,98.95,true,false,https://cdn.shopify.com/s/files/1/1074/0200/2757/files/Women_s_Breathable_Cowboy_Boots.png?v=1789322096,,,
womens-breathable-cowboy-boots,,,Khaki,,36,,,,0.0,shopify,99999,continue,manual,59.95,98.95,true,false,https://cdn.shopify.com/s/files/1/1074/0200/2757/files/Women_s_Breathable_Cowboy_Bootsvde.png?v=1789322107,,,
womens-breathable-cowboy-boots,,,Khaki,,37,,,,0.0,shopify,99999,continue,manual,59.95,98.95,true,false,https://cdn.shopify.com/s/files/1/1074/0200/2757/files/Women_s_Breathable_Cowboy_Bootsvde.png?v=1789322107,,,
womens-breathable-cowboy-boots,,,Khaki,,38,,,,0.0,shopify,99999,continue,manual,59.95,98.95,true,false,https://cdn.shopify.com/s/files/1/1074/0200/2757/files/Women_s_Breathable_Cowboy_Bootsvde.png?v=1789322107,,,
womens-breathable-cowboy-boots,,,Khaki,,39,,,,0.0,shopify,99999,continue,manual,59.95,98.95,true,false,https://cdn.shopify.com/s/files/1/1074/0200/2757/files/Women_s_Breathable_Cowboy_Bootsvde.png?v=1789322107,,,
womens-breathable-cowboy-boots,,,Khaki,,40,,,,0.0,shopify,99999,continue,manual,59.95,98.95,true,false,https://cdn.shopify.com/s/files/1/1074/0200/2757/files/Women_s_Breathable_Cowboy_Bootsvde.png?v=1789322107,,,
womens-breathable-cowboy-boots,,,Khaki,,41,,,,0.0,shopify,99999,continue,manual,59.95,98.95,true,false,https://cdn.shopify.com/s/files/1/1074/0200/2757/files/Women_s_Breathable_Cowboy_Bootsvde.png?v=1789322107,,,
womens-breathable-cowboy-boots,,,Khaki,,42,,,,0.0,shopify,99999,continue,manual,59.95,98.95,true,false,https://cdn.shopify.com/s/files/1/1074/0200/2757/files/Women_s_Breathable_Cowboy_Bootsvde.png?v=1789322107,,,
womens-breathable-cowboy-boots,,,Brown,,36,,,,0.0,shopify,99999,continue,manual,59.95,98.95,true,false,https://cdn.shopify.com/s/files/1/1074/0200/2757/files/Women_s_Breathable_Cowboy_Bootsvdfds.png?v=1789322118,,,
womens-breathable-cowboy-boots,,,Brown,,37,,,,0.0,shopify,99999,continue,manual,59.95,98.95,true,false,https://cdn.shopify.com/s/files/1/1074/0200/2757/files/Women_s_Breathable_Cowboy_Bootsvdfds.png?v=1789322118,,,
womens-breathable-cowboy-boots,,,Brown,,38,,,,0.0,shopify,99999,continue,manual,59.95,98.95,true,false,https://cdn.shopify.com/s/files/1/1074/0200/2757/files/Women_s_Breathable_Cowboy_Bootsvdfds.png?v=1789322118,,,
womens-breathable-cowboy-boots,,,Brown,,39,,,,0.0,shopify,99999,continue,manual,59.95,98.95,true,false,https://cdn.shopify.com/s/files/1/1074/0200/2757/files/Women_s_Breathable_Cowboy_Bootsvdfds.png?v=1789322118,,,
womens-breathable-cowboy-boots,,,Brown,,40,,,,0.0,shopify,99999,continue,manual,59.95,98.95,true,false,https://cdn.shopify.com/s/files/1/1074/0200/2757/files/Women_s_Breathable_Cowboy_Bootsvdfds.png?v=1789322118,,,
womens-breathable-cowboy-boots,,,Brown,,41,,,,0.0,shopify,99999,continue,manual,59.95,98.95,true,false,https://cdn.shopify.com/s/files/1/1074/0200/2757/files/Women_s_Breathable_Cowboy_Bootsvdfds.png?v=1789322118,,,
womens-breathable-cowboy-boots,,,Brown,,42,,,,0.0,shopify,99999,continue,manual,59.95,98.95,true,false,https://cdn.shopify.com/s/files/1/1074/0200/2757/files/Women_s_Breathable_Cowboy_Bootsvdfds.png?v=1789322118,,,
womens-breathable-cowboy-boots,,,,,,,,,,,,,,,,,,,https://cdn.shopify.com/s/files/1/1074/0200/2757/files/Women_s_Breathable_Cowboy_Bootsvds.png?v=1789322050,1,Women's Breathable Cowboy Boots
womens-breathable-cowboy-boots,,,,,,,,,,,,,,,,,,,https://cdn.shopify.com/s/files/1/1074/0200/2757/files/Women_s_Breathable_Cowboy_BootsWomen_s_Breathable_Cowboy_Bootsd.png?v=1789322059,2,Women's Breathable Cowboy Boots
womens-breathable-cowboy-boots,,,,,,,,,,,,,,,,,,,https://cdn.shopify.com/s/files/1/1074/0200/2757/files/Women_s_Breathable_Cowboy_Bootsfht6.png?v=1789322081,3,Women's Breathable Cowboy Boots
womens-breathable-cowboy-boots,,,,,,,,,,,,,,,,,,,https://cdn.shopify.com/s/files/1/1074/0200/2757/files/Women_s_Breathable_Cowboy_Boots.png?v=1789322096,4,Women's Breathable Cowboy Boots
womens-breathable-cowboy-boots,,,,,,,,,,,,,,,,,,,https://cdn.shopify.com/s/files/1/1074/0200/2757/files/Women_s_Breathable_Cowboy_Bootsvde.png?v=1789322107,5,Women's Breathable Cowboy Boots
womens-breathable-cowboy-boots,,,,,,,,,,,,,,,,,,,https://cdn.shopify.com/s/files/1/1074/0200/2757/files/Women_s_Breathable_Cowboy_Bootsvdfds.png?v=1789322118,6,Women's Breathable Cowboy Boots
womens-elegant-wide-leg-jumpsuit-for-occasions,Women's Elegant Wide Leg Jumpsuit for Occasions,Color,Peach,Size,S,,,,0.0,shopify,99999,continue,manual,34.95,57.95,true,false,https://cdn.shopify.com/s/files/1/1074/0200/2757/files/Women_s_Elegant_Wide_Leg_Jumpsuit_for_Occasionsvdfs.webp?v=1789229555,,,
womens-elegant-wide-leg-jumpsuit-for-occasions,,,Peach,,M,,,,0.0,shopify,99999,continue,manual,34.95,57.95,true,false,https://cdn.shopify.com/s/files/1/1074/0200/2757/files/Women_s_Elegant_Wide_Leg_Jumpsuit_for_Occasionsvdfs.webp?v=1789229555,,,
womens-elegant-wide-leg-jumpsuit-for-occasions,,,Peach,,L,,,,0.0,shopify,99999,continue,manual,34.95,57.95,true,false,https://cdn.shopify.com/s/files/1/1074/0200/2757/files/Women_s_Elegant_Wide_Leg_Jumpsuit_for_Occasionsvdfs.webp?v=1789229555,,,
womens-elegant-wide-leg-jumpsuit-for-occasions,,,Peach,,XL,,,,0.0,shopify,99999,continue,manual,34.95,57.95,true,false,https://cdn.shopify.com/s/files/1/1074/0200/2757/files/Women_s_Elegant_Wide_Leg_Jumpsuit_for_Occasionsvdfs.webp?v=1789229555,,,
womens-elegant-wide-leg-jumpsuit-for-occasions,,,Peach,,2XL,,,,0.0,shopify,99999,continue,manual,34.95,57.95,true,false,https://cdn.shopify.com/s/files/1/1074/0200/2757/files/Women_s_Elegant_Wide_Leg_Jumpsuit_for_Occasionsvdfs.webp?v=1789229555,,,
womens-elegant-wide-leg-jumpsuit-for-occasions,,,Peach,,3XL,,,,0.0,shopify,99999,continue,manual,34.95,57.95,true,false,https://cdn.shopify.com/s/files/1/1074/0200/2757/files/Women_s_Elegant_Wide_Leg_Jumpsuit_for_Occasionsvdfs.webp?v=1789229555,,,
womens-elegant-wide-leg-jumpsuit-for-occasions,,,Black,,S,,,,0.0,shopify,99999,continue,manual,34.95,57.95,true,false,https://cdn.shopify.com/s/files/1/1074/0200/2757/files/Women_s_Elegant_Wide_Leg_Jumpsuit_for_Occasionsvds.webp?v=1789229562,,,
womens-elegant-wide-leg-jumpsuit-for-occasions,,,Black,,M,,,,0.0,shopify,99999,continue,manual,34.95,57.95,true,false,https://cdn.shopify.com/s/files/1/1074/0200/2757/files/Women_s_Elegant_Wide_Leg_Jumpsuit_for_Occasionsvds.webp?v=1789229562,,,
womens-elegant-wide-leg-jumpsuit-for-occasions,,,Black,,L,,,,0.0,shopify,99999,continue,manual,34.95,57.95,true,false,https://cdn.shopify.com/s/files/1/1074/0200/2757/files/Women_s_Elegant_Wide_Leg_Jumpsuit_for_Occasionsvds.webp?v=1789229562,,,
womens-elegant-wide-leg-jumpsuit-for-occasions,,,Black,,XL,,,,0.0,shopify,99999,continue,manual,34.95,57.95,true,false,https://cdn.shopify.com/s/files/1/1074/0200/2757/files/Women_s_Elegant_Wide_Leg_Jumpsuit_for_Occasionsvds.webp?v=1789229562,,,
womens-elegant-wide-leg-jumpsuit-for-occasions,,,Black,,2XL,,,,0.0,shopify,99999,continue,manual,34.95,57.95,true,false,https://cdn.shopify.com/s/files/1/1074/0200/2757/files/Women_s_Elegant_Wide_Leg_Jumpsuit_for_Occasionsvds.webp?v=1789229562,,,
womens-elegant-wide-leg-jumpsuit-for-occasions,,,Black,,3XL,,,,0.0,shopify,99999,continue,manual,34.95,57.95,true,false,https://cdn.shopify.com/s/files/1/1074/0200/2757/files/Women_s_Elegant_Wide_Leg_Jumpsuit_for_Occasionsvds.webp?v=1789229562,,,
womens-elegant-wide-leg-jumpsuit-for-occasions,,,Yellow,,S,,,,0.0,shopify,99999,continue,manual,34.95,57.95,true,false,https://cdn.shopify.com/s/files/1/1074/0200/2757/files/Women_s_Elegant_Wide_Leg_Jumpsuit_for_Occasionsvd.webp?v=1789229571,,,
womens-elegant-wide-leg-jumpsuit-for-occasions,,,Yellow,,M,,,,0.0,shopify,99999,continue,manual,34.95,57.95,true,false,https://cdn.shopify.com/s/files/1/1074/0200/2757/files/Women_s_Elegant_Wide_Leg_Jumpsuit_for_Occasionsvd.webp?v=1789229571,,,
womens-elegant-wide-leg-jumpsuit-for-occasions,,,Yellow,,L,,,,0.0,shopify,99999,continue,manual,34.95,57.95,true,false,https://cdn.shopify.com/s/files/1/1074/0200/2757/files/Women_s_Elegant_Wide_Leg_Jumpsuit_for_Occasionsvd.webp?v=1789229571,,,
womens-elegant-wide-leg-jumpsuit-for-occasions,,,Yellow,,XL,,,,0.0,shopify,99999,continue,manual,34.95,57.95,true,false,https://cdn.shopify.com/s/files/1/1074/0200/2757/files/Women_s_Elegant_Wide_Leg_Jumpsuit_for_Occasionsvd.webp?v=1789229571,,,
womens-elegant-wide-leg-jumpsuit-for-occasions,,,Yellow,,2XL,,,,0.0,shopify,99999,continue,manual,34.95,57.95,true,false,https://cdn.shopify.com/s/files/1/1074/0200/2757/files/Women_s_Elegant_Wide_Leg_Jumpsuit_for_Occasionsvd.webp?v=1789229571,,,
womens-elegant-wide-leg-jumpsuit-for-occasions,,,Yellow,,3XL,,,,0.0,shopify,99999,continue,manual,34.95,57.95,true,false,https://cdn.shopify.com/s/files/1/1074/0200/2757/files/Women_s_Elegant_Wide_Leg_Jumpsuit_for_Occasionsvd.webp?v=1789229571,,,
womens-elegant-wide-leg-jumpsuit-for-occasions,,,Turquoise,,S,,,,0.0,shopify,99999,continue,manual,34.95,57.95,true,false,https://cdn.shopify.com/s/files/1/1074/0200/2757/files/Women_s_Elegant_Wide_Leg_Jumpsuit_for_Occasionsvs.webp?v=1789229579,,,
womens-elegant-wide-leg-jumpsuit-for-occasions,,,Turquoise,,M,,,,0.0,shopify,99998,continue,manual,34.95,57.95,true,false,https://cdn.shopify.com/s/files/1/1074/0200/2757/files/Women_s_Elegant_Wide_Leg_Jumpsuit_for_Occasionsvs.webp?v=1789229579,,,
womens-elegant-wide-leg-jumpsuit-for-occasions,,,Turquoise,,L,,,,0.0,shopify,99999,continue,manual,34.95,57.95,true,false,https://cdn.shopify.com/s/files/1/1074/0200/2757/files/Women_s_Elegant_Wide_Leg_Jumpsuit_for_Occasionsvs.webp?v=1789229579,,,
womens-elegant-wide-leg-jumpsuit-for-occasions,,,Turquoise,,XL,,,,0.0,shopify,99998,continue,manual,34.95,57.95,true,false,https://cdn.shopify.com/s/files/1/1074/0200/2757/files/Women_s_Elegant_Wide_Leg_Jumpsuit_for_Occasionsvs.webp?v=1789229579,,,
womens-elegant-wide-leg-jumpsuit-for-occasions,,,Turquoise,,2XL,,,,0.0,shopify,99999,continue,manual,34.95,57.95,true,false,https://cdn.shopify.com/s/files/1/1074/0200/2757/files/Women_s_Elegant_Wide_Leg_Jumpsuit_for_Occasionsvs.webp?v=1789229579,,,
womens-elegant-wide-leg-jumpsuit-for-occasions,,,Turquoise,,3XL,,,,0.0,shopify,99999,continue,manual,34.95,57.95,true,false,https://cdn.shopify.com/s/files/1/1074/0200/2757/files/Women_s_Elegant_Wide_Leg_Jumpsuit_for_Occasionsvs.webp?v=1789229579,,,
womens-elegant-wide-leg-jumpsuit-for-occasions,,,Rose Pink,,S,,,,0.0,shopify,99999,continue,manual,34.95,57.95,true,false,https://cdn.shopify.com/s/files/1/1074/0200/2757/files/Women_s_Elegant_Wide_Leg_Jumpsuit_for_Occasionsvdf.webp?v=1789229598,,,
womens-elegant-wide-leg-jumpsuit-for-occasions,,,Rose Pink,,M,,,,0.0,shopify,99999,continue,manual,34.95,57.95,true,false,https://cdn.shopify.com/s/files/1/1074/0200/2757/files/Women_s_Elegant_Wide_Leg_Jumpsuit_for_Occasionsvdf.webp?v=1789229598,,,
womens-elegant-wide-leg-jumpsuit-for-occasions,,,Rose Pink,,L,,,,0.0,shopify,99999,continue,manual,34.95,57.95,true,false,https://cdn.shopify.com/s/files/1/1074/0200/2757/files/Women_s_Elegant_Wide_Leg_Jumpsuit_for_Occasionsvdf.webp?v=1789229598,,,
womens-elegant-wide-leg-jumpsuit-for-occasions,,,Rose Pink,,XL,,,,0.0,shopify,99999,continue,manual,34.95,57.95,true,false,https://cdn.shopify.com/s/files/1/1074/0200/2757/files/Women_s_Elegant_Wide_Leg_Jumpsuit_for_Occasionsvdf.webp?v=1789229598,,,
womens-elegant-wide-leg-jumpsuit-for-occasions,,,Rose Pink,,2XL,,,,0.0,shopify,99999,continue,manual,34.95,57.95,true,false,https://cdn.shopify.com/s/files/1/1074/0200/2757/files/Women_s_Elegant_Wide_Leg_Jumpsuit_for_Occasionsvdf.webp?v=1789229598,,,
womens-elegant-wide-leg-jumpsuit-for-occasions,,,Rose Pink,,3XL,,,,0.0,shopify,99999,continue,manual,34.95,57.95,true,false,https://cdn.shopify.com/s/files/1/1074/0200/2757/files/Women_s_Elegant_Wide_Leg_Jumpsuit_for_Occasionsvdf.webp?v=1789229598,,,
womens-elegant-wide-leg-jumpsuit-for-occasions,,,,,,,,,,,,,,,,,,,https://cdn.shopify.com/s/files/1/1074/0200/2757/files/Women_s_Elegant_Wide_Leg_Jumpsuit_for_Occasionsvdfs.webp?v=1789229555,1,Women's Elegant Wide Leg Jumpsuit for Occasions
womens-elegant-wide-leg-jumpsuit-for-occasions,,,,,,,,,,,,,,,,,,,https://cdn.shopify.com/s/files/1/1074/0200/2757/files/Women_s_Elegant_Wide_Leg_Jumpsuit_for_Occasionsvds.webp?v=1789229562,2,Women's Elegant Wide Leg Jumpsuit for Occasions
womens-elegant-wide-leg-jumpsuit-for-occasions,,,,,,,,,,,,,,,,,,,https://cdn.shopify.com/s/files/1/1074/0200/2757/files/Women_s_Elegant_Wide_Leg_Jumpsuit_for_Occasionsvd.webp?v=1789229571,3,Women's Elegant Wide Leg Jumpsuit for Occasions
womens-elegant-wide-leg-jumpsuit-for-occasions,,,,,,,,,,,,,,,,,,,https://cdn.shopify.com/s/files/1/1074/0200/2757/files/Women_s_Elegant_Wide_Leg_Jumpsuit_for_Occasionsvs.webp?v=1789229579,4,Women's Elegant Wide Leg Jumpsuit for Occasions
womens-elegant-wide-leg-jumpsuit-for-occasions,,,,,,,,,,,,,,,,,,,https://cdn.shopify.com/s/files/1/1074/0200/2757/files/Women_s_Elegant_Wide_Leg_Jumpsuit_for_Occasionsvdf.webp?v=1789229598,5,Women's Elegant Wide Leg Jumpsuit for Occasions
men-s-wide-leg-pleated-trousers,Men’s Wide-Leg Pleated Trousers,Color ,Light Brown,Size ,S,,,,0.0,shopify,99999,continue,manual,49.95,82.95,true,false,https://cdn.shopify.com/s/files/1/1074/0200/2757/files/Men_s_Wide-Leg_Pleated_Trousersf.png?v=1789115033,,,
men-s-wide-leg-pleated-trousers,,,Light Brown,,M,,,,0.0,shopify,99998,continue,manual,49.95,82.95,true,false,https://cdn.shopify.com/s/files/1/1074/0200/2757/files/Men_s_Wide-Leg_Pleated_Trousersf.png?v=1789115033,,,
men-s-wide-leg-pleated-trousers,,,Light Brown,,L,,,,0.0,shopify,99999,continue,manual,49.95,82.95,true,false,https://cdn.shopify.com/s/files/1/1074/0200/2757/files/Men_s_Wide-Leg_Pleated_Trousersf.png?v=1789115033,,,
men-s-wide-leg-pleated-trousers,,,Light Brown,,XL,,,,0.0,shopify,99999,continue,manual,49.95,82.95,true,false,https://cdn.shopify.com/s/files/1/1074/0200/2757/files/Men_s_Wide-Leg_Pleated_Trousersf.png?v=1789115033,,,
men-s-wide-leg-pleated-trousers,,,Light Brown,,2XL,,,,0.0,shopify,99999,continue,manual,49.95,82.95,true,false,https://cdn.shopify.com/s/files/1/1074/0200/2757/files/Men_s_Wide-Leg_Pleated_Trousersf.png?v=1789115033,,,
men-s-wide-leg-pleated-trousers,,,Light Brown,,3XL,,,,0.0,shopify,99999,continue,manual,49.95,82.95,true,false,https://cdn.shopify.com/s/files/1/1074/0200/2757/files/Men_s_Wide-Leg_Pleated_Trousersf.png?v=1789115033,,,
men-s-wide-leg-pleated-trousers,,,Black,,S,,,,0.0,shopify,99998,continue,manual,49.95,82.95,true,false,https://cdn.shopify.com/s/files/1/1074/0200/2757/files/Herren_Bundfaltenhose_mit_weitem_Beinfg.png?v=1789114921,,,
men-s-wide-leg-pleated-trousers,,,Black,,M,,,,0.0,shopify,99997,continue,manual,49.95,82.95,true,false,https://cdn.shopify.com/s/files/1/1074/0200/2757/files/Herren_Bundfaltenhose_mit_weitem_Beinfg.png?v=1789114921,,,
men-s-wide-leg-pleated-trousers,,,Black,,L,,,,0.0,shopify,99999,continue,manual,49.95,82.95,true,false,https://cdn.shopify.com/s/files/1/1074/0200/2757/files/Herren_Bundfaltenhose_mit_weitem_Beinfg.png?v=1789114921,,,
men-s-wide-leg-pleated-trousers,,,Black,,XL,,,,0.0,shopify,99999,continue,manual,49.95,82.95,true,false,https://cdn.shopify.com/s/files/1/1074/0200/2757/files/Herren_Bundfaltenhose_mit_weitem_Beinfg.png?v=1789114921,,,
men-s-wide-leg-pleated-trousers,,,Black,,2XL,,,,0.0,shopify,99999,continue,manual,49.95,82.95,true,false,https://cdn.shopify.com/s/files/1/1074/0200/2757/files/Herren_Bundfaltenhose_mit_weitem_Beinfg.png?v=1789114921,,,
men-s-wide-leg-pleated-trousers,,,Black,,3XL,,,,0.0,shopify,99999,continue,manual,49.95,82.95,true,false,https://cdn.shopify.com/s/files/1/1074/0200/2757/files/Herren_Bundfaltenhose_mit_weitem_Beinfg.png?v=1789114921,,,
men-s-wide-leg-pleated-trousers,,,Grey,,S,,,,0.0,shopify,99998,continue,manual,49.95,82.95,true,false,https://cdn.shopify.com/s/files/1/1074/0200/2757/files/Herren_Bundfaltenhose_mit_weitem_Beinnja.png?v=1789114921,,,
men-s-wide-leg-pleated-trousers,,,Grey,,M,,,,0.0,shopify,99999,continue,manual,49.95,82.95,true,false,https://cdn.shopify.com/s/files/1/1074/0200/2757/files/Herren_Bundfaltenhose_mit_weitem_Beinnja.png?v=1789114921,,,
men-s-wide-leg-pleated-trousers,,,Grey,,L,,,,0.0,shopify,99999,continue,manual,49.95,82.95,true,false,https://cdn.shopify.com/s/files/1/1074/0200/2757/files/Herren_Bundfaltenhose_mit_weitem_Beinnja.png?v=1789114921,,,
men-s-wide-leg-pleated-trousers,,,Grey,,XL,,,,0.0,shopify,99999,continue,manual,49.95,82.95,true,false,https://cdn.shopify.com/s/files/1/1074/0200/2757/files/Herren_Bundfaltenhose_mit_weitem_Beinnja.png?v=1789114921,,,
men-s-wide-leg-pleated-trousers,,,Grey,,2XL,,,,0.0,shopify,99999,continue,manual,49.95,82.95,true,false,https://cdn.shopify.com/s/files/1/1074/0200/2757/files/Herren_Bundfaltenhose_mit_weitem_Beinnja.png?v=1789114921,,,
men-s-wide-leg-pleated-trousers,,,Grey,,3XL,,,,0.0,shopify,99999,continue,manual,49.95,82.95,true,false,https://cdn.shopify.com/s/files/1/1074/0200/2757/files/Herren_Bundfaltenhose_mit_weitem_Beinnja.png?v=1789114921,,,
men-s-wide-leg-pleated-trousers,,,,,,,,,,,,,,,,,,,https://cdn.shopify.com/s/files/1/1074/0200/2757/files/Men_s_Wide-Leg_Pleated_Trousersf.png?v=1789115033,1,Men’s Wide-Leg Pleated Trousers
men-s-wide-leg-pleated-trousers,,,,,,,,,,,,,,,,,,,https://cdn.shopify.com/s/files/1/1074/0200/2757/files/Men_s_Wide-Leg_Pleated_Trousersgy.png?v=1789115043,2,Men’s Wide-Leg Pleated Trousers
men-s-wide-leg-pleated-trousers,,,,,,,,,,,,,,,,,,,https://cdn.shopify.com/s/files/1/1074/0200/2757/files/Men_s_Wide-Leg_Pleated_Trousersfq.png?v=1789115053,3,Men’s Wide-Leg Pleated Trousers
men-s-wide-leg-pleated-trousers,,,,,,,,,,,,,,,,,,,https://cdn.shopify.com/s/files/1/1074/0200/2757/files/Herren_Bundfaltenhose_mit_weitem_Beinfg.png?v=1789114921,4,
men-s-wide-leg-pleated-trousers,,,,,,,,,,,,,,,,,,,https://cdn.shopify.com/s/files/1/1074/0200/2757/files/Herren_Bundfaltenhose_mit_weitem_Beindsfd.png?v=1789114921,5,
men-s-wide-leg-pleated-trousers,,,,,,,,,,,,,,,,,,,https://cdn.shopify.com/s/files/1/1074/0200/2757/files/Herren_Bundfaltenhose_mit_weitem_Beinnja.png?v=1789114921,6,
men-s-wide-leg-pleated-trousers,,,,,,,,,,,,,,,,,,,https://cdn.shopify.com/s/files/1/1074/0200/2757/files/Herren_Bundfaltenhose_mit_weitem_Beinkjs.png?v=1789114921,7,
mens-long-sleeve-cowl-neck-sweater,Men's Long Sleeve Cowl Neck Sweater,Color,Light Gray,Size,S,,,,0.0,shopify,99999,continue,manual,54.95,90.95,true,false,https://cdn.shopify.com/s/files/1/1074/0200/2757/files/Men_s_Ribbed_Asymmetric_Turtleneck_Sweatervfdf.jpg?v=1789321727,,,
mens-long-sleeve-cowl-neck-sweater,,,Light Gray,,M,,,,0.0,shopify,99999,continue,manual,54.95,90.95,true,false,https://cdn.shopify.com/s/files/1/1074/0200/2757/files/Men_s_Ribbed_Asymmetric_Turtleneck_Sweatervfdf.jpg?v=1789321727,,,
mens-long-sleeve-cowl-neck-sweater,,,Light Gray,,L,,,,0.0,shopify,99999,continue,manual,54.95,90.95,true,false,https://cdn.shopify.com/s/files/1/1074/0200/2757/files/Men_s_Ribbed_Asymmetric_Turtleneck_Sweatervfdf.jpg?v=1789321727,,,
mens-long-sleeve-cowl-neck-sweater,,,Light Gray,,XL,,,,0.0,shopify,99999,continue,manual,54.95,90.95,true,false,https://cdn.shopify.com/s/files/1/1074/0200/2757/files/Men_s_Ribbed_Asymmetric_Turtleneck_Sweatervfdf.jpg?v=1789321727,,,
mens-long-sleeve-cowl-neck-sweater,,,Light Gray,,2XL,,,,0.0,shopify,99999,continue,manual,54.95,90.95,true,false,https://cdn.shopify.com/s/files/1/1074/0200/2757/files/Men_s_Ribbed_Asymmetric_Turtleneck_Sweatervfdf.jpg?v=1789321727,,,
mens-long-sleeve-cowl-neck-sweater,,,Light Gray,,3XL,,,,0.0,shopify,99999,continue,manual,54.95,90.95,true,false,https://cdn.shopify.com/s/files/1/1074/0200/2757/files/Men_s_Ribbed_Asymmetric_Turtleneck_Sweatervfdf.jpg?v=1789321727,,,
mens-long-sleeve-cowl-neck-sweater,,,Dark Gray,,S,,,,0.0,shopify,99999,continue,manual,54.95,90.95,true,false,https://cdn.shopify.com/s/files/1/1074/0200/2757/files/Men_s_Ribbed_Asymmetric_Turtleneck_Sweatervsd.jpg?v=1789321735,,,
mens-long-sleeve-cowl-neck-sweater,,,Dark Gray,,M,,,,0.0,shopify,99999,continue,manual,54.95,90.95,true,false,https://cdn.shopify.com/s/files/1/1074/0200/2757/files/Men_s_Ribbed_Asymmetric_Turtleneck_Sweatervsd.jpg?v=1789321735,,,
mens-long-sleeve-cowl-neck-sweater,,,Dark Gray,,L,,,,0.0,shopify,99999,continue,manual,54.95,90.95,true,false,https://cdn.shopify.com/s/files/1/1074/0200/2757/files/Men_s_Ribbed_Asymmetric_Turtleneck_Sweatervsd.jpg?v=1789321735,,,
mens-long-sleeve-cowl-neck-sweater,,,Dark Gray,,XL,,,,0.0,shopify,99999,continue,manual,54.95,90.95,true,false,https://cdn.shopify.com/s/files/1/1074/0200/2757/files/Men_s_Ribbed_Asymmetric_Turtleneck_Sweatervsd.jpg?v=1789321735,,,
mens-long-sleeve-cowl-neck-sweater,,,Dark Gray,,2XL,,,,0.0,shopify,99999,continue,manual,54.95,90.95,true,false,https://cdn.shopify.com/s/files/1/1074/0200/2757/files/Men_s_Ribbed_Asymmetric_Turtleneck_Sweatervsd.jpg?v=1789321735,,,
mens-long-sleeve-cowl-neck-sweater,,,Dark Gray,,3XL,,,,0.0,shopify,99999,continue,manual,54.95,90.95,true,false,https://cdn.shopify.com/s/files/1/1074/0200/2757/files/Men_s_Ribbed_Asymmetric_Turtleneck_Sweatervsd.jpg?v=1789321735,,,
mens-long-sleeve-cowl-neck-sweater,,,White,,S,,,,0.0,shopify,99998,continue,manual,54.95,90.95,true,false,https://cdn.shopify.com/s/files/1/1074/0200/2757/files/Men_s_Ribbed_Asymmetric_Turtleneck_Sweatervdf3.jpg?v=1789321751,,,
mens-long-sleeve-cowl-neck-sweater,,,White,,M,,,,0.0,shopify,99999,continue,manual,54.95,90.95,true,false,https://cdn.shopify.com/s/files/1/1074/0200/2757/files/Men_s_Ribbed_Asymmetric_Turtleneck_Sweatervdf3.jpg?v=1789321751,,,
mens-long-sleeve-cowl-neck-sweater,,,White,,L,,,,0.0,shopify,99999,continue,manual,54.95,90.95,true,false,https://cdn.shopify.com/s/files/1/1074/0200/2757/files/Men_s_Ribbed_Asymmetric_Turtleneck_Sweatervdf3.jpg?v=1789321751,,,
mens-long-sleeve-cowl-neck-sweater,,,White,,XL,,,,0.0,shopify,99999,continue,manual,54.95,90.95,true,false,https://cdn.shopify.com/s/files/1/1074/0200/2757/files/Men_s_Ribbed_Asymmetric_Turtleneck_Sweatervdf3.jpg?v=1789321751,,,
mens-long-sleeve-cowl-neck-sweater,,,White,,2XL,,,,0.0,shopify,99999,continue,manual,54.95,90.95,true,false,https://cdn.shopify.com/s/files/1/1074/0200/2757/files/Men_s_Ribbed_Asymmetric_Turtleneck_Sweatervdf3.jpg?v=1789321751,,,
mens-long-sleeve-cowl-neck-sweater,,,White,,3XL,,,,0.0,shopify,99999,continue,manual,54.95,90.95,true,false,https://cdn.shopify.com/s/files/1/1074/0200/2757/files/Men_s_Ribbed_Asymmetric_Turtleneck_Sweatervdf3.jpg?v=1789321751,,,
mens-long-sleeve-cowl-neck-sweater,,,Navy Blue,,S,,,,0.0,shopify,99999,continue,manual,54.95,90.95,true,false,https://cdn.shopify.com/s/files/1/1074/0200/2757/files/Men_s_Ribbed_Asymmetric_Turtleneck_Sweatervd3.jpg?v=1789321763,,,
mens-long-sleeve-cowl-neck-sweater,,,Navy Blue,,M,,,,0.0,shopify,99999,continue,manual,54.95,90.95,true,false,https://cdn.shopify.com/s/files/1/1074/0200/2757/files/Men_s_Ribbed_Asymmetric_Turtleneck_Sweatervd3.jpg?v=1789321763,,,
mens-long-sleeve-cowl-neck-sweater,,,Navy Blue,,L,,,,0.0,shopify,99999,continue,manual,54.95,90.95,true,false,https://cdn.shopify.com/s/files/1/1074/0200/2757/files/Men_s_Ribbed_Asymmetric_Turtleneck_Sweatervd3.jpg?v=1789321763,,,
mens-long-sleeve-cowl-neck-sweater,,,Navy Blue,,XL,,,,0.0,shopify,99999,continue,manual,54.95,90.95,true,false,https://cdn.shopify.com/s/files/1/1074/0200/2757/files/Men_s_Ribbed_Asymmetric_Turtleneck_Sweatervd3.jpg?v=1789321763,,,
mens-long-sleeve-cowl-neck-sweater,,,Navy Blue,,2XL,,,,0.0,shopify,99999,continue,manual,54.95,90.95,true,false,https://cdn.shopify.com/s/files/1/1074/0200/2757/files/Men_s_Ribbed_Asymmetric_Turtleneck_Sweatervd3.jpg?v=1789321763,,,
mens-long-sleeve-cowl-neck-sweater,,,Navy Blue,,3XL,,,,0.0,shopify,99999,continue,manual,54.95,90.95,true,false,https://cdn.shopify.com/s/files/1/1074/0200/2757/files/Men_s_Ribbed_Asymmetric_Turtleneck_Sweatervd3.jpg?v=1789321763,,,
mens-long-sleeve-cowl-neck-sweater,,,Dark Green,,S,,,,0.0,shopify,99999,continue,manual,54.95,90.95,true,false,https://cdn.shopify.com/s/files/1/1074/0200/2757/files/Men_s_Ribbed_Asymmetric_Turtleneck_Sweatervd4.jpg?v=1789321815,,,
mens-long-sleeve-cowl-neck-sweater,,,Dark Green,,M,,,,0.0,shopify,99999,continue,manual,54.95,90.95,true,false,https://cdn.shopify.com/s/files/1/1074/0200/2757/files/Men_s_Ribbed_Asymmetric_Turtleneck_Sweatervd4.jpg?v=1789321815,,,
mens-long-sleeve-cowl-neck-sweater,,,Dark Green,,L,,,,0.0,shopify,99999,continue,manual,54.95,90.95,true,false,https://cdn.shopify.com/s/files/1/1074/0200/2757/files/Men_s_Ribbed_Asymmetric_Turtleneck_Sweatervd4.jpg?v=1789321815,,,
mens-long-sleeve-cowl-neck-sweater,,,Dark Green,,XL,,,,0.0,shopify,99999,continue,manual,54.95,90.95,true,false,https://cdn.shopify.com/s/files/1/1074/0200/2757/files/Men_s_Ribbed_Asymmetric_Turtleneck_Sweatervd4.jpg?v=1789321815,,,
mens-long-sleeve-cowl-neck-sweater,,,Dark Green,,2XL,,,,0.0,shopify,99999,continue,manual,54.95,90.95,true,false,https://cdn.shopify.com/s/files/1/1074/0200/2757/files/Men_s_Ribbed_Asymmetric_Turtleneck_Sweatervd4.jpg?v=1789321815,,,
mens-long-sleeve-cowl-neck-sweater,,,Dark Green,,3XL,,,,0.0,shopify,99999,continue,manual,54.95,90.95,true,false,https://cdn.shopify.com/s/files/1/1074/0200/2757/files/Men_s_Ribbed_Asymmetric_Turtleneck_Sweatervd4.jpg?v=1789321815,,,
mens-long-sleeve-cowl-neck-sweater,,,Khaki,,S,,,,0.0,shopify,99999,continue,manual,54.95,90.95,true,false,https://cdn.shopify.com/s/files/1/1074/0200/2757/files/Men_s_Ribbed_Asymmetric_Turtleneck_Sweatervdfd.jpg?v=1789321823,,,
mens-long-sleeve-cowl-neck-sweater,,,Khaki,,M,,,,0.0,shopify,99999,continue,manual,54.95,90.95,true,false,https://cdn.shopify.com/s/files/1/1074/0200/2757/files/Men_s_Ribbed_Asymmetric_Turtleneck_Sweatervdfd.jpg?v=1789321823,,,
mens-long-sleeve-cowl-neck-sweater,,,Khaki,,L,,,,0.0,shopify,99999,continue,manual,54.95,90.95,true,false,https://cdn.shopify.com/s/files/1/1074/0200/2757/files/Men_s_Ribbed_Asymmetric_Turtleneck_Sweatervdfd.jpg?v=1789321823,,,
mens-long-sleeve-cowl-neck-sweater,,,Khaki,,XL,,,,0.0,shopify,99999,continue,manual,54.95,90.95,true,false,https://cdn.shopify.com/s/files/1/1074/0200/2757/files/Men_s_Ribbed_Asymmetric_Turtleneck_Sweatervdfd.jpg?v=1789321823,,,
mens-long-sleeve-cowl-neck-sweater,,,Khaki,,2XL,,,,0.0,shopify,99999,continue,manual,54.95,90.95,true,false,https://cdn.shopify.com/s/files/1/1074/0200/2757/files/Men_s_Ribbed_Asymmetric_Turtleneck_Sweatervdfd.jpg?v=1789321823,,,
mens-long-sleeve-cowl-neck-sweater,,,Khaki,,3XL,,,,0.0,shopify,99999,continue,manual,54.95,90.95,true,false,https://cdn.shopify.com/s/files/1/1074/0200/2757/files/Men_s_Ribbed_Asymmetric_Turtleneck_Sweatervdfd.jpg?v=1789321823,,,
mens-long-sleeve-cowl-neck-sweater,,,,,,,,,,,,,,,,,,,https://cdn.shopify.com/s/files/1/1074/0200/2757/files/Men_s_Ribbed_Asymmetric_Turtleneck_Sweatervfdf.jpg?v=1789321727,1,Men's Ribbed Asymmetric Turtleneck Sweater
mens-long-sleeve-cowl-neck-sweater,,,,,,,,,,,,,,,,,,,https://cdn.shopify.com/s/files/1/1074/0200/2757/files/Men_s_Ribbed_Asymmetric_Turtleneck_Sweatervsd.jpg?v=1789321735,2,Men's Ribbed Asymmetric Turtleneck Sweater
mens-long-sleeve-cowl-neck-sweater,,,,,,,,,,,,,,,,,,,https://cdn.shopify.com/s/files/1/1074/0200/2757/files/Men_s_Ribbed_Asymmetric_Turtleneck_Sweatervdf3.jpg?v=1789321751,3,Men's Ribbed Asymmetric Turtleneck Sweater
mens-long-sleeve-cowl-neck-sweater,,,,,,,,,,,,,,,,,,,https://cdn.shopify.com/s/files/1/1074/0200/2757/files/Men_s_Ribbed_Asymmetric_Turtleneck_Sweatervd3.jpg?v=1789321763,4,Men's Ribbed Asymmetric Turtleneck Sweater
mens-long-sleeve-cowl-neck-sweater,,,,,,,,,,,,,,,,,,,https://cdn.shopify.com/s/files/1/1074/0200/2757/files/Men_s_Ribbed_Asymmetric_Turtleneck_Sweatervd4.jpg?v=1789321815,5,Men's Ribbed Asymmetric Turtleneck Sweater
mens-long-sleeve-cowl-neck-sweater,,,,,,,,,,,,,,,,,,,https://cdn.shopify.com/s/files/1/1074/0200/2757/files/Men_s_Ribbed_Asymmetric_Turtleneck_Sweatervdfd.jpg?v=1789321823,6,Men's Ribbed Asymmetric Turtleneck Sweater
mens-long-sleeve-cowl-neck-sweater,,,,,,,,,,,,,,,,,,,https://cdn.shopify.com/s/files/1/1074/0200/2757/files/Men_s_Ribbed_AsyMen_s_Ribbed_Asymmetric_Turtleneck_Sweatergh5mmetric_Turtleneck_Sweatervdf3.jpg?v=1789321842,7,Men's Ribbed Asymmetric Turtleneck Sweater
mens-long-sleeve-cowl-neck-sweater,,,,,,,,,,,,,,,,,,,https://cdn.shopify.com/s/files/1/1074/0200/2757/files/Men_s_Ribbed_Asymmetric_Turtleneck_Sweatervfg4.jpg?v=1789321868,8,Men's Ribbed Asymmetric Turtleneck Sweater
mens-long-sleeve-cowl-neck-sweater,,,,,,,,,,,,,,,,,,,https://cdn.shopify.com/s/files/1/1074/0200/2757/files/Men_s_Ribbed_Asymmetric_Turtleneck_Sweatervdxf.jpg?v=1789321877,9,Men's Ribbed Asymmetric Turtleneck Sweater
mens-hooded-tracksuit-set,Men's Hooded Tracksuit Set,Color,Light Grey,Size,S,,,,0.0,shopify,99999,continue,manual,59.95,98.95,true,false,https://cdn.shopify.com/s/files/1/1074/0200/2757/files/Men_s_Hooded_Tracksuit_Setvds.png?v=1789324675,,,
mens-hooded-tracksuit-set,,,Light Grey,,M,,,,0.0,shopify,99999,continue,manual,59.95,98.95,true,false,https://cdn.shopify.com/s/files/1/1074/0200/2757/files/Men_s_Hooded_Tracksuit_Setvds.png?v=1789324675,,,
mens-hooded-tracksuit-set,,,Light Grey,,L,,,,0.0,shopify,99999,continue,manual,59.95,98.95,true,false,https://cdn.shopify.com/s/files/1/1074/0200/2757/files/Men_s_Hooded_Tracksuit_Setvds.png?v=1789324675,,,
mens-hooded-tracksuit-set,,,Light Grey,,XL,,,,0.0,shopify,99999,continue,manual,59.95,98.95,true,false,https://cdn.shopify.com/s/files/1/1074/0200/2757/files/Men_s_Hooded_Tracksuit_Setvds.png?v=1789324675,,,
mens-hooded-tracksuit-set,,,Light Grey,,2XL,,,,0.0,shopify,99999,continue,manual,59.95,98.95,true,false,https://cdn.shopify.com/s/files/1/1074/0200/2757/files/Men_s_Hooded_Tracksuit_Setvds.png?v=1789324675,,,
mens-hooded-tracksuit-set,,,Light Grey,,3XL,,,,0.0,shopify,99999,continue,manual,59.95,98.95,true,false,https://cdn.shopify.com/s/files/1/1074/0200/2757/files/Men_s_Hooded_Tracksuit_Setvds.png?v=1789324675,,,
mens-hooded-tracksuit-set,,,Black,,S,,,,0.0,shopify,99999,continue,manual,59.95,98.95,true,false,https://cdn.shopify.com/s/files/1/1074/0200/2757/files/Men_s_Hooded_Tracksuit_Setvdf4.png?v=1789324700,,,
mens-hooded-tracksuit-set,,,Black,,M,,,,0.0,shopify,99999,continue,manual,59.95,98.95,true,false,https://cdn.shopify.com/s/files/1/1074/0200/2757/files/Men_s_Hooded_Tracksuit_Setvdf4.png?v=1789324700,,,
mens-hooded-tracksuit-set,,,Black,,L,,,,0.0,shopify,99999,continue,manual,59.95,98.95,true,false,https://cdn.shopify.com/s/files/1/1074/0200/2757/files/Men_s_Hooded_Tracksuit_Setvdf4.png?v=1789324700,,,
mens-hooded-tracksuit-set,,,Black,,XL,,,,0.0,shopify,99999,continue,manual,59.95,98.95,true,false,https://cdn.shopify.com/s/files/1/1074/0200/2757/files/Men_s_Hooded_Tracksuit_Setvdf4.png?v=1789324700,,,
mens-hooded-tracksuit-set,,,Black,,2XL,,,,0.0,shopify,99999,continue,manual,59.95,98.95,true,false,https://cdn.shopify.com/s/files/1/1074/0200/2757/files/Men_s_Hooded_Tracksuit_Setvdf4.png?v=1789324700,,,
mens-hooded-tracksuit-set,,,Black,,3XL,,,,0.0,shopify,99999,continue,manual,59.95,98.95,true,false,https://cdn.shopify.com/s/files/1/1074/0200/2757/files/Men_s_Hooded_Tracksuit_Setvdf4.png?v=1789324700,,,
mens-hooded-tracksuit-set,,,,,,,,,,,,,,,,,,,https://cdn.shopify.com/s/files/1/1074/0200/2757/files/Men_s_Hooded_Tracksuit_Setvds.png?v=1789324675,1,Men's Hooded Tracksuit Set
mens-hooded-tracksuit-set,,,,,,,,,,,,,,,,,,,https://cdn.shopify.com/s/files/1/1074/0200/2757/files/Men_s_Hooded_Tracksuit_Setvdf4.png?v=1789324700,2,Men's Hooded Tracksuit Set
mens-hooded-tracksuit-set,,,,,,,,,,,,,,,,,,,https://cdn.shopify.com/s/files/1/1074/0200/2757/files/Men_s_Hooded_Tracksuit_Setvdfr.png?v=1789324724,3,Men's Hooded Tracksuit Set
mens-hooded-tracksuit-set,,,,,,,,,,,,,,,,,,,https://cdn.shopify.com/s/files/1/1074/0200/2757/files/Men_s_Hooded_Tracksuit_Setvdf.jpg?v=1789324731,4,Men's Hooded Tracksuit Set
mens-hooded-tracksuit-set,,,,,,,,,,,,,,,,,,,https://cdn.shopify.com/s/files/1/1074/0200/2757/files/Men_s_Hooded_Tracksuit_Setvdf4.jpg?v=1789324764,5,Men's Hooded Tracksuit Set
mens-hooded-tracksuit-set,,,,,,,,,,,,,,,,,,,https://cdn.shopify.com/s/files/1/1074/0200/2757/files/Men_s_Hooded_Tracksuit_Setvdxf4.jpg?v=1789324775,6,Men's Hooded Tracksuit Set
mens-hooded-tracksuit-set,,,,,,,,,,,,,,,,,,,https://cdn.shopify.com/s/files/1/1074/0200/2757/files/Men_s_Hooded_Tracksuit_Setfgr.jpg?v=1789324788,7,Men's Hooded Tracksuit Set
mens-denim-vest-with-distinctive-casual-style,Men's Denim Vest with Distinctive Casual Style,Color,Black,Size,M,,,,0.0,shopify,999999,continue,manual,54.95,90.95,true,false,https://cdn.shopify.com/s/files/1/1074/0200/2757/files/Men_s_Denim_Vest_for_Layering_and_Leisure_Wearvsd.jpg?v=1790209399,,,
mens-denim-vest-with-distinctive-casual-style,,,Black,,L,,,,0.0,shopify,999999,continue,manual,54.95,90.95,true,false,https://cdn.shopify.com/s/files/1/1074/0200/2757/files/Men_s_Denim_Vest_for_Layering_and_Leisure_Wearvsd.jpg?v=1790209399,,,
mens-denim-vest-with-distinctive-casual-style,,,Black,,XL,,,,0.0,shopify,999999,continue,manual,54.95,90.95,true,false,https://cdn.shopify.com/s/files/1/1074/0200/2757/files/Men_s_Denim_Vest_for_Layering_and_Leisure_Wearvsd.jpg?v=1790209399,,,
mens-denim-vest-with-distinctive-casual-style,,,Black,,2XL,,,,0.0,shopify,999999,continue,manual,54.95,90.95,true,false,https://cdn.shopify.com/s/files/1/1074/0200/2757/files/Men_s_Denim_Vest_for_Layering_and_Leisure_Wearvsd.jpg?v=1790209399,,,
mens-denim-vest-with-distinctive-casual-style,,,Black,,3XL,,,,0.0,shopify,999999,continue,manual,54.95,90.95,true,false,https://cdn.shopify.com/s/files/1/1074/0200/2757/files/Men_s_Denim_Vest_for_Layering_and_Leisure_Wearvsd.jpg?v=1790209399,,,
mens-denim-vest-with-distinctive-casual-style,,,Black,,4XL,,,,0.0,shopify,999999,continue,manual,54.95,90.95,true,false,https://cdn.shopify.com/s/files/1/1074/0200/2757/files/Men_s_Denim_Vest_for_Layering_and_Leisure_Wearvsd.jpg?v=1790209399,,,
mens-denim-vest-with-distinctive-casual-style,,,Blue,,M,,,,0.0,shopify,999999,continue,manual,54.95,90.95,true,false,https://cdn.shopify.com/s/files/1/1074/0200/2757/files/Men_s_Denim_Vest_for_Layering_and_Leisure_Wearvd.png?v=1790209425,,,
mens-denim-vest-with-distinctive-casual-style,,,Blue,,L,,,,0.0,shopify,999999,continue,manual,54.95,90.95,true,false,https://cdn.shopify.com/s/files/1/1074/0200/2757/files/Men_s_Denim_Vest_for_Layering_and_Leisure_Wearvd.png?v=1790209425,,,
mens-denim-vest-with-distinctive-casual-style,,,Blue,,XL,,,,0.0,shopify,999999,continue,manual,54.95,90.95,true,false,https://cdn.shopify.com/s/files/1/1074/0200/2757/files/Men_s_Denim_Vest_for_Layering_and_Leisure_Wearvd.png?v=1790209425,,,
mens-denim-vest-with-distinctive-casual-style,,,Blue,,2XL,,,,0.0,shopify,999999,continue,manual,54.95,90.95,true,false,https://cdn.shopify.com/s/files/1/1074/0200/2757/files/Men_s_Denim_Vest_for_Layering_and_Leisure_Wearvd.png?v=1790209425,,,
mens-denim-vest-with-distinctive-casual-style,,,Blue,,3XL,,,,0.0,shopify,999999,continue,manual,54.95,90.95,true,false,https://cdn.shopify.com/s/files/1/1074/0200/2757/files/Men_s_Denim_Vest_for_Layering_and_Leisure_Wearvd.png?v=1790209425,,,
mens-denim-vest-with-distinctive-casual-style,,,Blue,,4XL,,,,0.0,shopify,999999,continue,manual,54.95,90.95,true,false,https://cdn.shopify.com/s/files/1/1074/0200/2757/files/Men_s_Denim_Vest_for_Layering_and_Leisure_Wearvd.png?v=1790209425,,,
mens-denim-vest-with-distinctive-casual-style,,,Light Blue,,M,,,,0.0,shopify,999999,continue,manual,54.95,90.95,true,false,https://cdn.shopify.com/s/files/1/1074/0200/2757/files/Men_s_Denim_Vest_for_Layering_and_Leisure_Wearvdf.png?v=1790209461,,,
mens-denim-vest-with-distinctive-casual-style,,,Light Blue,,L,,,,0.0,shopify,999999,continue,manual,54.95,90.95,true,false,https://cdn.shopify.com/s/files/1/1074/0200/2757/files/Men_s_Denim_Vest_for_Layering_and_Leisure_Wearvdf.png?v=1790209461,,,
mens-denim-vest-with-distinctive-casual-style,,,Light Blue,,XL,,,,0.0,shopify,999999,continue,manual,54.95,90.95,true,false,https://cdn.shopify.com/s/files/1/1074/0200/2757/files/Men_s_Denim_Vest_for_Layering_and_Leisure_Wearvdf.png?v=1790209461,,,
mens-denim-vest-with-distinctive-casual-style,,,Light Blue,,2XL,,,,0.0,shopify,999999,continue,manual,54.95,90.95,true,false,https://cdn.shopify.com/s/files/1/1074/0200/2757/files/Men_s_Denim_Vest_for_Layering_and_Leisure_Wearvdf.png?v=1790209461,,,
mens-denim-vest-with-distinctive-casual-style,,,Light Blue,,3XL,,,,0.0,shopify,999999,continue,manual,54.95,90.95,true,false,https://cdn.shopify.com/s/files/1/1074/0200/2757/files/Men_s_Denim_Vest_for_Layering_and_Leisure_Wearvdf.png?v=1790209461,,,
mens-denim-vest-with-distinctive-casual-style,,,Light Blue,,4XL,,,,0.0,shopify,999999,continue,manual,54.95,90.95,true,false,https://cdn.shopify.com/s/files/1/1074/0200/2757/files/Men_s_Denim_Vest_for_Layering_and_Leisure_Wearvdf.png?v=1790209461,,,
mens-denim-vest-with-distinctive-casual-style,,,,,,,,,,,,,,,,,,,https://cdn.shopify.com/s/files/1/1074/0200/2757/files/Men_s_Denim_Vest_for_Layering_and_Leisure_Wearvsd.jpg?v=1790209399,1,Men's Denim Vest for Layering and Leisure Wear
mens-denim-vest-with-distinctive-casual-style,,,,,,,,,,,,,,,,,,,https://cdn.shopify.com/s/files/1/1074/0200/2757/files/Men_s_Denim_Vest_for_Layering_and_Leisure_Wearvs.jpg?v=1790209407,2,Men's Denim Vest for Layering and Leisure Wear
mens-denim-vest-with-distinctive-casual-style,,,,,,,,,,,,,,,,,,,https://cdn.shopify.com/s/files/1/1074/0200/2757/files/Men_s_Denim_Vest_for_Layering_and_Leisure_Wearvds.jpg?v=1790209415,3,Men's Denim Vest for Layering and Leisure Wear
mens-denim-vest-with-distinctive-casual-style,,,,,,,,,,,,,,,,,,,https://cdn.shopify.com/s/files/1/1074/0200/2757/files/Men_s_Denim_Vest_for_Layering_and_Leisure_Wearvd.png?v=1790209425,4,Men's Denim Vest for Layering and Leisure Wear
mens-denim-vest-with-distinctive-casual-style,,,,,,,,,,,,,,,,,,,https://cdn.shopify.com/s/files/1/1074/0200/2757/files/Men_s_Denim_Vest_for_Layering_and_Leisure_Wearvs.png?v=1790209447,5,Men's Denim Vest for Layering and Leisure Wear
mens-denim-vest-with-distinctive-casual-style,,,,,,,,,,,,,,,,,,,https://cdn.shopify.com/s/files/1/1074/0200/2757/files/Men_s_Denim_Vest_for_Layering_and_Leisure_Wearvdf.png?v=1790209461,6,Men's Denim Vest for Layering and Leisure Wear
mens-denim-vest-with-distinctive-casual-style,,,,,,,,,,,,,,,,,,,https://cdn.shopify.com/s/files/1/1074/0200/2757/files/Men_s_Denim_Vest_for_Layering_and_Leisure_Wearvsd.png?v=1790209475,7,Men's Denim Vest for Layering and Leisure Wear
mens-textured-crew-neck-sweater-for-autumn,Men's Textured Crew Neck Sweater for Autumn,Color,Red,Size,S,,,,0.0,shopify,99999,continue,manual,79.95,132.95,true,false,https://cdn.shopify.com/s/files/1/1074/0200/2757/files/Men_s_Textured_Crew_Neck_Sweater_for_Autumnvdee.jpg?v=1789230372,,,
mens-textured-crew-neck-sweater-for-autumn,,,Red,,M,,,,0.0,shopify,99999,continue,manual,79.95,132.95,true,false,https://cdn.shopify.com/s/files/1/1074/0200/2757/files/Men_s_Textured_Crew_Neck_Sweater_for_Autumnvdee.jpg?v=1789230372,,,
mens-textured-crew-neck-sweater-for-autumn,,,Red,,L,,,,0.0,shopify,99999,continue,manual,79.95,132.95,true,false,https://cdn.shopify.com/s/files/1/1074/0200/2757/files/Men_s_Textured_Crew_Neck_Sweater_for_Autumnvdee.jpg?v=1789230372,,,
mens-textured-crew-neck-sweater-for-autumn,,,Red,,XL,,,,0.0,shopify,99999,continue,manual,79.95,132.95,true,false,https://cdn.shopify.com/s/files/1/1074/0200/2757/files/Men_s_Textured_Crew_Neck_Sweater_for_Autumnvdee.jpg?v=1789230372,,,
mens-textured-crew-neck-sweater-for-autumn,,,Red,,2XL,,,,0.0,shopify,99999,continue,manual,79.95,132.95,true,false,https://cdn.shopify.com/s/files/1/1074/0200/2757/files/Men_s_Textured_Crew_Neck_Sweater_for_Autumnvdee.jpg?v=1789230372,,,
mens-textured-crew-neck-sweater-for-autumn,,,Red,,3XL,,,,0.0,shopify,99999,continue,manual,79.95,132.95,true,false,https://cdn.shopify.com/s/files/1/1074/0200/2757/files/Men_s_Textured_Crew_Neck_Sweater_for_Autumnvdee.jpg?v=1789230372,,,
mens-textured-crew-neck-sweater-for-autumn,,,Green,,S,,,,0.0,shopify,99999,continue,manual,79.95,132.95,true,false,https://cdn.shopify.com/s/files/1/1074/0200/2757/files/Men_s_Textured_Crew_Neck_Sweater_for_Autumnvdfee.jpg?v=1789230398,,,
mens-textured-crew-neck-sweater-for-autumn,,,Green,,M,,,,0.0,shopify,99999,continue,manual,79.95,132.95,true,false,https://cdn.shopify.com/s/files/1/1074/0200/2757/files/Men_s_Textured_Crew_Neck_Sweater_for_Autumnvdfee.jpg?v=1789230398,,,
mens-textured-crew-neck-sweater-for-autumn,,,Green,,L,,,,0.0,shopify,99999,continue,manual,79.95,132.95,true,false,https://cdn.shopify.com/s/files/1/1074/0200/2757/files/Men_s_Textured_Crew_Neck_Sweater_for_Autumnvdfee.jpg?v=1789230398,,,
mens-textured-crew-neck-sweater-for-autumn,,,Green,,XL,,,,0.0,shopify,99999,continue,manual,79.95,132.95,true,false,https://cdn.shopify.com/s/files/1/1074/0200/2757/files/Men_s_Textured_Crew_Neck_Sweater_for_Autumnvdfee.jpg?v=1789230398,,,
mens-textured-crew-neck-sweater-for-autumn,,,Green,,2XL,,,,0.0,shopify,99999,continue,manual,79.95,132.95,true,false,https://cdn.shopify.com/s/files/1/1074/0200/2757/files/Men_s_Textured_Crew_Neck_Sweater_for_Autumnvdfee.jpg?v=1789230398,,,
mens-textured-crew-neck-sweater-for-autumn,,,Green,,3XL,,,,0.0,shopify,99999,continue,manual,79.95,132.95,true,false,https://cdn.shopify.com/s/files/1/1074/0200/2757/files/Men_s_Textured_Crew_Neck_Sweater_for_Autumnvdfee.jpg?v=1789230398,,,
mens-textured-crew-neck-sweater-for-autumn,,,Khaki,,S,,,,0.0,shopify,99999,continue,manual,79.95,132.95,true,false,https://cdn.shopify.com/s/files/1/1074/0200/2757/files/Men_s_Textured_Crew_Neck_Sweater_for_Autumnvde.jpg?v=1789230417,,,
mens-textured-crew-neck-sweater-for-autumn,,,Khaki,,M,,,,0.0,shopify,99999,continue,manual,79.95,132.95,true,false,https://cdn.shopify.com/s/files/1/1074/0200/2757/files/Men_s_Textured_Crew_Neck_Sweater_for_Autumnvde.jpg?v=1789230417,,,
mens-textured-crew-neck-sweater-for-autumn,,,Khaki,,L,,,,0.0,shopify,99999,continue,manual,79.95,132.95,true,false,https://cdn.shopify.com/s/files/1/1074/0200/2757/files/Men_s_Textured_Crew_Neck_Sweater_for_Autumnvde.jpg?v=1789230417,,,
mens-textured-crew-neck-sweater-for-autumn,,,Khaki,,XL,,,,0.0,shopify,99999,continue,manual,79.95,132.95,true,false,https://cdn.shopify.com/s/files/1/1074/0200/2757/files/Men_s_Textured_Crew_Neck_Sweater_for_Autumnvde.jpg?v=1789230417,,,
mens-textured-crew-neck-sweater-for-autumn,,,Khaki,,2XL,,,,0.0,shopify,99999,continue,manual,79.95,132.95,true,false,https://cdn.shopify.com/s/files/1/1074/0200/2757/files/Men_s_Textured_Crew_Neck_Sweater_for_Autumnvde.jpg?v=1789230417,,,
mens-textured-crew-neck-sweater-for-autumn,,,Khaki,,3XL,,,,0.0,shopify,99999,continue,manual,79.95,132.95,true,false,https://cdn.shopify.com/s/files/1/1074/0200/2757/files/Men_s_Textured_Crew_Neck_Sweater_for_Autumnvde.jpg?v=1789230417,,,
mens-textured-crew-neck-sweater-for-autumn,,,Gray,,S,,,,0.0,shopify,99999,continue,manual,79.95,132.95,true,false,https://cdn.shopify.com/s/files/1/1074/0200/2757/files/Men_s_Textured_Crew_Neck_Sweater_for_Autumnvdcef.jpg?v=1789230447,,,
mens-textured-crew-neck-sweater-for-autumn,,,Gray,,M,,,,0.0,shopify,99999,continue,manual,79.95,132.95,true,false,https://cdn.shopify.com/s/files/1/1074/0200/2757/files/Men_s_Textured_Crew_Neck_Sweater_for_Autumnvdcef.jpg?v=1789230447,,,
mens-textured-crew-neck-sweater-for-autumn,,,Gray,,L,,,,0.0,shopify,99999,continue,manual,79.95,132.95,true,false,https://cdn.shopify.com/s/files/1/1074/0200/2757/files/Men_s_Textured_Crew_Neck_Sweater_for_Autumnvdcef.jpg?v=1789230447,,,
mens-textured-crew-neck-sweater-for-autumn,,,Gray,,XL,,,,0.0,shopify,99999,continue,manual,79.95,132.95,true,false,https://cdn.shopify.com/s/files/1/1074/0200/2757/files/Men_s_Textured_Crew_Neck_Sweater_for_Autumnvdcef.jpg?v=1789230447,,,
mens-textured-crew-neck-sweater-for-autumn,,,Gray,,2XL,,,,0.0,shopify,99999,continue,manual,79.95,132.95,true,false,https://cdn.shopify.com/s/files/1/1074/0200/2757/files/Men_s_Textured_Crew_Neck_Sweater_for_Autumnvdcef.jpg?v=1789230447,,,
mens-textured-crew-neck-sweater-for-autumn,,,Gray,,3XL,,,,0.0,shopify,99999,continue,manual,79.95,132.95,true,false,https://cdn.shopify.com/s/files/1/1074/0200/2757/files/Men_s_Textured_Crew_Neck_Sweater_for_Autumnvdcef.jpg?v=1789230447,,,
mens-textured-crew-neck-sweater-for-autumn,,,Dark Blue,,S,,,,0.0,shopify,99999,continue,manual,79.95,132.95,true,false,https://cdn.shopify.com/s/files/1/1074/0200/2757/files/Men_s_Textured_Crew_Neck_Sweater_for_Autumnvdew.jpg?v=1789230472,,,
mens-textured-crew-neck-sweater-for-autumn,,,Dark Blue,,M,,,,0.0,shopify,99999,continue,manual,79.95,132.95,true,false,https://cdn.shopify.com/s/files/1/1074/0200/2757/files/Men_s_Textured_Crew_Neck_Sweater_for_Autumnvdew.jpg?v=1789230472,,,
mens-textured-crew-neck-sweater-for-autumn,,,Dark Blue,,L,,,,0.0,shopify,99999,continue,manual,79.95,132.95,true,false,https://cdn.shopify.com/s/files/1/1074/0200/2757/files/Men_s_Textured_Crew_Neck_Sweater_for_Autumnvdew.jpg?v=1789230472,,,
mens-textured-crew-neck-sweater-for-autumn,,,Dark Blue,,XL,,,,0.0,shopify,99999,continue,manual,79.95,132.95,true,false,https://cdn.shopify.com/s/files/1/1074/0200/2757/files/Men_s_Textured_Crew_Neck_Sweater_for_Autumnvdew.jpg?v=1789230472,,,
mens-textured-crew-neck-sweater-for-autumn,,,Dark Blue,,2XL,,,,0.0,shopify,99999,continue,manual,79.95,132.95,true,false,https://cdn.shopify.com/s/files/1/1074/0200/2757/files/Men_s_Textured_Crew_Neck_Sweater_for_Autumnvdew.jpg?v=1789230472,,,
mens-textured-crew-neck-sweater-for-autumn,,,Dark Blue,,3XL,,,,0.0,shopify,99999,continue,manual,79.95,132.95,true,false,https://cdn.shopify.com/s/files/1/1074/0200/2757/files/Men_s_Textured_Crew_Neck_Sweater_for_Autumnvdew.jpg?v=1789230472,,,
mens-textured-crew-neck-sweater-for-autumn,,,Black,,S,,,,0.0,shopify,99999,continue,manual,79.95,132.95,true,false,https://cdn.shopify.com/s/files/1/1074/0200/2757/files/Men_s_Textured_Crew_Neck_Sweater_for_Autumncvde.jpg?v=1789230506,,,
mens-textured-crew-neck-sweater-for-autumn,,,Black,,M,,,,0.0,shopify,99999,continue,manual,79.95,132.95,true,false,https://cdn.shopify.com/s/files/1/1074/0200/2757/files/Men_s_Textured_Crew_Neck_Sweater_for_Autumncvde.jpg?v=1789230506,,,
mens-textured-crew-neck-sweater-for-autumn,,,Black,,L,,,,0.0,shopify,99999,continue,manual,79.95,132.95,true,false,https://cdn.shopify.com/s/files/1/1074/0200/2757/files/Men_s_Textured_Crew_Neck_Sweater_for_Autumncvde.jpg?v=1789230506,,,
mens-textured-crew-neck-sweater-for-autumn,,,Black,,XL,,,,0.0,shopify,99999,continue,manual,79.95,132.95,true,false,https://cdn.shopify.com/s/files/1/1074/0200/2757/files/Men_s_Textured_Crew_Neck_Sweater_for_Autumncvde.jpg?v=1789230506,,,
mens-textured-crew-neck-sweater-for-autumn,,,Black,,2XL,,,,0.0,shopify,99999,continue,manual,79.95,132.95,true,false,https://cdn.shopify.com/s/files/1/1074/0200/2757/files/Men_s_Textured_Crew_Neck_Sweater_for_Autumncvde.jpg?v=1789230506,,,
mens-textured-crew-neck-sweater-for-autumn,,,Black,,3XL,,,,0.0,shopify,99999,continue,manual,79.95,132.95,true,false,https://cdn.shopify.com/s/files/1/1074/0200/2757/files/Men_s_Textured_Crew_Neck_Sweater_for_Autumncvde.jpg?v=1789230506,,,
mens-textured-crew-neck-sweater-for-autumn,,,White,,S,,,,0.0,shopify,99999,continue,manual,79.95,132.95,true,false,https://cdn.shopify.com/s/files/1/1074/0200/2757/files/Men_s_Textured_Crew_Neck_Sweater_for_Autumnve3.jpg?v=1789230536,,,
mens-textured-crew-neck-sweater-for-autumn,,,White,,M,,,,0.0,shopify,99999,continue,manual,79.95,132.95,true,false,https://cdn.shopify.com/s/files/1/1074/0200/2757/files/Men_s_Textured_Crew_Neck_Sweater_for_Autumnve3.jpg?v=1789230536,,,
mens-textured-crew-neck-sweater-for-autumn,,,White,,L,,,,0.0,shopify,99999,continue,manual,79.95,132.95,true,false,https://cdn.shopify.com/s/files/1/1074/0200/2757/files/Men_s_Textured_Crew_Neck_Sweater_for_Autumnve3.jpg?v=1789230536,,,
mens-textured-crew-neck-sweater-for-autumn,,,White,,XL,,,,0.0,shopify,99999,continue,manual,79.95,132.95,true,false,https://cdn.shopify.com/s/files/1/1074/0200/2757/files/Men_s_Textured_Crew_Neck_Sweater_for_Autumnve3.jpg?v=1789230536,,,
mens-textured-crew-neck-sweater-for-autumn,,,White,,2XL,,,,0.0,shopify,99999,continue,manual,79.95,132.95,true,false,https://cdn.shopify.com/s/files/1/1074/0200/2757/files/Men_s_Textured_Crew_Neck_Sweater_for_Autumnve3.jpg?v=1789230536,,,
mens-textured-crew-neck-sweater-for-autumn,,,White,,3XL,,,,0.0,shopify,99999,continue,manual,79.95,132.95,true,false,https://cdn.shopify.com/s/files/1/1074/0200/2757/files/Men_s_Textured_Crew_Neck_Sweater_for_Autumnve3.jpg?v=1789230536,,,
mens-textured-crew-neck-sweater-for-autumn,,,,,,,,,,,,,,,,,,,https://cdn.shopify.com/s/files/1/1074/0200/2757/files/Men_s_Textured_Crew_Neck_Sweater_for_Autumndvf.jpg?v=1789230334,1,Men's Textured Crew Neck Sweater for Autumn
mens-textured-crew-neck-sweater-for-autumn,,,,,,,,,,,,,,,,,,,https://cdn.shopify.com/s/files/1/1074/0200/2757/files/Men_s_Textured_Crew_Neck_Sweater_for_Autumnvdfe.jpg?v=1789230351,2,Men's Textured Crew Neck Sweater for Autumn
mens-textured-crew-neck-sweater-for-autumn,,,,,,,,,,,,,,,,,,,https://cdn.shopify.com/s/files/1/1074/0200/2757/files/Men_s_Textured_Crew_Neck_Sweater_for_Autumnvdee.jpg?v=1789230372,3,Men's Textured Crew Neck Sweater for Autumn
mens-textured-crew-neck-sweater-for-autumn,,,,,,,,,,,,,,,,,,,https://cdn.shopify.com/s/files/1/1074/0200/2757/files/Men_s_Textured_Crew_Neck_Sweater_for_Autumnvdfee.jpg?v=1789230398,4,Men's Textured Crew Neck Sweater for Autumn
mens-textured-crew-neck-sweater-for-autumn,,,,,,,,,,,,,,,,,,,https://cdn.shopify.com/s/files/1/1074/0200/2757/files/Men_s_Textured_Crew_Neck_Sweater_for_Autumnvde.jpg?v=1789230417,5,Men's Textured Crew Neck Sweater for Autumn
mens-textured-crew-neck-sweater-for-autumn,,,,,,,,,,,,,,,,,,,https://cdn.shopify.com/s/files/1/1074/0200/2757/files/Men_s_Textured_Crew_Neck_Sweater_for_Autumnvdcef.jpg?v=1789230447,6,Men's Textured Crew Neck Sweater for Autumn
mens-textured-crew-neck-sweater-for-autumn,,,,,,,,,,,,,,,,,,,https://cdn.shopify.com/s/files/1/1074/0200/2757/files/Men_s_Textured_Crew_Neck_Sweater_for_Autumnvdew.jpg?v=1789230472,7,Men's Textured Crew Neck Sweater for Autumn
mens-textured-crew-neck-sweater-for-autumn,,,,,,,,,,,,,,,,,,,https://cdn.shopify.com/s/files/1/1074/0200/2757/files/Men_s_Textured_Crew_Neck_Sweater_for_Autumncvde.jpg?v=1789230506,8,Men's Textured Crew Neck Sweater for Autumn
mens-textured-crew-neck-sweater-for-autumn,,,,,,,,,,,,,,,,,,,https://cdn.shopify.com/s/files/1/1074/0200/2757/files/Men_s_Textured_Crew_Neck_Sweater_for_Autumnve3.jpg?v=1789230536,9,Men's Textured Crew Neck Sweater for Autumn
mens-smart-casual-two-piece-set,Men's Smart Casual Two-Piece Set,Color,Khaki,Size,S,,,,0.0,shopify,99999,continue,manual,114.95,190.95,true,false,https://cdn.shopify.com/s/files/1/1074/0200/2757/files/Men_s_Smart_Casual_Two-Piece_Setvds.jpg?v=1789320458,,,
mens-smart-casual-two-piece-set,,,Khaki,,M,,,,0.0,shopify,99999,continue,manual,114.95,190.95,true,false,https://cdn.shopify.com/s/files/1/1074/0200/2757/files/Men_s_Smart_Casual_Two-Piece_Setvds.jpg?v=1789320458,,,
mens-smart-casual-two-piece-set,,,Khaki,,L,,,,0.0,shopify,99999,continue,manual,114.95,190.95,true,false,https://cdn.shopify.com/s/files/1/1074/0200/2757/files/Men_s_Smart_Casual_Two-Piece_Setvds.jpg?v=1789320458,,,
mens-smart-casual-two-piece-set,,,Khaki,,XL,,,,0.0,shopify,99999,continue,manual,114.95,190.95,true,false,https://cdn.shopify.com/s/files/1/1074/0200/2757/files/Men_s_Smart_Casual_Two-Piece_Setvds.jpg?v=1789320458,,,
mens-smart-casual-two-piece-set,,,Khaki,,2XL,,,,0.0,shopify,99999,continue,manual,114.95,190.95,true,false,https://cdn.shopify.com/s/files/1/1074/0200/2757/files/Men_s_Smart_Casual_Two-Piece_Setvds.jpg?v=1789320458,,,
mens-smart-casual-two-piece-set,,,Khaki,,3XL,,,,0.0,shopify,99999,continue,manual,114.95,190.95,true,false,https://cdn.shopify.com/s/files/1/1074/0200/2757/files/Men_s_Smart_Casual_Two-Piece_Setvds.jpg?v=1789320458,,,
mens-smart-casual-two-piece-set,,,Gray,,S,,,,0.0,shopify,99999,continue,manual,114.95,190.95,true,false,https://cdn.shopify.com/s/files/1/1074/0200/2757/files/Men_s_Smart_Casual_Two-Piece_Setvdfc4.jpg?v=1789320471,,,
mens-smart-casual-two-piece-set,,,Gray,,M,,,,0.0,shopify,99999,continue,manual,114.95,190.95,true,false,https://cdn.shopify.com/s/files/1/1074/0200/2757/files/Men_s_Smart_Casual_Two-Piece_Setvdfc4.jpg?v=1789320471,,,
mens-smart-casual-two-piece-set,,,Gray,,L,,,,0.0,shopify,99999,continue,manual,114.95,190.95,true,false,https://cdn.shopify.com/s/files/1/1074/0200/2757/files/Men_s_Smart_Casual_Two-Piece_Setvdfc4.jpg?v=1789320471,,,
mens-smart-casual-two-piece-set,,,Gray,,XL,,,,0.0,shopify,99999,continue,manual,114.95,190.95,true,false,https://cdn.shopify.com/s/files/1/1074/0200/2757/files/Men_s_Smart_Casual_Two-Piece_Setvdfc4.jpg?v=1789320471,,,
mens-smart-casual-two-piece-set,,,Gray,,2XL,,,,0.0,shopify,99999,continue,manual,114.95,190.95,true,false,https://cdn.shopify.com/s/files/1/1074/0200/2757/files/Men_s_Smart_Casual_Two-Piece_Setvdfc4.jpg?v=1789320471,,,
mens-smart-casual-two-piece-set,,,Gray,,3XL,,,,0.0,shopify,99999,continue,manual,114.95,190.95,true,false,https://cdn.shopify.com/s/files/1/1074/0200/2757/files/Men_s_Smart_Casual_Two-Piece_Setvdfc4.jpg?v=1789320471,,,
mens-smart-casual-two-piece-set,,,Navy Blue,,S,,,,0.0,shopify,99999,continue,manual,114.95,190.95,true,false,https://cdn.shopify.com/s/files/1/1074/0200/2757/files/Men_s_Smart_Casual_Two-Piece_Setdf.jpg?v=1789320491,,,
mens-smart-casual-two-piece-set,,,Navy Blue,,M,,,,0.0,shopify,99999,continue,manual,114.95,190.95,true,false,https://cdn.shopify.com/s/files/1/1074/0200/2757/files/Men_s_Smart_Casual_Two-Piece_Setdf.jpg?v=1789320491,,,
mens-smart-casual-two-piece-set,,,Navy Blue,,L,,,,0.0,shopify,99999,continue,manual,114.95,190.95,true,false,https://cdn.shopify.com/s/files/1/1074/0200/2757/files/Men_s_Smart_Casual_Two-Piece_Setdf.jpg?v=1789320491,,,
mens-smart-casual-two-piece-set,,,Navy Blue,,XL,,,,0.0,shopify,99999,continue,manual,114.95,190.95,true,false,https://cdn.shopify.com/s/files/1/1074/0200/2757/files/Men_s_Smart_Casual_Two-Piece_Setdf.jpg?v=1789320491,,,
mens-smart-casual-two-piece-set,,,Navy Blue,,2XL,,,,0.0,shopify,99999,continue,manual,114.95,190.95,true,false,https://cdn.shopify.com/s/files/1/1074/0200/2757/files/Men_s_Smart_Casual_Two-Piece_Setdf.jpg?v=1789320491,,,
mens-smart-casual-two-piece-set,,,Navy Blue,,3XL,,,,0.0,shopify,99999,continue,manual,114.95,190.95,true,false,https://cdn.shopify.com/s/files/1/1074/0200/2757/files/Men_s_Smart_Casual_Two-Piece_Setdf.jpg?v=1789320491,,,
mens-smart-casual-two-piece-set,,,Black,,S,,,,0.0,shopify,99999,continue,manual,114.95,190.95,true,false,https://cdn.shopify.com/s/files/1/1074/0200/2757/files/Men_s_Smart_Casual_Two-Piece_Setvdf4.jpg?v=1789320480,,,
mens-smart-casual-two-piece-set,,,Black,,M,,,,0.0,shopify,99999,continue,manual,114.95,190.95,true,false,https://cdn.shopify.com/s/files/1/1074/0200/2757/files/Men_s_Smart_Casual_Two-Piece_Setvdf4.jpg?v=1789320480,,,
mens-smart-casual-two-piece-set,,,Black,,L,,,,0.0,shopify,99999,continue,manual,114.95,190.95,true,false,https://cdn.shopify.com/s/files/1/1074/0200/2757/files/Men_s_Smart_Casual_Two-Piece_Setvdf4.jpg?v=1789320480,,,
mens-smart-casual-two-piece-set,,,Black,,XL,,,,0.0,shopify,99999,continue,manual,114.95,190.95,true,false,https://cdn.shopify.com/s/files/1/1074/0200/2757/files/Men_s_Smart_Casual_Two-Piece_Setvdf4.jpg?v=1789320480,,,
mens-smart-casual-two-piece-set,,,Black,,2XL,,,,0.0,shopify,99999,continue,manual,114.95,190.95,true,false,https://cdn.shopify.com/s/files/1/1074/0200/2757/files/Men_s_Smart_Casual_Two-Piece_Setvdf4.jpg?v=1789320480,,,
mens-smart-casual-two-piece-set,,,Black,,3XL,,,,0.0,shopify,99999,continue,manual,114.95,190.95,true,false,https://cdn.shopify.com/s/files/1/1074/0200/2757/files/Men_s_Smart_Casual_Two-Piece_Setvdf4.jpg?v=1789320480,,,
mens-smart-casual-two-piece-set,,,Army Green,,S,,,,0.0,shopify,99999,continue,manual,114.95,190.95,true,false,https://cdn.shopify.com/s/files/1/1074/0200/2757/files/Men_s_Smart_Casual_Two-Piece_Setvd.jpg?v=1789320500,,,
mens-smart-casual-two-piece-set,,,Army Green,,M,,,,0.0,shopify,99999,continue,manual,114.95,190.95,true,false,https://cdn.shopify.com/s/files/1/1074/0200/2757/files/Men_s_Smart_Casual_Two-Piece_Setvd.jpg?v=1789320500,,,
mens-smart-casual-two-piece-set,,,Army Green,,L,,,,0.0,shopify,99999,continue,manual,114.95,190.95,true,false,https://cdn.shopify.com/s/files/1/1074/0200/2757/files/Men_s_Smart_Casual_Two-Piece_Setvd.jpg?v=1789320500,,,
mens-smart-casual-two-piece-set,,,Army Green,,XL,,,,0.0,shopify,99999,continue,manual,114.95,190.95,true,false,https://cdn.shopify.com/s/files/1/1074/0200/2757/files/Men_s_Smart_Casual_Two-Piece_Setvd.jpg?v=1789320500,,,
mens-smart-casual-two-piece-set,,,Army Green,,2XL,,,,0.0,shopify,99999,continue,manual,114.95,190.95,true,false,https://cdn.shopify.com/s/files/1/1074/0200/2757/files/Men_s_Smart_Casual_Two-Piece_Setvd.jpg?v=1789320500,,,
mens-smart-casual-two-piece-set,,,Army Green,,3XL,,,,0.0,shopify,99999,continue,manual,114.95,190.95,true,false,https://cdn.shopify.com/s/files/1/1074/0200/2757/files/Men_s_Smart_Casual_Two-Piece_Setvd.jpg?v=1789320500,,,
mens-smart-casual-two-piece-set,,,,,,,,,,,,,,,,,,,https://cdn.shopify.com/s/files/1/1074/0200/2757/files/Men_s_Smart_Casual_Two-Piece_Setvds.jpg?v=1789320458,1,Men's Smart Casual Two-Piece Set
mens-smart-casual-two-piece-set,,,,,,,,,,,,,,,,,,,https://cdn.shopify.com/s/files/1/1074/0200/2757/files/Men_s_Smart_Casual_Two-Piece_Setvdfc4.jpg?v=1789320471,2,Men's Smart Casual Two-Piece Set
mens-smart-casual-two-piece-set,,,,,,,,,,,,,,,,,,,https://cdn.shopify.com/s/files/1/1074/0200/2757/files/Men_s_Smart_Casual_Two-Piece_Setvdf4.jpg?v=1789320480,3,Men's Smart Casual Two-Piece Set
mens-smart-casual-two-piece-set,,,,,,,,,,,,,,,,,,,https://cdn.shopify.com/s/files/1/1074/0200/2757/files/Men_s_Smart_Casual_Two-Piece_Setdf.jpg?v=1789320491,4,Men's Smart Casual Two-Piece Set
mens-smart-casual-two-piece-set,,,,,,,,,,,,,,,,,,,https://cdn.shopify.com/s/files/1/1074/0200/2757/files/Men_s_Smart_Casual_Two-Piece_Setvd.jpg?v=1789320500,5,Men's Smart Casual Two-Piece Set
mens-smart-casual-two-piece-set,,,,,,,,,,,,,,,,,,,https://cdn.shopify.com/s/files/1/1074/0200/2757/files/Men_s_Smart_Casual_Two-Piece_Setdds.jpg?v=1789320509,6,Men's Smart Casual Two-Piece Set
mens-smart-casual-two-piece-set,,,,,,,,,,,,,,,,,,,https://cdn.shopify.com/s/files/1/1074/0200/2757/files/Men_s_Smart_Casual_Two-Piece_Setvfdd3.jpg?v=1789320522,7,Men's Smart Casual Two-Piece Set
adjustable-crossbody-sling-bag-for-everyday-carry,Adjustable Crossbody Sling Bag for Everyday Carry,Color,Light Gray,Style,Left-handed,,,,0.0,shopify,999998,continue,manual,24.95,40.95,true,false,https://cdn.shopify.com/s/files/1/1074/0200/2757/files/Adjustable_Crossbody_Sling_Bag_for_Everyday_Carryfgf.png?v=1789149422,,,
adjustable-crossbody-sling-bag-for-everyday-carry,,,Light Gray,,Right-handed,,,,0.0,shopify,999999,continue,manual,24.95,40.95,true,false,https://cdn.shopify.com/s/files/1/1074/0200/2757/files/Adjustable_Crossbody_Sling_Bag_for_Everyday_Carryfgf.png?v=1789149422,,,
adjustable-crossbody-sling-bag-for-everyday-carry,,,Black,,Left-handed,,,,0.0,shopify,999999,continue,manual,24.95,40.95,true,false,https://cdn.shopify.com/s/files/1/1074/0200/2757/files/Adjustable_Crossbody_Sling_Bag_for_Everyday_Carryvds.png?v=1789149438,,,
adjustable-crossbody-sling-bag-for-everyday-carry,,,Black,,Right-handed,,,,0.0,shopify,999999,continue,manual,24.95,40.95,true,false,https://cdn.shopify.com/s/files/1/1074/0200/2757/files/Adjustable_Crossbody_Sling_Bag_for_Everyday_Carryvds.png?v=1789149438,,,
adjustable-crossbody-sling-bag-for-everyday-carry,,,Orange,,Left-handed,,,,0.0,shopify,999999,continue,manual,24.95,40.95,true,false,https://cdn.shopify.com/s/files/1/1074/0200/2757/files/Adjustable_Crossbody_Sling_Bag_for_Everyday_Carryvsa.png?v=1789149448,,,
adjustable-crossbody-sling-bag-for-everyday-carry,,,Orange,,Right-handed,,,,0.0,shopify,999999,continue,manual,24.95,40.95,true,false,https://cdn.shopify.com/s/files/1/1074/0200/2757/files/Adjustable_Crossbody_Sling_Bag_for_Everyday_Carryvsa.png?v=1789149448,,,
adjustable-crossbody-sling-bag-for-everyday-carry,,,Green,,Left-handed,,,,0.0,shopify,999999,continue,manual,24.95,40.95,true,false,https://cdn.shopify.com/s/files/1/1074/0200/2757/files/Adjustable_Crossbody_Sling_Bag_for_Everyday_Carrysa.png?v=1789149471,,,
adjustable-crossbody-sling-bag-for-everyday-carry,,,Green,,Right-handed,,,,0.0,shopify,999999,continue,manual,24.95,40.95,true,false,https://cdn.shopify.com/s/files/1/1074/0200/2757/files/Adjustable_Crossbody_Sling_Bag_for_Everyday_Carrysa.png?v=1789149471,,,
adjustable-crossbody-sling-bag-for-everyday-carry,,,Dark Gray,,Left-handed,,,,0.0,shopify,999999,continue,manual,24.95,40.95,true,false,https://cdn.shopify.com/s/files/1/1074/0200/2757/files/Adjustable_Crossbody_Sling_Bag_for_Everyday_Carryvsad.png?v=1789149482,,,
adjustable-crossbody-sling-bag-for-everyday-carry,,,Dark Gray,,Right-handed,,,,0.0,shopify,999998,continue,manual,24.95,40.95,true,false,https://cdn.shopify.com/s/files/1/1074/0200/2757/files/Adjustable_Crossbody_Sling_Bag_for_Everyday_Carryvsad.png?v=1789149482,,,
adjustable-crossbody-sling-bag-for-everyday-carry,,,Turquoise,,Left-handed,,,,0.0,shopify,999999,continue,manual,24.95,40.95,true,false,https://cdn.shopify.com/s/files/1/1074/0200/2757/files/Adjustable_Crossbody_Sling_Bag_for_Everyday_Carryvdss.png?v=1789149505,,,
adjustable-crossbody-sling-bag-for-everyday-carry,,,Turquoise,,Right-handed,,,,0.0,shopify,999999,continue,manual,24.95,40.95,true,false,https://cdn.shopify.com/s/files/1/1074/0200/2757/files/Adjustable_Crossbody_Sling_Bag_for_Everyday_Carryvdss.png?v=1789149505,,,
adjustable-crossbody-sling-bag-for-everyday-carry,,,Dark Blue,,Left-handed,,,,0.0,shopify,999999,continue,manual,24.95,40.95,true,false,https://cdn.shopify.com/s/files/1/1074/0200/2757/files/Adjustable_Crossbody_Sling_Bag_for_Everyday_Carryju.png?v=1789149537,,,
adjustable-crossbody-sling-bag-for-everyday-carry,,,Dark Blue,,Right-handed,,,,0.0,shopify,999999,continue,manual,24.95,40.95,true,false,https://cdn.shopify.com/s/files/1/1074/0200/2757/files/Adjustable_Crossbody_Sling_Bag_for_Everyday_Carryju.png?v=1789149537,,,
adjustable-crossbody-sling-bag-for-everyday-carry,,,Beige,,Left-handed,,,,0.0,shopify,999999,continue,manual,24.95,40.95,true,false,https://cdn.shopify.com/s/files/1/1074/0200/2757/files/Adjustable_Crossbody_Sling_Bag_for_Everyday_Carryvsda.png?v=1789149549,,,
adjustable-crossbody-sling-bag-for-everyday-carry,,,Beige,,Right-handed,,,,0.0,shopify,999999,continue,manual,24.95,40.95,true,false,https://cdn.shopify.com/s/files/1/1074/0200/2757/files/Adjustable_Crossbody_Sling_Bag_for_Everyday_Carryvsda.png?v=1789149549,,,
adjustable-crossbody-sling-bag-for-everyday-carry,,,Purple,,Left-handed,,,,0.0,shopify,999999,continue,manual,24.95,40.95,true,false,https://cdn.shopify.com/s/files/1/1074/0200/2757/files/Adjustable_Crossbody_Sling_Bag_for_Everyday_Carrybdf.png?v=1789149559,,,
adjustable-crossbody-sling-bag-for-everyday-carry,,,Purple,,Right-handed,,,,0.0,shopify,999999,continue,manual,24.95,40.95,true,false,https://cdn.shopify.com/s/files/1/1074/0200/2757/files/Adjustable_Crossbody_Sling_Bag_for_Everyday_Carrybdf.png?v=1789149559,,,
adjustable-crossbody-sling-bag-for-everyday-carry,,,Red,,Left-handed,,,,0.0,shopify,999999,continue,manual,24.95,40.95,true,false,https://cdn.shopify.com/s/files/1/1074/0200/2757/files/Adjustable_Crossbody_Sling_Bag_for_Everyday_Carryfwa.png?v=1789149579,,,
adjustable-crossbody-sling-bag-for-everyday-carry,,,Red,,Right-handed,,,,0.0,shopify,999999,continue,manual,24.95,40.95,true,false,https://cdn.shopify.com/s/files/1/1074/0200/2757/files/Adjustable_Crossbody_Sling_Bag_for_Everyday_Carryfwa.png?v=1789149579,,,
adjustable-crossbody-sling-bag-for-everyday-carry,,,,,,,,,,,,,,,,,,,https://cdn.shopify.com/s/files/1/1074/0200/2757/files/Adjustable_Crossbody_Sling_Bag_for_Everyday_Carryfgf.png?v=1789149422,1,Adjustable Crossbody Sling Bag for Everyday Carry
adjustable-crossbody-sling-bag-for-everyday-carry,,,,,,,,,,,,,,,,,,,https://cdn.shopify.com/s/files/1/1074/0200/2757/files/Adjustable_Crossbody_Sling_Bag_for_Everyday_Carryvds.png?v=1789149438,2,Adjustable Crossbody Sling Bag for Everyday Carry
adjustable-crossbody-sling-bag-for-everyday-carry,,,,,,,,,,,,,,,,,,,https://cdn.shopify.com/s/files/1/1074/0200/2757/files/Adjustable_Crossbody_Sling_Bag_for_Everyday_Carryvsa.png?v=1789149448,3,Adjustable Crossbody Sling Bag for Everyday Carry
adjustable-crossbody-sling-bag-for-everyday-carry,,,,,,,,,,,,,,,,,,,https://cdn.shopify.com/s/files/1/1074/0200/2757/files/Adjustable_Crossbody_Sling_Bag_for_Everyday_Carryvaa.png?v=1789149460,4,Adjustable Crossbody Sling Bag for Everyday Carry
adjustable-crossbody-sling-bag-for-everyday-carry,,,,,,,,,,,,,,,,,,,https://cdn.shopify.com/s/files/1/1074/0200/2757/files/Adjustable_Crossbody_Sling_Bag_for_Everyday_Carrysa.png?v=1789149471,5,Adjustable Crossbody Sling Bag for Everyday Carry
adjustable-crossbody-sling-bag-for-everyday-carry,,,,,,,,,,,,,,,,,,,https://cdn.shopify.com/s/files/1/1074/0200/2757/files/Adjustable_Crossbody_Sling_Bag_for_Everyday_Carryvsad.png?v=1789149482,6,Adjustable Crossbody Sling Bag for Everyday Carry
adjustable-crossbody-sling-bag-for-everyday-carry,,,,,,,,,,,,,,,,,,,https://cdn.shopify.com/s/files/1/1074/0200/2757/files/Adjustable_Crossbody_Sling_Bag_for_Everyday_Carryvdss.png?v=1789149505,7,Adjustable Crossbody Sling Bag for Everyday Carry
adjustable-crossbody-sling-bag-for-everyday-carry,,,,,,,,,,,,,,,,,,,https://cdn.shopify.com/s/files/1/1074/0200/2757/files/Adjustable_Crossbody_Sling_Bag_for_Everyday_Carryju.png?v=1789149537,8,Adjustable Crossbody Sling Bag for Everyday Carry
adjustable-crossbody-sling-bag-for-everyday-carry,,,,,,,,,,,,,,,,,,,https://cdn.shopify.com/s/files/1/1074/0200/2757/files/Adjustable_Crossbody_Sling_Bag_for_Everyday_Carryvsda.png?v=1789149549,9,Adjustable Crossbody Sling Bag for Everyday Carry
adjustable-crossbody-sling-bag-for-everyday-carry,,,,,,,,,,,,,,,,,,,https://cdn.shopify.com/s/files/1/1074/0200/2757/files/Adjustable_Crossbody_Sling_Bag_for_Everyday_Carrybdf.png?v=1789149559,10,Adjustable Crossbody Sling Bag for Everyday Carry
adjustable-crossbody-sling-bag-for-everyday-carry,,,,,,,,,,,,,,,,,,,https://cdn.shopify.com/s/files/1/1074/0200/2757/files/Adjustable_Crossbody_Sling_Bag_for_Everyday_Carryfwa.png?v=1789149579,11,Adjustable Crossbody Sling Bag for Everyday Carry
mens-utility-jacket-for-seasonal-outdoor-wear,Men's Utility Jacket for Seasonal Outdoor Wear,Color,Army Green,Size,S,,,,0.0,shopify,999999,continue,manual,79.95,132.95,true,false,https://cdn.shopify.com/s/files/1/1074/0200/2757/files/Men_s_Utility_Jacket_for_Seasonal_Outdoor_Wearvs.jpg?v=1789958330,,,
mens-utility-jacket-for-seasonal-outdoor-wear,,,Army Green,,M,,,,0.0,shopify,999999,continue,manual,79.95,132.95,true,false,https://cdn.shopify.com/s/files/1/1074/0200/2757/files/Men_s_Utility_Jacket_for_Seasonal_Outdoor_Wearvs.jpg?v=1789958330,,,
mens-utility-jacket-for-seasonal-outdoor-wear,,,Army Green,,L,,,,0.0,shopify,999999,continue,manual,79.95,132.95,true,false,https://cdn.shopify.com/s/files/1/1074/0200/2757/files/Men_s_Utility_Jacket_for_Seasonal_Outdoor_Wearvs.jpg?v=1789958330,,,
mens-utility-jacket-for-seasonal-outdoor-wear,,,Army Green,,XL,,,,0.0,shopify,999998,continue,manual,79.95,132.95,true,false,https://cdn.shopify.com/s/files/1/1074/0200/2757/files/Men_s_Utility_Jacket_for_Seasonal_Outdoor_Wearvs.jpg?v=1789958330,,,
mens-utility-jacket-for-seasonal-outdoor-wear,,,Army Green,,2XL,,,,0.0,shopify,999999,continue,manual,79.95,132.95,true,false,https://cdn.shopify.com/s/files/1/1074/0200/2757/files/Men_s_Utility_Jacket_for_Seasonal_Outdoor_Wearvs.jpg?v=1789958330,,,
mens-utility-jacket-for-seasonal-outdoor-wear,,,Army Green,,3XL,,,,0.0,shopify,999999,continue,manual,79.95,132.95,true,false,https://cdn.shopify.com/s/files/1/1074/0200/2757/files/Men_s_Utility_Jacket_for_Seasonal_Outdoor_Wearvs.jpg?v=1789958330,,,
mens-utility-jacket-for-seasonal-outdoor-wear,,,Sand Camouflage,,S,,,,0.0,shopify,999999,continue,manual,79.95,132.95,true,false,https://cdn.shopify.com/s/files/1/1074/0200/2757/files/Men_s_Utility_Jacket_for_Seasonal_Outdoor_Wearssa.jpg?v=1789958356,,,
mens-utility-jacket-for-seasonal-outdoor-wear,,,Sand Camouflage,,M,,,,0.0,shopify,999999,continue,manual,79.95,132.95,true,false,https://cdn.shopify.com/s/files/1/1074/0200/2757/files/Men_s_Utility_Jacket_for_Seasonal_Outdoor_Wearssa.jpg?v=1789958356,,,
mens-utility-jacket-for-seasonal-outdoor-wear,,,Sand Camouflage,,L,,,,0.0,shopify,999999,continue,manual,79.95,132.95,true,false,https://cdn.shopify.com/s/files/1/1074/0200/2757/files/Men_s_Utility_Jacket_for_Seasonal_Outdoor_Wearssa.jpg?v=1789958356,,,
mens-utility-jacket-for-seasonal-outdoor-wear,,,Sand Camouflage,,XL,,,,0.0,shopify,999999,continue,manual,79.95,132.95,true,false,https://cdn.shopify.com/s/files/1/1074/0200/2757/files/Men_s_Utility_Jacket_for_Seasonal_Outdoor_Wearssa.jpg?v=1789958356,,,
mens-utility-jacket-for-seasonal-outdoor-wear,,,Sand Camouflage,,2XL,,,,0.0,shopify,999999,continue,manual,79.95,132.95,true,false,https://cdn.shopify.com/s/files/1/1074/0200/2757/files/Men_s_Utility_Jacket_for_Seasonal_Outdoor_Wearssa.jpg?v=1789958356,,,
mens-utility-jacket-for-seasonal-outdoor-wear,,,Sand Camouflage,,3XL,,,,0.0,shopify,999999,continue,manual,79.95,132.95,true,false,https://cdn.shopify.com/s/files/1/1074/0200/2757/files/Men_s_Utility_Jacket_for_Seasonal_Outdoor_Wearssa.jpg?v=1789958356,,,
mens-utility-jacket-for-seasonal-outdoor-wear,,,Green Camouflage,,S,,,,0.0,shopify,999999,continue,manual,79.95,132.95,true,false,https://cdn.shopify.com/s/files/1/1074/0200/2757/files/Men_s_Utility_Jacket_for_Seasonal_Outdoor_Wearvds.png?v=1789958375,,,
mens-utility-jacket-for-seasonal-outdoor-wear,,,Green Camouflage,,M,,,,0.0,shopify,999999,continue,manual,79.95,132.95,true,false,https://cdn.shopify.com/s/files/1/1074/0200/2757/files/Men_s_Utility_Jacket_for_Seasonal_Outdoor_Wearvds.png?v=1789958375,,,
mens-utility-jacket-for-seasonal-outdoor-wear,,,Green Camouflage,,L,,,,0.0,shopify,999999,continue,manual,79.95,132.95,true,false,https://cdn.shopify.com/s/files/1/1074/0200/2757/files/Men_s_Utility_Jacket_for_Seasonal_Outdoor_Wearvds.png?v=1789958375,,,
mens-utility-jacket-for-seasonal-outdoor-wear,,,Green Camouflage,,XL,,,,0.0,shopify,999999,continue,manual,79.95,132.95,true,false,https://cdn.shopify.com/s/files/1/1074/0200/2757/files/Men_s_Utility_Jacket_for_Seasonal_Outdoor_Wearvds.png?v=1789958375,,,
mens-utility-jacket-for-seasonal-outdoor-wear,,,Green Camouflage,,2XL,,,,0.0,shopify,999999,continue,manual,79.95,132.95,true,false,https://cdn.shopify.com/s/files/1/1074/0200/2757/files/Men_s_Utility_Jacket_for_Seasonal_Outdoor_Wearvds.png?v=1789958375,,,
mens-utility-jacket-for-seasonal-outdoor-wear,,,Green Camouflage,,3XL,,,,0.0,shopify,999999,continue,manual,79.95,132.95,true,false,https://cdn.shopify.com/s/files/1/1074/0200/2757/files/Men_s_Utility_Jacket_for_Seasonal_Outdoor_Wearvds.png?v=1789958375,,,
mens-utility-jacket-for-seasonal-outdoor-wear,,,,,,,,,,,,,,,,,,,https://cdn.shopify.com/s/files/1/1074/0200/2757/files/Men_s_Utility_Jacket_for_Seasonal_Outdoor_Wearvs.jpg?v=1789958330,1,Men's Utility Jacket for Seasonal Outdoor Wear
mens-utility-jacket-for-seasonal-outdoor-wear,,,,,,,,,,,,,,,,,,,https://cdn.shopify.com/s/files/1/1074/0200/2757/files/Men_s_Utility_Jacket_for_Seasonal_Outdoor_Wearssa.jpg?v=1789958356,2,Men's Utility Jacket for Seasonal Outdoor Wear
mens-utility-jacket-for-seasonal-outdoor-wear,,,,,,,,,,,,,,,,,,,https://cdn.shopify.com/s/files/1/1074/0200/2757/files/Men_s_Utility_Jacket_for_Seasonal_Outdoor_Wearvds.png?v=1789958375,3,Men's Utility Jacket for Seasonal Outdoor Wear
mens-utility-jacket-for-seasonal-outdoor-wear,,,,,,,,,,,,,,,,,,,https://cdn.shopify.com/s/files/1/1074/0200/2757/files/Men_s_Utility_Jacket_for_Seasonal_Outdoor_Wearvsd.jpg?v=1789958398,4,Men's Utility Jacket for Seasonal Outdoor Wear
womens-blouse-with-floral-pattern-and-button-placket,Women's Blouse with Floral Pattern and Button Placket,Color,Green,Size,S,,,,0.0,shopify,999999,continue,manual,34.95,57.95,true,false,https://cdn.shopify.com/s/files/1/1074/0200/2757/files/Women_s_Blouse_with_Floral_Pattern_and_Button_Placketvds.jpg?v=1789147749,,,
womens-blouse-with-floral-pattern-and-button-placket,,,Green,,M,,,,0.0,shopify,999999,continue,manual,34.95,57.95,true,false,https://cdn.shopify.com/s/files/1/1074/0200/2757/files/Women_s_Blouse_with_Floral_Pattern_and_Button_Placketvds.jpg?v=1789147749,,,
womens-blouse-with-floral-pattern-and-button-placket,,,Green,,L,,,,0.0,shopify,999999,continue,manual,34.95,57.95,true,false,https://cdn.shopify.com/s/files/1/1074/0200/2757/files/Women_s_Blouse_with_Floral_Pattern_and_Button_Placketvds.jpg?v=1789147749,,,
womens-blouse-with-floral-pattern-and-button-placket,,,Green,,XL,,,,0.0,shopify,999999,continue,manual,34.95,57.95,true,false,https://cdn.shopify.com/s/files/1/1074/0200/2757/files/Women_s_Blouse_with_Floral_Pattern_and_Button_Placketvds.jpg?v=1789147749,,,
womens-blouse-with-floral-pattern-and-button-placket,,,Green,,2XL,,,,0.0,shopify,999999,continue,manual,34.95,57.95,true,false,https://cdn.shopify.com/s/files/1/1074/0200/2757/files/Women_s_Blouse_with_Floral_Pattern_and_Button_Placketvds.jpg?v=1789147749,,,
womens-blouse-with-floral-pattern-and-button-placket,,,Green,,3XL,,,,0.0,shopify,999999,continue,manual,34.95,57.95,true,false,https://cdn.shopify.com/s/files/1/1074/0200/2757/files/Women_s_Blouse_with_Floral_Pattern_and_Button_Placketvds.jpg?v=1789147749,,,
womens-blouse-with-floral-pattern-and-button-placket,,,Pink,,S,,,,0.0,shopify,999999,continue,manual,34.95,57.95,true,false,https://cdn.shopify.com/s/files/1/1074/0200/2757/files/Women_s_Blouse_with_Floral_Pattern_and_Button_PlacketWomen_s_Blouse_with_Floral_Pattern_and_Button_Placketss.jpg?v=1789147757,,,
womens-blouse-with-floral-pattern-and-button-placket,,,Pink,,M,,,,0.0,shopify,999999,continue,manual,34.95,57.95,true,false,https://cdn.shopify.com/s/files/1/1074/0200/2757/files/Women_s_Blouse_with_Floral_Pattern_and_Button_PlacketWomen_s_Blouse_with_Floral_Pattern_and_Button_Placketss.jpg?v=1789147757,,,
womens-blouse-with-floral-pattern-and-button-placket,,,Pink,,L,,,,0.0,shopify,999999,continue,manual,34.95,57.95,true,false,https://cdn.shopify.com/s/files/1/1074/0200/2757/files/Women_s_Blouse_with_Floral_Pattern_and_Button_PlacketWomen_s_Blouse_with_Floral_Pattern_and_Button_Placketss.jpg?v=1789147757,,,
womens-blouse-with-floral-pattern-and-button-placket,,,Pink,,XL,,,,0.0,shopify,999999,continue,manual,34.95,57.95,true,false,https://cdn.shopify.com/s/files/1/1074/0200/2757/files/Women_s_Blouse_with_Floral_Pattern_and_Button_PlacketWomen_s_Blouse_with_Floral_Pattern_and_Button_Placketss.jpg?v=1789147757,,,
womens-blouse-with-floral-pattern-and-button-placket,,,Pink,,2XL,,,,0.0,shopify,999999,continue,manual,34.95,57.95,true,false,https://cdn.shopify.com/s/files/1/1074/0200/2757/files/Women_s_Blouse_with_Floral_Pattern_and_Button_PlacketWomen_s_Blouse_with_Floral_Pattern_and_Button_Placketss.jpg?v=1789147757,,,
womens-blouse-with-floral-pattern-and-button-placket,,,Pink,,3XL,,,,0.0,shopify,999999,continue,manual,34.95,57.95,true,false,https://cdn.shopify.com/s/files/1/1074/0200/2757/files/Women_s_Blouse_with_Floral_Pattern_and_Button_PlacketWomen_s_Blouse_with_Floral_Pattern_and_Button_Placketss.jpg?v=1789147757,,,
womens-blouse-with-floral-pattern-and-button-placket,,,Red,,S,,,,0.0,shopify,999999,continue,manual,34.95,57.95,true,false,https://cdn.shopify.com/s/files/1/1074/0200/2757/files/Women_s_Blouse_with_Floral_Pattern_and_Button_Placketvs.jpg?v=1789147767,,,
womens-blouse-with-floral-pattern-and-button-placket,,,Red,,M,,,,0.0,shopify,999999,continue,manual,34.95,57.95,true,false,https://cdn.shopify.com/s/files/1/1074/0200/2757/files/Women_s_Blouse_with_Floral_Pattern_and_Button_Placketvs.jpg?v=1789147767,,,
womens-blouse-with-floral-pattern-and-button-placket,,,Red,,L,,,,0.0,shopify,999999,continue,manual,34.95,57.95,true,false,https://cdn.shopify.com/s/files/1/1074/0200/2757/files/Women_s_Blouse_with_Floral_Pattern_and_Button_Placketvs.jpg?v=1789147767,,,
womens-blouse-with-floral-pattern-and-button-placket,,,Red,,XL,,,,0.0,shopify,999999,continue,manual,34.95,57.95,true,false,https://cdn.shopify.com/s/files/1/1074/0200/2757/files/Women_s_Blouse_with_Floral_Pattern_and_Button_Placketvs.jpg?v=1789147767,,,
womens-blouse-with-floral-pattern-and-button-placket,,,Red,,2XL,,,,0.0,shopify,999999,continue,manual,34.95,57.95,true,false,https://cdn.shopify.com/s/files/1/1074/0200/2757/files/Women_s_Blouse_with_Floral_Pattern_and_Button_Placketvs.jpg?v=1789147767,,,
womens-blouse-with-floral-pattern-and-button-placket,,,Red,,3XL,,,,0.0,shopify,999999,continue,manual,34.95,57.95,true,false,https://cdn.shopify.com/s/files/1/1074/0200/2757/files/Women_s_Blouse_with_Floral_Pattern_and_Button_Placketvs.jpg?v=1789147767,,,
womens-blouse-with-floral-pattern-and-button-placket,,,Brown,,S,,,,0.0,shopify,999999,continue,manual,34.95,57.95,true,false,https://cdn.shopify.com/s/files/1/1074/0200/2757/files/Women_s_Blouse_with_Floral_Pattern_and_Button_Placketdvs.jpg?v=1789147776,,,
womens-blouse-with-floral-pattern-and-button-placket,,,Brown,,M,,,,0.0,shopify,999999,continue,manual,34.95,57.95,true,false,https://cdn.shopify.com/s/files/1/1074/0200/2757/files/Women_s_Blouse_with_Floral_Pattern_and_Button_Placketdvs.jpg?v=1789147776,,,
womens-blouse-with-floral-pattern-and-button-placket,,,Brown,,L,,,,0.0,shopify,999999,continue,manual,34.95,57.95,true,false,https://cdn.shopify.com/s/files/1/1074/0200/2757/files/Women_s_Blouse_with_Floral_Pattern_and_Button_Placketdvs.jpg?v=1789147776,,,
womens-blouse-with-floral-pattern-and-button-placket,,,Brown,,XL,,,,0.0,shopify,999999,continue,manual,34.95,57.95,true,false,https://cdn.shopify.com/s/files/1/1074/0200/2757/files/Women_s_Blouse_with_Floral_Pattern_and_Button_Placketdvs.jpg?v=1789147776,,,
womens-blouse-with-floral-pattern-and-button-placket,,,Brown,,2XL,,,,0.0,shopify,999999,continue,manual,34.95,57.95,true,false,https://cdn.shopify.com/s/files/1/1074/0200/2757/files/Women_s_Blouse_with_Floral_Pattern_and_Button_Placketdvs.jpg?v=1789147776,,,
womens-blouse-with-floral-pattern-and-button-placket,,,Brown,,3XL,,,,0.0,shopify,999999,continue,manual,34.95,57.95,true,false,https://cdn.shopify.com/s/files/1/1074/0200/2757/files/Women_s_Blouse_with_Floral_Pattern_and_Button_Placketdvs.jpg?v=1789147776,,,
womens-blouse-with-floral-pattern-and-button-placket,,,Blue,,S,,,,0.0,shopify,999999,continue,manual,34.95,57.95,true,false,https://cdn.shopify.com/s/files/1/1074/0200/2757/files/Women_s_Blouse_with_Floral_Pattern_and_Button_Placketvsa.jpg?v=1789147784,,,
womens-blouse-with-floral-pattern-and-button-placket,,,Blue,,M,,,,0.0,shopify,999999,continue,manual,34.95,57.95,true,false,https://cdn.shopify.com/s/files/1/1074/0200/2757/files/Women_s_Blouse_with_Floral_Pattern_and_Button_Placketvsa.jpg?v=1789147784,,,
womens-blouse-with-floral-pattern-and-button-placket,,,Blue,,L,,,,0.0,shopify,999999,continue,manual,34.95,57.95,true,false,https://cdn.shopify.com/s/files/1/1074/0200/2757/files/Women_s_Blouse_with_Floral_Pattern_and_Button_Placketvsa.jpg?v=1789147784,,,
womens-blouse-with-floral-pattern-and-button-placket,,,Blue,,XL,,,,0.0,shopify,999999,continue,manual,34.95,57.95,true,false,https://cdn.shopify.com/s/files/1/1074/0200/2757/files/Women_s_Blouse_with_Floral_Pattern_and_Button_Placketvsa.jpg?v=1789147784,,,
womens-blouse-with-floral-pattern-and-button-placket,,,Blue,,2XL,,,,0.0,shopify,999999,continue,manual,34.95,57.95,true,false,https://cdn.shopify.com/s/files/1/1074/0200/2757/files/Women_s_Blouse_with_Floral_Pattern_and_Button_Placketvsa.jpg?v=1789147784,,,
womens-blouse-with-floral-pattern-and-button-placket,,,Blue,,3XL,,,,0.0,shopify,999999,continue,manual,34.95,57.95,true,false,https://cdn.shopify.com/s/files/1/1074/0200/2757/files/Women_s_Blouse_with_Floral_Pattern_and_Button_Placketvsa.jpg?v=1789147784,,,
womens-blouse-with-floral-pattern-and-button-placket,,,,,,,,,,,,,,,,,,,https://cdn.shopify.com/s/files/1/1074/0200/2757/files/Women_s_Blouse_with_Floral_Pattern_and_Button_Placketvds.jpg?v=1789147749,1,Women's Blouse with Floral Pattern and Button Placket
womens-blouse-with-floral-pattern-and-button-placket,,,,,,,,,,,,,,,,,,,https://cdn.shopify.com/s/files/1/1074/0200/2757/files/Women_s_Blouse_with_Floral_Pattern_and_Button_PlacketWomen_s_Blouse_with_Floral_Pattern_and_Button_Placketss.jpg?v=1789147757,2,Women's Blouse with Floral Pattern and Button Placket
womens-blouse-with-floral-pattern-and-button-placket,,,,,,,,,,,,,,,,,,,https://cdn.shopify.com/s/files/1/1074/0200/2757/files/Women_s_Blouse_with_Floral_Pattern_and_Button_Placketvs.jpg?v=1789147767,3,Women's Blouse with Floral Pattern and Button Placket
womens-blouse-with-floral-pattern-and-button-placket,,,,,,,,,,,,,,,,,,,https://cdn.shopify.com/s/files/1/1074/0200/2757/files/Women_s_Blouse_with_Floral_Pattern_and_Button_Placketdvs.jpg?v=1789147776,4,Women's Blouse with Floral Pattern and Button Placket
womens-blouse-with-floral-pattern-and-button-placket,,,,,,,,,,,,,,,,,,,https://cdn.shopify.com/s/files/1/1074/0200/2757/files/Women_s_Blouse_with_Floral_Pattern_and_Button_Placketvsa.jpg?v=1789147784,5,Women's Blouse with Floral Pattern and Button Placket
mens-cargo-trousers-for-casual-everyday-wear,Men's Cargo Trousers for Casual Everyday Wear,Color,Gray,Size,S,,,,0.0,shopify,99999,continue,manual,59.95,98.95,true,false,https://cdn.shopify.com/s/files/1/1074/0200/2757/files/Men_s_Cargo_Trousers_for_Casual_Everyday_Wearvde.jpg?v=1789320569,,,
mens-cargo-trousers-for-casual-everyday-wear,,,Gray,,M,,,,0.0,shopify,99999,continue,manual,59.95,98.95,true,false,https://cdn.shopify.com/s/files/1/1074/0200/2757/files/Men_s_Cargo_Trousers_for_Casual_Everyday_Wearvde.jpg?v=1789320569,,,
mens-cargo-trousers-for-casual-everyday-wear,,,Gray,,L,,,,0.0,shopify,99999,continue,manual,59.95,98.95,true,false,https://cdn.shopify.com/s/files/1/1074/0200/2757/files/Men_s_Cargo_Trousers_for_Casual_Everyday_Wearvde.jpg?v=1789320569,,,
mens-cargo-trousers-for-casual-everyday-wear,,,Gray,,XL,,,,0.0,shopify,99999,continue,manual,59.95,98.95,true,false,https://cdn.shopify.com/s/files/1/1074/0200/2757/files/Men_s_Cargo_Trousers_for_Casual_Everyday_Wearvde.jpg?v=1789320569,,,
mens-cargo-trousers-for-casual-everyday-wear,,,Gray,,2XL,,,,0.0,shopify,99999,continue,manual,59.95,98.95,true,false,https://cdn.shopify.com/s/files/1/1074/0200/2757/files/Men_s_Cargo_Trousers_for_Casual_Everyday_Wearvde.jpg?v=1789320569,,,
mens-cargo-trousers-for-casual-everyday-wear,,,Gray,,3XL,,,,0.0,shopify,99999,continue,manual,59.95,98.95,true,false,https://cdn.shopify.com/s/files/1/1074/0200/2757/files/Men_s_Cargo_Trousers_for_Casual_Everyday_Wearvde.jpg?v=1789320569,,,
mens-cargo-trousers-for-casual-everyday-wear,,,Mid Gray,,S,,,,0.0,shopify,99999,continue,manual,59.95,98.95,true,false,https://cdn.shopify.com/s/files/1/1074/0200/2757/files/Men_s_Cargo_Trousers_for_Casual_Everyday_Wearfdfe.jpg?v=1789320577,,,
mens-cargo-trousers-for-casual-everyday-wear,,,Mid Gray,,M,,,,0.0,shopify,99999,continue,manual,59.95,98.95,true,false,https://cdn.shopify.com/s/files/1/1074/0200/2757/files/Men_s_Cargo_Trousers_for_Casual_Everyday_Wearfdfe.jpg?v=1789320577,,,
mens-cargo-trousers-for-casual-everyday-wear,,,Mid Gray,,L,,,,0.0,shopify,99999,continue,manual,59.95,98.95,true,false,https://cdn.shopify.com/s/files/1/1074/0200/2757/files/Men_s_Cargo_Trousers_for_Casual_Everyday_Wearfdfe.jpg?v=1789320577,,,
mens-cargo-trousers-for-casual-everyday-wear,,,Mid Gray,,XL,,,,0.0,shopify,99999,continue,manual,59.95,98.95,true,false,https://cdn.shopify.com/s/files/1/1074/0200/2757/files/Men_s_Cargo_Trousers_for_Casual_Everyday_Wearfdfe.jpg?v=1789320577,,,
mens-cargo-trousers-for-casual-everyday-wear,,,Mid Gray,,2XL,,,,0.0,shopify,99999,continue,manual,59.95,98.95,true,false,https://cdn.shopify.com/s/files/1/1074/0200/2757/files/Men_s_Cargo_Trousers_for_Casual_Everyday_Wearfdfe.jpg?v=1789320577,,,
mens-cargo-trousers-for-casual-everyday-wear,,,Mid Gray,,3XL,,,,0.0,shopify,99999,continue,manual,59.95,98.95,true,false,https://cdn.shopify.com/s/files/1/1074/0200/2757/files/Men_s_Cargo_Trousers_for_Casual_Everyday_Wearfdfe.jpg?v=1789320577,,,
mens-cargo-trousers-for-casual-everyday-wear,,,Khaki,,S,,,,0.0,shopify,99999,continue,manual,59.95,98.95,true,false,https://cdn.shopify.com/s/files/1/1074/0200/2757/files/Men_s_Cargo_Trousers_for_Casual_Everyday_Weardf5.jpg?v=1789320586,,,
mens-cargo-trousers-for-casual-everyday-wear,,,Khaki,,M,,,,0.0,shopify,99999,continue,manual,59.95,98.95,true,false,https://cdn.shopify.com/s/files/1/1074/0200/2757/files/Men_s_Cargo_Trousers_for_Casual_Everyday_Weardf5.jpg?v=1789320586,,,
mens-cargo-trousers-for-casual-everyday-wear,,,Khaki,,L,,,,0.0,shopify,99999,continue,manual,59.95,98.95,true,false,https://cdn.shopify.com/s/files/1/1074/0200/2757/files/Men_s_Cargo_Trousers_for_Casual_Everyday_Weardf5.jpg?v=1789320586,,,
mens-cargo-trousers-for-casual-everyday-wear,,,Khaki,,XL,,,,0.0,shopify,99999,continue,manual,59.95,98.95,true,false,https://cdn.shopify.com/s/files/1/1074/0200/2757/files/Men_s_Cargo_Trousers_for_Casual_Everyday_Weardf5.jpg?v=1789320586,,,
mens-cargo-trousers-for-casual-everyday-wear,,,Khaki,,2XL,,,,0.0,shopify,99999,continue,manual,59.95,98.95,true,false,https://cdn.shopify.com/s/files/1/1074/0200/2757/files/Men_s_Cargo_Trousers_for_Casual_Everyday_Weardf5.jpg?v=1789320586,,,
mens-cargo-trousers-for-casual-everyday-wear,,,Khaki,,3XL,,,,0.0,shopify,99999,continue,manual,59.95,98.95,true,false,https://cdn.shopify.com/s/files/1/1074/0200/2757/files/Men_s_Cargo_Trousers_for_Casual_Everyday_Weardf5.jpg?v=1789320586,,,
mens-cargo-trousers-for-casual-everyday-wear,,,Black,,S,,,,0.0,shopify,99999,continue,manual,59.95,98.95,true,false,https://cdn.shopify.com/s/files/1/1074/0200/2757/files/Men_s_Cargo_Trousers_for_Casual_Everyday_Wearvff.jpg?v=1789320598,,,
mens-cargo-trousers-for-casual-everyday-wear,,,Black,,M,,,,0.0,shopify,99999,continue,manual,59.95,98.95,true,false,https://cdn.shopify.com/s/files/1/1074/0200/2757/files/Men_s_Cargo_Trousers_for_Casual_Everyday_Wearvff.jpg?v=1789320598,,,
mens-cargo-trousers-for-casual-everyday-wear,,,Black,,L,,,,0.0,shopify,99999,continue,manual,59.95,98.95,true,false,https://cdn.shopify.com/s/files/1/1074/0200/2757/files/Men_s_Cargo_Trousers_for_Casual_Everyday_Wearvff.jpg?v=1789320598,,,
mens-cargo-trousers-for-casual-everyday-wear,,,Black,,XL,,,,0.0,shopify,99999,continue,manual,59.95,98.95,true,false,https://cdn.shopify.com/s/files/1/1074/0200/2757/files/Men_s_Cargo_Trousers_for_Casual_Everyday_Wearvff.jpg?v=1789320598,,,
mens-cargo-trousers-for-casual-everyday-wear,,,Black,,2XL,,,,0.0,shopify,99999,continue,manual,59.95,98.95,true,false,https://cdn.shopify.com/s/files/1/1074/0200/2757/files/Men_s_Cargo_Trousers_for_Casual_Everyday_Wearvff.jpg?v=1789320598,,,
mens-cargo-trousers-for-casual-everyday-wear,,,Black,,3XL,,,,0.0,shopify,99999,continue,manual,59.95,98.95,true,false,https://cdn.shopify.com/s/files/1/1074/0200/2757/files/Men_s_Cargo_Trousers_for_Casual_Everyday_Wearvff.jpg?v=1789320598,,,
mens-cargo-trousers-for-casual-everyday-wear,,,Army Green,,S,,,,0.0,shopify,99999,continue,manual,59.95,98.95,true,false,https://cdn.shopify.com/s/files/1/1074/0200/2757/files/Men_s_Cargo_Trousers_for_Casual_Everyday_Wearvf.jpg?v=1789320611,,,
mens-cargo-trousers-for-casual-everyday-wear,,,Army Green,,M,,,,0.0,shopify,99999,continue,manual,59.95,98.95,true,false,https://cdn.shopify.com/s/files/1/1074/0200/2757/files/Men_s_Cargo_Trousers_for_Casual_Everyday_Wearvf.jpg?v=1789320611,,,
mens-cargo-trousers-for-casual-everyday-wear,,,Army Green,,L,,,,0.0,shopify,99999,continue,manual,59.95,98.95,true,false,https://cdn.shopify.com/s/files/1/1074/0200/2757/files/Men_s_Cargo_Trousers_for_Casual_Everyday_Wearvf.jpg?v=1789320611,,,
mens-cargo-trousers-for-casual-everyday-wear,,,Army Green,,XL,,,,0.0,shopify,99999,continue,manual,59.95,98.95,true,false,https://cdn.shopify.com/s/files/1/1074/0200/2757/files/Men_s_Cargo_Trousers_for_Casual_Everyday_Wearvf.jpg?v=1789320611,,,
mens-cargo-trousers-for-casual-everyday-wear,,,Army Green,,2XL,,,,0.0,shopify,99999,continue,manual,59.95,98.95,true,false,https://cdn.shopify.com/s/files/1/1074/0200/2757/files/Men_s_Cargo_Trousers_for_Casual_Everyday_Wearvf.jpg?v=1789320611,,,
mens-cargo-trousers-for-casual-everyday-wear,,,Army Green,,3XL,,,,0.0,shopify,99999,continue,manual,59.95,98.95,true,false,https://cdn.shopify.com/s/files/1/1074/0200/2757/files/Men_s_Cargo_Trousers_for_Casual_Everyday_Wearvf.jpg?v=1789320611,,,
mens-cargo-trousers-for-casual-everyday-wear,,,White,,S,,,,0.0,shopify,99999,continue,manual,59.95,98.95,true,false,https://cdn.shopify.com/s/files/1/1074/0200/2757/files/Men_s_Cargo_Trousers_for_Casual_Everyday_Wearvdds.jpg?v=1789320622,,,
mens-cargo-trousers-for-casual-everyday-wear,,,White,,M,,,,0.0,shopify,99999,continue,manual,59.95,98.95,true,false,https://cdn.shopify.com/s/files/1/1074/0200/2757/files/Men_s_Cargo_Trousers_for_Casual_Everyday_Wearvdds.jpg?v=1789320622,,,
mens-cargo-trousers-for-casual-everyday-wear,,,White,,L,,,,0.0,shopify,99999,continue,manual,59.95,98.95,true,false,https://cdn.shopify.com/s/files/1/1074/0200/2757/files/Men_s_Cargo_Trousers_for_Casual_Everyday_Wearvdds.jpg?v=1789320622,,,
mens-cargo-trousers-for-casual-everyday-wear,,,White,,XL,,,,0.0,shopify,99999,continue,manual,59.95,98.95,true,false,https://cdn.shopify.com/s/files/1/1074/0200/2757/files/Men_s_Cargo_Trousers_for_Casual_Everyday_Wearvdds.jpg?v=1789320622,,,
mens-cargo-trousers-for-casual-everyday-wear,,,White,,2XL,,,,0.0,shopify,99999,continue,manual,59.95,98.95,true,false,https://cdn.shopify.com/s/files/1/1074/0200/2757/files/Men_s_Cargo_Trousers_for_Casual_Everyday_Wearvdds.jpg?v=1789320622,,,
mens-cargo-trousers-for-casual-everyday-wear,,,White,,3XL,,,,0.0,shopify,99999,continue,manual,59.95,98.95,true,false,https://cdn.shopify.com/s/files/1/1074/0200/2757/files/Men_s_Cargo_Trousers_for_Casual_Everyday_Wearvdds.jpg?v=1789320622,,,
mens-cargo-trousers-for-casual-everyday-wear,,,Brown,,S,,,,0.0,shopify,99999,continue,manual,59.95,98.95,true,false,https://cdn.shopify.com/s/files/1/1074/0200/2757/files/Men_s_Cargo_Trousers_for_Casual_Everyday_Wearvdfg4.jpg?v=1789320631,,,
mens-cargo-trousers-for-casual-everyday-wear,,,Brown,,M,,,,0.0,shopify,99999,continue,manual,59.95,98.95,true,false,https://cdn.shopify.com/s/files/1/1074/0200/2757/files/Men_s_Cargo_Trousers_for_Casual_Everyday_Wearvdfg4.jpg?v=1789320631,,,
mens-cargo-trousers-for-casual-everyday-wear,,,Brown,,L,,,,0.0,shopify,99999,continue,manual,59.95,98.95,true,false,https://cdn.shopify.com/s/files/1/1074/0200/2757/files/Men_s_Cargo_Trousers_for_Casual_Everyday_Wearvdfg4.jpg?v=1789320631,,,
mens-cargo-trousers-for-casual-everyday-wear,,,Brown,,XL,,,,0.0,shopify,99999,continue,manual,59.95,98.95,true,false,https://cdn.shopify.com/s/files/1/1074/0200/2757/files/Men_s_Cargo_Trousers_for_Casual_Everyday_Wearvdfg4.jpg?v=1789320631,,,
mens-cargo-trousers-for-casual-everyday-wear,,,Brown,,2XL,,,,0.0,shopify,99999,continue,manual,59.95,98.95,true,false,https://cdn.shopify.com/s/files/1/1074/0200/2757/files/Men_s_Cargo_Trousers_for_Casual_Everyday_Wearvdfg4.jpg?v=1789320631,,,
mens-cargo-trousers-for-casual-everyday-wear,,,Brown,,3XL,,,,0.0,shopify,99999,continue,manual,59.95,98.95,true,false,https://cdn.shopify.com/s/files/1/1074/0200/2757/files/Men_s_Cargo_Trousers_for_Casual_Everyday_Wearvdfg4.jpg?v=1789320631,,,
mens-cargo-trousers-for-casual-everyday-wear,,,Green,,S,,,,0.0,shopify,99999,continue,manual,59.95,98.95,true,false,https://cdn.shopify.com/s/files/1/1074/0200/2757/files/Men_s_Cargo_Trousers_for_Casual_Everyday_Wearvfer.jpg?v=1789320640,,,
mens-cargo-trousers-for-casual-everyday-wear,,,Green,,M,,,,0.0,shopify,99999,continue,manual,59.95,98.95,true,false,https://cdn.shopify.com/s/files/1/1074/0200/2757/files/Men_s_Cargo_Trousers_for_Casual_Everyday_Wearvfer.jpg?v=1789320640,,,
mens-cargo-trousers-for-casual-everyday-wear,,,Green,,L,,,,0.0,shopify,99999,continue,manual,59.95,98.95,true,false,https://cdn.shopify.com/s/files/1/1074/0200/2757/files/Men_s_Cargo_Trousers_for_Casual_Everyday_Wearvfer.jpg?v=1789320640,,,
mens-cargo-trousers-for-casual-everyday-wear,,,Green,,XL,,,,0.0,shopify,99999,continue,manual,59.95,98.95,true,false,https://cdn.shopify.com/s/files/1/1074/0200/2757/files/Men_s_Cargo_Trousers_for_Casual_Everyday_Wearvfer.jpg?v=1789320640,,,
mens-cargo-trousers-for-casual-everyday-wear,,,Green,,2XL,,,,0.0,shopify,99999,continue,manual,59.95,98.95,true,false,https://cdn.shopify.com/s/files/1/1074/0200/2757/files/Men_s_Cargo_Trousers_for_Casual_Everyday_Wearvfer.jpg?v=1789320640,,,
mens-cargo-trousers-for-casual-everyday-wear,,,Green,,3XL,,,,0.0,shopify,99999,continue,manual,59.95,98.95,true,false,https://cdn.shopify.com/s/files/1/1074/0200/2757/files/Men_s_Cargo_Trousers_for_Casual_Everyday_Wearvfer.jpg?v=1789320640,,,
mens-cargo-trousers-for-casual-everyday-wear,,,Black/Gray,,S,,,,0.0,shopify,99999,continue,manual,59.95,98.95,true,false,https://cdn.shopify.com/s/files/1/1074/0200/2757/files/Men_s_Cargo_Trousers_for_Casual_Everyday_Wearvds.jpg?v=1789320650,,,
mens-cargo-trousers-for-casual-everyday-wear,,,Black/Gray,,M,,,,0.0,shopify,99999,continue,manual,59.95,98.95,true,false,https://cdn.shopify.com/s/files/1/1074/0200/2757/files/Men_s_Cargo_Trousers_for_Casual_Everyday_Wearvds.jpg?v=1789320650,,,
mens-cargo-trousers-for-casual-everyday-wear,,,Black/Gray,,L,,,,0.0,shopify,99999,continue,manual,59.95,98.95,true,false,https://cdn.shopify.com/s/files/1/1074/0200/2757/files/Men_s_Cargo_Trousers_for_Casual_Everyday_Wearvds.jpg?v=1789320650,,,
mens-cargo-trousers-for-casual-everyday-wear,,,Black/Gray,,XL,,,,0.0,shopify,99999,continue,manual,59.95,98.95,true,false,https://cdn.shopify.com/s/files/1/1074/0200/2757/files/Men_s_Cargo_Trousers_for_Casual_Everyday_Wearvds.jpg?v=1789320650,,,
mens-cargo-trousers-for-casual-everyday-wear,,,Black/Gray,,2XL,,,,0.0,shopify,99999,continue,manual,59.95,98.95,true,false,https://cdn.shopify.com/s/files/1/1074/0200/2757/files/Men_s_Cargo_Trousers_for_Casual_Everyday_Wearvds.jpg?v=1789320650,,,
mens-cargo-trousers-for-casual-everyday-wear,,,Black/Gray,,3XL,,,,0.0,shopify,99999,continue,manual,59.95,98.95,true,false,https://cdn.shopify.com/s/files/1/1074/0200/2757/files/Men_s_Cargo_Trousers_for_Casual_Everyday_Wearvds.jpg?v=1789320650,,,
mens-cargo-trousers-for-casual-everyday-wear,,,,,,,,,,,,,,,,,,,https://cdn.shopify.com/s/files/1/1074/0200/2757/files/Men_s_Cargo_Trousers_for_Casual_Everyday_Wearvde.jpg?v=1789320569,1,Men's Cargo Trousers for Casual Everyday Wear
mens-cargo-trousers-for-casual-everyday-wear,,,,,,,,,,,,,,,,,,,https://cdn.shopify.com/s/files/1/1074/0200/2757/files/Men_s_Cargo_Trousers_for_Casual_Everyday_Wearfdfe.jpg?v=1789320577,2,Men's Cargo Trousers for Casual Everyday Wear
mens-cargo-trousers-for-casual-everyday-wear,,,,,,,,,,,,,,,,,,,https://cdn.shopify.com/s/files/1/1074/0200/2757/files/Men_s_Cargo_Trousers_for_Casual_Everyday_Weardf5.jpg?v=1789320586,3,Men's Cargo Trousers for Casual Everyday Wear
mens-cargo-trousers-for-casual-everyday-wear,,,,,,,,,,,,,,,,,,,https://cdn.shopify.com/s/files/1/1074/0200/2757/files/Men_s_Cargo_Trousers_for_Casual_Everyday_Wearvff.jpg?v=1789320598,4,Men's Cargo Trousers for Casual Everyday Wear
mens-cargo-trousers-for-casual-everyday-wear,,,,,,,,,,,,,,,,,,,https://cdn.shopify.com/s/files/1/1074/0200/2757/files/Men_s_Cargo_Trousers_for_Casual_Everyday_Wearvf.jpg?v=1789320611,5,Men's Cargo Trousers for Casual Everyday Wear
mens-cargo-trousers-for-casual-everyday-wear,,,,,,,,,,,,,,,,,,,https://cdn.shopify.com/s/files/1/1074/0200/2757/files/Men_s_Cargo_Trousers_for_Casual_Everyday_Wearvdds.jpg?v=1789320622,6,Men's Cargo Trousers for Casual Everyday Wear
mens-cargo-trousers-for-casual-everyday-wear,,,,,,,,,,,,,,,,,,,https://cdn.shopify.com/s/files/1/1074/0200/2757/files/Men_s_Cargo_Trousers_for_Casual_Everyday_Wearvdfg4.jpg?v=1789320631,7,Men's Cargo Trousers for Casual Everyday Wear
mens-cargo-trousers-for-casual-everyday-wear,,,,,,,,,,,,,,,,,,,https://cdn.shopify.com/s/files/1/1074/0200/2757/files/Men_s_Cargo_Trousers_for_Casual_Everyday_Wearvfer.jpg?v=1789320640,8,Men's Cargo Trousers for Casual Everyday Wear
mens-cargo-trousers-for-casual-everyday-wear,,,,,,,,,,,,,,,,,,,https://cdn.shopify.com/s/files/1/1074/0200/2757/files/Men_s_Cargo_Trousers_for_Casual_Everyday_Wearvds.jpg?v=1789320650,9,Men's Cargo Trousers for Casual Everyday Wear
mens-cargo-trousers-for-casual-everyday-wear,,,,,,,,,,,,,,,,,,,https://cdn.shopify.com/s/files/1/1074/0200/2757/files/Men_s_Cargo_Trousers_for_Casual_Everyday_Wearvdf3.jpg?v=1789320714,10,Men's Cargo Trousers for Casual Everyday Wear
mens-cargo-trousers-for-casual-everyday-wear,,,,,,,,,,,,,,,,,,,https://cdn.shopify.com/s/files/1/1074/0200/2757/files/Men_s_Cargo_Trousers_for_Casual_Everyday_Wearvd2.jpg?v=1789320722,11,Men's Cargo Trousers for Casual Everyday Wear
mens-cargo-trousers-for-casual-everyday-wear,,,,,,,,,,,,,,,,,,,https://cdn.shopify.com/s/files/1/1074/0200/2757/files/Men_s_Cargo_Trousers_for_Casual_Everyday_Wearff3.jpg?v=1789320733,12,Men's Cargo Trousers for Casual Everyday Wear
mens-cargo-trousers-for-casual-everyday-wear,,,,,,,,,,,,,,,,,,,https://cdn.shopify.com/s/files/1/1074/0200/2757/files/Men_s_Cargo_Trousers_for_Casual_Everyday_Wearvdfsd.jpg?v=1789320754,13,Men's Cargo Trousers for Casual Everyday Wear
mens-long-sleeve-shirt-for-smart-everyday-wear,Men's Long-Sleeve Shirt for Smart Everyday Wear,Color,White,Size,S,,,,0.0,shopify,99999,continue,manual,49.95,82.95,true,false,https://cdn.shopify.com/s/files/1/1074/0200/2757/files/Men_s_Long-Sleeve_Shirt_for_Smart_Everyday_Wearvds.png?v=1789480871,,,
mens-long-sleeve-shirt-for-smart-everyday-wear,,,White,,M,,,,0.0,shopify,99999,continue,manual,49.95,82.95,true,false,https://cdn.shopify.com/s/files/1/1074/0200/2757/files/Men_s_Long-Sleeve_Shirt_for_Smart_Everyday_Wearvds.png?v=1789480871,,,
mens-long-sleeve-shirt-for-smart-everyday-wear,,,White,,L,,,,0.0,shopify,99999,continue,manual,49.95,82.95,true,false,https://cdn.shopify.com/s/files/1/1074/0200/2757/files/Men_s_Long-Sleeve_Shirt_for_Smart_Everyday_Wearvds.png?v=1789480871,,,
mens-long-sleeve-shirt-for-smart-everyday-wear,,,White,,XL,,,,0.0,shopify,99999,continue,manual,49.95,82.95,true,false,https://cdn.shopify.com/s/files/1/1074/0200/2757/files/Men_s_Long-Sleeve_Shirt_for_Smart_Everyday_Wearvds.png?v=1789480871,,,
mens-long-sleeve-shirt-for-smart-everyday-wear,,,White,,2XL,,,,0.0,shopify,99999,continue,manual,49.95,82.95,true,false,https://cdn.shopify.com/s/files/1/1074/0200/2757/files/Men_s_Long-Sleeve_Shirt_for_Smart_Everyday_Wearvds.png?v=1789480871,,,
mens-long-sleeve-shirt-for-smart-everyday-wear,,,White,,3XL,,,,0.0,shopify,99999,continue,manual,49.95,82.95,true,false,https://cdn.shopify.com/s/files/1/1074/0200/2757/files/Men_s_Long-Sleeve_Shirt_for_Smart_Everyday_Wearvds.png?v=1789480871,,,
mens-long-sleeve-shirt-for-smart-everyday-wear,,,Black,,S,,,,0.0,shopify,99999,continue,manual,49.95,82.95,true,false,https://cdn.shopify.com/s/files/1/1074/0200/2757/files/Men_s_Long-Sleeve_Shirt_for_Smart_Everyday_Wearvd.png?v=1789480879,,,
mens-long-sleeve-shirt-for-smart-everyday-wear,,,Black,,M,,,,0.0,shopify,99999,continue,manual,49.95,82.95,true,false,https://cdn.shopify.com/s/files/1/1074/0200/2757/files/Men_s_Long-Sleeve_Shirt_for_Smart_Everyday_Wearvd.png?v=1789480879,,,
mens-long-sleeve-shirt-for-smart-everyday-wear,,,Black,,L,,,,0.0,shopify,99999,continue,manual,49.95,82.95,true,false,https://cdn.shopify.com/s/files/1/1074/0200/2757/files/Men_s_Long-Sleeve_Shirt_for_Smart_Everyday_Wearvd.png?v=1789480879,,,
mens-long-sleeve-shirt-for-smart-everyday-wear,,,Black,,XL,,,,0.0,shopify,99999,continue,manual,49.95,82.95,true,false,https://cdn.shopify.com/s/files/1/1074/0200/2757/files/Men_s_Long-Sleeve_Shirt_for_Smart_Everyday_Wearvd.png?v=1789480879,,,
mens-long-sleeve-shirt-for-smart-everyday-wear,,,Black,,2XL,,,,0.0,shopify,99999,continue,manual,49.95,82.95,true,false,https://cdn.shopify.com/s/files/1/1074/0200/2757/files/Men_s_Long-Sleeve_Shirt_for_Smart_Everyday_Wearvd.png?v=1789480879,,,
mens-long-sleeve-shirt-for-smart-everyday-wear,,,Black,,3XL,,,,0.0,shopify,99999,continue,manual,49.95,82.95,true,false,https://cdn.shopify.com/s/files/1/1074/0200/2757/files/Men_s_Long-Sleeve_Shirt_for_Smart_Everyday_Wearvd.png?v=1789480879,,,
mens-long-sleeve-shirt-for-smart-everyday-wear,,,Blue,,S,,,,0.0,shopify,99999,continue,manual,49.95,82.95,true,false,https://cdn.shopify.com/s/files/1/1074/0200/2757/files/Men_s_Long-Sleeve_Shirt_for_Smart_Everyday_Wearfr.png?v=1789480894,,,
mens-long-sleeve-shirt-for-smart-everyday-wear,,,Blue,,M,,,,0.0,shopify,99999,continue,manual,49.95,82.95,true,false,https://cdn.shopify.com/s/files/1/1074/0200/2757/files/Men_s_Long-Sleeve_Shirt_for_Smart_Everyday_Wearfr.png?v=1789480894,,,
mens-long-sleeve-shirt-for-smart-everyday-wear,,,Blue,,L,,,,0.0,shopify,99999,continue,manual,49.95,82.95,true,false,https://cdn.shopify.com/s/files/1/1074/0200/2757/files/Men_s_Long-Sleeve_Shirt_for_Smart_Everyday_Wearfr.png?v=1789480894,,,
mens-long-sleeve-shirt-for-smart-everyday-wear,,,Blue,,XL,,,,0.0,shopify,99999,continue,manual,49.95,82.95,true,false,https://cdn.shopify.com/s/files/1/1074/0200/2757/files/Men_s_Long-Sleeve_Shirt_for_Smart_Everyday_Wearfr.png?v=1789480894,,,
mens-long-sleeve-shirt-for-smart-everyday-wear,,,Blue,,2XL,,,,0.0,shopify,99999,continue,manual,49.95,82.95,true,false,https://cdn.shopify.com/s/files/1/1074/0200/2757/files/Men_s_Long-Sleeve_Shirt_for_Smart_Everyday_Wearfr.png?v=1789480894,,,
mens-long-sleeve-shirt-for-smart-everyday-wear,,,Blue,,3XL,,,,0.0,shopify,99999,continue,manual,49.95,82.95,true,false,https://cdn.shopify.com/s/files/1/1074/0200/2757/files/Men_s_Long-Sleeve_Shirt_for_Smart_Everyday_Wearfr.png?v=1789480894,,,
mens-long-sleeve-shirt-for-smart-everyday-wear,,,Gray,,S,,,,0.0,shopify,99999,continue,manual,49.95,82.95,true,false,https://cdn.shopify.com/s/files/1/1074/0200/2757/files/Men_s_Long-Sleeve_Shirt_for_Smart_Everyday_Wearvf.png?v=1789480903,,,
mens-long-sleeve-shirt-for-smart-everyday-wear,,,Gray,,M,,,,0.0,shopify,99999,continue,manual,49.95,82.95,true,false,https://cdn.shopify.com/s/files/1/1074/0200/2757/files/Men_s_Long-Sleeve_Shirt_for_Smart_Everyday_Wearvf.png?v=1789480903,,,
mens-long-sleeve-shirt-for-smart-everyday-wear,,,Gray,,L,,,,0.0,shopify,99999,continue,manual,49.95,82.95,true,false,https://cdn.shopify.com/s/files/1/1074/0200/2757/files/Men_s_Long-Sleeve_Shirt_for_Smart_Everyday_Wearvf.png?v=1789480903,,,
mens-long-sleeve-shirt-for-smart-everyday-wear,,,Gray,,XL,,,,0.0,shopify,99999,continue,manual,49.95,82.95,true,false,https://cdn.shopify.com/s/files/1/1074/0200/2757/files/Men_s_Long-Sleeve_Shirt_for_Smart_Everyday_Wearvf.png?v=1789480903,,,
mens-long-sleeve-shirt-for-smart-everyday-wear,,,Gray,,2XL,,,,0.0,shopify,99999,continue,manual,49.95,82.95,true,false,https://cdn.shopify.com/s/files/1/1074/0200/2757/files/Men_s_Long-Sleeve_Shirt_for_Smart_Everyday_Wearvf.png?v=1789480903,,,
mens-long-sleeve-shirt-for-smart-everyday-wear,,,Gray,,3XL,,,,0.0,shopify,99999,continue,manual,49.95,82.95,true,false,https://cdn.shopify.com/s/files/1/1074/0200/2757/files/Men_s_Long-Sleeve_Shirt_for_Smart_Everyday_Wearvf.png?v=1789480903,,,
mens-long-sleeve-shirt-for-smart-everyday-wear,,,,,,,,,,,,,,,,,,,https://cdn.shopify.com/s/files/1/1074/0200/2757/files/Men_s_Long-Sleeve_Shirt_for_Smart_Everyday_Wearvsf.png?v=1789480802,1,Men's Long-Sleeve Shirt for Smart Everyday Wear
mens-long-sleeve-shirt-for-smart-everyday-wear,,,,,,,,,,,,,,,,,,,https://cdn.shopify.com/s/files/1/1074/0200/2757/files/Men_s_Long-Sleeve_Shirt_for_Smart_Everyday_Wearvd.webp?v=1789480814,2,Men's Long-Sleeve Shirt for Smart Everyday Wear
mens-long-sleeve-shirt-for-smart-everyday-wear,,,,,,,,,,,,,,,,,,,https://cdn.shopify.com/s/files/1/1074/0200/2757/files/Men_s_Long-Sleeve_Shirt_for_Smart_Everyday_Wearvdfe.png?v=1789480940,3,Men's Long-Sleeve Shirt for Smart Everyday Wear
mens-long-sleeve-shirt-for-smart-everyday-wear,,,,,,,,,,,,,,,,,,,https://cdn.shopify.com/s/files/1/1074/0200/2757/files/Men_s_Long-Sleeve_Shirt_for_Smart_Everyday_Wearv.webp?v=1789480824,4,Men's Long-Sleeve Shirt for Smart Everyday Wear
mens-long-sleeve-shirt-for-smart-everyday-wear,,,,,,,,,,,,,,,,,,,https://cdn.shopify.com/s/files/1/1074/0200/2757/files/Men_s_Long-Sleeve_Shirt_for_Smart_Everyday_Wearvdfr.webp?v=1789480852,5,Men's Long-Sleeve Shirt for Smart Everyday Wear
mens-long-sleeve-shirt-for-smart-everyday-wear,,,,,,,,,,,,,,,,,,,https://cdn.shopify.com/s/files/1/1074/0200/2757/files/Men_s_Long-Sleeve_Shirt_for_Smart_Everyday_Wearvds.png?v=1789480871,6,Men's Long-Sleeve Shirt for Smart Everyday Wear
mens-long-sleeve-shirt-for-smart-everyday-wear,,,,,,,,,,,,,,,,,,,https://cdn.shopify.com/s/files/1/1074/0200/2757/files/Men_s_Long-Sleeve_Shirt_for_Smart_Everyday_Wearvd.png?v=1789480879,7,Men's Long-Sleeve Shirt for Smart Everyday Wear
mens-long-sleeve-shirt-for-smart-everyday-wear,,,,,,,,,,,,,,,,,,,https://cdn.shopify.com/s/files/1/1074/0200/2757/files/Men_s_Long-Sleeve_Shirt_for_Smart_Everyday_Wearfr.png?v=1789480894,8,Men's Long-Sleeve Shirt for Smart Everyday Wear
mens-long-sleeve-shirt-for-smart-everyday-wear,,,,,,,,,,,,,,,,,,,https://cdn.shopify.com/s/files/1/1074/0200/2757/files/Men_s_Long-Sleeve_Shirt_for_Smart_Everyday_Wearvf.png?v=1789480903,9,Men's Long-Sleeve Shirt for Smart Everyday Wear
mens-plaid-button-up-shirt-for-autumn-and-winter,Men's Plaid Button-Up Shirt for Autumn and Winter,Color,Black,Size,S,,,,0.0,shopify,999999,continue,manual,54.95,90.95,true,false,https://cdn.shopify.com/s/files/1/1074/0200/2757/files/Men_s_Plaid_Button-Up_Shirt_for_Autumn_and_Wintervd.jpg?v=1789871839,,,
mens-plaid-button-up-shirt-for-autumn-and-winter,,,Black,,M,,,,0.0,shopify,999999,continue,manual,54.95,90.95,true,false,https://cdn.shopify.com/s/files/1/1074/0200/2757/files/Men_s_Plaid_Button-Up_Shirt_for_Autumn_and_Wintervd.jpg?v=1789871839,,,
mens-plaid-button-up-shirt-for-autumn-and-winter,,,Black,,L,,,,0.0,shopify,999999,continue,manual,54.95,90.95,true,false,https://cdn.shopify.com/s/files/1/1074/0200/2757/files/Men_s_Plaid_Button-Up_Shirt_for_Autumn_and_Wintervd.jpg?v=1789871839,,,
mens-plaid-button-up-shirt-for-autumn-and-winter,,,Black,,XL,,,,0.0,shopify,999999,continue,manual,54.95,90.95,true,false,https://cdn.shopify.com/s/files/1/1074/0200/2757/files/Men_s_Plaid_Button-Up_Shirt_for_Autumn_and_Wintervd.jpg?v=1789871839,,,
mens-plaid-button-up-shirt-for-autumn-and-winter,,,Black,,2XL,,,,0.0,shopify,999999,continue,manual,54.95,90.95,true,false,https://cdn.shopify.com/s/files/1/1074/0200/2757/files/Men_s_Plaid_Button-Up_Shirt_for_Autumn_and_Wintervd.jpg?v=1789871839,,,
mens-plaid-button-up-shirt-for-autumn-and-winter,,,Black,,3XL,,,,0.0,shopify,999999,continue,manual,54.95,90.95,true,false,https://cdn.shopify.com/s/files/1/1074/0200/2757/files/Men_s_Plaid_Button-Up_Shirt_for_Autumn_and_Wintervd.jpg?v=1789871839,,,
mens-plaid-button-up-shirt-for-autumn-and-winter,,,Beige,,S,,,,0.0,shopify,999999,continue,manual,54.95,90.95,true,false,https://cdn.shopify.com/s/files/1/1074/0200/2757/files/Men_s_Plaid_Button-Up_Shirt_for_Autumn_and_Wintervde.jpg?v=1789871848,,,
mens-plaid-button-up-shirt-for-autumn-and-winter,,,Beige,,M,,,,0.0,shopify,999999,continue,manual,54.95,90.95,true,false,https://cdn.shopify.com/s/files/1/1074/0200/2757/files/Men_s_Plaid_Button-Up_Shirt_for_Autumn_and_Wintervde.jpg?v=1789871848,,,
mens-plaid-button-up-shirt-for-autumn-and-winter,,,Beige,,L,,,,0.0,shopify,999999,continue,manual,54.95,90.95,true,false,https://cdn.shopify.com/s/files/1/1074/0200/2757/files/Men_s_Plaid_Button-Up_Shirt_for_Autumn_and_Wintervde.jpg?v=1789871848,,,
mens-plaid-button-up-shirt-for-autumn-and-winter,,,Beige,,XL,,,,0.0,shopify,999999,continue,manual,54.95,90.95,true,false,https://cdn.shopify.com/s/files/1/1074/0200/2757/files/Men_s_Plaid_Button-Up_Shirt_for_Autumn_and_Wintervde.jpg?v=1789871848,,,
mens-plaid-button-up-shirt-for-autumn-and-winter,,,Beige,,2XL,,,,0.0,shopify,999999,continue,manual,54.95,90.95,true,false,https://cdn.shopify.com/s/files/1/1074/0200/2757/files/Men_s_Plaid_Button-Up_Shirt_for_Autumn_and_Wintervde.jpg?v=1789871848,,,
mens-plaid-button-up-shirt-for-autumn-and-winter,,,Beige,,3XL,,,,0.0,shopify,999999,continue,manual,54.95,90.95,true,false,https://cdn.shopify.com/s/files/1/1074/0200/2757/files/Men_s_Plaid_Button-Up_Shirt_for_Autumn_and_Wintervde.jpg?v=1789871848,,,
mens-plaid-button-up-shirt-for-autumn-and-winter,,,Khaki,,S,,,,0.0,shopify,999999,continue,manual,54.95,90.95,true,false,https://cdn.shopify.com/s/files/1/1074/0200/2757/files/Men_s_Plaid_Button-Up_Shirt_for_Autumn_and_Wintervdds.jpg?v=1789871861,,,
mens-plaid-button-up-shirt-for-autumn-and-winter,,,Khaki,,M,,,,0.0,shopify,999999,continue,manual,54.95,90.95,true,false,https://cdn.shopify.com/s/files/1/1074/0200/2757/files/Men_s_Plaid_Button-Up_Shirt_for_Autumn_and_Wintervdds.jpg?v=1789871861,,,
mens-plaid-button-up-shirt-for-autumn-and-winter,,,Khaki,,L,,,,0.0,shopify,999998,continue,manual,54.95,90.95,true,false,https://cdn.shopify.com/s/files/1/1074/0200/2757/files/Men_s_Plaid_Button-Up_Shirt_for_Autumn_and_Wintervdds.jpg?v=1789871861,,,
mens-plaid-button-up-shirt-for-autumn-and-winter,,,Khaki,,XL,,,,0.0,shopify,999999,continue,manual,54.95,90.95,true,false,https://cdn.shopify.com/s/files/1/1074/0200/2757/files/Men_s_Plaid_Button-Up_Shirt_for_Autumn_and_Wintervdds.jpg?v=1789871861,,,
mens-plaid-button-up-shirt-for-autumn-and-winter,,,Khaki,,2XL,,,,0.0,shopify,999999,continue,manual,54.95,90.95,true,false,https://cdn.shopify.com/s/files/1/1074/0200/2757/files/Men_s_Plaid_Button-Up_Shirt_for_Autumn_and_Wintervdds.jpg?v=1789871861,,,
mens-plaid-button-up-shirt-for-autumn-and-winter,,,Khaki,,3XL,,,,0.0,shopify,999999,continue,manual,54.95,90.95,true,false,https://cdn.shopify.com/s/files/1/1074/0200/2757/files/Men_s_Plaid_Button-Up_Shirt_for_Autumn_and_Wintervdds.jpg?v=1789871861,,,
mens-plaid-button-up-shirt-for-autumn-and-winter,,,Red,,S,,,,0.0,shopify,999999,continue,manual,54.95,90.95,true,false,https://cdn.shopify.com/s/files/1/1074/0200/2757/files/Men_s_Plaid_Button-Up_Shirt_for_Autumn_and_Wintervdd.jpg?v=1789871870,,,
mens-plaid-button-up-shirt-for-autumn-and-winter,,,Red,,M,,,,0.0,shopify,999999,continue,manual,54.95,90.95,true,false,https://cdn.shopify.com/s/files/1/1074/0200/2757/files/Men_s_Plaid_Button-Up_Shirt_for_Autumn_and_Wintervdd.jpg?v=1789871870,,,
mens-plaid-button-up-shirt-for-autumn-and-winter,,,Red,,L,,,,0.0,shopify,999999,continue,manual,54.95,90.95,true,false,https://cdn.shopify.com/s/files/1/1074/0200/2757/files/Men_s_Plaid_Button-Up_Shirt_for_Autumn_and_Wintervdd.jpg?v=1789871870,,,
mens-plaid-button-up-shirt-for-autumn-and-winter,,,Red,,XL,,,,0.0,shopify,999999,continue,manual,54.95,90.95,true,false,https://cdn.shopify.com/s/files/1/1074/0200/2757/files/Men_s_Plaid_Button-Up_Shirt_for_Autumn_and_Wintervdd.jpg?v=1789871870,,,
mens-plaid-button-up-shirt-for-autumn-and-winter,,,Red,,2XL,,,,0.0,shopify,999999,continue,manual,54.95,90.95,true,false,https://cdn.shopify.com/s/files/1/1074/0200/2757/files/Men_s_Plaid_Button-Up_Shirt_for_Autumn_and_Wintervdd.jpg?v=1789871870,,,
mens-plaid-button-up-shirt-for-autumn-and-winter,,,Red,,3XL,,,,0.0,shopify,999999,continue,manual,54.95,90.95,true,false,https://cdn.shopify.com/s/files/1/1074/0200/2757/files/Men_s_Plaid_Button-Up_Shirt_for_Autumn_and_Wintervdd.jpg?v=1789871870,,,
mens-plaid-button-up-shirt-for-autumn-and-winter,,,,,,,,,,,,,,,,,,,https://cdn.shopify.com/s/files/1/1074/0200/2757/files/Men_s_Plaid_Button-Up_Shirt_for_Autumn_and_Wintervd.jpg?v=1789871839,1,Men's Plaid Button-Up Shirt for Autumn and Winter
mens-plaid-button-up-shirt-for-autumn-and-winter,,,,,,,,,,,,,,,,,,,https://cdn.shopify.com/s/files/1/1074/0200/2757/files/Men_s_Plaid_Button-Up_Shirt_for_Autumn_and_Wintervde.jpg?v=1789871848,2,Men's Plaid Button-Up Shirt for Autumn and Winter
mens-plaid-button-up-shirt-for-autumn-and-winter,,,,,,,,,,,,,,,,,,,https://cdn.shopify.com/s/files/1/1074/0200/2757/files/Men_s_Plaid_Button-Up_Shirt_for_Autumn_and_Wintervdds.jpg?v=1789871861,3,Men's Plaid Button-Up Shirt for Autumn and Winter
mens-plaid-button-up-shirt-for-autumn-and-winter,,,,,,,,,,,,,,,,,,,https://cdn.shopify.com/s/files/1/1074/0200/2757/files/Men_s_Plaid_Button-Up_Shirt_for_Autumn_and_Wintervdd.jpg?v=1789871870,4,Men's Plaid Button-Up Shirt for Autumn and Winter
womens-structured-support-bra-for-everyday-wear,Women's Structured Support Bra for Everyday Wear,Color,Black,Size,S,,,,0.0,shopify,999999,continue,manual,29.94,48.95,true,false,https://cdn.shopify.com/s/files/1/1074/0200/2757/files/Women_s_Structured_Support_Bra_for_Everyday_Wearfdf.jpg?v=1789146734,,,
womens-structured-support-bra-for-everyday-wear,,,Black,,M,,,,0.0,shopify,999999,continue,manual,29.94,48.95,true,false,https://cdn.shopify.com/s/files/1/1074/0200/2757/files/Women_s_Structured_Support_Bra_for_Everyday_Wearfdf.jpg?v=1789146734,,,
womens-structured-support-bra-for-everyday-wear,,,Black,,L,,,,0.0,shopify,999999,continue,manual,29.94,48.95,true,false,https://cdn.shopify.com/s/files/1/1074/0200/2757/files/Women_s_Structured_Support_Bra_for_Everyday_Wearfdf.jpg?v=1789146734,,,
womens-structured-support-bra-for-everyday-wear,,,Black,,XL,,,,0.0,shopify,999999,continue,manual,29.94,48.95,true,false,https://cdn.shopify.com/s/files/1/1074/0200/2757/files/Women_s_Structured_Support_Bra_for_Everyday_Wearfdf.jpg?v=1789146734,,,
womens-structured-support-bra-for-everyday-wear,,,Black,,2XL,,,,0.0,shopify,999999,continue,manual,29.94,48.95,true,false,https://cdn.shopify.com/s/files/1/1074/0200/2757/files/Women_s_Structured_Support_Bra_for_Everyday_Wearfdf.jpg?v=1789146734,,,
womens-structured-support-bra-for-everyday-wear,,,Black,,3XL,,,,0.0,shopify,999999,continue,manual,29.94,48.95,true,false,https://cdn.shopify.com/s/files/1/1074/0200/2757/files/Women_s_Structured_Support_Bra_for_Everyday_Wearfdf.jpg?v=1789146734,,,
womens-structured-support-bra-for-everyday-wear,,,Beige,,S,,,,0.0,shopify,999999,continue,manual,29.94,48.95,true,false,https://cdn.shopify.com/s/files/1/1074/0200/2757/files/Women_s_Structured_Support_Bra_for_Everyday_Wearvdd.jpg?v=1789146745,,,
womens-structured-support-bra-for-everyday-wear,,,Beige,,M,,,,0.0,shopify,999999,continue,manual,29.94,48.95,true,false,https://cdn.shopify.com/s/files/1/1074/0200/2757/files/Women_s_Structured_Support_Bra_for_Everyday_Wearvdd.jpg?v=1789146745,,,
womens-structured-support-bra-for-everyday-wear,,,Beige,,L,,,,0.0,shopify,999999,continue,manual,29.94,48.95,true,false,https://cdn.shopify.com/s/files/1/1074/0200/2757/files/Women_s_Structured_Support_Bra_for_Everyday_Wearvdd.jpg?v=1789146745,,,
womens-structured-support-bra-for-everyday-wear,,,Beige,,XL,,,,0.0,shopify,999999,continue,manual,29.94,48.95,true,false,https://cdn.shopify.com/s/files/1/1074/0200/2757/files/Women_s_Structured_Support_Bra_for_Everyday_Wearvdd.jpg?v=1789146745,,,
womens-structured-support-bra-for-everyday-wear,,,Beige,,2XL,,,,0.0,shopify,999999,continue,manual,29.94,48.95,true,false,https://cdn.shopify.com/s/files/1/1074/0200/2757/files/Women_s_Structured_Support_Bra_for_Everyday_Wearvdd.jpg?v=1789146745,,,
womens-structured-support-bra-for-everyday-wear,,,Beige,,3XL,,,,0.0,shopify,999999,continue,manual,29.94,48.95,true,false,https://cdn.shopify.com/s/files/1/1074/0200/2757/files/Women_s_Structured_Support_Bra_for_Everyday_Wearvdd.jpg?v=1789146745,,,
womens-structured-support-bra-for-everyday-wear,,,White,,S,,,,0.0,shopify,999999,continue,manual,29.94,48.95,true,false,https://cdn.shopify.com/s/files/1/1074/0200/2757/files/Women_s_Structured_Support_Bra_for_Everyday_Wearvdsf.jpg?v=1789146754,,,
womens-structured-support-bra-for-everyday-wear,,,White,,M,,,,0.0,shopify,999999,continue,manual,29.94,48.95,true,false,https://cdn.shopify.com/s/files/1/1074/0200/2757/files/Women_s_Structured_Support_Bra_for_Everyday_Wearvdsf.jpg?v=1789146754,,,
womens-structured-support-bra-for-everyday-wear,,,White,,L,,,,0.0,shopify,999999,continue,manual,29.94,48.95,true,false,https://cdn.shopify.com/s/files/1/1074/0200/2757/files/Women_s_Structured_Support_Bra_for_Everyday_Wearvdsf.jpg?v=1789146754,,,
womens-structured-support-bra-for-everyday-wear,,,White,,XL,,,,0.0,shopify,999999,continue,manual,29.94,48.95,true,false,https://cdn.shopify.com/s/files/1/1074/0200/2757/files/Women_s_Structured_Support_Bra_for_Everyday_Wearvdsf.jpg?v=1789146754,,,
womens-structured-support-bra-for-everyday-wear,,,White,,2XL,,,,0.0,shopify,999999,continue,manual,29.94,48.95,true,false,https://cdn.shopify.com/s/files/1/1074/0200/2757/files/Women_s_Structured_Support_Bra_for_Everyday_Wearvdsf.jpg?v=1789146754,,,
womens-structured-support-bra-for-everyday-wear,,,White,,3XL,,,,0.0,shopify,999999,continue,manual,29.94,48.95,true,false,https://cdn.shopify.com/s/files/1/1074/0200/2757/files/Women_s_Structured_Support_Bra_for_Everyday_Wearvdsf.jpg?v=1789146754,,,
womens-structured-support-bra-for-everyday-wear,,,,,,,,,,,,,,,,,,,https://cdn.shopify.com/s/files/1/1074/0200/2757/files/Women_s_Structured_Support_Bra_for_Everyday_Wearfdf.jpg?v=1789146734,1,Women's Structured Support Bra for Everyday Wear
womens-structured-support-bra-for-everyday-wear,,,,,,,,,,,,,,,,,,,https://cdn.shopify.com/s/files/1/1074/0200/2757/files/Women_s_Structured_Support_Bra_for_Everyday_Wearvdd.jpg?v=1789146745,2,Women's Structured Support Bra for Everyday Wear
womens-structured-support-bra-for-everyday-wear,,,,,,,,,,,,,,,,,,,https://cdn.shopify.com/s/files/1/1074/0200/2757/files/Women_s_Structured_Support_Bra_for_Everyday_Wearvdsf.jpg?v=1789146754,3,Women's Structured Support Bra for Everyday Wear
womens-structured-support-bra-for-everyday-wear,,,,,,,,,,,,,,,,,,,https://cdn.shopify.com/s/files/1/1074/0200/2757/files/Women_s_Structured_Support_Bra_for_Everyday_Wearvsd.jpg?v=1789146762,4,Women's Structured Support Bra for Everyday Wear
womens-structured-support-bra-for-everyday-wear,,,,,,,,,,,,,,,,,,,https://cdn.shopify.com/s/files/1/1074/0200/2757/files/Women_s_Structured_Support_Bra_for_Everyday_Wearvs.jpg?v=1789146771,5,Women's Structured Support Bra for Everyday Wear
womens-structured-support-bra-for-everyday-wear,,,,,,,,,,,,,,,,,,,https://cdn.shopify.com/s/files/1/1074/0200/2757/files/Women_s_Structured_Support_Bra_for_Everyday_Wearvds.jpg?v=1789146782,6,Women's Structured Support Bra for Everyday Wear
womens-structured-support-bra-for-everyday-wear,,,,,,,,,,,,,,,,,,,https://cdn.shopify.com/s/files/1/1074/0200/2757/files/Women_s_Structured_Support_Bra_for_Everyday_Wearvss.jpg?v=1789146791,7,Women's Structured Support Bra for Everyday Wear
womens-structured-support-bra-for-everyday-wear,,,,,,,,,,,,,,,,,,,https://cdn.shopify.com/s/files/1/1074/0200/2757/files/Women_s_Structured_Support_Bra_for_Everyday_Wearvsas.jpg?v=1789146800,8,Women's Structured Support Bra for Everyday Wear
womens-structured-support-bra-for-everyday-wear,,,,,,,,,,,,,,,,,,,https://cdn.shopify.com/s/files/1/1074/0200/2757/files/Women_s_Structured_Support_Bra_for_Everyday_Wearvsvs.png?v=1789146809,9,Women's Structured Support Bra for Everyday Wear
womens-structured-support-bra-for-everyday-wear,,,,,,,,,,,,,,,,,,,https://cdn.shopify.com/s/files/1/1074/0200/2757/files/Women_s_Structured_Support_Bra_for_Everyday_Weards.jpg?v=1789146829,10,Women's Structured Support Bra for Everyday Wear
womens-structured-support-bra-for-everyday-wear,,,,,,,,,,,,,,,,,,,https://cdn.shopify.com/s/files/1/1074/0200/2757/files/Women_s_Structured_Support_Bra_for_Everyday_Wearbfd.jpg?v=1789146846,11,Women's Structured Support Bra for Everyday Wear
womens-structured-support-bra-for-everyday-wear,,,,,,,,,,,,,,,,,,,https://cdn.shopify.com/s/files/1/1074/0200/2757/files/Women_s_Structured_Support_Bra_for_Everyday_Wearssvs.jpg?v=1789146854,12,Women's Structured Support Bra for Everyday Wear
womens-structured-support-bra-for-everyday-wear,,,,,,,,,,,,,,,,,,,https://cdn.shopify.com/s/files/1/1074/0200/2757/files/Women_s_Structured_Support_Bra_for_Everyday_Wearsa.jpg?v=1789146862,13,Women's Structured Support Bra for Everyday Wear
womens-structured-support-bra-for-everyday-wear,,,,,,,,,,,,,,,,,,,https://cdn.shopify.com/s/files/1/1074/0200/2757/files/Women_s_Structured_Support_Bra_for_Everyday_Weardsd.jpg?v=1789146874,14,Women's Structured Support Bra for Everyday Wear
womens-structured-support-bra-for-everyday-wear,,,,,,,,,,,,,,,,,,,https://cdn.shopify.com/s/files/1/1074/0200/2757/files/Women_s_Structured_Support_Bra_for_Everyday_Wearbfgd.jpg?v=1789146895,15,Women's Structured Support Bra for Everyday Wear
womens-structured-support-bra-for-everyday-wear,,,,,,,,,,,,,,,,,,,https://cdn.shopify.com/s/files/1/1074/0200/2757/files/Women_s_Structured_Support_Bra_for_Everyday_Wearvdsds.jpg?v=1789146909,16,Women's Structured Support Bra for Everyday Wear
mens-overall-trousers-for-everyday-wear,Men's Overall Trousers for Everyday Wear,Color,Dark Blue,Size,S,,,,0.0,shopify,99999,continue,manual,59.95,98.95,true,false,https://cdn.shopify.com/s/files/1/1074/0200/2757/files/Men_s_Overall_Trousers_for_Everyday_Wearvdf.webp?v=1789480633,,,
mens-overall-trousers-for-everyday-wear,,,Dark Blue,,M,,,,0.0,shopify,99999,continue,manual,59.95,98.95,true,false,https://cdn.shopify.com/s/files/1/1074/0200/2757/files/Men_s_Overall_Trousers_for_Everyday_Wearvdf.webp?v=1789480633,,,
mens-overall-trousers-for-everyday-wear,,,Dark Blue,,L,,,,0.0,shopify,99999,continue,manual,59.95,98.95,true,false,https://cdn.shopify.com/s/files/1/1074/0200/2757/files/Men_s_Overall_Trousers_for_Everyday_Wearvdf.webp?v=1789480633,,,
mens-overall-trousers-for-everyday-wear,,,Dark Blue,,XL,,,,0.0,shopify,99998,continue,manual,59.95,98.95,true,false,https://cdn.shopify.com/s/files/1/1074/0200/2757/files/Men_s_Overall_Trousers_for_Everyday_Wearvdf.webp?v=1789480633,,,
mens-overall-trousers-for-everyday-wear,,,Dark Blue,,2XL,,,,0.0,shopify,99999,continue,manual,59.95,98.95,true,false,https://cdn.shopify.com/s/files/1/1074/0200/2757/files/Men_s_Overall_Trousers_for_Everyday_Wearvdf.webp?v=1789480633,,,
mens-overall-trousers-for-everyday-wear,,,Dark Blue,,3XL,,,,0.0,shopify,99999,continue,manual,59.95,98.95,true,false,https://cdn.shopify.com/s/files/1/1074/0200/2757/files/Men_s_Overall_Trousers_for_Everyday_Wearvdf.webp?v=1789480633,,,
mens-overall-trousers-for-everyday-wear,,,Blue,,S,,,,0.0,shopify,99999,continue,manual,59.95,98.95,true,false,https://cdn.shopify.com/s/files/1/1074/0200/2757/files/Men_s_Overall_Trousers_for_Everyday_Wearvs.jpg?v=1789480714,,,
mens-overall-trousers-for-everyday-wear,,,Blue,,M,,,,0.0,shopify,99999,continue,manual,59.95,98.95,true,false,https://cdn.shopify.com/s/files/1/1074/0200/2757/files/Men_s_Overall_Trousers_for_Everyday_Wearvs.jpg?v=1789480714,,,
mens-overall-trousers-for-everyday-wear,,,Blue,,L,,,,0.0,shopify,99999,continue,manual,59.95,98.95,true,false,https://cdn.shopify.com/s/files/1/1074/0200/2757/files/Men_s_Overall_Trousers_for_Everyday_Wearvs.jpg?v=1789480714,,,
mens-overall-trousers-for-everyday-wear,,,Blue,,XL,,,,0.0,shopify,99999,continue,manual,59.95,98.95,true,false,https://cdn.shopify.com/s/files/1/1074/0200/2757/files/Men_s_Overall_Trousers_for_Everyday_Wearvs.jpg?v=1789480714,,,
mens-overall-trousers-for-everyday-wear,,,Blue,,2XL,,,,0.0,shopify,99999,continue,manual,59.95,98.95,true,false,https://cdn.shopify.com/s/files/1/1074/0200/2757/files/Men_s_Overall_Trousers_for_Everyday_Wearvs.jpg?v=1789480714,,,
mens-overall-trousers-for-everyday-wear,,,Blue,,3XL,,,,0.0,shopify,99999,continue,manual,59.95,98.95,true,false,https://cdn.shopify.com/s/files/1/1074/0200/2757/files/Men_s_Overall_Trousers_for_Everyday_Wearvs.jpg?v=1789480714,,,
mens-overall-trousers-for-everyday-wear,,,,,,,,,,,,,,,,,,,https://cdn.shopify.com/s/files/1/1074/0200/2757/files/Men_s_Overall_Trousers_for_Everyday_Wearvdf.webp?v=1789480633,1,Men's Overall Trousers for Everyday Wear
mens-overall-trousers-for-everyday-wear,,,,,,,,,,,,,,,,,,,https://cdn.shopify.com/s/files/1/1074/0200/2757/files/Men_s_Overall_Trousers_for_Everyday_Wearvdv.webp?v=1789480683,2,Men's Overall Trousers for Everyday Wear
mens-overall-trousers-for-everyday-wear,,,,,,,,,,,,,,,,,,,https://cdn.shopify.com/s/files/1/1074/0200/2757/files/Men_s_Overall_Trousers_for_Everyday_Wearvs.webp?v=1789480662,3,Men's Overall Trousers for Everyday Wear
mens-overall-trousers-for-everyday-wear,,,,,,,,,,,,,,,,,,,https://cdn.shopify.com/s/files/1/1074/0200/2757/files/Men_s_Overall_Trousers_for_Everyday_WearMen_s_Overall_Trousers_for_Everyday_Weards.webp?v=1789480696,4,Men's Overall Trousers for Everyday Wear
mens-overall-trousers-for-everyday-wear,,,,,,,,,,,,,,,,,,,https://cdn.shopify.com/s/files/1/1074/0200/2757/files/Men_s_Overall_Trousers_for_Everyday_Wearvs.jpg?v=1789480714,5,Men's Overall Trousers for Everyday Wear
mens-denim-jacket-with-chest-pockets-for-autumn,Men's Denim Jacket with Chest Pockets for Autumn,Color,Dark Blue,Size,S,,,,0.0,shopify,999999,continue,manual,99.95,165.95,true,false,https://cdn.shopify.com/s/files/1/1074/0200/2757/files/Men_s_Denim_Jacket_with_Chest_Pockets_for_Autumnvdse.jpg?v=1789872010,,,
mens-denim-jacket-with-chest-pockets-for-autumn,,,Dark Blue,,M,,,,0.0,shopify,999999,continue,manual,99.95,165.95,true,false,https://cdn.shopify.com/s/files/1/1074/0200/2757/files/Men_s_Denim_Jacket_with_Chest_Pockets_for_Autumnvdse.jpg?v=1789872010,,,
mens-denim-jacket-with-chest-pockets-for-autumn,,,Dark Blue,,L,,,,0.0,shopify,999999,continue,manual,99.95,165.95,true,false,https://cdn.shopify.com/s/files/1/1074/0200/2757/files/Men_s_Denim_Jacket_with_Chest_Pockets_for_Autumnvdse.jpg?v=1789872010,,,
mens-denim-jacket-with-chest-pockets-for-autumn,,,Dark Blue,,XL,,,,0.0,shopify,999999,continue,manual,99.95,165.95,true,false,https://cdn.shopify.com/s/files/1/1074/0200/2757/files/Men_s_Denim_Jacket_with_Chest_Pockets_for_Autumnvdse.jpg?v=1789872010,,,
mens-denim-jacket-with-chest-pockets-for-autumn,,,Dark Blue,,2XL,,,,0.0,shopify,999999,continue,manual,99.95,165.95,true,false,https://cdn.shopify.com/s/files/1/1074/0200/2757/files/Men_s_Denim_Jacket_with_Chest_Pockets_for_Autumnvdse.jpg?v=1789872010,,,
mens-denim-jacket-with-chest-pockets-for-autumn,,,Dark Blue,,3XL,,,,0.0,shopify,999998,continue,manual,99.95,165.95,true,false,https://cdn.shopify.com/s/files/1/1074/0200/2757/files/Men_s_Denim_Jacket_with_Chest_Pockets_for_Autumnvdse.jpg?v=1789872010,,,
mens-denim-jacket-with-chest-pockets-for-autumn,,,Denim Blue,,S,,,,0.0,shopify,999999,continue,manual,99.95,165.95,true,false,https://cdn.shopify.com/s/files/1/1074/0200/2757/files/Men_s_Denim_Jacket_with_Chest_Pockets_for_Autumnvde.jpg?v=1789872019,,,
mens-denim-jacket-with-chest-pockets-for-autumn,,,Denim Blue,,M,,,,0.0,shopify,999999,continue,manual,99.95,165.95,true,false,https://cdn.shopify.com/s/files/1/1074/0200/2757/files/Men_s_Denim_Jacket_with_Chest_Pockets_for_Autumnvde.jpg?v=1789872019,,,
mens-denim-jacket-with-chest-pockets-for-autumn,,,Denim Blue,,L,,,,0.0,shopify,999999,continue,manual,99.95,165.95,true,false,https://cdn.shopify.com/s/files/1/1074/0200/2757/files/Men_s_Denim_Jacket_with_Chest_Pockets_for_Autumnvde.jpg?v=1789872019,,,
mens-denim-jacket-with-chest-pockets-for-autumn,,,Denim Blue,,XL,,,,0.0,shopify,999999,continue,manual,99.95,165.95,true,false,https://cdn.shopify.com/s/files/1/1074/0200/2757/files/Men_s_Denim_Jacket_with_Chest_Pockets_for_Autumnvde.jpg?v=1789872019,,,
mens-denim-jacket-with-chest-pockets-for-autumn,,,Denim Blue,,2XL,,,,0.0,shopify,999999,continue,manual,99.95,165.95,true,false,https://cdn.shopify.com/s/files/1/1074/0200/2757/files/Men_s_Denim_Jacket_with_Chest_Pockets_for_Autumnvde.jpg?v=1789872019,,,
mens-denim-jacket-with-chest-pockets-for-autumn,,,Denim Blue,,3XL,,,,0.0,shopify,999999,continue,manual,99.95,165.95,true,false,https://cdn.shopify.com/s/files/1/1074/0200/2757/files/Men_s_Denim_Jacket_with_Chest_Pockets_for_Autumnvde.jpg?v=1789872019,,,
mens-denim-jacket-with-chest-pockets-for-autumn,,,,,,,,,,,,,,,,,,,https://cdn.shopify.com/s/files/1/1074/0200/2757/files/Men_s_Denim_Jacket_with_Chest_Pockets_for_Autumnvdse.jpg?v=1789872010,1,Men's Denim Jacket with Chest Pockets for Autumn
mens-denim-jacket-with-chest-pockets-for-autumn,,,,,,,,,,,,,,,,,,,https://cdn.shopify.com/s/files/1/1074/0200/2757/files/Men_s_Denim_Jacket_with_Chest_Pockets_for_Autumnvde.jpg?v=1789872019,2,Men's Denim Jacket with Chest Pockets for Autumn
mens-denim-jacket-with-chest-pockets-for-autumn,,,,,,,,,,,,,,,,,,,https://cdn.shopify.com/s/files/1/1074/0200/2757/files/Men_s_Denim_Jacket_with_Chest_Pockets_for_Autumnvd4e.jpg?v=1789872027,3,Men's Denim Jacket with Chest Pockets for Autumn
mens-denim-jacket-with-chest-pockets-for-autumn,,,,,,,,,,,,,,,,,,,https://cdn.shopify.com/s/files/1/1074/0200/2757/files/Men_s_Denim_Jacket_with_Chest_Pockets_for_Autumnvdsd.jpg?v=1789872036,4,Men's Denim Jacket with Chest Pockets for Autumn
mens-denim-jacket-with-chest-pockets-for-autumn,,,,,,,,,,,,,,,,,,,https://cdn.shopify.com/s/files/1/1074/0200/2757/files/Men_s_Denim_Jacket_with_Chest_Pockets_for_Autumnvd4.jpg?v=1789872045,5,Men's Denim Jacket with Chest Pockets for Autumn
mens-denim-jacket-with-chest-pockets-for-autumn,,,,,,,,,,,,,,,,,,,https://cdn.shopify.com/s/files/1/1074/0200/2757/files/Men_s_Denim_Jacket_with_Chest_Pockets_for_Autumnvdfe.jpg?v=1789872053,6,Men's Denim Jacket with Chest Pockets for Autumn
mens-denim-jacket-with-chest-pockets-for-autumn,,,,,,,,,,,,,,,,,,,https://cdn.shopify.com/s/files/1/1074/0200/2757/files/Men_s_Denim_Jacket_with_Chest_Pockets_for_Autumnvdfr.jpg?v=1789872063,7,Men's Denim Jacket with Chest Pockets for Autumn
mens-denim-jacket-with-chest-pockets-for-autumn,,,,,,,,,,,,,,,,,,,https://cdn.shopify.com/s/files/1/1074/0200/2757/files/Men_s_Denim_Jacket_with_Chest_Pockets_for_Autumnvdfe4.jpg?v=1789872073,8,Men's Denim Jacket with Chest Pockets for Autumn
womens-blouse-top-for-everyday-and-special-occasions,Women's Blouse Top for Everyday and Special Occasions,Color,Black,Size,S,,,,0.0,shopify,99999,continue,manual,39.95,65.95,true,false,https://cdn.shopify.com/s/files/1/1074/0200/2757/files/Women_s_Blouse_Top_for_Everyday_and_Special_Occasionsvsd.jpg?v=1790264259,,,
womens-blouse-top-for-everyday-and-special-occasions,,,Black,,M,,,,0.0,shopify,99999,continue,manual,39.95,65.95,true,false,https://cdn.shopify.com/s/files/1/1074/0200/2757/files/Women_s_Blouse_Top_for_Everyday_and_Special_Occasionsvsd.jpg?v=1790264259,,,
womens-blouse-top-for-everyday-and-special-occasions,,,Black,,L,,,,0.0,shopify,99999,continue,manual,39.95,65.95,true,false,https://cdn.shopify.com/s/files/1/1074/0200/2757/files/Women_s_Blouse_Top_for_Everyday_and_Special_Occasionsvsd.jpg?v=1790264259,,,
womens-blouse-top-for-everyday-and-special-occasions,,,Black,,XL,,,,0.0,shopify,99999,continue,manual,39.95,65.95,true,false,https://cdn.shopify.com/s/files/1/1074/0200/2757/files/Women_s_Blouse_Top_for_Everyday_and_Special_Occasionsvsd.jpg?v=1790264259,,,
womens-blouse-top-for-everyday-and-special-occasions,,,Black,,2XL,,,,0.0,shopify,99999,continue,manual,39.95,65.95,true,false,https://cdn.shopify.com/s/files/1/1074/0200/2757/files/Women_s_Blouse_Top_for_Everyday_and_Special_Occasionsvsd.jpg?v=1790264259,,,
womens-blouse-top-for-everyday-and-special-occasions,,,Black,,3XL,,,,0.0,shopify,99999,continue,manual,39.95,65.95,true,false,https://cdn.shopify.com/s/files/1/1074/0200/2757/files/Women_s_Blouse_Top_for_Everyday_and_Special_Occasionsvsd.jpg?v=1790264259,,,
womens-blouse-top-for-everyday-and-special-occasions,,,Blue,,S,,,,0.0,shopify,99999,continue,manual,39.95,65.95,true,false,https://cdn.shopify.com/s/files/1/1074/0200/2757/files/Women_s_Blouse_Top_for_Everyday_and_Special_Occasionsbfg.jpg?v=1790264273,,,
womens-blouse-top-for-everyday-and-special-occasions,,,Blue,,M,,,,0.0,shopify,99999,continue,manual,39.95,65.95,true,false,https://cdn.shopify.com/s/files/1/1074/0200/2757/files/Women_s_Blouse_Top_for_Everyday_and_Special_Occasionsbfg.jpg?v=1790264273,,,
womens-blouse-top-for-everyday-and-special-occasions,,,Blue,,L,,,,0.0,shopify,99999,continue,manual,39.95,65.95,true,false,https://cdn.shopify.com/s/files/1/1074/0200/2757/files/Women_s_Blouse_Top_for_Everyday_and_Special_Occasionsbfg.jpg?v=1790264273,,,
womens-blouse-top-for-everyday-and-special-occasions,,,Blue,,XL,,,,0.0,shopify,99999,continue,manual,39.95,65.95,true,false,https://cdn.shopify.com/s/files/1/1074/0200/2757/files/Women_s_Blouse_Top_for_Everyday_and_Special_Occasionsbfg.jpg?v=1790264273,,,
womens-blouse-top-for-everyday-and-special-occasions,,,Blue,,2XL,,,,0.0,shopify,99999,continue,manual,39.95,65.95,true,false,https://cdn.shopify.com/s/files/1/1074/0200/2757/files/Women_s_Blouse_Top_for_Everyday_and_Special_Occasionsbfg.jpg?v=1790264273,,,
womens-blouse-top-for-everyday-and-special-occasions,,,Blue,,3XL,,,,0.0,shopify,99999,continue,manual,39.95,65.95,true,false,https://cdn.shopify.com/s/files/1/1074/0200/2757/files/Women_s_Blouse_Top_for_Everyday_and_Special_Occasionsbfg.jpg?v=1790264273,,,
womens-blouse-top-for-everyday-and-special-occasions,,,Pink,,S,,,,0.0,shopify,99999,continue,manual,39.95,65.95,true,false,https://cdn.shopify.com/s/files/1/1074/0200/2757/files/Women_s_Blouse_Top_for_Everyday_and_Special_Occasionsvdf34.jpg?v=1790264396,,,
womens-blouse-top-for-everyday-and-special-occasions,,,Pink,,M,,,,0.0,shopify,99999,continue,manual,39.95,65.95,true,false,https://cdn.shopify.com/s/files/1/1074/0200/2757/files/Women_s_Blouse_Top_for_Everyday_and_Special_Occasionsvdf34.jpg?v=1790264396,,,
womens-blouse-top-for-everyday-and-special-occasions,,,Pink,,L,,,,0.0,shopify,99999,continue,manual,39.95,65.95,true,false,https://cdn.shopify.com/s/files/1/1074/0200/2757/files/Women_s_Blouse_Top_for_Everyday_and_Special_Occasionsvdf34.jpg?v=1790264396,,,
womens-blouse-top-for-everyday-and-special-occasions,,,Pink,,XL,,,,0.0,shopify,99999,continue,manual,39.95,65.95,true,false,https://cdn.shopify.com/s/files/1/1074/0200/2757/files/Women_s_Blouse_Top_for_Everyday_and_Special_Occasionsvdf34.jpg?v=1790264396,,,
womens-blouse-top-for-everyday-and-special-occasions,,,Pink,,2XL,,,,0.0,shopify,99999,continue,manual,39.95,65.95,true,false,https://cdn.shopify.com/s/files/1/1074/0200/2757/files/Women_s_Blouse_Top_for_Everyday_and_Special_Occasionsvdf34.jpg?v=1790264396,,,
womens-blouse-top-for-everyday-and-special-occasions,,,Pink,,3XL,,,,0.0,shopify,99999,continue,manual,39.95,65.95,true,false,https://cdn.shopify.com/s/files/1/1074/0200/2757/files/Women_s_Blouse_Top_for_Everyday_and_Special_Occasionsvdf34.jpg?v=1790264396,,,
womens-blouse-top-for-everyday-and-special-occasions,,,White,,S,,,,0.0,shopify,99999,continue,manual,39.95,65.95,true,false,https://cdn.shopify.com/s/files/1/1074/0200/2757/files/Women_s_Blouse_Top_for_Everyday_and_Special_Occasionsbdd.jpg?v=1790264318,,,
womens-blouse-top-for-everyday-and-special-occasions,,,White,,M,,,,0.0,shopify,99999,continue,manual,39.95,65.95,true,false,https://cdn.shopify.com/s/files/1/1074/0200/2757/files/Women_s_Blouse_Top_for_Everyday_and_Special_Occasionsbdd.jpg?v=1790264318,,,
womens-blouse-top-for-everyday-and-special-occasions,,,White,,L,,,,0.0,shopify,99999,continue,manual,39.95,65.95,true,false,https://cdn.shopify.com/s/files/1/1074/0200/2757/files/Women_s_Blouse_Top_for_Everyday_and_Special_Occasionsbdd.jpg?v=1790264318,,,
womens-blouse-top-for-everyday-and-special-occasions,,,White,,XL,,,,0.0,shopify,99999,continue,manual,39.95,65.95,true,false,https://cdn.shopify.com/s/files/1/1074/0200/2757/files/Women_s_Blouse_Top_for_Everyday_and_Special_Occasionsbdd.jpg?v=1790264318,,,
womens-blouse-top-for-everyday-and-special-occasions,,,White,,2XL,,,,0.0,shopify,99999,continue,manual,39.95,65.95,true,false,https://cdn.shopify.com/s/files/1/1074/0200/2757/files/Women_s_Blouse_Top_for_Everyday_and_Special_Occasionsbdd.jpg?v=1790264318,,,
womens-blouse-top-for-everyday-and-special-occasions,,,White,,3XL,,,,0.0,shopify,99999,continue,manual,39.95,65.95,true,false,https://cdn.shopify.com/s/files/1/1074/0200/2757/files/Women_s_Blouse_Top_for_Everyday_and_Special_Occasionsbdd.jpg?v=1790264318,,,
womens-blouse-top-for-everyday-and-special-occasions,,,Yellow,,S,,,,0.0,shopify,99999,continue,manual,39.95,65.95,true,false,https://cdn.shopify.com/s/files/1/1074/0200/2757/files/Women_s_Blouse_Top_for_Everyday_and_Special_Occasionsvdfas.jpg?v=1790264335,,,
womens-blouse-top-for-everyday-and-special-occasions,,,Yellow,,M,,,,0.0,shopify,99999,continue,manual,39.95,65.95,true,false,https://cdn.shopify.com/s/files/1/1074/0200/2757/files/Women_s_Blouse_Top_for_Everyday_and_Special_Occasionsvdfas.jpg?v=1790264335,,,
womens-blouse-top-for-everyday-and-special-occasions,,,Yellow,,L,,,,0.0,shopify,99999,continue,manual,39.95,65.95,true,false,https://cdn.shopify.com/s/files/1/1074/0200/2757/files/Women_s_Blouse_Top_for_Everyday_and_Special_Occasionsvdfas.jpg?v=1790264335,,,
womens-blouse-top-for-everyday-and-special-occasions,,,Yellow,,XL,,,,0.0,shopify,99999,continue,manual,39.95,65.95,true,false,https://cdn.shopify.com/s/files/1/1074/0200/2757/files/Women_s_Blouse_Top_for_Everyday_and_Special_Occasionsvdfas.jpg?v=1790264335,,,
womens-blouse-top-for-everyday-and-special-occasions,,,Yellow,,2XL,,,,0.0,shopify,99999,continue,manual,39.95,65.95,true,false,https://cdn.shopify.com/s/files/1/1074/0200/2757/files/Women_s_Blouse_Top_for_Everyday_and_Special_Occasionsvdfas.jpg?v=1790264335,,,
womens-blouse-top-for-everyday-and-special-occasions,,,Yellow,,3XL,,,,0.0,shopify,99999,continue,manual,39.95,65.95,true,false,https://cdn.shopify.com/s/files/1/1074/0200/2757/files/Women_s_Blouse_Top_for_Everyday_and_Special_Occasionsvdfas.jpg?v=1790264335,,,
womens-blouse-top-for-everyday-and-special-occasions,,,Green,,S,,,,0.0,shopify,99999,continue,manual,39.95,65.95,true,false,https://cdn.shopify.com/s/files/1/1074/0200/2757/files/Women_s_Blouse_Top_for_Everyday_and_Special_Occasionsbg.jpg?v=1790264344,,,
womens-blouse-top-for-everyday-and-special-occasions,,,Green,,M,,,,0.0,shopify,99999,continue,manual,39.95,65.95,true,false,https://cdn.shopify.com/s/files/1/1074/0200/2757/files/Women_s_Blouse_Top_for_Everyday_and_Special_Occasionsbg.jpg?v=1790264344,,,
womens-blouse-top-for-everyday-and-special-occasions,,,Green,,L,,,,0.0,shopify,99999,continue,manual,39.95,65.95,true,false,https://cdn.shopify.com/s/files/1/1074/0200/2757/files/Women_s_Blouse_Top_for_Everyday_and_Special_Occasionsbg.jpg?v=1790264344,,,
womens-blouse-top-for-everyday-and-special-occasions,,,Green,,XL,,,,0.0,shopify,99999,continue,manual,39.95,65.95,true,false,https://cdn.shopify.com/s/files/1/1074/0200/2757/files/Women_s_Blouse_Top_for_Everyday_and_Special_Occasionsbg.jpg?v=1790264344,,,
womens-blouse-top-for-everyday-and-special-occasions,,,Green,,2XL,,,,0.0,shopify,99999,continue,manual,39.95,65.95,true,false,https://cdn.shopify.com/s/files/1/1074/0200/2757/files/Women_s_Blouse_Top_for_Everyday_and_Special_Occasionsbg.jpg?v=1790264344,,,
womens-blouse-top-for-everyday-and-special-occasions,,,Green,,3XL,,,,0.0,shopify,99999,continue,manual,39.95,65.95,true,false,https://cdn.shopify.com/s/files/1/1074/0200/2757/files/Women_s_Blouse_Top_for_Everyday_and_Special_Occasionsbg.jpg?v=1790264344,,,
womens-blouse-top-for-everyday-and-special-occasions,,,Red,,S,,,,0.0,shopify,99999,continue,manual,39.95,65.95,true,false,https://cdn.shopify.com/s/files/1/1074/0200/2757/files/Women_s_Blouse_Top_for_Everyday_and_Special_Occasionsdf.jpg?v=1790264352,,,
womens-blouse-top-for-everyday-and-special-occasions,,,Red,,M,,,,0.0,shopify,99999,continue,manual,39.95,65.95,true,false,https://cdn.shopify.com/s/files/1/1074/0200/2757/files/Women_s_Blouse_Top_for_Everyday_and_Special_Occasionsdf.jpg?v=1790264352,,,
womens-blouse-top-for-everyday-and-special-occasions,,,Red,,L,,,,0.0,shopify,99999,continue,manual,39.95,65.95,true,false,https://cdn.shopify.com/s/files/1/1074/0200/2757/files/Women_s_Blouse_Top_for_Everyday_and_Special_Occasionsdf.jpg?v=1790264352,,,
womens-blouse-top-for-everyday-and-special-occasions,,,Red,,XL,,,,0.0,shopify,99999,continue,manual,39.95,65.95,true,false,https://cdn.shopify.com/s/files/1/1074/0200/2757/files/Women_s_Blouse_Top_for_Everyday_and_Special_Occasionsdf.jpg?v=1790264352,,,
womens-blouse-top-for-everyday-and-special-occasions,,,Red,,2XL,,,,0.0,shopify,99999,continue,manual,39.95,65.95,true,false,https://cdn.shopify.com/s/files/1/1074/0200/2757/files/Women_s_Blouse_Top_for_Everyday_and_Special_Occasionsdf.jpg?v=1790264352,,,
womens-blouse-top-for-everyday-and-special-occasions,,,Red,,3XL,,,,0.0,shopify,99999,continue,manual,39.95,65.95,true,false,https://cdn.shopify.com/s/files/1/1074/0200/2757/files/Women_s_Blouse_Top_for_Everyday_and_Special_Occasionsdf.jpg?v=1790264352,,,
womens-blouse-top-for-everyday-and-special-occasions,,,Gray,,S,,,,0.0,shopify,99999,continue,manual,39.95,65.95,true,false,https://cdn.shopify.com/s/files/1/1074/0200/2757/files/Women_s_Blouse_Top_for_Everyday_and_Special_Occasionsqq.jpg?v=1790264379,,,
womens-blouse-top-for-everyday-and-special-occasions,,,Gray,,M,,,,0.0,shopify,99999,continue,manual,39.95,65.95,true,false,https://cdn.shopify.com/s/files/1/1074/0200/2757/files/Women_s_Blouse_Top_for_Everyday_and_Special_Occasionsqq.jpg?v=1790264379,,,
womens-blouse-top-for-everyday-and-special-occasions,,,Gray,,L,,,,0.0,shopify,99999,continue,manual,39.95,65.95,true,false,https://cdn.shopify.com/s/files/1/1074/0200/2757/files/Women_s_Blouse_Top_for_Everyday_and_Special_Occasionsqq.jpg?v=1790264379,,,
womens-blouse-top-for-everyday-and-special-occasions,,,Gray,,XL,,,,0.0,shopify,99999,continue,manual,39.95,65.95,true,false,https://cdn.shopify.com/s/files/1/1074/0200/2757/files/Women_s_Blouse_Top_for_Everyday_and_Special_Occasionsqq.jpg?v=1790264379,,,
womens-blouse-top-for-everyday-and-special-occasions,,,Gray,,2XL,,,,0.0,shopify,99999,continue,manual,39.95,65.95,true,false,https://cdn.shopify.com/s/files/1/1074/0200/2757/files/Women_s_Blouse_Top_for_Everyday_and_Special_Occasionsqq.jpg?v=1790264379,,,
womens-blouse-top-for-everyday-and-special-occasions,,,Gray,,3XL,,,,0.0,shopify,99999,continue,manual,39.95,65.95,true,false,https://cdn.shopify.com/s/files/1/1074/0200/2757/files/Women_s_Blouse_Top_for_Everyday_and_Special_Occasionsqq.jpg?v=1790264379,,,
womens-blouse-top-for-everyday-and-special-occasions,,,Purple,,S,,,,0.0,shopify,99999,continue,manual,39.95,65.95,true,false,https://cdn.shopify.com/s/files/1/1074/0200/2757/files/Women_s_Blouse_Top_for_Everyday_and_Special_Occasionsbfg4.jpg?v=1790264466,,,
womens-blouse-top-for-everyday-and-special-occasions,,,Purple,,M,,,,0.0,shopify,99999,continue,manual,39.95,65.95,true,false,https://cdn.shopify.com/s/files/1/1074/0200/2757/files/Women_s_Blouse_Top_for_Everyday_and_Special_Occasionsbfg4.jpg?v=1790264466,,,
womens-blouse-top-for-everyday-and-special-occasions,,,Purple,,L,,,,0.0,shopify,99999,continue,manual,39.95,65.95,true,false,https://cdn.shopify.com/s/files/1/1074/0200/2757/files/Women_s_Blouse_Top_for_Everyday_and_Special_Occasionsbfg4.jpg?v=1790264466,,,
womens-blouse-top-for-everyday-and-special-occasions,,,Purple,,XL,,,,0.0,shopify,99999,continue,manual,39.95,65.95,true,false,https://cdn.shopify.com/s/files/1/1074/0200/2757/files/Women_s_Blouse_Top_for_Everyday_and_Special_Occasionsbfg4.jpg?v=1790264466,,,
womens-blouse-top-for-everyday-and-special-occasions,,,Purple,,2XL,,,,0.0,shopify,99999,continue,manual,39.95,65.95,true,false,https://cdn.shopify.com/s/files/1/1074/0200/2757/files/Women_s_Blouse_Top_for_Everyday_and_Special_Occasionsbfg4.jpg?v=1790264466,,,
womens-blouse-top-for-everyday-and-special-occasions,,,Purple,,3XL,,,,0.0,shopify,99999,continue,manual,39.95,65.95,true,false,https://cdn.shopify.com/s/files/1/1074/0200/2757/files/Women_s_Blouse_Top_for_Everyday_and_Special_Occasionsbfg4.jpg?v=1790264466,,,
womens-blouse-top-for-everyday-and-special-occasions,,,,,,,,,,,,,,,,,,,https://cdn.shopify.com/s/files/1/1074/0200/2757/files/Women_s_Blouse_Top_for_Everyday_and_Special_Occasionsvs.jpg?v=1790264251,1,Women's Blouse Top for Everyday and Special Occasions
womens-blouse-top-for-everyday-and-special-occasions,,,,,,,,,,,,,,,,,,,https://cdn.shopify.com/s/files/1/1074/0200/2757/files/Women_s_Blouse_Top_for_Everyday_and_Special_Occasionsvsd.jpg?v=1790264259,2,Women's Blouse Top for Everyday and Special Occasions
womens-blouse-top-for-everyday-and-special-occasions,,,,,,,,,,,,,,,,,,,https://cdn.shopify.com/s/files/1/1074/0200/2757/files/Women_s_Blouse_Top_for_Everyday_and_Special_Occasionsbfg.jpg?v=1790264273,3,Women's Blouse Top for Everyday and Special Occasions
womens-blouse-top-for-everyday-and-special-occasions,,,,,,,,,,,,,,,,,,,https://cdn.shopify.com/s/files/1/1074/0200/2757/files/Women_s_Blouse_Top_for_Everyday_and_Special_Occasionsvds.jpg?v=1790264281,4,Women's Blouse Top for Everyday and Special Occasions
womens-blouse-top-for-everyday-and-special-occasions,,,,,,,,,,,,,,,,,,,https://cdn.shopify.com/s/files/1/1074/0200/2757/files/Women_s_Blouse_Top_for_Everyday_and_Special_Occasionsnger.jpg?v=1790264304,5,Women's Blouse Top for Everyday and Special Occasions
womens-blouse-top-for-everyday-and-special-occasions,,,,,,,,,,,,,,,,,,,https://cdn.shopify.com/s/files/1/1074/0200/2757/files/Women_s_Blouse_Top_for_Everyday_and_Special_Occasionsbdd.jpg?v=1790264318,6,Women's Blouse Top for Everyday and Special Occasions
womens-blouse-top-for-everyday-and-special-occasions,,,,,,,,,,,,,,,,,,,https://cdn.shopify.com/s/files/1/1074/0200/2757/files/Women_s_Blouse_Top_for_Everyday_and_Special_Occasionsvdfas.jpg?v=1790264335,7,Women's Blouse Top for Everyday and Special Occasions
womens-blouse-top-for-everyday-and-special-occasions,,,,,,,,,,,,,,,,,,,https://cdn.shopify.com/s/files/1/1074/0200/2757/files/Women_s_Blouse_Top_for_Everyday_and_Special_Occasionsbg.jpg?v=1790264344,8,Women's Blouse Top for Everyday and Special Occasions
womens-blouse-top-for-everyday-and-special-occasions,,,,,,,,,,,,,,,,,,,https://cdn.shopify.com/s/files/1/1074/0200/2757/files/Women_s_Blouse_Top_for_Everyday_and_Special_Occasionsdf.jpg?v=1790264352,9,Women's Blouse Top for Everyday and Special Occasions
womens-blouse-top-for-everyday-and-special-occasions,,,,,,,,,,,,,,,,,,,https://cdn.shopify.com/s/files/1/1074/0200/2757/files/Women_s_Blouse_Top_for_Everyday_and_Special_Occasionsqq.jpg?v=1790264379,10,Women's Blouse Top for Everyday and Special Occasions
womens-blouse-top-for-everyday-and-special-occasions,,,,,,,,,,,,,,,,,,,https://cdn.shopify.com/s/files/1/1074/0200/2757/files/Women_s_Blouse_Top_for_Everyday_and_Special_Occasionse2.jpg?v=1790264388,11,Women's Blouse Top for Everyday and Special Occasions
womens-blouse-top-for-everyday-and-special-occasions,,,,,,,,,,,,,,,,,,,https://cdn.shopify.com/s/files/1/1074/0200/2757/files/Women_s_Blouse_Top_for_Everyday_and_Special_Occasionsvdf34.jpg?v=1790264396,12,Women's Blouse Top for Everyday and Special Occasions
womens-blouse-top-for-everyday-and-special-occasions,,,,,,,,,,,,,,,,,,,https://cdn.shopify.com/s/files/1/1074/0200/2757/files/Women_s_Blouse_Top_for_Everyday_and_Special_Occasionsvdg3.jpg?v=1790264406,13,Women's Blouse Top for Everyday and Special Occasions
womens-blouse-top-for-everyday-and-special-occasions,,,,,,,,,,,,,,,,,,,https://cdn.shopify.com/s/files/1/1074/0200/2757/files/Women_s_Blouse_Top_for_Everyday_and_Special_Occasionsfg4.jpg?v=1790264415,14,Women's Blouse Top for Everyday and Special Occasions
womens-blouse-top-for-everyday-and-special-occasions,,,,,,,,,,,,,,,,,,,https://cdn.shopify.com/s/files/1/1074/0200/2757/files/Women_s_Blouse_Top_for_Everyday_and_Special_Occasionsvv3.jpg?v=1790264426,15,Women's Blouse Top for Everyday and Special Occasions
womens-blouse-top-for-everyday-and-special-occasions,,,,,,,,,,,,,,,,,,,https://cdn.shopify.com/s/files/1/1074/0200/2757/files/Women_s_Blouse_Top_for_Everyday_and_Special_Occasionsvsd3.jpg?v=1790264439,16,Women's Blouse Top for Everyday and Special Occasions
womens-blouse-top-for-everyday-and-special-occasions,,,,,,,,,,,,,,,,,,,https://cdn.shopify.com/s/files/1/1074/0200/2757/files/Women_s_Blouse_Top_for_Everyday_and_Special_Occasionst5.jpg?v=1790264449,17,Women's Blouse Top for Everyday and Special Occasions
womens-blouse-top-for-everyday-and-special-occasions,,,,,,,,,,,,,,,,,,,https://cdn.shopify.com/s/files/1/1074/0200/2757/files/Women_s_Blouse_Top_for_Everyday_and_Special_Occasionsbfg4.jpg?v=1790264466,18,Women's Blouse Top for Everyday and Special Occasions
womens-blouse-top-for-everyday-and-special-occasions,,,,,,,,,,,,,,,,,,,https://cdn.shopify.com/s/files/1/1074/0200/2757/files/Women_s_Blouse_Top_for_Everyday_and_Special_Occasionsvdf.jpg?v=1790264477,19,Women's Blouse Top for Everyday and Special Occasions
mens-hooded-long-raincoat-for-autumn-winter-outdoor-days,Men's Hooded Long Raincoat for Autumn Winter Outdoor Days,Color,Black,Size,S,,,,0.0,shopify,99999,continue,manual,59.95,98.95,true,false,https://cdn.shopify.com/s/files/1/1074/0200/2757/files/Men_s_Hooded_Long_Raincoat_for_Autumn_Winter_Outdoor_Daysvsd.png?v=1790128587,,,
mens-hooded-long-raincoat-for-autumn-winter-outdoor-days,,,Black,,M,,,,0.0,shopify,99999,continue,manual,59.95,98.95,true,false,https://cdn.shopify.com/s/files/1/1074/0200/2757/files/Men_s_Hooded_Long_Raincoat_for_Autumn_Winter_Outdoor_Daysvsd.png?v=1790128587,,,
mens-hooded-long-raincoat-for-autumn-winter-outdoor-days,,,Black,,L,,,,0.0,shopify,99999,continue,manual,59.95,98.95,true,false,https://cdn.shopify.com/s/files/1/1074/0200/2757/files/Men_s_Hooded_Long_Raincoat_for_Autumn_Winter_Outdoor_Daysvsd.png?v=1790128587,,,
mens-hooded-long-raincoat-for-autumn-winter-outdoor-days,,,Black,,XL,,,,0.0,shopify,99999,continue,manual,59.95,98.95,true,false,https://cdn.shopify.com/s/files/1/1074/0200/2757/files/Men_s_Hooded_Long_Raincoat_for_Autumn_Winter_Outdoor_Daysvsd.png?v=1790128587,,,
mens-hooded-long-raincoat-for-autumn-winter-outdoor-days,,,Black,,2XL,,,,0.0,shopify,99999,continue,manual,59.95,98.95,true,false,https://cdn.shopify.com/s/files/1/1074/0200/2757/files/Men_s_Hooded_Long_Raincoat_for_Autumn_Winter_Outdoor_Daysvsd.png?v=1790128587,,,
mens-hooded-long-raincoat-for-autumn-winter-outdoor-days,,,Black,,3XL,,,,0.0,shopify,99999,continue,manual,59.95,98.95,true,false,https://cdn.shopify.com/s/files/1/1074/0200/2757/files/Men_s_Hooded_Long_Raincoat_for_Autumn_Winter_Outdoor_Daysvsd.png?v=1790128587,,,
mens-hooded-long-raincoat-for-autumn-winter-outdoor-days,,,,,,,,,,,,,,,,,,,https://cdn.shopify.com/s/files/1/1074/0200/2757/files/Men_s_Hooded_Long_Raincoat_for_Autumn_Winter_Outdoor_Daysvsd.png?v=1790128587,1,Men's Hooded Long Raincoat for Autumn Winter Outdoor Days
mens-hooded-long-raincoat-for-autumn-winter-outdoor-days,,,,,,,,,,,,,,,,,,,https://cdn.shopify.com/s/files/1/1074/0200/2757/files/Men_s_Hooded_Long_Raincoat_for_Autumn_Winter_Outdoor_Daysvdfsd.png?v=1790128611,2,Men's Hooded Long Raincoat for Autumn Winter Outdoor Days
mens-hooded-long-raincoat-for-autumn-winter-outdoor-days,,,,,,,,,,,,,,,,,,,https://cdn.shopify.com/s/files/1/1074/0200/2757/files/Men_s_Hooded_Long_Raincoat_for_Autumn_Winter_Outdoor_Daysvdsd.png?v=1790128631,3,Men's Hooded Long Raincoat for Autumn Winter Outdoor Days
mens-hooded-long-raincoat-for-autumn-winter-outdoor-days,,,,,,,,,,,,,,,,,,,https://cdn.shopify.com/s/files/1/1074/0200/2757/files/Men_s_Hooded_Long_Raincoat_for_Autumn_Winter_Outdoor_Daysvdswe.png?v=1790128658,4,Men's Hooded Long Raincoat for Autumn Winter Outdoor Days
mens-hooded-long-raincoat-for-autumn-winter-outdoor-days,,,,,,,,,,,,,,,,,,,https://cdn.shopify.com/s/files/1/1074/0200/2757/files/Men_s_Hooded_Long_Raincoat_for_Autumn_Winter_Outdoor_DaysMen_s_Hooded_Long_Raincoat_for_Autumn_Winter_Outdoor_Daysdfwww.png?v=1790128694,5,Men's Hooded Long Raincoat for Autumn Winter Outdoor Days
womens-hooded-puffer-jacket-for-winter-wear,Women's Hooded Puffer Jacket for Winter Wear,Color,Red,Size,S,,,,0.0,shopify,99999,continue,manual,124.95,207.95,true,false,https://cdn.shopify.com/s/files/1/1074/0200/2757/files/Women_s_Hooded_Puffer_Jacket_for_Winter_Wearvde.jpg?v=1789230074,,,
womens-hooded-puffer-jacket-for-winter-wear,,,Red,,M,,,,0.0,shopify,99999,continue,manual,124.95,207.95,true,false,https://cdn.shopify.com/s/files/1/1074/0200/2757/files/Women_s_Hooded_Puffer_Jacket_for_Winter_Wearvde.jpg?v=1789230074,,,
womens-hooded-puffer-jacket-for-winter-wear,,,Red,,L,,,,0.0,shopify,99999,continue,manual,124.95,207.95,true,false,https://cdn.shopify.com/s/files/1/1074/0200/2757/files/Women_s_Hooded_Puffer_Jacket_for_Winter_Wearvde.jpg?v=1789230074,,,
womens-hooded-puffer-jacket-for-winter-wear,,,Red,,2XL,,,,0.0,shopify,99999,continue,manual,124.95,207.95,true,false,https://cdn.shopify.com/s/files/1/1074/0200/2757/files/Women_s_Hooded_Puffer_Jacket_for_Winter_Wearvde.jpg?v=1789230074,,,
womens-hooded-puffer-jacket-for-winter-wear,,,Red,,3XL,,,,0.0,shopify,99999,continue,manual,124.95,207.95,true,false,https://cdn.shopify.com/s/files/1/1074/0200/2757/files/Women_s_Hooded_Puffer_Jacket_for_Winter_Wearvde.jpg?v=1789230074,,,
womens-hooded-puffer-jacket-for-winter-wear,,,White,,S,,,,0.0,shopify,99999,continue,manual,124.95,207.95,true,false,https://cdn.shopify.com/s/files/1/1074/0200/2757/files/Women_s_Hooded_Puffer_Jacket_for_Winter_Wearvdre.jpg?v=1789230095,,,
womens-hooded-puffer-jacket-for-winter-wear,,,White,,M,,,,0.0,shopify,99999,continue,manual,124.95,207.95,true,false,https://cdn.shopify.com/s/files/1/1074/0200/2757/files/Women_s_Hooded_Puffer_Jacket_for_Winter_Wearvdre.jpg?v=1789230095,,,
womens-hooded-puffer-jacket-for-winter-wear,,,White,,L,,,,0.0,shopify,99999,continue,manual,124.95,207.95,true,false,https://cdn.shopify.com/s/files/1/1074/0200/2757/files/Women_s_Hooded_Puffer_Jacket_for_Winter_Wearvdre.jpg?v=1789230095,,,
womens-hooded-puffer-jacket-for-winter-wear,,,White,,2XL,,,,0.0,shopify,99999,continue,manual,124.95,207.95,true,false,https://cdn.shopify.com/s/files/1/1074/0200/2757/files/Women_s_Hooded_Puffer_Jacket_for_Winter_Wearvdre.jpg?v=1789230095,,,
womens-hooded-puffer-jacket-for-winter-wear,,,White,,3XL,,,,0.0,shopify,99999,continue,manual,124.95,207.95,true,false,https://cdn.shopify.com/s/files/1/1074/0200/2757/files/Women_s_Hooded_Puffer_Jacket_for_Winter_Wearvdre.jpg?v=1789230095,,,
womens-hooded-puffer-jacket-for-winter-wear,,,Black,,S,,,,0.0,shopify,99999,continue,manual,124.95,207.95,true,false,https://cdn.shopify.com/s/files/1/1074/0200/2757/files/Women_s_Hooded_Puffer_Jacket_for_Winter_Wearvdfe.jpg?v=1789230117,,,
womens-hooded-puffer-jacket-for-winter-wear,,,Black,,M,,,,0.0,shopify,99999,continue,manual,124.95,207.95,true,false,https://cdn.shopify.com/s/files/1/1074/0200/2757/files/Women_s_Hooded_Puffer_Jacket_for_Winter_Wearvdfe.jpg?v=1789230117,,,
womens-hooded-puffer-jacket-for-winter-wear,,,Black,,L,,,,0.0,shopify,99999,continue,manual,124.95,207.95,true,false,https://cdn.shopify.com/s/files/1/1074/0200/2757/files/Women_s_Hooded_Puffer_Jacket_for_Winter_Wearvdfe.jpg?v=1789230117,,,
womens-hooded-puffer-jacket-for-winter-wear,,,Black,,2XL,,,,0.0,shopify,99999,continue,manual,124.95,207.95,true,false,https://cdn.shopify.com/s/files/1/1074/0200/2757/files/Women_s_Hooded_Puffer_Jacket_for_Winter_Wearvdfe.jpg?v=1789230117,,,
womens-hooded-puffer-jacket-for-winter-wear,,,Black,,3XL,,,,0.0,shopify,99999,continue,manual,124.95,207.95,true,false,https://cdn.shopify.com/s/files/1/1074/0200/2757/files/Women_s_Hooded_Puffer_Jacket_for_Winter_Wearvdfe.jpg?v=1789230117,,,
womens-hooded-puffer-jacket-for-winter-wear,,,Khaki,,S,,,,0.0,shopify,99999,continue,manual,124.95,207.95,true,false,https://cdn.shopify.com/s/files/1/1074/0200/2757/files/Women_s_Hooded_Puffer_Jacket_for_Winter_Wearvdse.jpg?v=1789230139,,,
womens-hooded-puffer-jacket-for-winter-wear,,,Khaki,,M,,,,0.0,shopify,99999,continue,manual,124.95,207.95,true,false,https://cdn.shopify.com/s/files/1/1074/0200/2757/files/Women_s_Hooded_Puffer_Jacket_for_Winter_Wearvdse.jpg?v=1789230139,,,
womens-hooded-puffer-jacket-for-winter-wear,,,Khaki,,L,,,,0.0,shopify,99999,continue,manual,124.95,207.95,true,false,https://cdn.shopify.com/s/files/1/1074/0200/2757/files/Women_s_Hooded_Puffer_Jacket_for_Winter_Wearvdse.jpg?v=1789230139,,,
womens-hooded-puffer-jacket-for-winter-wear,,,Khaki,,2XL,,,,0.0,shopify,99999,continue,manual,124.95,207.95,true,false,https://cdn.shopify.com/s/files/1/1074/0200/2757/files/Women_s_Hooded_Puffer_Jacket_for_Winter_Wearvdse.jpg?v=1789230139,,,
womens-hooded-puffer-jacket-for-winter-wear,,,Khaki,,3XL,,,,0.0,shopify,99999,continue,manual,124.95,207.95,true,false,https://cdn.shopify.com/s/files/1/1074/0200/2757/files/Women_s_Hooded_Puffer_Jacket_for_Winter_Wearvdse.jpg?v=1789230139,,,
womens-hooded-puffer-jacket-for-winter-wear,,,Blue,,S,,,,0.0,shopify,99999,continue,manual,124.95,207.95,true,false,https://cdn.shopify.com/s/files/1/1074/0200/2757/files/Women_s_Hooded_Puffer_Jacket_for_Winter_Weardvfs.jpg?v=1789230163,,,
womens-hooded-puffer-jacket-for-winter-wear,,,Blue,,M,,,,0.0,shopify,99999,continue,manual,124.95,207.95,true,false,https://cdn.shopify.com/s/files/1/1074/0200/2757/files/Women_s_Hooded_Puffer_Jacket_for_Winter_Weardvfs.jpg?v=1789230163,,,
womens-hooded-puffer-jacket-for-winter-wear,,,Blue,,L,,,,0.0,shopify,99999,continue,manual,124.95,207.95,true,false,https://cdn.shopify.com/s/files/1/1074/0200/2757/files/Women_s_Hooded_Puffer_Jacket_for_Winter_Weardvfs.jpg?v=1789230163,,,
womens-hooded-puffer-jacket-for-winter-wear,,,Blue,,2XL,,,,0.0,shopify,99999,continue,manual,124.95,207.95,true,false,https://cdn.shopify.com/s/files/1/1074/0200/2757/files/Women_s_Hooded_Puffer_Jacket_for_Winter_Weardvfs.jpg?v=1789230163,,,
womens-hooded-puffer-jacket-for-winter-wear,,,Blue,,3XL,,,,0.0,shopify,99999,continue,manual,124.95,207.95,true,false,https://cdn.shopify.com/s/files/1/1074/0200/2757/files/Women_s_Hooded_Puffer_Jacket_for_Winter_Weardvfs.jpg?v=1789230163,,,
womens-hooded-puffer-jacket-for-winter-wear,,,,,,,,,,,,,,,,,,,https://cdn.shopify.com/s/files/1/1074/0200/2757/files/Women_s_Hooded_Puffer_Jacket_for_Winter_Wearvde.jpg?v=1789230074,1,Women's Hooded Puffer Jacket for Winter Wear
womens-hooded-puffer-jacket-for-winter-wear,,,,,,,,,,,,,,,,,,,https://cdn.shopify.com/s/files/1/1074/0200/2757/files/Women_s_Hooded_Puffer_Jacket_for_Winter_Wearvdre.jpg?v=1789230095,2,Women's Hooded Puffer Jacket for Winter Wear
womens-hooded-puffer-jacket-for-winter-wear,,,,,,,,,,,,,,,,,,,https://cdn.shopify.com/s/files/1/1074/0200/2757/files/Women_s_Hooded_Puffer_Jacket_for_Winter_Wearvdfe.jpg?v=1789230117,3,Women's Hooded Puffer Jacket for Winter Wear
womens-hooded-puffer-jacket-for-winter-wear,,,,,,,,,,,,,,,,,,,https://cdn.shopify.com/s/files/1/1074/0200/2757/files/Women_s_Hooded_Puffer_Jacket_for_Winter_Wearvdse.jpg?v=1789230139,4,Women's Hooded Puffer Jacket for Winter Wear
womens-hooded-puffer-jacket-for-winter-wear,,,,,,,,,,,,,,,,,,,https://cdn.shopify.com/s/files/1/1074/0200/2757/files/Women_s_Hooded_Puffer_Jacket_for_Winter_Weardvfs.jpg?v=1789230163,5,Women's Hooded Puffer Jacket for Winter Wear
womens-hooded-puffer-jacket-for-winter-wear,,,,,,,,,,,,,,,,,,,https://cdn.shopify.com/s/files/1/1074/0200/2757/files/Women_s_Hooded_Puffer_Jacket_for_Winter_Wearvd4.jpg?v=1789230187,6,Women's Hooded Puffer Jacket for Winter Wear
womens-hooded-puffer-jacket-for-winter-wear,,,,,,,,,,,,,,,,,,,https://cdn.shopify.com/s/files/1/1074/0200/2757/files/Women_s_Hooded_Puffer_Jacket_for_Winter_Wearvfde.jpg?v=1789230223,7,Women's Hooded Puffer Jacket for Winter Wear
mens-utility-jacket-for-autumn-winter-layering,Men's Utility Jacket for Autumn Winter Layering,Color,Beige,Size,S,,,,0.0,shopify,99999,continue,manual,59.95,98.95,true,false,https://cdn.shopify.com/s/files/1/1074/0200/2757/files/Men_s_Utility_Jacket_for_Autumn_Winter_Layeringvsd.png?v=1790124450,,,
mens-utility-jacket-for-autumn-winter-layering,,,Beige,,M,,,,0.0,shopify,99999,continue,manual,59.95,98.95,true,false,https://cdn.shopify.com/s/files/1/1074/0200/2757/files/Men_s_Utility_Jacket_for_Autumn_Winter_Layeringvsd.png?v=1790124450,,,
mens-utility-jacket-for-autumn-winter-layering,,,Beige,,L,,,,0.0,shopify,99999,continue,manual,59.95,98.95,true,false,https://cdn.shopify.com/s/files/1/1074/0200/2757/files/Men_s_Utility_Jacket_for_Autumn_Winter_Layeringvsd.png?v=1790124450,,,
mens-utility-jacket-for-autumn-winter-layering,,,Beige,,XL,,,,0.0,shopify,99999,continue,manual,59.95,98.95,true,false,https://cdn.shopify.com/s/files/1/1074/0200/2757/files/Men_s_Utility_Jacket_for_Autumn_Winter_Layeringvsd.png?v=1790124450,,,
mens-utility-jacket-for-autumn-winter-layering,,,Beige,,2XL,,,,0.0,shopify,99999,continue,manual,59.95,98.95,true,false,https://cdn.shopify.com/s/files/1/1074/0200/2757/files/Men_s_Utility_Jacket_for_Autumn_Winter_Layeringvsd.png?v=1790124450,,,
mens-utility-jacket-for-autumn-winter-layering,,,Beige,,3XL,,,,0.0,shopify,99999,continue,manual,59.95,98.95,true,false,https://cdn.shopify.com/s/files/1/1074/0200/2757/files/Men_s_Utility_Jacket_for_Autumn_Winter_Layeringvsd.png?v=1790124450,,,
mens-utility-jacket-for-autumn-winter-layering,,,Brown,,S,,,,0.0,shopify,99999,continue,manual,59.95,98.95,true,false,https://cdn.shopify.com/s/files/1/1074/0200/2757/files/Men_s_Utility_Jacket_for_Autumn_Winter_Layeringvsda.png?v=1790124461,,,
mens-utility-jacket-for-autumn-winter-layering,,,Brown,,M,,,,0.0,shopify,99999,continue,manual,59.95,98.95,true,false,https://cdn.shopify.com/s/files/1/1074/0200/2757/files/Men_s_Utility_Jacket_for_Autumn_Winter_Layeringvsda.png?v=1790124461,,,
mens-utility-jacket-for-autumn-winter-layering,,,Brown,,L,,,,0.0,shopify,99999,continue,manual,59.95,98.95,true,false,https://cdn.shopify.com/s/files/1/1074/0200/2757/files/Men_s_Utility_Jacket_for_Autumn_Winter_Layeringvsda.png?v=1790124461,,,
mens-utility-jacket-for-autumn-winter-layering,,,Brown,,XL,,,,0.0,shopify,99999,continue,manual,59.95,98.95,true,false,https://cdn.shopify.com/s/files/1/1074/0200/2757/files/Men_s_Utility_Jacket_for_Autumn_Winter_Layeringvsda.png?v=1790124461,,,
mens-utility-jacket-for-autumn-winter-layering,,,Brown,,2XL,,,,0.0,shopify,99999,continue,manual,59.95,98.95,true,false,https://cdn.shopify.com/s/files/1/1074/0200/2757/files/Men_s_Utility_Jacket_for_Autumn_Winter_Layeringvsda.png?v=1790124461,,,
mens-utility-jacket-for-autumn-winter-layering,,,Brown,,3XL,,,,0.0,shopify,99999,continue,manual,59.95,98.95,true,false,https://cdn.shopify.com/s/files/1/1074/0200/2757/files/Men_s_Utility_Jacket_for_Autumn_Winter_Layeringvsda.png?v=1790124461,,,
mens-utility-jacket-for-autumn-winter-layering,,,Green,,S,,,,0.0,shopify,99999,continue,manual,59.95,98.95,true,false,https://cdn.shopify.com/s/files/1/1074/0200/2757/files/Men_s_Utility_Jacket_for_Autumn_Winter_Layeringvsdwe32.png?v=1790124551,,,
mens-utility-jacket-for-autumn-winter-layering,,,Green,,M,,,,0.0,shopify,99999,continue,manual,59.95,98.95,true,false,https://cdn.shopify.com/s/files/1/1074/0200/2757/files/Men_s_Utility_Jacket_for_Autumn_Winter_Layeringvsdwe32.png?v=1790124551,,,
mens-utility-jacket-for-autumn-winter-layering,,,Green,,L,,,,0.0,shopify,99999,continue,manual,59.95,98.95,true,false,https://cdn.shopify.com/s/files/1/1074/0200/2757/files/Men_s_Utility_Jacket_for_Autumn_Winter_Layeringvsdwe32.png?v=1790124551,,,
mens-utility-jacket-for-autumn-winter-layering,,,Green,,XL,,,,0.0,shopify,99999,continue,manual,59.95,98.95,true,false,https://cdn.shopify.com/s/files/1/1074/0200/2757/files/Men_s_Utility_Jacket_for_Autumn_Winter_Layeringvsdwe32.png?v=1790124551,,,
mens-utility-jacket-for-autumn-winter-layering,,,Green,,2XL,,,,0.0,shopify,99999,continue,manual,59.95,98.95,true,false,https://cdn.shopify.com/s/files/1/1074/0200/2757/files/Men_s_Utility_Jacket_for_Autumn_Winter_Layeringvsdwe32.png?v=1790124551,,,
mens-utility-jacket-for-autumn-winter-layering,,,Green,,3XL,,,,0.0,shopify,99999,continue,manual,59.95,98.95,true,false,https://cdn.shopify.com/s/files/1/1074/0200/2757/files/Men_s_Utility_Jacket_for_Autumn_Winter_Layeringvsdwe32.png?v=1790124551,,,
mens-utility-jacket-for-autumn-winter-layering,,,Dark Brown,,S,,,,0.0,shopify,99999,continue,manual,59.95,98.95,true,false,https://cdn.shopify.com/s/files/1/1074/0200/2757/files/Men_s_Utility_Jacket_for_Autumn_Winter_Layeringvsd23.png?v=1790124656,,,
mens-utility-jacket-for-autumn-winter-layering,,,Dark Brown,,M,,,,0.0,shopify,99999,continue,manual,59.95,98.95,true,false,https://cdn.shopify.com/s/files/1/1074/0200/2757/files/Men_s_Utility_Jacket_for_Autumn_Winter_Layeringvsd23.png?v=1790124656,,,
mens-utility-jacket-for-autumn-winter-layering,,,Dark Brown,,L,,,,0.0,shopify,99999,continue,manual,59.95,98.95,true,false,https://cdn.shopify.com/s/files/1/1074/0200/2757/files/Men_s_Utility_Jacket_for_Autumn_Winter_Layeringvsd23.png?v=1790124656,,,
mens-utility-jacket-for-autumn-winter-layering,,,Dark Brown,,XL,,,,0.0,shopify,99999,continue,manual,59.95,98.95,true,false,https://cdn.shopify.com/s/files/1/1074/0200/2757/files/Men_s_Utility_Jacket_for_Autumn_Winter_Layeringvsd23.png?v=1790124656,,,
mens-utility-jacket-for-autumn-winter-layering,,,Dark Brown,,2XL,,,,0.0,shopify,99999,continue,manual,59.95,98.95,true,false,https://cdn.shopify.com/s/files/1/1074/0200/2757/files/Men_s_Utility_Jacket_for_Autumn_Winter_Layeringvsd23.png?v=1790124656,,,
mens-utility-jacket-for-autumn-winter-layering,,,Dark Brown,,3XL,,,,0.0,shopify,99999,continue,manual,59.95,98.95,true,false,https://cdn.shopify.com/s/files/1/1074/0200/2757/files/Men_s_Utility_Jacket_for_Autumn_Winter_Layeringvsd23.png?v=1790124656,,,
mens-utility-jacket-for-autumn-winter-layering,,,,,,,,,,,,,,,,,,,https://cdn.shopify.com/s/files/1/1074/0200/2757/files/Men_s_Utility_Jacket_for_Autumn_Winter_Layeringvsd.png?v=1790124450,1,Men's Utility Jacket for Autumn Winter Layering
mens-utility-jacket-for-autumn-winter-layering,,,,,,,,,,,,,,,,,,,https://cdn.shopify.com/s/files/1/1074/0200/2757/files/Men_s_Utility_Jacket_for_Autumn_Winter_Layeringvsda.png?v=1790124461,2,Men's Utility Jacket for Autumn Winter Layering
mens-utility-jacket-for-autumn-winter-layering,,,,,,,,,,,,,,,,,,,https://cdn.shopify.com/s/files/1/1074/0200/2757/files/Men_s_Utility_Jacket_for_Autumn_Winter_Layeringvscd.png?v=1790124537,3,Men's Utility Jacket for Autumn Winter Layering
mens-utility-jacket-for-autumn-winter-layering,,,,,,,,,,,,,,,,,,,https://cdn.shopify.com/s/files/1/1074/0200/2757/files/Men_s_Utility_Jacket_for_Autumn_Winter_Layeringvsdwe32.png?v=1790124551,4,Men's Utility Jacket for Autumn Winter Layering
mens-utility-jacket-for-autumn-winter-layering,,,,,,,,,,,,,,,,,,,https://cdn.shopify.com/s/files/1/1074/0200/2757/files/Men_s_Utility_Jacket_for_Autumn_Winter_Layeringvdfea43.png?v=1790124566,5,Men's Utility Jacket for Autumn Winter Layering
mens-utility-jacket-for-autumn-winter-layering,,,,,,,,,,,,,,,,,,,https://cdn.shopify.com/s/files/1/1074/0200/2757/files/Men_s_Utility_Jacket_for_Autumn_Winter_Layeringvdfw.png?v=1790124576,6,Men's Utility Jacket for Autumn Winter Layering
mens-utility-jacket-for-autumn-winter-layering,,,,,,,,,,,,,,,,,,,https://cdn.shopify.com/s/files/1/1074/0200/2757/files/Men_s_Utility_Jacket_for_Autumn_Winter_Layeringvdf3.png?v=1790124589,7,Men's Utility Jacket for Autumn Winter Layering
mens-utility-jacket-for-autumn-winter-layering,,,,,,,,,,,,,,,,,,,https://cdn.shopify.com/s/files/1/1074/0200/2757/files/Men_s_Utility_Jacket_for_Autumn_Winter_Layeringvsd23.png?v=1790124656,8,Men's Utility Jacket for Autumn Winter Layering
title-mens-high-top-sneakers-for-everyday-street-wear,Men's High Top Sneakers for Everyday Street Wear,Color,White,Shoe ,39,,,,0.0,shopify,999999,continue,manual,74.95,123.95,true,false,https://cdn.shopify.com/s/files/1/1074/0200/2757/files/Men_s_High_Top_Sneakers_for_Everyday_Street_Wearvdsd.jpg?v=1789644441,,,
title-mens-high-top-sneakers-for-everyday-street-wear,,,White,,40,,,,0.0,shopify,999999,continue,manual,74.95,123.95,true,false,https://cdn.shopify.com/s/files/1/1074/0200/2757/files/Men_s_High_Top_Sneakers_for_Everyday_Street_Wearvdsd.jpg?v=1789644441,,,
title-mens-high-top-sneakers-for-everyday-street-wear,,,White,,41,,,,0.0,shopify,999999,continue,manual,74.95,123.95,true,false,https://cdn.shopify.com/s/files/1/1074/0200/2757/files/Men_s_High_Top_Sneakers_for_Everyday_Street_Wearvdsd.jpg?v=1789644441,,,
title-mens-high-top-sneakers-for-everyday-street-wear,,,White,,42,,,,0.0,shopify,999999,continue,manual,74.95,123.95,true,false,https://cdn.shopify.com/s/files/1/1074/0200/2757/files/Men_s_High_Top_Sneakers_for_Everyday_Street_Wearvdsd.jpg?v=1789644441,,,
title-mens-high-top-sneakers-for-everyday-street-wear,,,White,,43,,,,0.0,shopify,999999,continue,manual,74.95,123.95,true,false,https://cdn.shopify.com/s/files/1/1074/0200/2757/files/Men_s_High_Top_Sneakers_for_Everyday_Street_Wearvdsd.jpg?v=1789644441,,,
title-mens-high-top-sneakers-for-everyday-street-wear,,,White,,44,,,,0.0,shopify,999998,continue,manual,74.95,123.95,true,false,https://cdn.shopify.com/s/files/1/1074/0200/2757/files/Men_s_High_Top_Sneakers_for_Everyday_Street_Wearvdsd.jpg?v=1789644441,,,
title-mens-high-top-sneakers-for-everyday-street-wear,,,Black,,39,,,,0.0,shopify,999999,continue,manual,74.95,123.95,true,false,https://cdn.shopify.com/s/files/1/1074/0200/2757/files/Men_s_High_Top_Sneakers_for_Everyday_Street_Wearvdfe.jpg?v=1789644488,,,
title-mens-high-top-sneakers-for-everyday-street-wear,,,Black,,40,,,,0.0,shopify,999999,continue,manual,74.95,123.95,true,false,https://cdn.shopify.com/s/files/1/1074/0200/2757/files/Men_s_High_Top_Sneakers_for_Everyday_Street_Wearvdfe.jpg?v=1789644488,,,
title-mens-high-top-sneakers-for-everyday-street-wear,,,Black,,41,,,,0.0,shopify,999999,continue,manual,74.95,123.95,true,false,https://cdn.shopify.com/s/files/1/1074/0200/2757/files/Men_s_High_Top_Sneakers_for_Everyday_Street_Wearvdfe.jpg?v=1789644488,,,
title-mens-high-top-sneakers-for-everyday-street-wear,,,Black,,42,,,,0.0,shopify,999999,continue,manual,74.95,123.95,true,false,https://cdn.shopify.com/s/files/1/1074/0200/2757/files/Men_s_High_Top_Sneakers_for_Everyday_Street_Wearvdfe.jpg?v=1789644488,,,
title-mens-high-top-sneakers-for-everyday-street-wear,,,Black,,43,,,,0.0,shopify,999999,continue,manual,74.95,123.95,true,false,https://cdn.shopify.com/s/files/1/1074/0200/2757/files/Men_s_High_Top_Sneakers_for_Everyday_Street_Wearvdfe.jpg?v=1789644488,,,
title-mens-high-top-sneakers-for-everyday-street-wear,,,Black,,44,,,,0.0,shopify,999999,continue,manual,74.95,123.95,true,false,https://cdn.shopify.com/s/files/1/1074/0200/2757/files/Men_s_High_Top_Sneakers_for_Everyday_Street_Wearvdfe.jpg?v=1789644488,,,
title-mens-high-top-sneakers-for-everyday-street-wear,,,,,,,,,,,,,,,,,,,https://cdn.shopify.com/s/files/1/1074/0200/2757/files/Men_s_High_Top_Sneakers_for_Everyday_Street_Wearvdsd.jpg?v=1789644441,1, Men's High Top Sneakers for Everyday Street Wear
title-mens-high-top-sneakers-for-everyday-street-wear,,,,,,,,,,,,,,,,,,,https://cdn.shopify.com/s/files/1/1074/0200/2757/files/Men_s_High_Top_Sneakers_for_Everyday_Street_Wearvsd.jpg?v=1789644453,2,Men's High Top Sneakers for Everyday Street Wear
title-mens-high-top-sneakers-for-everyday-street-wear,,,,,,,,,,,,,,,,,,,https://cdn.shopify.com/s/files/1/1074/0200/2757/files/Men_s_High_Top_Sneakers_for_Everyday_Street_Wearvds.png?v=1789644470,3,Men's High Top Sneakers for Everyday Street Wear
title-mens-high-top-sneakers-for-everyday-street-wear,,,,,,,,,,,,,,,,,,,https://cdn.shopify.com/s/files/1/1074/0200/2757/files/Men_s_High_Top_Sneakers_for_Everyday_Street_Wearvs.jpg?v=1789644477,4,Men's High Top Sneakers for Everyday Street Wear
title-mens-high-top-sneakers-for-everyday-street-wear,,,,,,,,,,,,,,,,,,,https://cdn.shopify.com/s/files/1/1074/0200/2757/files/Men_s_High_Top_Sneakers_for_Everyday_Street_Wearvdfe.jpg?v=1789644488,5,Men's High Top Sneakers for Everyday Street Wear
title-mens-high-top-sneakers-for-everyday-street-wear,,,,,,,,,,,,,,,,,,,https://cdn.shopify.com/s/files/1/1074/0200/2757/files/Men_s_High_Top_Sneakers_for_Everyday_Street_Wearvdss.png?v=1789644501,6,Men's High Top Sneakers for Everyday Street Wear
title-mens-high-top-sneakers-for-everyday-street-wear,,,,,,,,,,,,,,,,,,,https://cdn.shopify.com/s/files/1/1074/0200/2757/files/Men_s_High_Top_Sneakers_for_Everyday_Street_Wearvds.jpg?v=1789644508,7,Men's High Top Sneakers for Everyday Street Wear
title-mens-high-top-sneakers-for-everyday-street-wear,,,,,,,,,,,,,,,,,,,https://cdn.shopify.com/s/files/1/1074/0200/2757/files/Hab64b0738a5e429fa0f2f2Men_s_High_Top_Sneakers_for_Everyday_Street_Wearvsac5e3835b1M.jpg?v=1789644518,8,Men's High Top Sneakers for Everyday Street Wear
mens-long-sleeve-polo-shirt,Men's Long Sleeve Polo Shirt,Color,White,Size,S,,,,0.0,shopify,99999,continue,manual,44.95,73.95,true,false,https://cdn.shopify.com/s/files/1/1074/0200/2757/files/Men_s_Long_Sleeve_Polo_Shirtvd.jpg?v=1789324922,,,
mens-long-sleeve-polo-shirt,,,White,,M,,,,0.0,shopify,99999,continue,manual,44.95,73.95,true,false,https://cdn.shopify.com/s/files/1/1074/0200/2757/files/Men_s_Long_Sleeve_Polo_Shirtvd.jpg?v=1789324922,,,
mens-long-sleeve-polo-shirt,,,White,,L,,,,0.0,shopify,99999,continue,manual,44.95,73.95,true,false,https://cdn.shopify.com/s/files/1/1074/0200/2757/files/Men_s_Long_Sleeve_Polo_Shirtvd.jpg?v=1789324922,,,
mens-long-sleeve-polo-shirt,,,White,,XL,,,,0.0,shopify,99999,continue,manual,44.95,73.95,true,false,https://cdn.shopify.com/s/files/1/1074/0200/2757/files/Men_s_Long_Sleeve_Polo_Shirtvd.jpg?v=1789324922,,,
mens-long-sleeve-polo-shirt,,,White,,2XL,,,,0.0,shopify,99999,continue,manual,44.95,73.95,true,false,https://cdn.shopify.com/s/files/1/1074/0200/2757/files/Men_s_Long_Sleeve_Polo_Shirtvd.jpg?v=1789324922,,,
mens-long-sleeve-polo-shirt,,,White,,3XL,,,,0.0,shopify,99999,continue,manual,44.95,73.95,true,false,https://cdn.shopify.com/s/files/1/1074/0200/2757/files/Men_s_Long_Sleeve_Polo_Shirtvd.jpg?v=1789324922,,,
mens-long-sleeve-polo-shirt,,,Navy Blue,,S,,,,0.0,shopify,99999,continue,manual,44.95,73.95,true,false,https://cdn.shopify.com/s/files/1/1074/0200/2757/files/Men_s_Long_Sleeve_Polo_Shirtvdf.jpg?v=1789324976,,,
mens-long-sleeve-polo-shirt,,,Navy Blue,,M,,,,0.0,shopify,99999,continue,manual,44.95,73.95,true,false,https://cdn.shopify.com/s/files/1/1074/0200/2757/files/Men_s_Long_Sleeve_Polo_Shirtvdf.jpg?v=1789324976,,,
mens-long-sleeve-polo-shirt,,,Navy Blue,,L,,,,0.0,shopify,99999,continue,manual,44.95,73.95,true,false,https://cdn.shopify.com/s/files/1/1074/0200/2757/files/Men_s_Long_Sleeve_Polo_Shirtvdf.jpg?v=1789324976,,,
mens-long-sleeve-polo-shirt,,,Navy Blue,,XL,,,,0.0,shopify,99999,continue,manual,44.95,73.95,true,false,https://cdn.shopify.com/s/files/1/1074/0200/2757/files/Men_s_Long_Sleeve_Polo_Shirtvdf.jpg?v=1789324976,,,
mens-long-sleeve-polo-shirt,,,Navy Blue,,2XL,,,,0.0,shopify,99999,continue,manual,44.95,73.95,true,false,https://cdn.shopify.com/s/files/1/1074/0200/2757/files/Men_s_Long_Sleeve_Polo_Shirtvdf.jpg?v=1789324976,,,
mens-long-sleeve-polo-shirt,,,Navy Blue,,3XL,,,,0.0,shopify,99999,continue,manual,44.95,73.95,true,false,https://cdn.shopify.com/s/files/1/1074/0200/2757/files/Men_s_Long_Sleeve_Polo_Shirtvdf.jpg?v=1789324976,,,
mens-long-sleeve-polo-shirt,,,Light Pink,,S,,,,0.0,shopify,99999,continue,manual,44.95,73.95,true,false,https://cdn.shopify.com/s/files/1/1074/0200/2757/files/Men_s_Long_Sleeve_Polo_Shirtvdfs.jpg?v=1789325083,,,
mens-long-sleeve-polo-shirt,,,Light Pink,,M,,,,0.0,shopify,99999,continue,manual,44.95,73.95,true,false,https://cdn.shopify.com/s/files/1/1074/0200/2757/files/Men_s_Long_Sleeve_Polo_Shirtvdfs.jpg?v=1789325083,,,
mens-long-sleeve-polo-shirt,,,Light Pink,,L,,,,0.0,shopify,99999,continue,manual,44.95,73.95,true,false,https://cdn.shopify.com/s/files/1/1074/0200/2757/files/Men_s_Long_Sleeve_Polo_Shirtvdfs.jpg?v=1789325083,,,
mens-long-sleeve-polo-shirt,,,Light Pink,,XL,,,,0.0,shopify,99999,continue,manual,44.95,73.95,true,false,https://cdn.shopify.com/s/files/1/1074/0200/2757/files/Men_s_Long_Sleeve_Polo_Shirtvdfs.jpg?v=1789325083,,,
mens-long-sleeve-polo-shirt,,,Light Pink,,2XL,,,,0.0,shopify,99999,continue,manual,44.95,73.95,true,false,https://cdn.shopify.com/s/files/1/1074/0200/2757/files/Men_s_Long_Sleeve_Polo_Shirtvdfs.jpg?v=1789325083,,,
mens-long-sleeve-polo-shirt,,,Light Pink,,3XL,,,,0.0,shopify,99999,continue,manual,44.95,73.95,true,false,https://cdn.shopify.com/s/files/1/1074/0200/2757/files/Men_s_Long_Sleeve_Polo_Shirtvdfs.jpg?v=1789325083,,,
mens-long-sleeve-polo-shirt,,,Black,,S,,,,0.0,shopify,99999,continue,manual,44.95,73.95,true,false,https://cdn.shopify.com/s/files/1/1074/0200/2757/files/Men_s_Long_Sleeve_Polo_Shirtvdfde.jpg?v=1789325026,,,
mens-long-sleeve-polo-shirt,,,Black,,M,,,,0.0,shopify,99999,continue,manual,44.95,73.95,true,false,https://cdn.shopify.com/s/files/1/1074/0200/2757/files/Men_s_Long_Sleeve_Polo_Shirtvdfde.jpg?v=1789325026,,,
mens-long-sleeve-polo-shirt,,,Black,,L,,,,0.0,shopify,99999,continue,manual,44.95,73.95,true,false,https://cdn.shopify.com/s/files/1/1074/0200/2757/files/Men_s_Long_Sleeve_Polo_Shirtvdfde.jpg?v=1789325026,,,
mens-long-sleeve-polo-shirt,,,Black,,XL,,,,0.0,shopify,99999,continue,manual,44.95,73.95,true,false,https://cdn.shopify.com/s/files/1/1074/0200/2757/files/Men_s_Long_Sleeve_Polo_Shirtvdfde.jpg?v=1789325026,,,
mens-long-sleeve-polo-shirt,,,Black,,2XL,,,,0.0,shopify,99999,continue,manual,44.95,73.95,true,false,https://cdn.shopify.com/s/files/1/1074/0200/2757/files/Men_s_Long_Sleeve_Polo_Shirtvdfde.jpg?v=1789325026,,,
mens-long-sleeve-polo-shirt,,,Black,,3XL,,,,0.0,shopify,99999,continue,manual,44.95,73.95,true,false,https://cdn.shopify.com/s/files/1/1074/0200/2757/files/Men_s_Long_Sleeve_Polo_Shirtvdfde.jpg?v=1789325026,,,
mens-long-sleeve-polo-shirt,,,Gray,,S,,,,0.0,shopify,99999,continue,manual,44.95,73.95,true,false,https://cdn.shopify.com/s/files/1/1074/0200/2757/files/Men_s_Long_Sleeve_Polo_Shirtvds.jpg?v=1789324959,,,
mens-long-sleeve-polo-shirt,,,Gray,,M,,,,0.0,shopify,99999,continue,manual,44.95,73.95,true,false,https://cdn.shopify.com/s/files/1/1074/0200/2757/files/Men_s_Long_Sleeve_Polo_Shirtvds.jpg?v=1789324959,,,
mens-long-sleeve-polo-shirt,,,Gray,,L,,,,0.0,shopify,99999,continue,manual,44.95,73.95,true,false,https://cdn.shopify.com/s/files/1/1074/0200/2757/files/Men_s_Long_Sleeve_Polo_Shirtvds.jpg?v=1789324959,,,
mens-long-sleeve-polo-shirt,,,Gray,,XL,,,,0.0,shopify,99999,continue,manual,44.95,73.95,true,false,https://cdn.shopify.com/s/files/1/1074/0200/2757/files/Men_s_Long_Sleeve_Polo_Shirtvds.jpg?v=1789324959,,,
mens-long-sleeve-polo-shirt,,,Gray,,2XL,,,,0.0,shopify,99999,continue,manual,44.95,73.95,true,false,https://cdn.shopify.com/s/files/1/1074/0200/2757/files/Men_s_Long_Sleeve_Polo_Shirtvds.jpg?v=1789324959,,,
mens-long-sleeve-polo-shirt,,,Gray,,3XL,,,,0.0,shopify,99999,continue,manual,44.95,73.95,true,false,https://cdn.shopify.com/s/files/1/1074/0200/2757/files/Men_s_Long_Sleeve_Polo_Shirtvds.jpg?v=1789324959,,,
mens-long-sleeve-polo-shirt,,,Red,,S,,,,0.0,shopify,99999,continue,manual,44.95,73.95,true,false,https://cdn.shopify.com/s/files/1/1074/0200/2757/files/Men_s_Long_Sleeve_Polo_Shirtvdfsd.jpg?v=1789325044,,,
mens-long-sleeve-polo-shirt,,,Red,,M,,,,0.0,shopify,99999,continue,manual,44.95,73.95,true,false,https://cdn.shopify.com/s/files/1/1074/0200/2757/files/Men_s_Long_Sleeve_Polo_Shirtvdfsd.jpg?v=1789325044,,,
mens-long-sleeve-polo-shirt,,,Red,,L,,,,0.0,shopify,99999,continue,manual,44.95,73.95,true,false,https://cdn.shopify.com/s/files/1/1074/0200/2757/files/Men_s_Long_Sleeve_Polo_Shirtvdfsd.jpg?v=1789325044,,,
mens-long-sleeve-polo-shirt,,,Red,,XL,,,,0.0,shopify,99999,continue,manual,44.95,73.95,true,false,https://cdn.shopify.com/s/files/1/1074/0200/2757/files/Men_s_Long_Sleeve_Polo_Shirtvdfsd.jpg?v=1789325044,,,
mens-long-sleeve-polo-shirt,,,Red,,2XL,,,,0.0,shopify,99999,continue,manual,44.95,73.95,true,false,https://cdn.shopify.com/s/files/1/1074/0200/2757/files/Men_s_Long_Sleeve_Polo_Shirtvdfsd.jpg?v=1789325044,,,
mens-long-sleeve-polo-shirt,,,Red,,3XL,,,,0.0,shopify,99999,continue,manual,44.95,73.95,true,false,https://cdn.shopify.com/s/files/1/1074/0200/2757/files/Men_s_Long_Sleeve_Polo_Shirtvdfsd.jpg?v=1789325044,,,
mens-long-sleeve-polo-shirt,,,Beige,,S,,,,0.0,shopify,99999,continue,manual,44.95,73.95,true,false,https://cdn.shopify.com/s/files/1/1074/0200/2757/files/Men_s_Long_Sleeve_Polo_Shirtvds.png?v=1789325094,,,
mens-long-sleeve-polo-shirt,,,Beige,,M,,,,0.0,shopify,99999,continue,manual,44.95,73.95,true,false,https://cdn.shopify.com/s/files/1/1074/0200/2757/files/Men_s_Long_Sleeve_Polo_Shirtvds.png?v=1789325094,,,
mens-long-sleeve-polo-shirt,,,Beige,,L,,,,0.0,shopify,99999,continue,manual,44.95,73.95,true,false,https://cdn.shopify.com/s/files/1/1074/0200/2757/files/Men_s_Long_Sleeve_Polo_Shirtvds.png?v=1789325094,,,
mens-long-sleeve-polo-shirt,,,Beige,,XL,,,,0.0,shopify,99999,continue,manual,44.95,73.95,true,false,https://cdn.shopify.com/s/files/1/1074/0200/2757/files/Men_s_Long_Sleeve_Polo_Shirtvds.png?v=1789325094,,,
mens-long-sleeve-polo-shirt,,,Beige,,2XL,,,,0.0,shopify,99999,continue,manual,44.95,73.95,true,false,https://cdn.shopify.com/s/files/1/1074/0200/2757/files/Men_s_Long_Sleeve_Polo_Shirtvds.png?v=1789325094,,,
mens-long-sleeve-polo-shirt,,,Beige,,3XL,,,,0.0,shopify,99999,continue,manual,44.95,73.95,true,false,https://cdn.shopify.com/s/files/1/1074/0200/2757/files/Men_s_Long_Sleeve_Polo_Shirtvds.png?v=1789325094,,,
mens-long-sleeve-polo-shirt,,,Green,,S,,,,0.0,shopify,99999,continue,manual,44.95,73.95,true,false,https://cdn.shopify.com/s/files/1/1074/0200/2757/files/Men_s_Long_Sleeve_Polo_Shirtvdf4.jpg?v=1789325004,,,
mens-long-sleeve-polo-shirt,,,Green,,M,,,,0.0,shopify,99999,continue,manual,44.95,73.95,true,false,https://cdn.shopify.com/s/files/1/1074/0200/2757/files/Men_s_Long_Sleeve_Polo_Shirtvdf4.jpg?v=1789325004,,,
mens-long-sleeve-polo-shirt,,,Green,,L,,,,0.0,shopify,99999,continue,manual,44.95,73.95,true,false,https://cdn.shopify.com/s/files/1/1074/0200/2757/files/Men_s_Long_Sleeve_Polo_Shirtvdf4.jpg?v=1789325004,,,
mens-long-sleeve-polo-shirt,,,Green,,XL,,,,0.0,shopify,99999,continue,manual,44.95,73.95,true,false,https://cdn.shopify.com/s/files/1/1074/0200/2757/files/Men_s_Long_Sleeve_Polo_Shirtvdf4.jpg?v=1789325004,,,
mens-long-sleeve-polo-shirt,,,Green,,2XL,,,,0.0,shopify,99999,continue,manual,44.95,73.95,true,false,https://cdn.shopify.com/s/files/1/1074/0200/2757/files/Men_s_Long_Sleeve_Polo_Shirtvdf4.jpg?v=1789325004,,,
mens-long-sleeve-polo-shirt,,,Green,,3XL,,,,0.0,shopify,99999,continue,manual,44.95,73.95,true,false,https://cdn.shopify.com/s/files/1/1074/0200/2757/files/Men_s_Long_Sleeve_Polo_Shirtvdf4.jpg?v=1789325004,,,
mens-long-sleeve-polo-shirt,,,,,,,,,,,,,,,,,,,https://cdn.shopify.com/s/files/1/1074/0200/2757/files/Men_s_Long_Sleeve_Polo_Shirtvd.jpg?v=1789324922,1,Men's Long Sleeve Polo Shirt
mens-long-sleeve-polo-shirt,,,,,,,,,,,,,,,,,,,https://cdn.shopify.com/s/files/1/1074/0200/2757/files/Men_s_Long_Sleeve_Polo_Shirtvdf.png?v=1789324931,2,Men's Long Sleeve Polo Shirt
mens-long-sleeve-polo-shirt,,,,,,,,,,,,,,,,,,,https://cdn.shopify.com/s/files/1/1074/0200/2757/files/Men_s_Long_Sleeve_Polo_Shirtvds.jpg?v=1789324959,3,Men's Long Sleeve Polo Shirt
mens-long-sleeve-polo-shirt,,,,,,,,,,,,,,,,,,,https://cdn.shopify.com/s/files/1/1074/0200/2757/files/Men_s_Long_Sleeve_Polo_Shirtvdf.jpg?v=1789324976,4,Men's Long Sleeve Polo Shirt
mens-long-sleeve-polo-shirt,,,,,,,,,,,,,,,,,,,https://cdn.shopify.com/s/files/1/1074/0200/2757/files/Men_s_Long_Sleeve_Polo_Shirtvdf4.jpg?v=1789325004,5,Men's Long Sleeve Polo Shirt
mens-long-sleeve-polo-shirt,,,,,,,,,,,,,,,,,,,https://cdn.shopify.com/s/files/1/1074/0200/2757/files/Men_s_Long_Sleeve_Polo_Shirtvdfde.jpg?v=1789325026,6,Men's Long Sleeve Polo Shirt
mens-long-sleeve-polo-shirt,,,,,,,,,,,,,,,,,,,https://cdn.shopify.com/s/files/1/1074/0200/2757/files/Men_s_Long_Sleeve_Polo_Shirtvdfsd.jpg?v=1789325044,7,Men's Long Sleeve Polo Shirt
mens-long-sleeve-polo-shirt,,,,,,,,,,,,,,,,,,,https://cdn.shopify.com/s/files/1/1074/0200/2757/files/Men_s_Long_Sleeve_Polo_Shirtvdfs.jpg?v=1789325083,8,Men's Long Sleeve Polo Shirt
mens-long-sleeve-polo-shirt,,,,,,,,,,,,,,,,,,,https://cdn.shopify.com/s/files/1/1074/0200/2757/files/Men_s_Long_Sleeve_Polo_Shirtvds.png?v=1789325094,9,Men's Long Sleeve Polo Shirt
womens-double-breasted-blazer-for-smart-casual-wear,Women's Double Breasted Blazer for Smart Casual Wear,Color,Beige,Size,S,,,,0.0,shopify,99999,continue,manual,59.95,98.95,true,false,https://cdn.shopify.com/s/files/1/1074/0200/2757/files/Women_s_Double_Breasted_Blazer_for_Smart_Casual_Wearvdsd.jpg?v=1789229645,,,
womens-double-breasted-blazer-for-smart-casual-wear,,,Beige,,M,,,,0.0,shopify,99999,continue,manual,59.95,98.95,true,false,https://cdn.shopify.com/s/files/1/1074/0200/2757/files/Women_s_Double_Breasted_Blazer_for_Smart_Casual_Wearvdsd.jpg?v=1789229645,,,
womens-double-breasted-blazer-for-smart-casual-wear,,,Beige,,L,,,,0.0,shopify,99999,continue,manual,59.95,98.95,true,false,https://cdn.shopify.com/s/files/1/1074/0200/2757/files/Women_s_Double_Breasted_Blazer_for_Smart_Casual_Wearvdsd.jpg?v=1789229645,,,
womens-double-breasted-blazer-for-smart-casual-wear,,,Beige,,XL,,,,0.0,shopify,99999,continue,manual,59.95,98.95,true,false,https://cdn.shopify.com/s/files/1/1074/0200/2757/files/Women_s_Double_Breasted_Blazer_for_Smart_Casual_Wearvdsd.jpg?v=1789229645,,,
womens-double-breasted-blazer-for-smart-casual-wear,,,Beige,,2XL,,,,0.0,shopify,99999,continue,manual,59.95,98.95,true,false,https://cdn.shopify.com/s/files/1/1074/0200/2757/files/Women_s_Double_Breasted_Blazer_for_Smart_Casual_Wearvdsd.jpg?v=1789229645,,,
womens-double-breasted-blazer-for-smart-casual-wear,,,Beige,,3XL,,,,0.0,shopify,99999,continue,manual,59.95,98.95,true,false,https://cdn.shopify.com/s/files/1/1074/0200/2757/files/Women_s_Double_Breasted_Blazer_for_Smart_Casual_Wearvdsd.jpg?v=1789229645,,,
womens-double-breasted-blazer-for-smart-casual-wear,,,Black,,S,,,,0.0,shopify,99999,continue,manual,59.95,98.95,true,false,https://cdn.shopify.com/s/files/1/1074/0200/2757/files/Women_s_Double_Breasted_Blazer_for_Smart_Casual_Wearvcvd.jpg?v=1789229883,,,
womens-double-breasted-blazer-for-smart-casual-wear,,,Black,,M,,,,0.0,shopify,99999,continue,manual,59.95,98.95,true,false,https://cdn.shopify.com/s/files/1/1074/0200/2757/files/Women_s_Double_Breasted_Blazer_for_Smart_Casual_Wearvcvd.jpg?v=1789229883,,,
womens-double-breasted-blazer-for-smart-casual-wear,,,Black,,L,,,,0.0,shopify,99999,continue,manual,59.95,98.95,true,false,https://cdn.shopify.com/s/files/1/1074/0200/2757/files/Women_s_Double_Breasted_Blazer_for_Smart_Casual_Wearvcvd.jpg?v=1789229883,,,
womens-double-breasted-blazer-for-smart-casual-wear,,,Black,,XL,,,,0.0,shopify,99999,continue,manual,59.95,98.95,true,false,https://cdn.shopify.com/s/files/1/1074/0200/2757/files/Women_s_Double_Breasted_Blazer_for_Smart_Casual_Wearvcvd.jpg?v=1789229883,,,
womens-double-breasted-blazer-for-smart-casual-wear,,,Black,,2XL,,,,0.0,shopify,99999,continue,manual,59.95,98.95,true,false,https://cdn.shopify.com/s/files/1/1074/0200/2757/files/Women_s_Double_Breasted_Blazer_for_Smart_Casual_Wearvcvd.jpg?v=1789229883,,,
womens-double-breasted-blazer-for-smart-casual-wear,,,Black,,3XL,,,,0.0,shopify,99999,continue,manual,59.95,98.95,true,false,https://cdn.shopify.com/s/files/1/1074/0200/2757/files/Women_s_Double_Breasted_Blazer_for_Smart_Casual_Wearvcvd.jpg?v=1789229883,,,
womens-double-breasted-blazer-for-smart-casual-wear,,,Navy Blue,,S,,,,0.0,shopify,99999,continue,manual,59.95,98.95,true,false,https://cdn.shopify.com/s/files/1/1074/0200/2757/files/Women_s_Double_Breasted_Blazer_for_Smart_Casual_Wearvd.jpg?v=1789229687,,,
womens-double-breasted-blazer-for-smart-casual-wear,,,Navy Blue,,M,,,,0.0,shopify,99999,continue,manual,59.95,98.95,true,false,https://cdn.shopify.com/s/files/1/1074/0200/2757/files/Women_s_Double_Breasted_Blazer_for_Smart_Casual_Wearvd.jpg?v=1789229687,,,
womens-double-breasted-blazer-for-smart-casual-wear,,,Navy Blue,,L,,,,0.0,shopify,99999,continue,manual,59.95,98.95,true,false,https://cdn.shopify.com/s/files/1/1074/0200/2757/files/Women_s_Double_Breasted_Blazer_for_Smart_Casual_Wearvd.jpg?v=1789229687,,,
womens-double-breasted-blazer-for-smart-casual-wear,,,Navy Blue,,XL,,,,0.0,shopify,99999,continue,manual,59.95,98.95,true,false,https://cdn.shopify.com/s/files/1/1074/0200/2757/files/Women_s_Double_Breasted_Blazer_for_Smart_Casual_Wearvd.jpg?v=1789229687,,,
womens-double-breasted-blazer-for-smart-casual-wear,,,Navy Blue,,2XL,,,,0.0,shopify,99999,continue,manual,59.95,98.95,true,false,https://cdn.shopify.com/s/files/1/1074/0200/2757/files/Women_s_Double_Breasted_Blazer_for_Smart_Casual_Wearvd.jpg?v=1789229687,,,
womens-double-breasted-blazer-for-smart-casual-wear,,,Navy Blue,,3XL,,,,0.0,shopify,99999,continue,manual,59.95,98.95,true,false,https://cdn.shopify.com/s/files/1/1074/0200/2757/files/Women_s_Double_Breasted_Blazer_for_Smart_Casual_Wearvd.jpg?v=1789229687,,,
womens-double-breasted-blazer-for-smart-casual-wear,,,Brown,,S,,,,0.0,shopify,99999,continue,manual,59.95,98.95,true,false,https://cdn.shopify.com/s/files/1/1074/0200/2757/files/Women_s_Double_Breasted_Blazer_for_Smart_Casual_Wearvs.jpg?v=1789229704,,,
womens-double-breasted-blazer-for-smart-casual-wear,,,Brown,,M,,,,0.0,shopify,99999,continue,manual,59.95,98.95,true,false,https://cdn.shopify.com/s/files/1/1074/0200/2757/files/Women_s_Double_Breasted_Blazer_for_Smart_Casual_Wearvs.jpg?v=1789229704,,,
womens-double-breasted-blazer-for-smart-casual-wear,,,Brown,,L,,,,0.0,shopify,99999,continue,manual,59.95,98.95,true,false,https://cdn.shopify.com/s/files/1/1074/0200/2757/files/Women_s_Double_Breasted_Blazer_for_Smart_Casual_Wearvs.jpg?v=1789229704,,,
womens-double-breasted-blazer-for-smart-casual-wear,,,Brown,,XL,,,,0.0,shopify,99999,continue,manual,59.95,98.95,true,false,https://cdn.shopify.com/s/files/1/1074/0200/2757/files/Women_s_Double_Breasted_Blazer_for_Smart_Casual_Wearvs.jpg?v=1789229704,,,
womens-double-breasted-blazer-for-smart-casual-wear,,,Brown,,2XL,,,,0.0,shopify,99999,continue,manual,59.95,98.95,true,false,https://cdn.shopify.com/s/files/1/1074/0200/2757/files/Women_s_Double_Breasted_Blazer_for_Smart_Casual_Wearvs.jpg?v=1789229704,,,
womens-double-breasted-blazer-for-smart-casual-wear,,,Brown,,3XL,,,,0.0,shopify,99999,continue,manual,59.95,98.95,true,false,https://cdn.shopify.com/s/files/1/1074/0200/2757/files/Women_s_Double_Breasted_Blazer_for_Smart_Casual_Wearvs.jpg?v=1789229704,,,
womens-double-breasted-blazer-for-smart-casual-wear,,,Red,,S,,,,0.0,shopify,99999,continue,manual,59.95,98.95,true,false,https://cdn.shopify.com/s/files/1/1074/0200/2757/files/Women_s_Double_Breasted_Blazer_for_Smart_Casual_Wearvdr4.jpg?v=1789229724,,,
womens-double-breasted-blazer-for-smart-casual-wear,,,Red,,M,,,,0.0,shopify,99999,continue,manual,59.95,98.95,true,false,https://cdn.shopify.com/s/files/1/1074/0200/2757/files/Women_s_Double_Breasted_Blazer_for_Smart_Casual_Wearvdr4.jpg?v=1789229724,,,
womens-double-breasted-blazer-for-smart-casual-wear,,,Red,,L,,,,0.0,shopify,99999,continue,manual,59.95,98.95,true,false,https://cdn.shopify.com/s/files/1/1074/0200/2757/files/Women_s_Double_Breasted_Blazer_for_Smart_Casual_Wearvdr4.jpg?v=1789229724,,,
womens-double-breasted-blazer-for-smart-casual-wear,,,Red,,XL,,,,0.0,shopify,99999,continue,manual,59.95,98.95,true,false,https://cdn.shopify.com/s/files/1/1074/0200/2757/files/Women_s_Double_Breasted_Blazer_for_Smart_Casual_Wearvdr4.jpg?v=1789229724,,,
womens-double-breasted-blazer-for-smart-casual-wear,,,Red,,2XL,,,,0.0,shopify,99999,continue,manual,59.95,98.95,true,false,https://cdn.shopify.com/s/files/1/1074/0200/2757/files/Women_s_Double_Breasted_Blazer_for_Smart_Casual_Wearvdr4.jpg?v=1789229724,,,
womens-double-breasted-blazer-for-smart-casual-wear,,,Red,,3XL,,,,0.0,shopify,99999,continue,manual,59.95,98.95,true,false,https://cdn.shopify.com/s/files/1/1074/0200/2757/files/Women_s_Double_Breasted_Blazer_for_Smart_Casual_Wearvdr4.jpg?v=1789229724,,,
womens-double-breasted-blazer-for-smart-casual-wear,,,Green,,S,,,,0.0,shopify,99999,continue,manual,59.95,98.95,true,false,https://cdn.shopify.com/s/files/1/1074/0200/2757/files/Women_s_Double_Breasted_Blazer_for_Smart_Casual_Wearvsd.jpg?v=1789229981,,,
womens-double-breasted-blazer-for-smart-casual-wear,,,Green,,M,,,,0.0,shopify,99999,continue,manual,59.95,98.95,true,false,https://cdn.shopify.com/s/files/1/1074/0200/2757/files/Women_s_Double_Breasted_Blazer_for_Smart_Casual_Wearvsd.jpg?v=1789229981,,,
womens-double-breasted-blazer-for-smart-casual-wear,,,Green,,L,,,,0.0,shopify,99999,continue,manual,59.95,98.95,true,false,https://cdn.shopify.com/s/files/1/1074/0200/2757/files/Women_s_Double_Breasted_Blazer_for_Smart_Casual_Wearvsd.jpg?v=1789229981,,,
womens-double-breasted-blazer-for-smart-casual-wear,,,Green,,XL,,,,0.0,shopify,99999,continue,manual,59.95,98.95,true,false,https://cdn.shopify.com/s/files/1/1074/0200/2757/files/Women_s_Double_Breasted_Blazer_for_Smart_Casual_Wearvsd.jpg?v=1789229981,,,
womens-double-breasted-blazer-for-smart-casual-wear,,,Green,,2XL,,,,0.0,shopify,99999,continue,manual,59.95,98.95,true,false,https://cdn.shopify.com/s/files/1/1074/0200/2757/files/Women_s_Double_Breasted_Blazer_for_Smart_Casual_Wearvsd.jpg?v=1789229981,,,
womens-double-breasted-blazer-for-smart-casual-wear,,,Green,,3XL,,,,0.0,shopify,99999,continue,manual,59.95,98.95,true,false,https://cdn.shopify.com/s/files/1/1074/0200/2757/files/Women_s_Double_Breasted_Blazer_for_Smart_Casual_Wearvsd.jpg?v=1789229981,,,
womens-double-breasted-blazer-for-smart-casual-wear,,,,,,,,,,,,,,,,,,,https://cdn.shopify.com/s/files/1/1074/0200/2757/files/Women_s_Double_Breasted_Blazer_for_Smart_Casual_Wearvdsd.jpg?v=1789229645,1,Women's Double Breasted Blazer for Smart Casual Wear
womens-double-breasted-blazer-for-smart-casual-wear,,,,,,,,,,,,,,,,,,,https://cdn.shopify.com/s/files/1/1074/0200/2757/files/Women_s_Double_Breasted_Blazer_for_Smart_Casual_Wearvds.jpg?v=1789229661,2,Women's Double Breasted Blazer for Smart Casual Wear
womens-double-breasted-blazer-for-smart-casual-wear,,,,,,,,,,,,,,,,,,,https://cdn.shopify.com/s/files/1/1074/0200/2757/files/Women_s_Double_Breasted_Blazer_for_Smart_Casual_Wearvd.jpg?v=1789229687,3,Women's Double Breasted Blazer for Smart Casual Wear
womens-double-breasted-blazer-for-smart-casual-wear,,,,,,,,,,,,,,,,,,,https://cdn.shopify.com/s/files/1/1074/0200/2757/files/Women_s_Double_Breasted_Blazer_for_Smart_Casual_Wearvs.jpg?v=1789229704,4,Women's Double Breasted Blazer for Smart Casual Wear
womens-double-breasted-blazer-for-smart-casual-wear,,,,,,,,,,,,,,,,,,,https://cdn.shopify.com/s/files/1/1074/0200/2757/files/Women_s_Double_Breasted_Blazer_for_Smart_Casual_Wearvdr4.jpg?v=1789229724,5,Women's Double Breasted Blazer for Smart Casual Wear
womens-double-breasted-blazer-for-smart-casual-wear,,,,,,,,,,,,,,,,,,,https://cdn.shopify.com/s/files/1/1074/0200/2757/files/Women_s_Double_Breasted_Blazer_for_Smart_Casual_Wearvde.jpg?v=1789229745,6,Women's Double Breasted Blazer for Smart Casual Wear
womens-double-breasted-blazer-for-smart-casual-wear,,,,,,,,,,,,,,,,,,,https://cdn.shopify.com/s/files/1/1074/0200/2757/files/Women_s_Double_Breasted_Blazer_for_Smart_Casual_Wearbgf.jpg?v=1789229775,7,Women's Double Breasted Blazer for Smart Casual Wear
womens-double-breasted-blazer-for-smart-casual-wear,,,,,,,,,,,,,,,,,,,https://cdn.shopify.com/s/files/1/1074/0200/2757/files/Women_s_Double_Breasted_Blazer_for_Smart_Casual_Wearvd3.jpg?v=1789229807,8,Women's Double Breasted Blazer for Smart Casual Wear
womens-double-breasted-blazer-for-smart-casual-wear,,,,,,,,,,,,,,,,,,,https://cdn.shopify.com/s/files/1/1074/0200/2757/files/Women_s_Double_Breasted_Blazer_for_Smart_Casual_Wearvdw.jpg?v=1789229831,9,Women's Double Breasted Blazer for Smart Casual Wear
womens-double-breasted-blazer-for-smart-casual-wear,,,,,,,,,,,,,,,,,,,https://cdn.shopify.com/s/files/1/1074/0200/2757/files/Women_s_Double_Breasted_Blazer_for_Smart_Casual_Wearvdfs.jpg?v=1789229851,10,Women's Double Breasted Blazer for Smart Casual Wear
womens-double-breasted-blazer-for-smart-casual-wear,,,,,,,,,,,,,,,,,,,https://cdn.shopify.com/s/files/1/1074/0200/2757/files/Women_s_Double_Breasted_Blazer_for_Smart_Casual_Wearvcvd.jpg?v=1789229883,11,Women's Double Breasted Blazer for Smart Casual Wear
womens-double-breasted-blazer-for-smart-casual-wear,,,,,,,,,,,,,,,,,,,https://cdn.shopify.com/s/files/1/1074/0200/2757/files/Women_s_Double_Breasted_Blazer_for_Smart_Casual_Wearvdse.jpg?v=1789229925,12,Women's Double Breasted Blazer for Smart Casual Wear
womens-double-breasted-blazer-for-smart-casual-wear,,,,,,,,,,,,,,,,,,,https://cdn.shopify.com/s/files/1/1074/0200/2757/files/Women_s_Double_Breasted_Blazer_for_Smart_Casual_Weargh6.jpg?v=1789229966,13,Women's Double Breasted Blazer for Smart Casual Wear
womens-double-breasted-blazer-for-smart-casual-wear,,,,,,,,,,,,,,,,,,,https://cdn.shopify.com/s/files/1/1074/0200/2757/files/Women_s_Double_Breasted_Blazer_for_Smart_Casual_Wearvsd.jpg?v=1789229981,14,Women's Double Breasted Blazer for Smart Casual Wear
womens-quilted-jacket-with-high-collar-autumn-wear,Women's Quilted Jacket with High Collar Autumn Wear,Color,Black,Size,S,,,,0.0,shopify,99999,continue,manual,54.95,78.95,true,false,https://cdn.shopify.com/s/files/1/1074/0200/2757/files/Women_s_Quilted_Jacket_with_High_Collar_Autumn_Wearvvd3.webp?v=1790342941,,,
womens-quilted-jacket-with-high-collar-autumn-wear,,,Black,,M,,,,0.0,shopify,99999,continue,manual,54.95,78.95,true,false,https://cdn.shopify.com/s/files/1/1074/0200/2757/files/Women_s_Quilted_Jacket_with_High_Collar_Autumn_Wearvvd3.webp?v=1790342941,,,
womens-quilted-jacket-with-high-collar-autumn-wear,,,Black,,L,,,,0.0,shopify,99999,continue,manual,54.95,78.95,true,false,https://cdn.shopify.com/s/files/1/1074/0200/2757/files/Women_s_Quilted_Jacket_with_High_Collar_Autumn_Wearvvd3.webp?v=1790342941,,,
womens-quilted-jacket-with-high-collar-autumn-wear,,,Black,,XL,,,,0.0,shopify,99999,continue,manual,54.95,78.95,true,false,https://cdn.shopify.com/s/files/1/1074/0200/2757/files/Women_s_Quilted_Jacket_with_High_Collar_Autumn_Wearvvd3.webp?v=1790342941,,,
womens-quilted-jacket-with-high-collar-autumn-wear,,,Black,,2XL,,,,0.0,shopify,99999,continue,manual,54.95,78.95,true,false,https://cdn.shopify.com/s/files/1/1074/0200/2757/files/Women_s_Quilted_Jacket_with_High_Collar_Autumn_Wearvvd3.webp?v=1790342941,,,
womens-quilted-jacket-with-high-collar-autumn-wear,,,Black,,3XL,,,,0.0,shopify,99999,continue,manual,54.95,78.95,true,false,https://cdn.shopify.com/s/files/1/1074/0200/2757/files/Women_s_Quilted_Jacket_with_High_Collar_Autumn_Wearvvd3.webp?v=1790342941,,,
womens-quilted-jacket-with-high-collar-autumn-wear,,,Beige,,S,,,,0.0,shopify,99999,continue,manual,54.95,78.95,true,false,https://cdn.shopify.com/s/files/1/1074/0200/2757/files/Women_s_Quilted_Jacket_with_High_Collar_Autumn_Wearvf4.webp?v=1790342927,,,
womens-quilted-jacket-with-high-collar-autumn-wear,,,Beige,,M,,,,0.0,shopify,99999,continue,manual,54.95,78.95,true,false,https://cdn.shopify.com/s/files/1/1074/0200/2757/files/Women_s_Quilted_Jacket_with_High_Collar_Autumn_Wearvf4.webp?v=1790342927,,,
womens-quilted-jacket-with-high-collar-autumn-wear,,,Beige,,L,,,,0.0,shopify,99999,continue,manual,54.95,78.95,true,false,https://cdn.shopify.com/s/files/1/1074/0200/2757/files/Women_s_Quilted_Jacket_with_High_Collar_Autumn_Wearvf4.webp?v=1790342927,,,
womens-quilted-jacket-with-high-collar-autumn-wear,,,Beige,,XL,,,,0.0,shopify,99999,continue,manual,54.95,78.95,true,false,https://cdn.shopify.com/s/files/1/1074/0200/2757/files/Women_s_Quilted_Jacket_with_High_Collar_Autumn_Wearvf4.webp?v=1790342927,,,
womens-quilted-jacket-with-high-collar-autumn-wear,,,Beige,,2XL,,,,0.0,shopify,99999,continue,manual,54.95,78.95,true,false,https://cdn.shopify.com/s/files/1/1074/0200/2757/files/Women_s_Quilted_Jacket_with_High_Collar_Autumn_Wearvf4.webp?v=1790342927,,,
womens-quilted-jacket-with-high-collar-autumn-wear,,,Beige,,3XL,,,,0.0,shopify,99999,continue,manual,54.95,78.95,true,false,https://cdn.shopify.com/s/files/1/1074/0200/2757/files/Women_s_Quilted_Jacket_with_High_Collar_Autumn_Wearvf4.webp?v=1790342927,,,
womens-quilted-jacket-with-high-collar-autumn-wear,,,Dark Grey,,S,,,,0.0,shopify,99998,continue,manual,54.95,78.95,true,false,https://cdn.shopify.com/s/files/1/1074/0200/2757/files/Women_s_Quilted_Jacket_with_High_Collar_Autumn_Wearvfg4.webp?v=1790342967,,,
womens-quilted-jacket-with-high-collar-autumn-wear,,,Dark Grey,,M,,,,0.0,shopify,99999,continue,manual,54.95,78.95,true,false,https://cdn.shopify.com/s/files/1/1074/0200/2757/files/Women_s_Quilted_Jacket_with_High_Collar_Autumn_Wearvfg4.webp?v=1790342967,,,
womens-quilted-jacket-with-high-collar-autumn-wear,,,Dark Grey,,L,,,,0.0,shopify,99999,continue,manual,54.95,78.95,true,false,https://cdn.shopify.com/s/files/1/1074/0200/2757/files/Women_s_Quilted_Jacket_with_High_Collar_Autumn_Wearvfg4.webp?v=1790342967,,,
womens-quilted-jacket-with-high-collar-autumn-wear,,,Dark Grey,,XL,,,,0.0,shopify,99999,continue,manual,54.95,78.95,true,false,https://cdn.shopify.com/s/files/1/1074/0200/2757/files/Women_s_Quilted_Jacket_with_High_Collar_Autumn_Wearvfg4.webp?v=1790342967,,,
womens-quilted-jacket-with-high-collar-autumn-wear,,,Dark Grey,,2XL,,,,0.0,shopify,99999,continue,manual,54.95,78.95,true,false,https://cdn.shopify.com/s/files/1/1074/0200/2757/files/Women_s_Quilted_Jacket_with_High_Collar_Autumn_Wearvfg4.webp?v=1790342967,,,
womens-quilted-jacket-with-high-collar-autumn-wear,,,Dark Grey,,3XL,,,,0.0,shopify,99999,continue,manual,54.95,78.95,true,false,https://cdn.shopify.com/s/files/1/1074/0200/2757/files/Women_s_Quilted_Jacket_with_High_Collar_Autumn_Wearvfg4.webp?v=1790342967,,,
womens-quilted-jacket-with-high-collar-autumn-wear,,,Burgundy,,S,,,,0.0,shopify,99999,continue,manual,54.95,78.95,true,false,https://cdn.shopify.com/s/files/1/1074/0200/2757/files/Women_s_Quilted_Jacket_with_High_Collar_Autumn_Wearvdf4.webp?v=1790342950,,,
womens-quilted-jacket-with-high-collar-autumn-wear,,,Burgundy,,M,,,,0.0,shopify,99999,continue,manual,54.95,78.95,true,false,https://cdn.shopify.com/s/files/1/1074/0200/2757/files/Women_s_Quilted_Jacket_with_High_Collar_Autumn_Wearvdf4.webp?v=1790342950,,,
womens-quilted-jacket-with-high-collar-autumn-wear,,,Burgundy,,L,,,,0.0,shopify,99999,continue,manual,54.95,78.95,true,false,https://cdn.shopify.com/s/files/1/1074/0200/2757/files/Women_s_Quilted_Jacket_with_High_Collar_Autumn_Wearvdf4.webp?v=1790342950,,,
womens-quilted-jacket-with-high-collar-autumn-wear,,,Burgundy,,XL,,,,0.0,shopify,99999,continue,manual,54.95,78.95,true,false,https://cdn.shopify.com/s/files/1/1074/0200/2757/files/Women_s_Quilted_Jacket_with_High_Collar_Autumn_Wearvdf4.webp?v=1790342950,,,
womens-quilted-jacket-with-high-collar-autumn-wear,,,Burgundy,,2XL,,,,0.0,shopify,99999,continue,manual,54.95,78.95,true,false,https://cdn.shopify.com/s/files/1/1074/0200/2757/files/Women_s_Quilted_Jacket_with_High_Collar_Autumn_Wearvdf4.webp?v=1790342950,,,
womens-quilted-jacket-with-high-collar-autumn-wear,,,Burgundy,,3XL,,,,0.0,shopify,99999,continue,manual,54.95,78.95,true,false,https://cdn.shopify.com/s/files/1/1074/0200/2757/files/Women_s_Quilted_Jacket_with_High_Collar_Autumn_Wearvdf4.webp?v=1790342950,,,
womens-quilted-jacket-with-high-collar-autumn-wear,,,Army Green,,S,,,,0.0,shopify,99999,continue,manual,54.95,78.95,true,false,https://cdn.shopify.com/s/files/1/1074/0200/2757/files/Women_s_Quilted_Jacket_with_High_Collar_Autumn_Wearvd4.webp?v=1790342894,,,
womens-quilted-jacket-with-high-collar-autumn-wear,,,Army Green,,M,,,,0.0,shopify,99998,continue,manual,54.95,78.95,true,false,https://cdn.shopify.com/s/files/1/1074/0200/2757/files/Women_s_Quilted_Jacket_with_High_Collar_Autumn_Wearvd4.webp?v=1790342894,,,
womens-quilted-jacket-with-high-collar-autumn-wear,,,Army Green,,L,,,,0.0,shopify,99999,continue,manual,54.95,78.95,true,false,https://cdn.shopify.com/s/files/1/1074/0200/2757/files/Women_s_Quilted_Jacket_with_High_Collar_Autumn_Wearvd4.webp?v=1790342894,,,
womens-quilted-jacket-with-high-collar-autumn-wear,,,Army Green,,XL,,,,0.0,shopify,99999,continue,manual,54.95,78.95,true,false,https://cdn.shopify.com/s/files/1/1074/0200/2757/files/Women_s_Quilted_Jacket_with_High_Collar_Autumn_Wearvd4.webp?v=1790342894,,,
womens-quilted-jacket-with-high-collar-autumn-wear,,,Army Green,,2XL,,,,0.0,shopify,99999,continue,manual,54.95,78.95,true,false,https://cdn.shopify.com/s/files/1/1074/0200/2757/files/Women_s_Quilted_Jacket_with_High_Collar_Autumn_Wearvd4.webp?v=1790342894,,,
womens-quilted-jacket-with-high-collar-autumn-wear,,,Army Green,,3XL,,,,0.0,shopify,99999,continue,manual,54.95,78.95,true,false,https://cdn.shopify.com/s/files/1/1074/0200/2757/files/Women_s_Quilted_Jacket_with_High_Collar_Autumn_Wearvd4.webp?v=1790342894,,,
womens-quilted-jacket-with-high-collar-autumn-wear,,,,,,,,,,,,,,,,,,,https://cdn.shopify.com/s/files/1/1074/0200/2757/files/Women_s_Quilted_Jacket_with_High_Collar_Autumn_Wearvsd.jpg?v=1790342839,1,Women's Quilted Jacket with High Collar Autumn Wear
womens-quilted-jacket-with-high-collar-autumn-wear,,,,,,,,,,,,,,,,,,,https://cdn.shopify.com/s/files/1/1074/0200/2757/files/Women_s_Quilted_Jacket_with_High_Collar_Autumn_Wearvsd.webp?v=1790342858,2,Women's Quilted Jacket with High Collar Autumn Wear
womens-quilted-jacket-with-high-collar-autumn-wear,,,,,,,,,,,,,,,,,,,https://cdn.shopify.com/s/files/1/1074/0200/2757/files/Women_s_Quilted_Jacket_with_High_Collar_Autumn_Wearvds.jpg?v=1790342882,3,Women's Quilted Jacket with High Collar Autumn Wear
womens-quilted-jacket-with-high-collar-autumn-wear,,,,,,,,,,,,,,,,,,,https://cdn.shopify.com/s/files/1/1074/0200/2757/files/Women_s_Quilted_Jacket_with_High_Collar_Autumn_Wearvd4.webp?v=1790342894,4,Women's Quilted Jacket with High Collar Autumn Wear
womens-quilted-jacket-with-high-collar-autumn-wear,,,,,,,,,,,,,,,,,,,https://cdn.shopify.com/s/files/1/1074/0200/2757/files/Women_s_Quilted_Jacket_with_High_Collar_Autumn_Wearvfe.webp?v=1790342909,5,Women's Quilted Jacket with High Collar Autumn Wear
womens-quilted-jacket-with-high-collar-autumn-wear,,,,,,,,,,,,,,,,,,,https://cdn.shopify.com/s/files/1/1074/0200/2757/files/Women_s_Quilted_Jacket_with_High_Collar_Autumn_Wearvf4.webp?v=1790342927,6,Women's Quilted Jacket with High Collar Autumn Wear
womens-quilted-jacket-with-high-collar-autumn-wear,,,,,,,,,,,,,,,,,,,https://cdn.shopify.com/s/files/1/1074/0200/2757/files/Women_s_Quilted_Jacket_with_High_Collar_Autumn_Wearvvd3.webp?v=1790342941,7,Women's Quilted Jacket with High Collar Autumn Wear
womens-quilted-jacket-with-high-collar-autumn-wear,,,,,,,,,,,,,,,,,,,https://cdn.shopify.com/s/files/1/1074/0200/2757/files/Women_s_Quilted_Jacket_with_High_Collar_Autumn_Wearvdf4.webp?v=1790342950,8,Women's Quilted Jacket with High Collar Autumn Wear
womens-quilted-jacket-with-high-collar-autumn-wear,,,,,,,,,,,,,,,,,,,https://cdn.shopify.com/s/files/1/1074/0200/2757/files/Women_s_Quilted_Jacket_with_High_Collar_Autumn_Wearvfg4.webp?v=1790342967,9,Women's Quilted Jacket with High Collar Autumn Wear
mens-bomber-jacket-for-everyday-autumn-winter-wear,Men's Bomber Jacket for Everyday Autumn Winter Wear,Color,Black,Size,S,,,,0.0,shopify,99999,continue,manual,49.95,71.95,true,false,https://cdn.shopify.com/s/files/1/1074/0200/2757/files/Men_s_Bomber_Jacket_for_Everyday_Autumn_Winter_Wearvd4.jpg?v=1790342735,,,
mens-bomber-jacket-for-everyday-autumn-winter-wear,,,Black,,M,,,,0.0,shopify,99998,continue,manual,49.95,71.95,true,false,https://cdn.shopify.com/s/files/1/1074/0200/2757/files/Men_s_Bomber_Jacket_for_Everyday_Autumn_Winter_Wearvd4.jpg?v=1790342735,,,
mens-bomber-jacket-for-everyday-autumn-winter-wear,,,Black,,L,,,,0.0,shopify,99999,continue,manual,49.95,71.95,true,false,https://cdn.shopify.com/s/files/1/1074/0200/2757/files/Men_s_Bomber_Jacket_for_Everyday_Autumn_Winter_Wearvd4.jpg?v=1790342735,,,
mens-bomber-jacket-for-everyday-autumn-winter-wear,,,Black,,XL,,,,0.0,shopify,99999,continue,manual,49.95,71.95,true,false,https://cdn.shopify.com/s/files/1/1074/0200/2757/files/Men_s_Bomber_Jacket_for_Everyday_Autumn_Winter_Wearvd4.jpg?v=1790342735,,,
mens-bomber-jacket-for-everyday-autumn-winter-wear,,,Black,,2XL,,,,0.0,shopify,99999,continue,manual,49.95,71.95,true,false,https://cdn.shopify.com/s/files/1/1074/0200/2757/files/Men_s_Bomber_Jacket_for_Everyday_Autumn_Winter_Wearvd4.jpg?v=1790342735,,,
mens-bomber-jacket-for-everyday-autumn-winter-wear,,,Black,,3XL,,,,0.0,shopify,99999,continue,manual,49.95,71.95,true,false,https://cdn.shopify.com/s/files/1/1074/0200/2757/files/Men_s_Bomber_Jacket_for_Everyday_Autumn_Winter_Wearvd4.jpg?v=1790342735,,,
mens-bomber-jacket-for-everyday-autumn-winter-wear,,,Dark Blue,,S,,,,0.0,shopify,99999,continue,manual,49.95,71.95,true,false,https://cdn.shopify.com/s/files/1/1074/0200/2757/files/Men_s_Bomber_Jacket_for_Everyday_Autumn_Winter_Wearvde3.jpg?v=1790342774,,,
mens-bomber-jacket-for-everyday-autumn-winter-wear,,,Dark Blue,,M,,,,0.0,shopify,99999,continue,manual,49.95,71.95,true,false,https://cdn.shopify.com/s/files/1/1074/0200/2757/files/Men_s_Bomber_Jacket_for_Everyday_Autumn_Winter_Wearvde3.jpg?v=1790342774,,,
mens-bomber-jacket-for-everyday-autumn-winter-wear,,,Dark Blue,,L,,,,0.0,shopify,99999,continue,manual,49.95,71.95,true,false,https://cdn.shopify.com/s/files/1/1074/0200/2757/files/Men_s_Bomber_Jacket_for_Everyday_Autumn_Winter_Wearvde3.jpg?v=1790342774,,,
mens-bomber-jacket-for-everyday-autumn-winter-wear,,,Dark Blue,,XL,,,,0.0,shopify,99999,continue,manual,49.95,71.95,true,false,https://cdn.shopify.com/s/files/1/1074/0200/2757/files/Men_s_Bomber_Jacket_for_Everyday_Autumn_Winter_Wearvde3.jpg?v=1790342774,,,
mens-bomber-jacket-for-everyday-autumn-winter-wear,,,Dark Blue,,2XL,,,,0.0,shopify,99999,continue,manual,49.95,71.95,true,false,https://cdn.shopify.com/s/files/1/1074/0200/2757/files/Men_s_Bomber_Jacket_for_Everyday_Autumn_Winter_Wearvde3.jpg?v=1790342774,,,
mens-bomber-jacket-for-everyday-autumn-winter-wear,,,Dark Blue,,3XL,,,,0.0,shopify,99999,continue,manual,49.95,71.95,true,false,https://cdn.shopify.com/s/files/1/1074/0200/2757/files/Men_s_Bomber_Jacket_for_Everyday_Autumn_Winter_Wearvde3.jpg?v=1790342774,,,
mens-bomber-jacket-for-everyday-autumn-winter-wear,,,Bordeaux,,S,,,,0.0,shopify,99999,continue,manual,49.95,71.95,true,false,https://cdn.shopify.com/s/files/1/1074/0200/2757/files/Men_s_Bomber_Jacket_for_Everyday_Autumn_Winter_Wearvde.jpg?v=1790342754,,,
mens-bomber-jacket-for-everyday-autumn-winter-wear,,,Bordeaux,,M,,,,0.0,shopify,99999,continue,manual,49.95,71.95,true,false,https://cdn.shopify.com/s/files/1/1074/0200/2757/files/Men_s_Bomber_Jacket_for_Everyday_Autumn_Winter_Wearvde.jpg?v=1790342754,,,
mens-bomber-jacket-for-everyday-autumn-winter-wear,,,Bordeaux,,L,,,,0.0,shopify,99999,continue,manual,49.95,71.95,true,false,https://cdn.shopify.com/s/files/1/1074/0200/2757/files/Men_s_Bomber_Jacket_for_Everyday_Autumn_Winter_Wearvde.jpg?v=1790342754,,,
mens-bomber-jacket-for-everyday-autumn-winter-wear,,,Bordeaux,,XL,,,,0.0,shopify,99998,continue,manual,49.95,71.95,true,false,https://cdn.shopify.com/s/files/1/1074/0200/2757/files/Men_s_Bomber_Jacket_for_Everyday_Autumn_Winter_Wearvde.jpg?v=1790342754,,,
mens-bomber-jacket-for-everyday-autumn-winter-wear,,,Bordeaux,,2XL,,,,0.0,shopify,99999,continue,manual,49.95,71.95,true,false,https://cdn.shopify.com/s/files/1/1074/0200/2757/files/Men_s_Bomber_Jacket_for_Everyday_Autumn_Winter_Wearvde.jpg?v=1790342754,,,
mens-bomber-jacket-for-everyday-autumn-winter-wear,,,Bordeaux,,3XL,,,,0.0,shopify,99999,continue,manual,49.95,71.95,true,false,https://cdn.shopify.com/s/files/1/1074/0200/2757/files/Men_s_Bomber_Jacket_for_Everyday_Autumn_Winter_Wearvde.jpg?v=1790342754,,,
mens-bomber-jacket-for-everyday-autumn-winter-wear,,,Khaki,,S,,,,0.0,shopify,99999,continue,manual,49.95,71.95,true,false,https://cdn.shopify.com/s/files/1/1074/0200/2757/files/Men_s_Bomber_Jacket_for_Everyday_Autumn_Winter_Wearvdfe.jpg?v=1790342809,,,
mens-bomber-jacket-for-everyday-autumn-winter-wear,,,Khaki,,M,,,,0.0,shopify,99999,continue,manual,49.95,71.95,true,false,https://cdn.shopify.com/s/files/1/1074/0200/2757/files/Men_s_Bomber_Jacket_for_Everyday_Autumn_Winter_Wearvdfe.jpg?v=1790342809,,,
mens-bomber-jacket-for-everyday-autumn-winter-wear,,,Khaki,,L,,,,0.0,shopify,99999,continue,manual,49.95,71.95,true,false,https://cdn.shopify.com/s/files/1/1074/0200/2757/files/Men_s_Bomber_Jacket_for_Everyday_Autumn_Winter_Wearvdfe.jpg?v=1790342809,,,
mens-bomber-jacket-for-everyday-autumn-winter-wear,,,Khaki,,XL,,,,0.0,shopify,99999,continue,manual,49.95,71.95,true,false,https://cdn.shopify.com/s/files/1/1074/0200/2757/files/Men_s_Bomber_Jacket_for_Everyday_Autumn_Winter_Wearvdfe.jpg?v=1790342809,,,
mens-bomber-jacket-for-everyday-autumn-winter-wear,,,Khaki,,2XL,,,,0.0,shopify,99999,continue,manual,49.95,71.95,true,false,https://cdn.shopify.com/s/files/1/1074/0200/2757/files/Men_s_Bomber_Jacket_for_Everyday_Autumn_Winter_Wearvdfe.jpg?v=1790342809,,,
mens-bomber-jacket-for-everyday-autumn-winter-wear,,,Khaki,,3XL,,,,0.0,shopify,99999,continue,manual,49.95,71.95,true,false,https://cdn.shopify.com/s/files/1/1074/0200/2757/files/Men_s_Bomber_Jacket_for_Everyday_Autumn_Winter_Wearvdfe.jpg?v=1790342809,,,
mens-bomber-jacket-for-everyday-autumn-winter-wear,,,Dark Green,,S,,,,0.0,shopify,99999,continue,manual,49.95,71.95,true,false,https://cdn.shopify.com/s/files/1/1074/0200/2757/files/Men_s_Bomber_Jacket_for_Everyday_Autumn_Winter_Wearvsd.jpg?v=1790342791,,,
mens-bomber-jacket-for-everyday-autumn-winter-wear,,,Dark Green,,M,,,,0.0,shopify,99999,continue,manual,49.95,71.95,true,false,https://cdn.shopify.com/s/files/1/1074/0200/2757/files/Men_s_Bomber_Jacket_for_Everyday_Autumn_Winter_Wearvsd.jpg?v=1790342791,,,
mens-bomber-jacket-for-everyday-autumn-winter-wear,,,Dark Green,,L,,,,0.0,shopify,99999,continue,manual,49.95,71.95,true,false,https://cdn.shopify.com/s/files/1/1074/0200/2757/files/Men_s_Bomber_Jacket_for_Everyday_Autumn_Winter_Wearvsd.jpg?v=1790342791,,,
mens-bomber-jacket-for-everyday-autumn-winter-wear,,,Dark Green,,XL,,,,0.0,shopify,99999,continue,manual,49.95,71.95,true,false,https://cdn.shopify.com/s/files/1/1074/0200/2757/files/Men_s_Bomber_Jacket_for_Everyday_Autumn_Winter_Wearvsd.jpg?v=1790342791,,,
mens-bomber-jacket-for-everyday-autumn-winter-wear,,,Dark Green,,2XL,,,,0.0,shopify,99999,continue,manual,49.95,71.95,true,false,https://cdn.shopify.com/s/files/1/1074/0200/2757/files/Men_s_Bomber_Jacket_for_Everyday_Autumn_Winter_Wearvsd.jpg?v=1790342791,,,
mens-bomber-jacket-for-everyday-autumn-winter-wear,,,Dark Green,,3XL,,,,0.0,shopify,99999,continue,manual,49.95,71.95,true,false,https://cdn.shopify.com/s/files/1/1074/0200/2757/files/Men_s_Bomber_Jacket_for_Everyday_Autumn_Winter_Wearvsd.jpg?v=1790342791,,,
mens-bomber-jacket-for-everyday-autumn-winter-wear,,,,,,,,,,,,,,,,,,,https://cdn.shopify.com/s/files/1/1074/0200/2757/files/Men_s_Bomber_Jacket_for_Everyday_Autumn_Winter_Wearvd4.jpg?v=1790342735,1,Men's Bomber Jacket for Everyday Autumn Winter Wear
mens-bomber-jacket-for-everyday-autumn-winter-wear,,,,,,,,,,,,,,,,,,,https://cdn.shopify.com/s/files/1/1074/0200/2757/files/Men_s_Bomber_Jacket_for_Everyday_Autumn_Winter_Wearvde.jpg?v=1790342754,2,Men's Bomber Jacket for Everyday Autumn Winter Wear
mens-bomber-jacket-for-everyday-autumn-winter-wear,,,,,,,,,,,,,,,,,,,https://cdn.shopify.com/s/files/1/1074/0200/2757/files/Men_s_Bomber_Jacket_for_Everyday_Autumn_Winter_Wearvde3.jpg?v=1790342774,3,Men's Bomber Jacket for Everyday Autumn Winter Wear
mens-bomber-jacket-for-everyday-autumn-winter-wear,,,,,,,,,,,,,,,,,,,https://cdn.shopify.com/s/files/1/1074/0200/2757/files/Men_s_Bomber_Jacket_for_Everyday_Autumn_Winter_Wearvsd.jpg?v=1790342791,4,Men's Bomber Jacket for Everyday Autumn Winter Wear
mens-bomber-jacket-for-everyday-autumn-winter-wear,,,,,,,,,,,,,,,,,,,https://cdn.shopify.com/s/files/1/1074/0200/2757/files/Men_s_Bomber_Jacket_for_Everyday_Autumn_Winter_Wearvdfe.jpg?v=1790342809,5,Men's Bomber Jacket for Everyday Autumn Winter Wear
mens-ribbed-zip-cardigan-for-autumn-winter,Men's Ribbed Zip Cardigan for Autumn Winter,Colour,Beige,Size,S,,,,0.0,shopify,999999,continue,manual,74.95,107.95,true,false,https://cdn.shopify.com/s/files/1/1074/0200/2757/files/Men_s_Ribbed_Zip_Cardigan_for_Autumn_WintervSd_89ea40c3-6a05-48b9-a5f5-b77340f14f31.png?v=1790598834,,,
mens-ribbed-zip-cardigan-for-autumn-winter,,,Beige,,M,,,,0.0,shopify,999999,continue,manual,74.95,107.95,true,false,https://cdn.shopify.com/s/files/1/1074/0200/2757/files/Men_s_Ribbed_Zip_Cardigan_for_Autumn_WintervSd_89ea40c3-6a05-48b9-a5f5-b77340f14f31.png?v=1790598834,,,
mens-ribbed-zip-cardigan-for-autumn-winter,,,Beige,,L,,,,0.0,shopify,999999,continue,manual,74.95,107.95,true,false,https://cdn.shopify.com/s/files/1/1074/0200/2757/files/Men_s_Ribbed_Zip_Cardigan_for_Autumn_WintervSd_89ea40c3-6a05-48b9-a5f5-b77340f14f31.png?v=1790598834,,,
mens-ribbed-zip-cardigan-for-autumn-winter,,,Beige,,XL,,,,0.0,shopify,999999,continue,manual,74.95,107.95,true,false,https://cdn.shopify.com/s/files/1/1074/0200/2757/files/Men_s_Ribbed_Zip_Cardigan_for_Autumn_WintervSd_89ea40c3-6a05-48b9-a5f5-b77340f14f31.png?v=1790598834,,,
mens-ribbed-zip-cardigan-for-autumn-winter,,,Beige,,2XL,,,,0.0,shopify,999999,continue,manual,74.95,107.95,true,false,https://cdn.shopify.com/s/files/1/1074/0200/2757/files/Men_s_Ribbed_Zip_Cardigan_for_Autumn_WintervSd_89ea40c3-6a05-48b9-a5f5-b77340f14f31.png?v=1790598834,,,
mens-ribbed-zip-cardigan-for-autumn-winter,,,Beige,,3XL,,,,0.0,shopify,999999,continue,manual,74.95,107.95,true,false,https://cdn.shopify.com/s/files/1/1074/0200/2757/files/Men_s_Ribbed_Zip_Cardigan_for_Autumn_WintervSd_89ea40c3-6a05-48b9-a5f5-b77340f14f31.png?v=1790598834,,,
mens-ribbed-zip-cardigan-for-autumn-winter,,,Black,,S,,,,0.0,shopify,999999,continue,manual,74.95,107.95,true,false,https://cdn.shopify.com/s/files/1/1074/0200/2757/files/Men_s_Ribbed_Zip_Cardigan_for_Autumn_Wintervda.png?v=1790598842,,,
mens-ribbed-zip-cardigan-for-autumn-winter,,,Black,,M,,,,0.0,shopify,999998,continue,manual,74.95,107.95,true,false,https://cdn.shopify.com/s/files/1/1074/0200/2757/files/Men_s_Ribbed_Zip_Cardigan_for_Autumn_Wintervda.png?v=1790598842,,,
mens-ribbed-zip-cardigan-for-autumn-winter,,,Black,,L,,,,0.0,shopify,999999,continue,manual,74.95,107.95,true,false,https://cdn.shopify.com/s/files/1/1074/0200/2757/files/Men_s_Ribbed_Zip_Cardigan_for_Autumn_Wintervda.png?v=1790598842,,,
mens-ribbed-zip-cardigan-for-autumn-winter,,,Black,,XL,,,,0.0,shopify,999999,continue,manual,74.95,107.95,true,false,https://cdn.shopify.com/s/files/1/1074/0200/2757/files/Men_s_Ribbed_Zip_Cardigan_for_Autumn_Wintervda.png?v=1790598842,,,
mens-ribbed-zip-cardigan-for-autumn-winter,,,Black,,2XL,,,,0.0,shopify,999999,continue,manual,74.95,107.95,true,false,https://cdn.shopify.com/s/files/1/1074/0200/2757/files/Men_s_Ribbed_Zip_Cardigan_for_Autumn_Wintervda.png?v=1790598842,,,
mens-ribbed-zip-cardigan-for-autumn-winter,,,Black,,3XL,,,,0.0,shopify,999999,continue,manual,74.95,107.95,true,false,https://cdn.shopify.com/s/files/1/1074/0200/2757/files/Men_s_Ribbed_Zip_Cardigan_for_Autumn_Wintervda.png?v=1790598842,,,
mens-ribbed-zip-cardigan-for-autumn-winter,,,Grey,,S,,,,0.0,shopify,999999,continue,manual,74.95,107.95,true,false,https://cdn.shopify.com/s/files/1/1074/0200/2757/files/Men_s_Ribbed_Zip_Cardigan_for_Autumn_Wintera.png?v=1790598852,,,
mens-ribbed-zip-cardigan-for-autumn-winter,,,Grey,,M,,,,0.0,shopify,999999,continue,manual,74.95,107.95,true,false,https://cdn.shopify.com/s/files/1/1074/0200/2757/files/Men_s_Ribbed_Zip_Cardigan_for_Autumn_Wintera.png?v=1790598852,,,
mens-ribbed-zip-cardigan-for-autumn-winter,,,Grey,,L,,,,0.0,shopify,999999,continue,manual,74.95,107.95,true,false,https://cdn.shopify.com/s/files/1/1074/0200/2757/files/Men_s_Ribbed_Zip_Cardigan_for_Autumn_Wintera.png?v=1790598852,,,
mens-ribbed-zip-cardigan-for-autumn-winter,,,Grey,,XL,,,,0.0,shopify,999999,continue,manual,74.95,107.95,true,false,https://cdn.shopify.com/s/files/1/1074/0200/2757/files/Men_s_Ribbed_Zip_Cardigan_for_Autumn_Wintera.png?v=1790598852,,,
mens-ribbed-zip-cardigan-for-autumn-winter,,,Grey,,2XL,,,,0.0,shopify,999999,continue,manual,74.95,107.95,true,false,https://cdn.shopify.com/s/files/1/1074/0200/2757/files/Men_s_Ribbed_Zip_Cardigan_for_Autumn_Wintera.png?v=1790598852,,,
mens-ribbed-zip-cardigan-for-autumn-winter,,,Grey,,3XL,,,,0.0,shopify,999999,continue,manual,74.95,107.95,true,false,https://cdn.shopify.com/s/files/1/1074/0200/2757/files/Men_s_Ribbed_Zip_Cardigan_for_Autumn_Wintera.png?v=1790598852,,,
mens-ribbed-zip-cardigan-for-autumn-winter,,,,,,,,,,,,,,,,,,,https://cdn.shopify.com/s/files/1/1074/0200/2757/files/Men_s_Ribbed_Zip_Cardigan_for_Autumn_Winterva.png?v=1790598802,1,Men's Ribbed Zip Cardigan for Autumn Winter
mens-ribbed-zip-cardigan-for-autumn-winter,,,,,,,,,,,,,,,,,,,https://cdn.shopify.com/s/files/1/1074/0200/2757/files/Men_s_Ribbed_Zip_Cardigan_for_Autumn_Wintervsd.png?v=1790598812,2,Men's Ribbed Zip Cardigan for Autumn Winter
mens-ribbed-zip-cardigan-for-autumn-winter,,,,,,,,,,,,,,,,,,,https://cdn.shopify.com/s/files/1/1074/0200/2757/files/Men_s_Ribbed_Zip_Cardigan_for_Autumn_WinterMen_s_Ribbed_Zip_Cardigan_for_Autumn_Winterada.png?v=1790598824,3,Men's Ribbed Zip Cardigan for Autumn Winter
mens-ribbed-zip-cardigan-for-autumn-winter,,,,,,,,,,,,,,,,,,,https://cdn.shopify.com/s/files/1/1074/0200/2757/files/Men_s_Ribbed_Zip_Cardigan_for_Autumn_WintervSd_89ea40c3-6a05-48b9-a5f5-b77340f14f31.png?v=1790598834,4,Men's Ribbed Zip Cardigan for Autumn Winter
mens-ribbed-zip-cardigan-for-autumn-winter,,,,,,,,,,,,,,,,,,,https://cdn.shopify.com/s/files/1/1074/0200/2757/files/Men_s_Ribbed_Zip_Cardigan_for_Autumn_Wintervda.png?v=1790598842,5,Men's Ribbed Zip Cardigan for Autumn Winter
mens-ribbed-zip-cardigan-for-autumn-winter,,,,,,,,,,,,,,,,,,,https://cdn.shopify.com/s/files/1/1074/0200/2757/files/Men_s_Ribbed_Zip_Cardigan_for_Autumn_Wintera.png?v=1790598852,6,Men's Ribbed Zip Cardigan for Autumn Winter
mens-ribbed-zip-cardigan-for-autumn-winter,,,,,,,,,,,,,,,,,,,https://cdn.shopify.com/s/files/1/1074/0200/2757/files/Men_s_Ribbed_Zip_Cardigan_for_Autumn_Wintervad.png?v=1790598881,7,Men's Ribbed Zip Cardigan for Autumn Winter
mens-ribbed-zip-cardigan-for-autumn-winter,,,,,,,,,,,,,,,,,,,https://cdn.shopify.com/s/files/1/1074/0200/2757/files/Men_s_Ribbed_Zip_Cardigan_for_Autumn_Wintervwsf4.png?v=1790598907,8,Men's Ribbed Zip Cardigan for Autumn Winter
mens-two-piece-tracksuit-set-for-everyday-wear,Men's Two-Piece Tracksuit Set for Everyday Wear,Color,Navy Blue,Size,S,,,,0.0,shopify,99999,continue,manual,64.95,92.95,true,false,https://cdn.shopify.com/s/files/1/1074/0200/2757/files/Men_s_Two-Piece_Tracksuit_Set_for_Everyday_Wearvdsd.png?v=1789663997,,,
mens-two-piece-tracksuit-set-for-everyday-wear,,,Navy Blue,,M,,,,0.0,shopify,99999,continue,manual,64.95,92.95,true,false,https://cdn.shopify.com/s/files/1/1074/0200/2757/files/Men_s_Two-Piece_Tracksuit_Set_for_Everyday_Wearvdsd.png?v=1789663997,,,
mens-two-piece-tracksuit-set-for-everyday-wear,,,Navy Blue,,L,,,,0.0,shopify,99999,continue,manual,64.95,92.95,true,false,https://cdn.shopify.com/s/files/1/1074/0200/2757/files/Men_s_Two-Piece_Tracksuit_Set_for_Everyday_Wearvdsd.png?v=1789663997,,,
mens-two-piece-tracksuit-set-for-everyday-wear,,,Navy Blue,,XL,,,,0.0,shopify,99999,continue,manual,64.95,92.95,true,false,https://cdn.shopify.com/s/files/1/1074/0200/2757/files/Men_s_Two-Piece_Tracksuit_Set_for_Everyday_Wearvdsd.png?v=1789663997,,,
mens-two-piece-tracksuit-set-for-everyday-wear,,,Navy Blue,,2XL,,,,0.0,shopify,99999,continue,manual,64.95,92.95,true,false,https://cdn.shopify.com/s/files/1/1074/0200/2757/files/Men_s_Two-Piece_Tracksuit_Set_for_Everyday_Wearvdsd.png?v=1789663997,,,
mens-two-piece-tracksuit-set-for-everyday-wear,,,Navy Blue,,3XL,,,,0.0,shopify,99999,continue,manual,64.95,92.95,true,false,https://cdn.shopify.com/s/files/1/1074/0200/2757/files/Men_s_Two-Piece_Tracksuit_Set_for_Everyday_Wearvdsd.png?v=1789663997,,,
mens-two-piece-tracksuit-set-for-everyday-wear,,,Gray,,S,,,,0.0,shopify,99999,continue,manual,64.95,92.95,true,false,https://cdn.shopify.com/s/files/1/1074/0200/2757/files/Men_s_Two-Piece_Tracksuit_Set_for_Everyday_Wearfgd.png?v=1789664012,,,
mens-two-piece-tracksuit-set-for-everyday-wear,,,Gray,,M,,,,0.0,shopify,99999,continue,manual,64.95,92.95,true,false,https://cdn.shopify.com/s/files/1/1074/0200/2757/files/Men_s_Two-Piece_Tracksuit_Set_for_Everyday_Wearfgd.png?v=1789664012,,,
mens-two-piece-tracksuit-set-for-everyday-wear,,,Gray,,L,,,,0.0,shopify,99999,continue,manual,64.95,92.95,true,false,https://cdn.shopify.com/s/files/1/1074/0200/2757/files/Men_s_Two-Piece_Tracksuit_Set_for_Everyday_Wearfgd.png?v=1789664012,,,
mens-two-piece-tracksuit-set-for-everyday-wear,,,Gray,,XL,,,,0.0,shopify,99999,continue,manual,64.95,92.95,true,false,https://cdn.shopify.com/s/files/1/1074/0200/2757/files/Men_s_Two-Piece_Tracksuit_Set_for_Everyday_Wearfgd.png?v=1789664012,,,
mens-two-piece-tracksuit-set-for-everyday-wear,,,Gray,,2XL,,,,0.0,shopify,99999,continue,manual,64.95,92.95,true,false,https://cdn.shopify.com/s/files/1/1074/0200/2757/files/Men_s_Two-Piece_Tracksuit_Set_for_Everyday_Wearfgd.png?v=1789664012,,,
mens-two-piece-tracksuit-set-for-everyday-wear,,,Gray,,3XL,,,,0.0,shopify,99999,continue,manual,64.95,92.95,true,false,https://cdn.shopify.com/s/files/1/1074/0200/2757/files/Men_s_Two-Piece_Tracksuit_Set_for_Everyday_Wearfgd.png?v=1789664012,,,
mens-two-piece-tracksuit-set-for-everyday-wear,,,White,,S,,,,0.0,shopify,99999,continue,manual,64.95,92.95,true,false,https://cdn.shopify.com/s/files/1/1074/0200/2757/files/Men_s_Two-Piece_Tracksuit_Set_for_Everyday_Wearvds.png?v=1789664022,,,
mens-two-piece-tracksuit-set-for-everyday-wear,,,White,,M,,,,0.0,shopify,99999,continue,manual,64.95,92.95,true,false,https://cdn.shopify.com/s/files/1/1074/0200/2757/files/Men_s_Two-Piece_Tracksuit_Set_for_Everyday_Wearvds.png?v=1789664022,,,
mens-two-piece-tracksuit-set-for-everyday-wear,,,White,,L,,,,0.0,shopify,99999,continue,manual,64.95,92.95,true,false,https://cdn.shopify.com/s/files/1/1074/0200/2757/files/Men_s_Two-Piece_Tracksuit_Set_for_Everyday_Wearvds.png?v=1789664022,,,
mens-two-piece-tracksuit-set-for-everyday-wear,,,White,,XL,,,,0.0,shopify,99999,continue,manual,64.95,92.95,true,false,https://cdn.shopify.com/s/files/1/1074/0200/2757/files/Men_s_Two-Piece_Tracksuit_Set_for_Everyday_Wearvds.png?v=1789664022,,,
mens-two-piece-tracksuit-set-for-everyday-wear,,,White,,2XL,,,,0.0,shopify,99999,continue,manual,64.95,92.95,true,false,https://cdn.shopify.com/s/files/1/1074/0200/2757/files/Men_s_Two-Piece_Tracksuit_Set_for_Everyday_Wearvds.png?v=1789664022,,,
mens-two-piece-tracksuit-set-for-everyday-wear,,,White,,3XL,,,,0.0,shopify,99999,continue,manual,64.95,92.95,true,false,https://cdn.shopify.com/s/files/1/1074/0200/2757/files/Men_s_Two-Piece_Tracksuit_Set_for_Everyday_Wearvds.png?v=1789664022,,,
mens-two-piece-tracksuit-set-for-everyday-wear,,,Black,,S,,,,0.0,shopify,99999,continue,manual,64.95,92.95,true,false,https://cdn.shopify.com/s/files/1/1074/0200/2757/files/Men_s_Two-Piece_Tracksuit_Set_for_Everyday_Wearvdds.png?v=1789664031,,,
mens-two-piece-tracksuit-set-for-everyday-wear,,,Black,,M,,,,0.0,shopify,99999,continue,manual,64.95,92.95,true,false,https://cdn.shopify.com/s/files/1/1074/0200/2757/files/Men_s_Two-Piece_Tracksuit_Set_for_Everyday_Wearvdds.png?v=1789664031,,,
mens-two-piece-tracksuit-set-for-everyday-wear,,,Black,,L,,,,0.0,shopify,99998,continue,manual,64.95,92.95,true,false,https://cdn.shopify.com/s/files/1/1074/0200/2757/files/Men_s_Two-Piece_Tracksuit_Set_for_Everyday_Wearvdds.png?v=1789664031,,,
mens-two-piece-tracksuit-set-for-everyday-wear,,,Black,,XL,,,,0.0,shopify,99999,continue,manual,64.95,92.95,true,false,https://cdn.shopify.com/s/files/1/1074/0200/2757/files/Men_s_Two-Piece_Tracksuit_Set_for_Everyday_Wearvdds.png?v=1789664031,,,
mens-two-piece-tracksuit-set-for-everyday-wear,,,Black,,2XL,,,,0.0,shopify,99999,continue,manual,64.95,92.95,true,false,https://cdn.shopify.com/s/files/1/1074/0200/2757/files/Men_s_Two-Piece_Tracksuit_Set_for_Everyday_Wearvdds.png?v=1789664031,,,
mens-two-piece-tracksuit-set-for-everyday-wear,,,Black,,3XL,,,,0.0,shopify,99999,continue,manual,64.95,92.95,true,false,https://cdn.shopify.com/s/files/1/1074/0200/2757/files/Men_s_Two-Piece_Tracksuit_Set_for_Everyday_Wearvdds.png?v=1789664031,,,
mens-two-piece-tracksuit-set-for-everyday-wear,,,Red,,S,,,,0.0,shopify,99999,continue,manual,64.95,92.95,true,false,https://cdn.shopify.com/s/files/1/1074/0200/2757/files/Men_s_Two-Piece_Tracksuit_Set_for_Everyday_Wearvsd.png?v=1789664042,,,
mens-two-piece-tracksuit-set-for-everyday-wear,,,Red,,M,,,,0.0,shopify,99999,continue,manual,64.95,92.95,true,false,https://cdn.shopify.com/s/files/1/1074/0200/2757/files/Men_s_Two-Piece_Tracksuit_Set_for_Everyday_Wearvsd.png?v=1789664042,,,
mens-two-piece-tracksuit-set-for-everyday-wear,,,Red,,L,,,,0.0,shopify,99998,continue,manual,64.95,92.95,true,false,https://cdn.shopify.com/s/files/1/1074/0200/2757/files/Men_s_Two-Piece_Tracksuit_Set_for_Everyday_Wearvsd.png?v=1789664042,,,
mens-two-piece-tracksuit-set-for-everyday-wear,,,Red,,XL,,,,0.0,shopify,99999,continue,manual,64.95,92.95,true,false,https://cdn.shopify.com/s/files/1/1074/0200/2757/files/Men_s_Two-Piece_Tracksuit_Set_for_Everyday_Wearvsd.png?v=1789664042,,,
mens-two-piece-tracksuit-set-for-everyday-wear,,,Red,,2XL,,,,0.0,shopify,99999,continue,manual,64.95,92.95,true,false,https://cdn.shopify.com/s/files/1/1074/0200/2757/files/Men_s_Two-Piece_Tracksuit_Set_for_Everyday_Wearvsd.png?v=1789664042,,,
mens-two-piece-tracksuit-set-for-everyday-wear,,,Red,,3XL,,,,0.0,shopify,99999,continue,manual,64.95,92.95,true,false,https://cdn.shopify.com/s/files/1/1074/0200/2757/files/Men_s_Two-Piece_Tracksuit_Set_for_Everyday_Wearvsd.png?v=1789664042,,,
mens-two-piece-tracksuit-set-for-everyday-wear,,,Yellow,,S,,,,0.0,shopify,99999,continue,manual,64.95,92.95,true,false,https://cdn.shopify.com/s/files/1/1074/0200/2757/files/Men_s_Two-Piece_Tracksuit_Set_for_Everyday_Wearvdfd.png?v=1789664060,,,
mens-two-piece-tracksuit-set-for-everyday-wear,,,Yellow,,M,,,,0.0,shopify,99999,continue,manual,64.95,92.95,true,false,https://cdn.shopify.com/s/files/1/1074/0200/2757/files/Men_s_Two-Piece_Tracksuit_Set_for_Everyday_Wearvdfd.png?v=1789664060,,,
mens-two-piece-tracksuit-set-for-everyday-wear,,,Yellow,,L,,,,0.0,shopify,99999,continue,manual,64.95,92.95,true,false,https://cdn.shopify.com/s/files/1/1074/0200/2757/files/Men_s_Two-Piece_Tracksuit_Set_for_Everyday_Wearvdfd.png?v=1789664060,,,
mens-two-piece-tracksuit-set-for-everyday-wear,,,Yellow,,XL,,,,0.0,shopify,99999,continue,manual,64.95,92.95,true,false,https://cdn.shopify.com/s/files/1/1074/0200/2757/files/Men_s_Two-Piece_Tracksuit_Set_for_Everyday_Wearvdfd.png?v=1789664060,,,
mens-two-piece-tracksuit-set-for-everyday-wear,,,Yellow,,2XL,,,,0.0,shopify,99999,continue,manual,64.95,92.95,true,false,https://cdn.shopify.com/s/files/1/1074/0200/2757/files/Men_s_Two-Piece_Tracksuit_Set_for_Everyday_Wearvdfd.png?v=1789664060,,,
mens-two-piece-tracksuit-set-for-everyday-wear,,,Yellow,,3XL,,,,0.0,shopify,99999,continue,manual,64.95,92.95,true,false,https://cdn.shopify.com/s/files/1/1074/0200/2757/files/Men_s_Two-Piece_Tracksuit_Set_for_Everyday_Wearvdfd.png?v=1789664060,,,
mens-two-piece-tracksuit-set-for-everyday-wear,,,,,,,,,,,,,,,,,,,https://cdn.shopify.com/s/files/1/1074/0200/2757/files/Men_s_Two-Piece_Tracksuit_Set_for_Everyday_Wearvdsd.png?v=1789663997,1,Men's Two-Piece Tracksuit Set for Everyday Wear
mens-two-piece-tracksuit-set-for-everyday-wear,,,,,,,,,,,,,,,,,,,https://cdn.shopify.com/s/files/1/1074/0200/2757/files/Men_s_Two-Piece_Tracksuit_Set_for_Everyday_Wearfgd.png?v=1789664012,2,Men's Two-Piece Tracksuit Set for Everyday Wear
mens-two-piece-tracksuit-set-for-everyday-wear,,,,,,,,,,,,,,,,,,,https://cdn.shopify.com/s/files/1/1074/0200/2757/files/Men_s_Two-Piece_Tracksuit_Set_for_Everyday_Wearvds.png?v=1789664022,3,Men's Two-Piece Tracksuit Set for Everyday Wear
mens-two-piece-tracksuit-set-for-everyday-wear,,,,,,,,,,,,,,,,,,,https://cdn.shopify.com/s/files/1/1074/0200/2757/files/Men_s_Two-Piece_Tracksuit_Set_for_Everyday_Wearvdds.png?v=1789664031,4,Men's Two-Piece Tracksuit Set for Everyday Wear
mens-two-piece-tracksuit-set-for-everyday-wear,,,,,,,,,,,,,,,,,,,https://cdn.shopify.com/s/files/1/1074/0200/2757/files/Men_s_Two-Piece_Tracksuit_Set_for_Everyday_Wearvsd.png?v=1789664042,5,Men's Two-Piece Tracksuit Set for Everyday Wear
mens-two-piece-tracksuit-set-for-everyday-wear,,,,,,,,,,,,,,,,,,,https://cdn.shopify.com/s/files/1/1074/0200/2757/files/Men_s_Two-Piece_Tracksuit_Set_for_Everyday_Wearvdfd.png?v=1789664060,6,Men's Two-Piece Tracksuit Set for Everyday Wear
mens-long-sleeve-polo-sweater-with-contrast-collar,Men's Long Sleeve Polo Sweater with Contrast Collar,Colour,Navy Blue,Size,S,,,,0.0,shopify,999998,continue,manual,49.95,71.95,true,false,https://cdn.shopify.com/s/files/1/1074/0200/2757/files/Men_s_Long_Sleeve_Polo_Sweater_with_Contrast_Collarvs.jpg?v=1790437670,,,
mens-long-sleeve-polo-sweater-with-contrast-collar,,,Navy Blue,,M,,,,0.0,shopify,999999,continue,manual,49.95,71.95,true,false,https://cdn.shopify.com/s/files/1/1074/0200/2757/files/Men_s_Long_Sleeve_Polo_Sweater_with_Contrast_Collarvs.jpg?v=1790437670,,,
mens-long-sleeve-polo-sweater-with-contrast-collar,,,Navy Blue,,L,,,,0.0,shopify,999999,continue,manual,49.95,71.95,true,false,https://cdn.shopify.com/s/files/1/1074/0200/2757/files/Men_s_Long_Sleeve_Polo_Sweater_with_Contrast_Collarvs.jpg?v=1790437670,,,
mens-long-sleeve-polo-sweater-with-contrast-collar,,,Navy Blue,,XL,,,,0.0,shopify,999999,continue,manual,49.95,71.95,true,false,https://cdn.shopify.com/s/files/1/1074/0200/2757/files/Men_s_Long_Sleeve_Polo_Sweater_with_Contrast_Collarvs.jpg?v=1790437670,,,
mens-long-sleeve-polo-sweater-with-contrast-collar,,,Navy Blue,,2XL,,,,0.0,shopify,999999,continue,manual,49.95,71.95,true,false,https://cdn.shopify.com/s/files/1/1074/0200/2757/files/Men_s_Long_Sleeve_Polo_Sweater_with_Contrast_Collarvs.jpg?v=1790437670,,,
mens-long-sleeve-polo-sweater-with-contrast-collar,,,Navy Blue,,3XL,,,,0.0,shopify,999999,continue,manual,49.95,71.95,true,false,https://cdn.shopify.com/s/files/1/1074/0200/2757/files/Men_s_Long_Sleeve_Polo_Sweater_with_Contrast_Collarvs.jpg?v=1790437670,,,
mens-long-sleeve-polo-sweater-with-contrast-collar,,,Black,,S,,,,0.0,shopify,999999,continue,manual,49.95,71.95,true,false,https://cdn.shopify.com/s/files/1/1074/0200/2757/files/Men_s_Long_Sleeve_Polo_Sweater_with_Contrast_Collarvsd.jpg?v=1790437678,,,
mens-long-sleeve-polo-sweater-with-contrast-collar,,,Black,,M,,,,0.0,shopify,999999,continue,manual,49.95,71.95,true,false,https://cdn.shopify.com/s/files/1/1074/0200/2757/files/Men_s_Long_Sleeve_Polo_Sweater_with_Contrast_Collarvsd.jpg?v=1790437678,,,
mens-long-sleeve-polo-sweater-with-contrast-collar,,,Black,,L,,,,0.0,shopify,999999,continue,manual,49.95,71.95,true,false,https://cdn.shopify.com/s/files/1/1074/0200/2757/files/Men_s_Long_Sleeve_Polo_Sweater_with_Contrast_Collarvsd.jpg?v=1790437678,,,
mens-long-sleeve-polo-sweater-with-contrast-collar,,,Black,,XL,,,,0.0,shopify,999999,continue,manual,49.95,71.95,true,false,https://cdn.shopify.com/s/files/1/1074/0200/2757/files/Men_s_Long_Sleeve_Polo_Sweater_with_Contrast_Collarvsd.jpg?v=1790437678,,,
mens-long-sleeve-polo-sweater-with-contrast-collar,,,Black,,2XL,,,,0.0,shopify,999999,continue,manual,49.95,71.95,true,false,https://cdn.shopify.com/s/files/1/1074/0200/2757/files/Men_s_Long_Sleeve_Polo_Sweater_with_Contrast_Collarvsd.jpg?v=1790437678,,,
mens-long-sleeve-polo-sweater-with-contrast-collar,,,Black,,3XL,,,,0.0,shopify,999999,continue,manual,49.95,71.95,true,false,https://cdn.shopify.com/s/files/1/1074/0200/2757/files/Men_s_Long_Sleeve_Polo_Sweater_with_Contrast_Collarvsd.jpg?v=1790437678,,,
mens-long-sleeve-polo-sweater-with-contrast-collar,,,Blue,,S,,,,0.0,shopify,999999,continue,manual,49.95,71.95,true,false,https://cdn.shopify.com/s/files/1/1074/0200/2757/files/Men_s_Long_Sleeve_Polo_Sweater_with_Contrast_Collarrdt.jpg?v=1790437696,,,
mens-long-sleeve-polo-sweater-with-contrast-collar,,,Blue,,M,,,,0.0,shopify,999999,continue,manual,49.95,71.95,true,false,https://cdn.shopify.com/s/files/1/1074/0200/2757/files/Men_s_Long_Sleeve_Polo_Sweater_with_Contrast_Collarrdt.jpg?v=1790437696,,,
mens-long-sleeve-polo-sweater-with-contrast-collar,,,Blue,,L,,,,0.0,shopify,999999,continue,manual,49.95,71.95,true,false,https://cdn.shopify.com/s/files/1/1074/0200/2757/files/Men_s_Long_Sleeve_Polo_Sweater_with_Contrast_Collarrdt.jpg?v=1790437696,,,
mens-long-sleeve-polo-sweater-with-contrast-collar,,,Blue,,XL,,,,0.0,shopify,999999,continue,manual,49.95,71.95,true,false,https://cdn.shopify.com/s/files/1/1074/0200/2757/files/Men_s_Long_Sleeve_Polo_Sweater_with_Contrast_Collarrdt.jpg?v=1790437696,,,
mens-long-sleeve-polo-sweater-with-contrast-collar,,,Blue,,2XL,,,,0.0,shopify,999999,continue,manual,49.95,71.95,true,false,https://cdn.shopify.com/s/files/1/1074/0200/2757/files/Men_s_Long_Sleeve_Polo_Sweater_with_Contrast_Collarrdt.jpg?v=1790437696,,,
mens-long-sleeve-polo-sweater-with-contrast-collar,,,Blue,,3XL,,,,0.0,shopify,999999,continue,manual,49.95,71.95,true,false,https://cdn.shopify.com/s/files/1/1074/0200/2757/files/Men_s_Long_Sleeve_Polo_Sweater_with_Contrast_Collarrdt.jpg?v=1790437696,,,
mens-long-sleeve-polo-sweater-with-contrast-collar,,,Beige,,S,,,,0.0,shopify,999999,continue,manual,49.95,71.95,true,false,https://cdn.shopify.com/s/files/1/1074/0200/2757/files/Men_s_Long_Sleeve_Polo_Sweater_with_Contrast_Collarfs.jpg?v=1790437702,,,
mens-long-sleeve-polo-sweater-with-contrast-collar,,,Beige,,M,,,,0.0,shopify,999999,continue,manual,49.95,71.95,true,false,https://cdn.shopify.com/s/files/1/1074/0200/2757/files/Men_s_Long_Sleeve_Polo_Sweater_with_Contrast_Collarfs.jpg?v=1790437702,,,
mens-long-sleeve-polo-sweater-with-contrast-collar,,,Beige,,L,,,,0.0,shopify,999999,continue,manual,49.95,71.95,true,false,https://cdn.shopify.com/s/files/1/1074/0200/2757/files/Men_s_Long_Sleeve_Polo_Sweater_with_Contrast_Collarfs.jpg?v=1790437702,,,
mens-long-sleeve-polo-sweater-with-contrast-collar,,,Beige,,XL,,,,0.0,shopify,999999,continue,manual,49.95,71.95,true,false,https://cdn.shopify.com/s/files/1/1074/0200/2757/files/Men_s_Long_Sleeve_Polo_Sweater_with_Contrast_Collarfs.jpg?v=1790437702,,,
mens-long-sleeve-polo-sweater-with-contrast-collar,,,Beige,,2XL,,,,0.0,shopify,999999,continue,manual,49.95,71.95,true,false,https://cdn.shopify.com/s/files/1/1074/0200/2757/files/Men_s_Long_Sleeve_Polo_Sweater_with_Contrast_Collarfs.jpg?v=1790437702,,,
mens-long-sleeve-polo-sweater-with-contrast-collar,,,Beige,,3XL,,,,0.0,shopify,999999,continue,manual,49.95,71.95,true,false,https://cdn.shopify.com/s/files/1/1074/0200/2757/files/Men_s_Long_Sleeve_Polo_Sweater_with_Contrast_Collarfs.jpg?v=1790437702,,,
mens-long-sleeve-polo-sweater-with-contrast-collar,,,Yellow,,S,,,,0.0,shopify,999999,continue,manual,49.95,71.95,true,false,https://cdn.shopify.com/s/files/1/1074/0200/2757/files/Men_s_Long_Sleeve_Polo_Sweater_with_Contrast_Collarvsw.jpg?v=1790437710,,,
mens-long-sleeve-polo-sweater-with-contrast-collar,,,Yellow,,M,,,,0.0,shopify,999999,continue,manual,49.95,71.95,true,false,https://cdn.shopify.com/s/files/1/1074/0200/2757/files/Men_s_Long_Sleeve_Polo_Sweater_with_Contrast_Collarvsw.jpg?v=1790437710,,,
mens-long-sleeve-polo-sweater-with-contrast-collar,,,Yellow,,L,,,,0.0,shopify,999999,continue,manual,49.95,71.95,true,false,https://cdn.shopify.com/s/files/1/1074/0200/2757/files/Men_s_Long_Sleeve_Polo_Sweater_with_Contrast_Collarvsw.jpg?v=1790437710,,,
mens-long-sleeve-polo-sweater-with-contrast-collar,,,Yellow,,XL,,,,0.0,shopify,999999,continue,manual,49.95,71.95,true,false,https://cdn.shopify.com/s/files/1/1074/0200/2757/files/Men_s_Long_Sleeve_Polo_Sweater_with_Contrast_Collarvsw.jpg?v=1790437710,,,
mens-long-sleeve-polo-sweater-with-contrast-collar,,,Yellow,,2XL,,,,0.0,shopify,999999,continue,manual,49.95,71.95,true,false,https://cdn.shopify.com/s/files/1/1074/0200/2757/files/Men_s_Long_Sleeve_Polo_Sweater_with_Contrast_Collarvsw.jpg?v=1790437710,,,
mens-long-sleeve-polo-sweater-with-contrast-collar,,,Yellow,,3XL,,,,0.0,shopify,999999,continue,manual,49.95,71.95,true,false,https://cdn.shopify.com/s/files/1/1074/0200/2757/files/Men_s_Long_Sleeve_Polo_Sweater_with_Contrast_Collarvsw.jpg?v=1790437710,,,
mens-long-sleeve-polo-sweater-with-contrast-collar,,,,,,,,,,,,,,,,,,,https://cdn.shopify.com/s/files/1/1074/0200/2757/files/Men_s_Long_Sleeve_Polo_Sweater_with_Contrast_Collarvs.jpg?v=1790437670,1,Men's Long Sleeve Polo Sweater with Contrast Collar
mens-long-sleeve-polo-sweater-with-contrast-collar,,,,,,,,,,,,,,,,,,,https://cdn.shopify.com/s/files/1/1074/0200/2757/files/Men_s_Long_Sleeve_Polo_Sweater_with_Contrast_Collarvsd.jpg?v=1790437678,2,Men's Long Sleeve Polo Sweater with Contrast Collar
mens-long-sleeve-polo-sweater-with-contrast-collar,,,,,,,,,,,,,,,,,,,https://cdn.shopify.com/s/files/1/1074/0200/2757/files/Men_s_Long_Sleeve_Polo_Sweater_with_Contrast_Collarrdt.jpg?v=1790437696,3,Men's Long Sleeve Polo Sweater with Contrast Collar
mens-long-sleeve-polo-sweater-with-contrast-collar,,,,,,,,,,,,,,,,,,,https://cdn.shopify.com/s/files/1/1074/0200/2757/files/Men_s_Long_Sleeve_Polo_Sweater_with_Contrast_Collarfs.jpg?v=1790437702,4,Men's Long Sleeve Polo Sweater with Contrast Collar
mens-long-sleeve-polo-sweater-with-contrast-collar,,,,,,,,,,,,,,,,,,,https://cdn.shopify.com/s/files/1/1074/0200/2757/files/Men_s_Long_Sleeve_Polo_Sweater_with_Contrast_Collarvsw.jpg?v=1790437710,5,Men's Long Sleeve Polo Sweater with Contrast Collar
mens-long-sleeve-polo-sweater-with-contrast-collar,,,,,,,,,,,,,,,,,,,https://cdn.shopify.com/s/files/1/1074/0200/2757/files/Men_s_Long_Sleeve_Polo_Sweater_with_Contrast_Collarves.jpg?v=1790437716,6,Men's Long Sleeve Polo Sweater with Contrast Collar
womens-pointed-ankle-boots-for-cooler-seasons,Women's Pointed Ankle Boots for Cooler Seasons,Color,Khaki,Size,36,,,,0.0,shopify,999999,continue,manual,69.95,99.95,true,false,https://cdn.shopify.com/s/files/1/1074/0200/2757/files/Women_s_Pointed_Ankle_Boots_for_Cooler_Seasonsvdsa.jpg?v=1789387157,,,
womens-pointed-ankle-boots-for-cooler-seasons,,,Khaki,,37,,,,0.0,shopify,999998,continue,manual,69.95,99.95,true,false,https://cdn.shopify.com/s/files/1/1074/0200/2757/files/Women_s_Pointed_Ankle_Boots_for_Cooler_Seasonsvdsa.jpg?v=1789387157,,,
womens-pointed-ankle-boots-for-cooler-seasons,,,Khaki,,38,,,,0.0,shopify,999999,continue,manual,69.95,99.95,true,false,https://cdn.shopify.com/s/files/1/1074/0200/2757/files/Women_s_Pointed_Ankle_Boots_for_Cooler_Seasonsvdsa.jpg?v=1789387157,,,
womens-pointed-ankle-boots-for-cooler-seasons,,,Khaki,,39,,,,0.0,shopify,999999,continue,manual,69.95,99.95,true,false,https://cdn.shopify.com/s/files/1/1074/0200/2757/files/Women_s_Pointed_Ankle_Boots_for_Cooler_Seasonsvdsa.jpg?v=1789387157,,,
womens-pointed-ankle-boots-for-cooler-seasons,,,Khaki,,40,,,,0.0,shopify,999999,continue,manual,69.95,99.95,true,false,https://cdn.shopify.com/s/files/1/1074/0200/2757/files/Women_s_Pointed_Ankle_Boots_for_Cooler_Seasonsvdsa.jpg?v=1789387157,,,
womens-pointed-ankle-boots-for-cooler-seasons,,,Khaki,,41,,,,0.0,shopify,999999,continue,manual,69.95,99.95,true,false,https://cdn.shopify.com/s/files/1/1074/0200/2757/files/Women_s_Pointed_Ankle_Boots_for_Cooler_Seasonsvdsa.jpg?v=1789387157,,,
womens-pointed-ankle-boots-for-cooler-seasons,,,Khaki,,42,,,,0.0,shopify,999999,continue,manual,69.95,99.95,true,false,https://cdn.shopify.com/s/files/1/1074/0200/2757/files/Women_s_Pointed_Ankle_Boots_for_Cooler_Seasonsvdsa.jpg?v=1789387157,,,
womens-pointed-ankle-boots-for-cooler-seasons,,,Black,,36,,,,0.0,shopify,999999,continue,manual,69.95,99.95,true,false,https://cdn.shopify.com/s/files/1/1074/0200/2757/files/Women_s_Pointed_Ankle_Boots_for_Cooler_Seasonsvdw.jpg?v=1789387182,,,
womens-pointed-ankle-boots-for-cooler-seasons,,,Black,,37,,,,0.0,shopify,999999,continue,manual,69.95,99.95,true,false,https://cdn.shopify.com/s/files/1/1074/0200/2757/files/Women_s_Pointed_Ankle_Boots_for_Cooler_Seasonsvdw.jpg?v=1789387182,,,
womens-pointed-ankle-boots-for-cooler-seasons,,,Black,,38,,,,0.0,shopify,999999,continue,manual,69.95,99.95,true,false,https://cdn.shopify.com/s/files/1/1074/0200/2757/files/Women_s_Pointed_Ankle_Boots_for_Cooler_Seasonsvdw.jpg?v=1789387182,,,
womens-pointed-ankle-boots-for-cooler-seasons,,,Black,,39,,,,0.0,shopify,999999,continue,manual,69.95,99.95,true,false,https://cdn.shopify.com/s/files/1/1074/0200/2757/files/Women_s_Pointed_Ankle_Boots_for_Cooler_Seasonsvdw.jpg?v=1789387182,,,
womens-pointed-ankle-boots-for-cooler-seasons,,,Black,,40,,,,0.0,shopify,999999,continue,manual,69.95,99.95,true,false,https://cdn.shopify.com/s/files/1/1074/0200/2757/files/Women_s_Pointed_Ankle_Boots_for_Cooler_Seasonsvdw.jpg?v=1789387182,,,
womens-pointed-ankle-boots-for-cooler-seasons,,,Black,,41,,,,0.0,shopify,999999,continue,manual,69.95,99.95,true,false,https://cdn.shopify.com/s/files/1/1074/0200/2757/files/Women_s_Pointed_Ankle_Boots_for_Cooler_Seasonsvdw.jpg?v=1789387182,,,
womens-pointed-ankle-boots-for-cooler-seasons,,,Black,,42,,,,0.0,shopify,999999,continue,manual,69.95,99.95,true,false,https://cdn.shopify.com/s/files/1/1074/0200/2757/files/Women_s_Pointed_Ankle_Boots_for_Cooler_Seasonsvdw.jpg?v=1789387182,,,
womens-pointed-ankle-boots-for-cooler-seasons,,,Coffee,,36,,,,0.0,shopify,999999,continue,manual,69.95,99.95,true,false,https://cdn.shopify.com/s/files/1/1074/0200/2757/files/Women_s_Pointed_Ankle_Boots_for_Cooler_Seasonsvdw3.jpg?v=1789387229,,,
womens-pointed-ankle-boots-for-cooler-seasons,,,Coffee,,37,,,,0.0,shopify,999999,continue,manual,69.95,99.95,true,false,https://cdn.shopify.com/s/files/1/1074/0200/2757/files/Women_s_Pointed_Ankle_Boots_for_Cooler_Seasonsvdw3.jpg?v=1789387229,,,
womens-pointed-ankle-boots-for-cooler-seasons,,,Coffee,,38,,,,0.0,shopify,999999,continue,manual,69.95,99.95,true,false,https://cdn.shopify.com/s/files/1/1074/0200/2757/files/Women_s_Pointed_Ankle_Boots_for_Cooler_Seasonsvdw3.jpg?v=1789387229,,,
womens-pointed-ankle-boots-for-cooler-seasons,,,Coffee,,39,,,,0.0,shopify,999999,continue,manual,69.95,99.95,true,false,https://cdn.shopify.com/s/files/1/1074/0200/2757/files/Women_s_Pointed_Ankle_Boots_for_Cooler_Seasonsvdw3.jpg?v=1789387229,,,
womens-pointed-ankle-boots-for-cooler-seasons,,,Coffee,,40,,,,0.0,shopify,999999,continue,manual,69.95,99.95,true,false,https://cdn.shopify.com/s/files/1/1074/0200/2757/files/Women_s_Pointed_Ankle_Boots_for_Cooler_Seasonsvdw3.jpg?v=1789387229,,,
womens-pointed-ankle-boots-for-cooler-seasons,,,Coffee,,41,,,,0.0,shopify,999999,continue,manual,69.95,99.95,true,false,https://cdn.shopify.com/s/files/1/1074/0200/2757/files/Women_s_Pointed_Ankle_Boots_for_Cooler_Seasonsvdw3.jpg?v=1789387229,,,
womens-pointed-ankle-boots-for-cooler-seasons,,,Coffee,,42,,,,0.0,shopify,999999,continue,manual,69.95,99.95,true,false,https://cdn.shopify.com/s/files/1/1074/0200/2757/files/Women_s_Pointed_Ankle_Boots_for_Cooler_Seasonsvdw3.jpg?v=1789387229,,,
womens-pointed-ankle-boots-for-cooler-seasons,,,,,,,,,,,,,,,,,,,https://cdn.shopify.com/s/files/1/1074/0200/2757/files/Women_s_Pointed_Ankle_Boots_for_Cooler_Seasonsvdsa.jpg?v=1789387157,1,Women's Pointed Ankle Boots for Cooler Seasons
womens-pointed-ankle-boots-for-cooler-seasons,,,,,,,,,,,,,,,,,,,https://cdn.shopify.com/s/files/1/1074/0200/2757/files/Women_s_Pointed_Ankle_Boots_for_Cooler_Seasonsvdw.jpg?v=1789387182,2,Women's Pointed Ankle Boots for Cooler Seasons
womens-pointed-ankle-boots-for-cooler-seasons,,,,,,,,,,,,,,,,,,,https://cdn.shopify.com/s/files/1/1074/0200/2757/files/Women_s_Pointed_Ankle_Boots_for_Cooler_Seasonsvdw3.jpg?v=1789387229,3,Women's Pointed Ankle Boots for Cooler Seasons
womens-pointed-ankle-boots-for-cooler-seasons,,,,,,,,,,,,,,,,,,,https://cdn.shopify.com/s/files/1/1074/0200/2757/files/Women_s_Pointed_Ankle_Boots_for_Cooler_Seasonsvdsds.jpg?v=1789387252,4,Women's Pointed Ankle Boots for Cooler Seasons
womens-pointed-ankle-boots-for-cooler-seasons,,,,,,,,,,,,,,,,,,,https://cdn.shopify.com/s/files/1/1074/0200/2757/files/Women_s_Pointed_Ankle_Boots_for_Cooler_Seasonsvds.jpg?v=1789387279,5,Women's Pointed Ankle Boots for Cooler Seasons
mens-hooded-winter-coat-for-cold-weather,Men's Hooded Winter Coat for Cold Weather,Color,White,Size,S,,,,0.0,shopify,999999,continue,manual,99.95,142.95,true,false,https://cdn.shopify.com/s/files/1/1074/0200/2757/files/Men_s_Hooded_Winter_Coat_for_Cold_Weathervddw.jpg?v=1789386867,,,
mens-hooded-winter-coat-for-cold-weather,,,White,,M,,,,0.0,shopify,999999,continue,manual,99.95,142.95,true,false,https://cdn.shopify.com/s/files/1/1074/0200/2757/files/Men_s_Hooded_Winter_Coat_for_Cold_Weathervddw.jpg?v=1789386867,,,
mens-hooded-winter-coat-for-cold-weather,,,White,,L,,,,0.0,shopify,999999,continue,manual,99.95,142.95,true,false,https://cdn.shopify.com/s/files/1/1074/0200/2757/files/Men_s_Hooded_Winter_Coat_for_Cold_Weathervddw.jpg?v=1789386867,,,
mens-hooded-winter-coat-for-cold-weather,,,White,,XL,,,,0.0,shopify,999999,continue,manual,99.95,142.95,true,false,https://cdn.shopify.com/s/files/1/1074/0200/2757/files/Men_s_Hooded_Winter_Coat_for_Cold_Weathervddw.jpg?v=1789386867,,,
mens-hooded-winter-coat-for-cold-weather,,,White,,2XL,,,,0.0,shopify,999999,continue,manual,99.95,142.95,true,false,https://cdn.shopify.com/s/files/1/1074/0200/2757/files/Men_s_Hooded_Winter_Coat_for_Cold_Weathervddw.jpg?v=1789386867,,,
mens-hooded-winter-coat-for-cold-weather,,,White,,3XL,,,,0.0,shopify,999999,continue,manual,99.95,142.95,true,false,https://cdn.shopify.com/s/files/1/1074/0200/2757/files/Men_s_Hooded_Winter_Coat_for_Cold_Weathervddw.jpg?v=1789386867,,,
mens-hooded-winter-coat-for-cold-weather,,,Navy Blue,,S,,,,0.0,shopify,999999,continue,manual,99.95,142.95,true,false,https://cdn.shopify.com/s/files/1/1074/0200/2757/files/Men_s_Hooded_Winter_Coat_for_Cold_Weathervdfw.jpg?v=1789386967,,,
mens-hooded-winter-coat-for-cold-weather,,,Navy Blue,,M,,,,0.0,shopify,999999,continue,manual,99.95,142.95,true,false,https://cdn.shopify.com/s/files/1/1074/0200/2757/files/Men_s_Hooded_Winter_Coat_for_Cold_Weathervdfw.jpg?v=1789386967,,,
mens-hooded-winter-coat-for-cold-weather,,,Navy Blue,,L,,,,0.0,shopify,999999,continue,manual,99.95,142.95,true,false,https://cdn.shopify.com/s/files/1/1074/0200/2757/files/Men_s_Hooded_Winter_Coat_for_Cold_Weathervdfw.jpg?v=1789386967,,,
mens-hooded-winter-coat-for-cold-weather,,,Navy Blue,,XL,,,,0.0,shopify,999999,continue,manual,99.95,142.95,true,false,https://cdn.shopify.com/s/files/1/1074/0200/2757/files/Men_s_Hooded_Winter_Coat_for_Cold_Weathervdfw.jpg?v=1789386967,,,
mens-hooded-winter-coat-for-cold-weather,,,Navy Blue,,2XL,,,,0.0,shopify,999999,continue,manual,99.95,142.95,true,false,https://cdn.shopify.com/s/files/1/1074/0200/2757/files/Men_s_Hooded_Winter_Coat_for_Cold_Weathervdfw.jpg?v=1789386967,,,
mens-hooded-winter-coat-for-cold-weather,,,Navy Blue,,3XL,,,,0.0,shopify,999999,continue,manual,99.95,142.95,true,false,https://cdn.shopify.com/s/files/1/1074/0200/2757/files/Men_s_Hooded_Winter_Coat_for_Cold_Weathervdfw.jpg?v=1789386967,,,
mens-hooded-winter-coat-for-cold-weather,,,Black,,S,,,,0.0,shopify,999999,continue,manual,99.95,142.95,true,false,https://cdn.shopify.com/s/files/1/1074/0200/2757/files/Men_s_Hooded_Winter_Coat_for_Cold_Weathervdss.jpg?v=1789386992,,,
mens-hooded-winter-coat-for-cold-weather,,,Black,,M,,,,0.0,shopify,999999,continue,manual,99.95,142.95,true,false,https://cdn.shopify.com/s/files/1/1074/0200/2757/files/Men_s_Hooded_Winter_Coat_for_Cold_Weathervdss.jpg?v=1789386992,,,
mens-hooded-winter-coat-for-cold-weather,,,Black,,L,,,,0.0,shopify,999999,continue,manual,99.95,142.95,true,false,https://cdn.shopify.com/s/files/1/1074/0200/2757/files/Men_s_Hooded_Winter_Coat_for_Cold_Weathervdss.jpg?v=1789386992,,,
mens-hooded-winter-coat-for-cold-weather,,,Black,,XL,,,,0.0,shopify,999999,continue,manual,99.95,142.95,true,false,https://cdn.shopify.com/s/files/1/1074/0200/2757/files/Men_s_Hooded_Winter_Coat_for_Cold_Weathervdss.jpg?v=1789386992,,,
mens-hooded-winter-coat-for-cold-weather,,,Black,,2XL,,,,0.0,shopify,999999,continue,manual,99.95,142.95,true,false,https://cdn.shopify.com/s/files/1/1074/0200/2757/files/Men_s_Hooded_Winter_Coat_for_Cold_Weathervdss.jpg?v=1789386992,,,
mens-hooded-winter-coat-for-cold-weather,,,Black,,3XL,,,,0.0,shopify,999999,continue,manual,99.95,142.95,true,false,https://cdn.shopify.com/s/files/1/1074/0200/2757/files/Men_s_Hooded_Winter_Coat_for_Cold_Weathervdss.jpg?v=1789386992,,,
mens-hooded-winter-coat-for-cold-weather,,,Orange,,S,,,,0.0,shopify,999999,continue,manual,99.95,142.95,true,false,https://cdn.shopify.com/s/files/1/1074/0200/2757/files/Men_s_Hooded_Winter_Coat_for_Cold_Weathervda.jpg?v=1789387016,,,
mens-hooded-winter-coat-for-cold-weather,,,Orange,,M,,,,0.0,shopify,999999,continue,manual,99.95,142.95,true,false,https://cdn.shopify.com/s/files/1/1074/0200/2757/files/Men_s_Hooded_Winter_Coat_for_Cold_Weathervda.jpg?v=1789387016,,,
mens-hooded-winter-coat-for-cold-weather,,,Orange,,L,,,,0.0,shopify,999999,continue,manual,99.95,142.95,true,false,https://cdn.shopify.com/s/files/1/1074/0200/2757/files/Men_s_Hooded_Winter_Coat_for_Cold_Weathervda.jpg?v=1789387016,,,
mens-hooded-winter-coat-for-cold-weather,,,Orange,,XL,,,,0.0,shopify,999998,continue,manual,99.95,142.95,true,false,https://cdn.shopify.com/s/files/1/1074/0200/2757/files/Men_s_Hooded_Winter_Coat_for_Cold_Weathervda.jpg?v=1789387016,,,
mens-hooded-winter-coat-for-cold-weather,,,Orange,,2XL,,,,0.0,shopify,999999,continue,manual,99.95,142.95,true,false,https://cdn.shopify.com/s/files/1/1074/0200/2757/files/Men_s_Hooded_Winter_Coat_for_Cold_Weathervda.jpg?v=1789387016,,,
mens-hooded-winter-coat-for-cold-weather,,,Orange,,3XL,,,,0.0,shopify,999999,continue,manual,99.95,142.95,true,false,https://cdn.shopify.com/s/files/1/1074/0200/2757/files/Men_s_Hooded_Winter_Coat_for_Cold_Weathervda.jpg?v=1789387016,,,
mens-hooded-winter-coat-for-cold-weather,,,Yellow,,S,,,,0.0,shopify,999999,continue,manual,99.95,142.95,true,false,https://cdn.shopify.com/s/files/1/1074/0200/2757/files/Men_s_Hooded_Winter_Coat_for_Cold_Weathervdse.jpg?v=1789387057,,,
mens-hooded-winter-coat-for-cold-weather,,,Yellow,,M,,,,0.0,shopify,999999,continue,manual,99.95,142.95,true,false,https://cdn.shopify.com/s/files/1/1074/0200/2757/files/Men_s_Hooded_Winter_Coat_for_Cold_Weathervdse.jpg?v=1789387057,,,
mens-hooded-winter-coat-for-cold-weather,,,Yellow,,L,,,,0.0,shopify,999999,continue,manual,99.95,142.95,true,false,https://cdn.shopify.com/s/files/1/1074/0200/2757/files/Men_s_Hooded_Winter_Coat_for_Cold_Weathervdse.jpg?v=1789387057,,,
mens-hooded-winter-coat-for-cold-weather,,,Yellow,,XL,,,,0.0,shopify,999999,continue,manual,99.95,142.95,true,false,https://cdn.shopify.com/s/files/1/1074/0200/2757/files/Men_s_Hooded_Winter_Coat_for_Cold_Weathervdse.jpg?v=1789387057,,,
mens-hooded-winter-coat-for-cold-weather,,,Yellow,,2XL,,,,0.0,shopify,999999,continue,manual,99.95,142.95,true,false,https://cdn.shopify.com/s/files/1/1074/0200/2757/files/Men_s_Hooded_Winter_Coat_for_Cold_Weathervdse.jpg?v=1789387057,,,
mens-hooded-winter-coat-for-cold-weather,,,Yellow,,3XL,,,,0.0,shopify,999999,continue,manual,99.95,142.95,true,false,https://cdn.shopify.com/s/files/1/1074/0200/2757/files/Men_s_Hooded_Winter_Coat_for_Cold_Weathervdse.jpg?v=1789387057,,,
mens-hooded-winter-coat-for-cold-weather,,,Fog Blue,,S,,,,0.0,shopify,999999,continue,manual,99.95,142.95,true,false,https://cdn.shopify.com/s/files/1/1074/0200/2757/files/Men_s_Hooded_Winter_Coat_for_Cold_Weathervdsw3.jpg?v=1789387086,,,
mens-hooded-winter-coat-for-cold-weather,,,Fog Blue,,M,,,,0.0,shopify,999999,continue,manual,99.95,142.95,true,false,https://cdn.shopify.com/s/files/1/1074/0200/2757/files/Men_s_Hooded_Winter_Coat_for_Cold_Weathervdsw3.jpg?v=1789387086,,,
mens-hooded-winter-coat-for-cold-weather,,,Fog Blue,,L,,,,0.0,shopify,999999,continue,manual,99.95,142.95,true,false,https://cdn.shopify.com/s/files/1/1074/0200/2757/files/Men_s_Hooded_Winter_Coat_for_Cold_Weathervdsw3.jpg?v=1789387086,,,
mens-hooded-winter-coat-for-cold-weather,,,Fog Blue,,XL,,,,0.0,shopify,999999,continue,manual,99.95,142.95,true,false,https://cdn.shopify.com/s/files/1/1074/0200/2757/files/Men_s_Hooded_Winter_Coat_for_Cold_Weathervdsw3.jpg?v=1789387086,,,
mens-hooded-winter-coat-for-cold-weather,,,Fog Blue,,2XL,,,,0.0,shopify,999999,continue,manual,99.95,142.95,true,false,https://cdn.shopify.com/s/files/1/1074/0200/2757/files/Men_s_Hooded_Winter_Coat_for_Cold_Weathervdsw3.jpg?v=1789387086,,,
mens-hooded-winter-coat-for-cold-weather,,,Fog Blue,,3XL,,,,0.0,shopify,999999,continue,manual,99.95,142.95,true,false,https://cdn.shopify.com/s/files/1/1074/0200/2757/files/Men_s_Hooded_Winter_Coat_for_Cold_Weathervdsw3.jpg?v=1789387086,,,
mens-hooded-winter-coat-for-cold-weather,,,,,,,,,,,,,,,,,,,https://cdn.shopify.com/s/files/1/1074/0200/2757/files/Men_s_Hooded_Winter_Coat_for_Cold_Weathervddw.jpg?v=1789386867,1,Men's Hooded Winter Coat for Cold Weather
mens-hooded-winter-coat-for-cold-weather,,,,,,,,,,,,,,,,,,,https://cdn.shopify.com/s/files/1/1074/0200/2757/files/Men_s_Hooded_Winter_Coat_for_Cold_Weathervde.jpg?v=1789386903,2,Men's Hooded Winter Coat for Cold Weather
mens-hooded-winter-coat-for-cold-weather,,,,,,,,,,,,,,,,,,,https://cdn.shopify.com/s/files/1/1074/0200/2757/files/Men_s_Hooded_Winter_Coat_for_Cold_Weathervds.jpg?v=1789386927,3,Men's Hooded Winter Coat for Cold Weather
mens-hooded-winter-coat-for-cold-weather,,,,,,,,,,,,,,,,,,,https://cdn.shopify.com/s/files/1/1074/0200/2757/files/Men_s_Hooded_Winter_Coat_for_Cold_Weathervdfw.jpg?v=1789386967,4,Men's Hooded Winter Coat for Cold Weather
mens-hooded-winter-coat-for-cold-weather,,,,,,,,,,,,,,,,,,,https://cdn.shopify.com/s/files/1/1074/0200/2757/files/Men_s_Hooded_Winter_Coat_for_Cold_Weathervdss.jpg?v=1789386992,5,Men's Hooded Winter Coat for Cold Weather
mens-hooded-winter-coat-for-cold-weather,,,,,,,,,,,,,,,,,,,https://cdn.shopify.com/s/files/1/1074/0200/2757/files/Men_s_Hooded_Winter_Coat_for_Cold_Weathervda.jpg?v=1789387016,6,Men's Hooded Winter Coat for Cold Weather
mens-hooded-winter-coat-for-cold-weather,,,,,,,,,,,,,,,,,,,https://cdn.shopify.com/s/files/1/1074/0200/2757/files/Men_s_Hooded_Winter_Coat_for_Cold_Weathervdse.jpg?v=1789387057,7,Men's Hooded Winter Coat for Cold Weather
mens-hooded-winter-coat-for-cold-weather,,,,,,,,,,,,,,,,,,,https://cdn.shopify.com/s/files/1/1074/0200/2757/files/Men_s_Hooded_Winter_Coat_for_Cold_Weathervdsw3.jpg?v=1789387086,8,Men's Hooded Winter Coat for Cold Weather
mens-hooded-puffer-jacket-for-autumn-and-winter,Men's Hooded Puffer Jacket for Autumn and Winter,Color,Black,Size,XS,,,,0.0,shopify,99999,continue,manual,99.95,142.95,true,false,https://cdn.shopify.com/s/files/1/1074/0200/2757/files/Men_s_Hooded_Puffer_Jacket_for_Autumn_and_Wintervd.png?v=1789759117,,,
mens-hooded-puffer-jacket-for-autumn-and-winter,,,Black,,S,,,,0.0,shopify,99999,continue,manual,99.95,142.95,true,false,https://cdn.shopify.com/s/files/1/1074/0200/2757/files/Men_s_Hooded_Puffer_Jacket_for_Autumn_and_Wintervd.png?v=1789759117,,,
mens-hooded-puffer-jacket-for-autumn-and-winter,,,Black,,M,,,,0.0,shopify,99998,continue,manual,99.95,142.95,true,false,https://cdn.shopify.com/s/files/1/1074/0200/2757/files/Men_s_Hooded_Puffer_Jacket_for_Autumn_and_Wintervd.png?v=1789759117,,,
mens-hooded-puffer-jacket-for-autumn-and-winter,,,Black,,L,,,,0.0,shopify,99999,continue,manual,99.95,142.95,true,false,https://cdn.shopify.com/s/files/1/1074/0200/2757/files/Men_s_Hooded_Puffer_Jacket_for_Autumn_and_Wintervd.png?v=1789759117,,,
mens-hooded-puffer-jacket-for-autumn-and-winter,,,Black,,XL,,,,0.0,shopify,99999,continue,manual,99.95,142.95,true,false,https://cdn.shopify.com/s/files/1/1074/0200/2757/files/Men_s_Hooded_Puffer_Jacket_for_Autumn_and_Wintervd.png?v=1789759117,,,
mens-hooded-puffer-jacket-for-autumn-and-winter,,,Black,,2XL,,,,0.0,shopify,99999,continue,manual,99.95,142.95,true,false,https://cdn.shopify.com/s/files/1/1074/0200/2757/files/Men_s_Hooded_Puffer_Jacket_for_Autumn_and_Wintervd.png?v=1789759117,,,
mens-hooded-puffer-jacket-for-autumn-and-winter,,,Khaki,,XS,,,,0.0,shopify,99999,continue,manual,99.95,142.95,true,false,https://cdn.shopify.com/s/files/1/1074/0200/2757/files/Men_s_Hooded_Puffer_Jacket_for_Autumn_and_Wintervdd.png?v=1789759130,,,
mens-hooded-puffer-jacket-for-autumn-and-winter,,,Khaki,,S,,,,0.0,shopify,99999,continue,manual,99.95,142.95,true,false,https://cdn.shopify.com/s/files/1/1074/0200/2757/files/Men_s_Hooded_Puffer_Jacket_for_Autumn_and_Wintervdd.png?v=1789759130,,,
mens-hooded-puffer-jacket-for-autumn-and-winter,,,Khaki,,M,,,,0.0,shopify,99999,continue,manual,99.95,142.95,true,false,https://cdn.shopify.com/s/files/1/1074/0200/2757/files/Men_s_Hooded_Puffer_Jacket_for_Autumn_and_Wintervdd.png?v=1789759130,,,
mens-hooded-puffer-jacket-for-autumn-and-winter,,,Khaki,,L,,,,0.0,shopify,99999,continue,manual,99.95,142.95,true,false,https://cdn.shopify.com/s/files/1/1074/0200/2757/files/Men_s_Hooded_Puffer_Jacket_for_Autumn_and_Wintervdd.png?v=1789759130,,,
mens-hooded-puffer-jacket-for-autumn-and-winter,,,Khaki,,XL,,,,0.0,shopify,99999,continue,manual,99.95,142.95,true,false,https://cdn.shopify.com/s/files/1/1074/0200/2757/files/Men_s_Hooded_Puffer_Jacket_for_Autumn_and_Wintervdd.png?v=1789759130,,,
mens-hooded-puffer-jacket-for-autumn-and-winter,,,Khaki,,2XL,,,,0.0,shopify,99999,continue,manual,99.95,142.95,true,false,https://cdn.shopify.com/s/files/1/1074/0200/2757/files/Men_s_Hooded_Puffer_Jacket_for_Autumn_and_Wintervdd.png?v=1789759130,,,
mens-hooded-puffer-jacket-for-autumn-and-winter,,,Green,,XS,,,,0.0,shopify,99999,continue,manual,99.95,142.95,true,false,https://cdn.shopify.com/s/files/1/1074/0200/2757/files/Men_s_Hooded_Puffer_Jacket_for_Autumn_and_Wintervdsr.png?v=1789759143,,,
mens-hooded-puffer-jacket-for-autumn-and-winter,,,Green,,S,,,,0.0,shopify,99999,continue,manual,99.95,142.95,true,false,https://cdn.shopify.com/s/files/1/1074/0200/2757/files/Men_s_Hooded_Puffer_Jacket_for_Autumn_and_Wintervdsr.png?v=1789759143,,,
mens-hooded-puffer-jacket-for-autumn-and-winter,,,Green,,M,,,,0.0,shopify,99999,continue,manual,99.95,142.95,true,false,https://cdn.shopify.com/s/files/1/1074/0200/2757/files/Men_s_Hooded_Puffer_Jacket_for_Autumn_and_Wintervdsr.png?v=1789759143,,,
mens-hooded-puffer-jacket-for-autumn-and-winter,,,Green,,L,,,,0.0,shopify,99999,continue,manual,99.95,142.95,true,false,https://cdn.shopify.com/s/files/1/1074/0200/2757/files/Men_s_Hooded_Puffer_Jacket_for_Autumn_and_Wintervdsr.png?v=1789759143,,,
mens-hooded-puffer-jacket-for-autumn-and-winter,,,Green,,XL,,,,0.0,shopify,99999,continue,manual,99.95,142.95,true,false,https://cdn.shopify.com/s/files/1/1074/0200/2757/files/Men_s_Hooded_Puffer_Jacket_for_Autumn_and_Wintervdsr.png?v=1789759143,,,
mens-hooded-puffer-jacket-for-autumn-and-winter,,,Green,,2XL,,,,0.0,shopify,99999,continue,manual,99.95,142.95,true,false,https://cdn.shopify.com/s/files/1/1074/0200/2757/files/Men_s_Hooded_Puffer_Jacket_for_Autumn_and_Wintervdsr.png?v=1789759143,,,
mens-hooded-puffer-jacket-for-autumn-and-winter,,,,,,,,,,,,,,,,,,,https://cdn.shopify.com/s/files/1/1074/0200/2757/files/Men_s_Hooded_Puffer_Jacket_for_Autumn_and_Wintervd.png?v=1789759117,1,Men's Hooded Puffer Jacket for Autumn and Winter
mens-hooded-puffer-jacket-for-autumn-and-winter,,,,,,,,,,,,,,,,,,,https://cdn.shopify.com/s/files/1/1074/0200/2757/files/Men_s_Hooded_Puffer_Jacket_for_Autumn_and_Wintervdd.png?v=1789759130,2,Men's Hooded Puffer Jacket for Autumn and Winter
mens-hooded-puffer-jacket-for-autumn-and-winter,,,,,,,,,,,,,,,,,,,https://cdn.shopify.com/s/files/1/1074/0200/2757/files/Men_s_Hooded_Puffer_Jacket_for_Autumn_and_Wintervdsr.png?v=1789759143,3,Men's Hooded Puffer Jacket for Autumn and Winter
mens-hooded-puffer-jacket-for-autumn-and-winter,,,,,,,,,,,,,,,,,,,https://cdn.shopify.com/s/files/1/1074/0200/2757/files/Men_s_Hooded_Puffer_Jacket_for_Autumn_and_Winterdfs.png?v=1789759157,4,Men's Hooded Puffer Jacket for Autumn and Winter
mens-hooded-puffer-jacket-for-autumn-and-winter,,,,,,,,,,,,,,,,,,,https://cdn.shopify.com/s/files/1/1074/0200/2757/files/Men_s_Hooded_Puffer_Jacket_for_Autumn_and_Wintervrw.png?v=1789759167,5,Men's Hooded Puffer Jacket for Autumn and Winter
mens-hooded-puffer-jacket-for-autumn-and-winter,,,,,,,,,,,,,,,,,,,https://cdn.shopify.com/s/files/1/1074/0200/2757/files/Men_s_Hooded_Puffer_Jacket_for_Autumn_and_Wintervfdfe.png?v=1789759179,6,Men's Hooded Puffer Jacket for Autumn and Winter
mens-harrington-jacket-for-autumn-winter-everyday-wear,Men's Harrington Jacket for Autumn Winter Everyday Wear,Colour,Black,Size,S,,,,0.0,shopify,99999,continue,manual,69.95,99.95,true,false,https://cdn.shopify.com/s/files/1/1074/0200/2757/files/Men_s_Harrington_Jacket_for_Autumn_Winter_Everyday_Wearevaaw.jpg?v=1790713952,,,
mens-harrington-jacket-for-autumn-winter-everyday-wear,,,Black,,M,,,,0.0,shopify,99999,continue,manual,69.95,99.95,true,false,https://cdn.shopify.com/s/files/1/1074/0200/2757/files/Men_s_Harrington_Jacket_for_Autumn_Winter_Everyday_Wearevaaw.jpg?v=1790713952,,,
mens-harrington-jacket-for-autumn-winter-everyday-wear,,,Black,,L,,,,0.0,shopify,99999,continue,manual,69.95,99.95,true,false,https://cdn.shopify.com/s/files/1/1074/0200/2757/files/Men_s_Harrington_Jacket_for_Autumn_Winter_Everyday_Wearevaaw.jpg?v=1790713952,,,
mens-harrington-jacket-for-autumn-winter-everyday-wear,,,Black,,XL,,,,0.0,shopify,99999,continue,manual,69.95,99.95,true,false,https://cdn.shopify.com/s/files/1/1074/0200/2757/files/Men_s_Harrington_Jacket_for_Autumn_Winter_Everyday_Wearevaaw.jpg?v=1790713952,,,
mens-harrington-jacket-for-autumn-winter-everyday-wear,,,Black,,2XL,,,,0.0,shopify,99999,continue,manual,69.95,99.95,true,false,https://cdn.shopify.com/s/files/1/1074/0200/2757/files/Men_s_Harrington_Jacket_for_Autumn_Winter_Everyday_Wearevaaw.jpg?v=1790713952,,,
mens-harrington-jacket-for-autumn-winter-everyday-wear,,,Black,,3XL,,,,0.0,shopify,99999,continue,manual,69.95,99.95,true,false,https://cdn.shopify.com/s/files/1/1074/0200/2757/files/Men_s_Harrington_Jacket_for_Autumn_Winter_Everyday_Wearevaaw.jpg?v=1790713952,,,
mens-harrington-jacket-for-autumn-winter-everyday-wear,,,Navy Blue,,S,,,,0.0,shopify,99999,continue,manual,69.95,99.95,true,false,https://cdn.shopify.com/s/files/1/1074/0200/2757/files/Men_s_Harrington_Jacket_for_Autumn_Winter_Everyday_Wearvbew.jpg?v=1790714002,,,
mens-harrington-jacket-for-autumn-winter-everyday-wear,,,Navy Blue,,M,,,,0.0,shopify,99999,continue,manual,69.95,99.95,true,false,https://cdn.shopify.com/s/files/1/1074/0200/2757/files/Men_s_Harrington_Jacket_for_Autumn_Winter_Everyday_Wearvbew.jpg?v=1790714002,,,
mens-harrington-jacket-for-autumn-winter-everyday-wear,,,Navy Blue,,L,,,,0.0,shopify,99999,continue,manual,69.95,99.95,true,false,https://cdn.shopify.com/s/files/1/1074/0200/2757/files/Men_s_Harrington_Jacket_for_Autumn_Winter_Everyday_Wearvbew.jpg?v=1790714002,,,
mens-harrington-jacket-for-autumn-winter-everyday-wear,,,Navy Blue,,XL,,,,0.0,shopify,99999,continue,manual,69.95,99.95,true,false,https://cdn.shopify.com/s/files/1/1074/0200/2757/files/Men_s_Harrington_Jacket_for_Autumn_Winter_Everyday_Wearvbew.jpg?v=1790714002,,,
mens-harrington-jacket-for-autumn-winter-everyday-wear,,,Navy Blue,,2XL,,,,0.0,shopify,99999,continue,manual,69.95,99.95,true,false,https://cdn.shopify.com/s/files/1/1074/0200/2757/files/Men_s_Harrington_Jacket_for_Autumn_Winter_Everyday_Wearvbew.jpg?v=1790714002,,,
mens-harrington-jacket-for-autumn-winter-everyday-wear,,,Navy Blue,,3XL,,,,0.0,shopify,99999,continue,manual,69.95,99.95,true,false,https://cdn.shopify.com/s/files/1/1074/0200/2757/files/Men_s_Harrington_Jacket_for_Autumn_Winter_Everyday_Wearvbew.jpg?v=1790714002,,,
mens-harrington-jacket-for-autumn-winter-everyday-wear,,,Brown,,S,,,,0.0,shopify,99999,continue,manual,69.95,99.95,true,false,https://cdn.shopify.com/s/files/1/1074/0200/2757/files/Men_s_Harrington_Jacket_for_Autumn_Winter_Everyday_Wearwsqa.png?v=1790713934,,,
mens-harrington-jacket-for-autumn-winter-everyday-wear,,,Brown,,M,,,,0.0,shopify,99999,continue,manual,69.95,99.95,true,false,https://cdn.shopify.com/s/files/1/1074/0200/2757/files/Men_s_Harrington_Jacket_for_Autumn_Winter_Everyday_Wearwsqa.png?v=1790713934,,,
mens-harrington-jacket-for-autumn-winter-everyday-wear,,,Brown,,L,,,,0.0,shopify,99999,continue,manual,69.95,99.95,true,false,https://cdn.shopify.com/s/files/1/1074/0200/2757/files/Men_s_Harrington_Jacket_for_Autumn_Winter_Everyday_Wearwsqa.png?v=1790713934,,,
mens-harrington-jacket-for-autumn-winter-everyday-wear,,,Brown,,XL,,,,0.0,shopify,99999,continue,manual,69.95,99.95,true,false,https://cdn.shopify.com/s/files/1/1074/0200/2757/files/Men_s_Harrington_Jacket_for_Autumn_Winter_Everyday_Wearwsqa.png?v=1790713934,,,
mens-harrington-jacket-for-autumn-winter-everyday-wear,,,Brown,,2XL,,,,0.0,shopify,99999,continue,manual,69.95,99.95,true,false,https://cdn.shopify.com/s/files/1/1074/0200/2757/files/Men_s_Harrington_Jacket_for_Autumn_Winter_Everyday_Wearwsqa.png?v=1790713934,,,
mens-harrington-jacket-for-autumn-winter-everyday-wear,,,Brown,,3XL,,,,0.0,shopify,99999,continue,manual,69.95,99.95,true,false,https://cdn.shopify.com/s/files/1/1074/0200/2757/files/Men_s_Harrington_Jacket_for_Autumn_Winter_Everyday_Wearwsqa.png?v=1790713934,,,
mens-harrington-jacket-for-autumn-winter-everyday-wear,,,Red,,S,,,,0.0,shopify,99999,continue,manual,69.95,99.95,true,false,https://cdn.shopify.com/s/files/1/1074/0200/2757/files/Men_s_Harrington_Jacket_for_Autumn_Winter_Everyday_Wearvs.png?v=1790713961,,,
mens-harrington-jacket-for-autumn-winter-everyday-wear,,,Red,,M,,,,0.0,shopify,99999,continue,manual,69.95,99.95,true,false,https://cdn.shopify.com/s/files/1/1074/0200/2757/files/Men_s_Harrington_Jacket_for_Autumn_Winter_Everyday_Wearvs.png?v=1790713961,,,
mens-harrington-jacket-for-autumn-winter-everyday-wear,,,Red,,L,,,,0.0,shopify,99999,continue,manual,69.95,99.95,true,false,https://cdn.shopify.com/s/files/1/1074/0200/2757/files/Men_s_Harrington_Jacket_for_Autumn_Winter_Everyday_Wearvs.png?v=1790713961,,,
mens-harrington-jacket-for-autumn-winter-everyday-wear,,,Red,,XL,,,,0.0,shopify,99999,continue,manual,69.95,99.95,true,false,https://cdn.shopify.com/s/files/1/1074/0200/2757/files/Men_s_Harrington_Jacket_for_Autumn_Winter_Everyday_Wearvs.png?v=1790713961,,,
mens-harrington-jacket-for-autumn-winter-everyday-wear,,,Red,,2XL,,,,0.0,shopify,99999,continue,manual,69.95,99.95,true,false,https://cdn.shopify.com/s/files/1/1074/0200/2757/files/Men_s_Harrington_Jacket_for_Autumn_Winter_Everyday_Wearvs.png?v=1790713961,,,
mens-harrington-jacket-for-autumn-winter-everyday-wear,,,Red,,3XL,,,,0.0,shopify,99999,continue,manual,69.95,99.95,true,false,https://cdn.shopify.com/s/files/1/1074/0200/2757/files/Men_s_Harrington_Jacket_for_Autumn_Winter_Everyday_Wearvs.png?v=1790713961,,,
mens-harrington-jacket-for-autumn-winter-everyday-wear,,,Blue,,S,,,,0.0,shopify,99999,continue,manual,69.95,99.95,true,false,https://cdn.shopify.com/s/files/1/1074/0200/2757/files/Men_s_Harrington_Jacket_for_Autumn_Winter_Everyday_Wearvsed.png?v=1790713970,,,
mens-harrington-jacket-for-autumn-winter-everyday-wear,,,Blue,,M,,,,0.0,shopify,99999,continue,manual,69.95,99.95,true,false,https://cdn.shopify.com/s/files/1/1074/0200/2757/files/Men_s_Harrington_Jacket_for_Autumn_Winter_Everyday_Wearvsed.png?v=1790713970,,,
mens-harrington-jacket-for-autumn-winter-everyday-wear,,,Blue,,L,,,,0.0,shopify,99999,continue,manual,69.95,99.95,true,false,https://cdn.shopify.com/s/files/1/1074/0200/2757/files/Men_s_Harrington_Jacket_for_Autumn_Winter_Everyday_Wearvsed.png?v=1790713970,,,
mens-harrington-jacket-for-autumn-winter-everyday-wear,,,Blue,,XL,,,,0.0,shopify,99999,continue,manual,69.95,99.95,true,false,https://cdn.shopify.com/s/files/1/1074/0200/2757/files/Men_s_Harrington_Jacket_for_Autumn_Winter_Everyday_Wearvsed.png?v=1790713970,,,
mens-harrington-jacket-for-autumn-winter-everyday-wear,,,Blue,,2XL,,,,0.0,shopify,99999,continue,manual,69.95,99.95,true,false,https://cdn.shopify.com/s/files/1/1074/0200/2757/files/Men_s_Harrington_Jacket_for_Autumn_Winter_Everyday_Wearvsed.png?v=1790713970,,,
mens-harrington-jacket-for-autumn-winter-everyday-wear,,,Blue,,3XL,,,,0.0,shopify,99999,continue,manual,69.95,99.95,true,false,https://cdn.shopify.com/s/files/1/1074/0200/2757/files/Men_s_Harrington_Jacket_for_Autumn_Winter_Everyday_Wearvsed.png?v=1790713970,,,
mens-harrington-jacket-for-autumn-winter-everyday-wear,,,Dark Green,,S,,,,0.0,shopify,99999,continue,manual,69.95,99.95,true,false,https://cdn.shopify.com/s/files/1/1074/0200/2757/files/Men_s_Harrington_Jacket_for_Autumn_Winter_Everyday_Wearvwa.jpg?v=1790713987,,,
mens-harrington-jacket-for-autumn-winter-everyday-wear,,,Dark Green,,M,,,,0.0,shopify,99999,continue,manual,69.95,99.95,true,false,https://cdn.shopify.com/s/files/1/1074/0200/2757/files/Men_s_Harrington_Jacket_for_Autumn_Winter_Everyday_Wearvwa.jpg?v=1790713987,,,
mens-harrington-jacket-for-autumn-winter-everyday-wear,,,Dark Green,,L,,,,0.0,shopify,99999,continue,manual,69.95,99.95,true,false,https://cdn.shopify.com/s/files/1/1074/0200/2757/files/Men_s_Harrington_Jacket_for_Autumn_Winter_Everyday_Wearvwa.jpg?v=1790713987,,,
mens-harrington-jacket-for-autumn-winter-everyday-wear,,,Dark Green,,XL,,,,0.0,shopify,99999,continue,manual,69.95,99.95,true,false,https://cdn.shopify.com/s/files/1/1074/0200/2757/files/Men_s_Harrington_Jacket_for_Autumn_Winter_Everyday_Wearvwa.jpg?v=1790713987,,,
mens-harrington-jacket-for-autumn-winter-everyday-wear,,,Dark Green,,2XL,,,,0.0,shopify,99999,continue,manual,69.95,99.95,true,false,https://cdn.shopify.com/s/files/1/1074/0200/2757/files/Men_s_Harrington_Jacket_for_Autumn_Winter_Everyday_Wearvwa.jpg?v=1790713987,,,
mens-harrington-jacket-for-autumn-winter-everyday-wear,,,Dark Green,,3XL,,,,0.0,shopify,99999,continue,manual,69.95,99.95,true,false,https://cdn.shopify.com/s/files/1/1074/0200/2757/files/Men_s_Harrington_Jacket_for_Autumn_Winter_Everyday_Wearvwa.jpg?v=1790713987,,,
mens-harrington-jacket-for-autumn-winter-everyday-wear,,,Wine Red,,S,,,,0.0,shopify,99999,continue,manual,69.95,99.95,true,false,https://cdn.shopify.com/s/files/1/1074/0200/2757/files/Men_s_Harrington_Jacket_for_Autumn_Winter_Everyday_Wearwr.jpg?v=1790714030,,,
mens-harrington-jacket-for-autumn-winter-everyday-wear,,,Wine Red,,M,,,,0.0,shopify,99998,continue,manual,69.95,99.95,true,false,https://cdn.shopify.com/s/files/1/1074/0200/2757/files/Men_s_Harrington_Jacket_for_Autumn_Winter_Everyday_Wearwr.jpg?v=1790714030,,,
mens-harrington-jacket-for-autumn-winter-everyday-wear,,,Wine Red,,L,,,,0.0,shopify,99999,continue,manual,69.95,99.95,true,false,https://cdn.shopify.com/s/files/1/1074/0200/2757/files/Men_s_Harrington_Jacket_for_Autumn_Winter_Everyday_Wearwr.jpg?v=1790714030,,,
mens-harrington-jacket-for-autumn-winter-everyday-wear,,,Wine Red,,XL,,,,0.0,shopify,99999,continue,manual,69.95,99.95,true,false,https://cdn.shopify.com/s/files/1/1074/0200/2757/files/Men_s_Harrington_Jacket_for_Autumn_Winter_Everyday_Wearwr.jpg?v=1790714030,,,
mens-harrington-jacket-for-autumn-winter-everyday-wear,,,Wine Red,,2XL,,,,0.0,shopify,99999,continue,manual,69.95,99.95,true,false,https://cdn.shopify.com/s/files/1/1074/0200/2757/files/Men_s_Harrington_Jacket_for_Autumn_Winter_Everyday_Wearwr.jpg?v=1790714030,,,
mens-harrington-jacket-for-autumn-winter-everyday-wear,,,Wine Red,,3XL,,,,0.0,shopify,99999,continue,manual,69.95,99.95,true,false,https://cdn.shopify.com/s/files/1/1074/0200/2757/files/Men_s_Harrington_Jacket_for_Autumn_Winter_Everyday_Wearwr.jpg?v=1790714030,,,
mens-harrington-jacket-for-autumn-winter-everyday-wear,,,,,,,,,,,,,,,,,,,https://cdn.shopify.com/s/files/1/1074/0200/2757/files/Men_s_Harrington_Jacket_for_Autumn_Winter_Everyday_Wearwsqa.png?v=1790713934,1,Men's Harrington Jacket for Autumn Winter Everyday Wear
mens-harrington-jacket-for-autumn-winter-everyday-wear,,,,,,,,,,,,,,,,,,,https://cdn.shopify.com/s/files/1/1074/0200/2757/files/Men_s_Harrington_Jacket_for_Autumn_Winter_Everyday_Wearevaaw.jpg?v=1790713952,2,Men's Harrington Jacket for Autumn Winter Everyday Wear
mens-harrington-jacket-for-autumn-winter-everyday-wear,,,,,,,,,,,,,,,,,,,https://cdn.shopify.com/s/files/1/1074/0200/2757/files/Men_s_Harrington_Jacket_for_Autumn_Winter_Everyday_Wearvs.png?v=1790713961,3,Men's Harrington Jacket for Autumn Winter Everyday Wear
mens-harrington-jacket-for-autumn-winter-everyday-wear,,,,,,,,,,,,,,,,,,,https://cdn.shopify.com/s/files/1/1074/0200/2757/files/Men_s_Harrington_Jacket_for_Autumn_Winter_Everyday_Wearvsed.png?v=1790713970,4,Men's Harrington Jacket for Autumn Winter Everyday Wear
mens-harrington-jacket-for-autumn-winter-everyday-wear,,,,,,,,,,,,,,,,,,,https://cdn.shopify.com/s/files/1/1074/0200/2757/files/Men_s_Harrington_Jacket_for_Autumn_Winter_Everyday_Wearvwa.jpg?v=1790713987,5,Men's Harrington Jacket for Autumn Winter Everyday Wear
mens-harrington-jacket-for-autumn-winter-everyday-wear,,,,,,,,,,,,,,,,,,,https://cdn.shopify.com/s/files/1/1074/0200/2757/files/Men_s_Harrington_Jacket_for_Autumn_Winter_Everyday_Wearvbew.jpg?v=1790714002,6,Men's Harrington Jacket for Autumn Winter Everyday Wear
mens-harrington-jacket-for-autumn-winter-everyday-wear,,,,,,,,,,,,,,,,,,,https://cdn.shopify.com/s/files/1/1074/0200/2757/files/Men_s_Harrington_Jacket_for_Autumn_Winter_Everyday_Wearev.jpg?v=1790714012,7,Men's Harrington Jacket for Autumn Winter Everyday Wear
mens-harrington-jacket-for-autumn-winter-everyday-wear,,,,,,,,,,,,,,,,,,,https://cdn.shopify.com/s/files/1/1074/0200/2757/files/Men_s_Harrington_Jacket_for_Autumn_Winter_Everyday_Wearwr.jpg?v=1790714030,8,Men's Harrington Jacket for Autumn Winter Everyday Wear
mens-harrington-jacket-for-autumn-winter-everyday-wear,,,,,,,,,,,,,,,,,,,https://cdn.shopify.com/s/files/1/1074/0200/2757/files/Men_s_Harrington_Jacket_for_Autumn_Winter_Everyday_Wearvsw.jpg?v=1790714046,9,Men's Harrington Jacket for Autumn Winter Everyday Wear
mens-harrington-jacket-for-autumn-winter-everyday-wear,,,,,,,,,,,,,,,,,,,https://cdn.shopify.com/s/files/1/1074/0200/2757/files/Men_s_Harrington_Jacket_for_Autumn_Winter_Everyday_Wearvsd.jpg?v=1790714061,10,Men's Harrington Jacket for Autumn Winter Everyday Wear
mens-harrington-jacket-for-autumn-winter-everyday-wear,,,,,,,,,,,,,,,,,,,https://cdn.shopify.com/s/files/1/1074/0200/2757/files/Men_s_Harrington_Jacket_for_Autumn_Winter_Everyday_Wearvsa.png?v=1790714096,11,Men's Harrington Jacket for Autumn Winter Everyday Wear
mens-harrington-jacket-for-autumn-winter-everyday-wear,,,,,,,,,,,,,,,,,,,https://cdn.shopify.com/s/files/1/1074/0200/2757/files/Men_s_Harrington_Jacket_for_Autumn_Winter_Everyday_Wearvsd.png?v=1790714115,12,Men's Harrington Jacket for Autumn Winter Everyday Wear
womens-floral-button-front-cardigan-for-autumn-winter-wear,Women's Floral Button Front Cardigan for Autumn Winter Wear,Color,Black,Size,S,,,,0.0,shopify,99999,continue,manual,39.95,57.95,true,false,https://cdn.shopify.com/s/files/1/1074/0200/2757/files/Women_s_Floral_Button_Front_Cardigan_for_Autumn_Winter_Wearvadf.jpg?v=1790716406,,,
womens-floral-button-front-cardigan-for-autumn-winter-wear,,,Black,,M,,,,0.0,shopify,99998,continue,manual,39.95,57.95,true,false,https://cdn.shopify.com/s/files/1/1074/0200/2757/files/Women_s_Floral_Button_Front_Cardigan_for_Autumn_Winter_Wearvadf.jpg?v=1790716406,,,
womens-floral-button-front-cardigan-for-autumn-winter-wear,,,Black,,L,,,,0.0,shopify,99999,continue,manual,39.95,57.95,true,false,https://cdn.shopify.com/s/files/1/1074/0200/2757/files/Women_s_Floral_Button_Front_Cardigan_for_Autumn_Winter_Wearvadf.jpg?v=1790716406,,,
womens-floral-button-front-cardigan-for-autumn-winter-wear,,,Black,,XL,,,,0.0,shopify,99999,continue,manual,39.95,57.95,true,false,https://cdn.shopify.com/s/files/1/1074/0200/2757/files/Women_s_Floral_Button_Front_Cardigan_for_Autumn_Winter_Wearvadf.jpg?v=1790716406,,,
womens-floral-button-front-cardigan-for-autumn-winter-wear,,,Black,,2XL,,,,0.0,shopify,99999,continue,manual,39.95,57.95,true,false,https://cdn.shopify.com/s/files/1/1074/0200/2757/files/Women_s_Floral_Button_Front_Cardigan_for_Autumn_Winter_Wearvadf.jpg?v=1790716406,,,
womens-floral-button-front-cardigan-for-autumn-winter-wear,,,Black,,3XL,,,,0.0,shopify,99999,continue,manual,39.95,57.95,true,false,https://cdn.shopify.com/s/files/1/1074/0200/2757/files/Women_s_Floral_Button_Front_Cardigan_for_Autumn_Winter_Wearvadf.jpg?v=1790716406,,,
womens-floral-button-front-cardigan-for-autumn-winter-wear,,,Blue,,S,,,,0.0,shopify,99999,continue,manual,39.95,57.95,true,false,https://cdn.shopify.com/s/files/1/1074/0200/2757/files/Women_s_Floral_Button_Front_Cardigan_for_Autumn_Winter_Wearwsd.jpg?v=1790716393,,,
womens-floral-button-front-cardigan-for-autumn-winter-wear,,,Blue,,M,,,,0.0,shopify,99999,continue,manual,39.95,57.95,true,false,https://cdn.shopify.com/s/files/1/1074/0200/2757/files/Women_s_Floral_Button_Front_Cardigan_for_Autumn_Winter_Wearwsd.jpg?v=1790716393,,,
womens-floral-button-front-cardigan-for-autumn-winter-wear,,,Blue,,L,,,,0.0,shopify,99999,continue,manual,39.95,57.95,true,false,https://cdn.shopify.com/s/files/1/1074/0200/2757/files/Women_s_Floral_Button_Front_Cardigan_for_Autumn_Winter_Wearwsd.jpg?v=1790716393,,,
womens-floral-button-front-cardigan-for-autumn-winter-wear,,,Blue,,XL,,,,0.0,shopify,99999,continue,manual,39.95,57.95,true,false,https://cdn.shopify.com/s/files/1/1074/0200/2757/files/Women_s_Floral_Button_Front_Cardigan_for_Autumn_Winter_Wearwsd.jpg?v=1790716393,,,
womens-floral-button-front-cardigan-for-autumn-winter-wear,,,Blue,,2XL,,,,0.0,shopify,99999,continue,manual,39.95,57.95,true,false,https://cdn.shopify.com/s/files/1/1074/0200/2757/files/Women_s_Floral_Button_Front_Cardigan_for_Autumn_Winter_Wearwsd.jpg?v=1790716393,,,
womens-floral-button-front-cardigan-for-autumn-winter-wear,,,Blue,,3XL,,,,0.0,shopify,99999,continue,manual,39.95,57.95,true,false,https://cdn.shopify.com/s/files/1/1074/0200/2757/files/Women_s_Floral_Button_Front_Cardigan_for_Autumn_Winter_Wearwsd.jpg?v=1790716393,,,
womens-floral-button-front-cardigan-for-autumn-winter-wear,,,Brown,,S,,,,0.0,shopify,99999,continue,manual,39.95,57.95,true,false,https://cdn.shopify.com/s/files/1/1074/0200/2757/files/Women_s_Floral_Button_Front_Cardigan_for_Autumn_Winter_Wearv.jpg?v=1790716374,,,
womens-floral-button-front-cardigan-for-autumn-winter-wear,,,Brown,,M,,,,0.0,shopify,99999,continue,manual,39.95,57.95,true,false,https://cdn.shopify.com/s/files/1/1074/0200/2757/files/Women_s_Floral_Button_Front_Cardigan_for_Autumn_Winter_Wearv.jpg?v=1790716374,,,
womens-floral-button-front-cardigan-for-autumn-winter-wear,,,Brown,,L,,,,0.0,shopify,99999,continue,manual,39.95,57.95,true,false,https://cdn.shopify.com/s/files/1/1074/0200/2757/files/Women_s_Floral_Button_Front_Cardigan_for_Autumn_Winter_Wearv.jpg?v=1790716374,,,
womens-floral-button-front-cardigan-for-autumn-winter-wear,,,Brown,,XL,,,,0.0,shopify,99999,continue,manual,39.95,57.95,true,false,https://cdn.shopify.com/s/files/1/1074/0200/2757/files/Women_s_Floral_Button_Front_Cardigan_for_Autumn_Winter_Wearv.jpg?v=1790716374,,,
womens-floral-button-front-cardigan-for-autumn-winter-wear,,,Brown,,2XL,,,,0.0,shopify,99999,continue,manual,39.95,57.95,true,false,https://cdn.shopify.com/s/files/1/1074/0200/2757/files/Women_s_Floral_Button_Front_Cardigan_for_Autumn_Winter_Wearv.jpg?v=1790716374,,,
womens-floral-button-front-cardigan-for-autumn-winter-wear,,,Brown,,3XL,,,,0.0,shopify,99999,continue,manual,39.95,57.95,true,false,https://cdn.shopify.com/s/files/1/1074/0200/2757/files/Women_s_Floral_Button_Front_Cardigan_for_Autumn_Winter_Wearv.jpg?v=1790716374,,,
womens-floral-button-front-cardigan-for-autumn-winter-wear,,,Green,,S,,,,0.0,shopify,99999,continue,manual,39.95,57.95,true,false,https://cdn.shopify.com/s/files/1/1074/0200/2757/files/Women_s_Floral_Button_Front_Cardigan_for_Autumn_Winter_Wearvaa.jpg?v=1790716420,,,
womens-floral-button-front-cardigan-for-autumn-winter-wear,,,Green,,M,,,,0.0,shopify,99999,continue,manual,39.95,57.95,true,false,https://cdn.shopify.com/s/files/1/1074/0200/2757/files/Women_s_Floral_Button_Front_Cardigan_for_Autumn_Winter_Wearvaa.jpg?v=1790716420,,,
womens-floral-button-front-cardigan-for-autumn-winter-wear,,,Green,,L,,,,0.0,shopify,99999,continue,manual,39.95,57.95,true,false,https://cdn.shopify.com/s/files/1/1074/0200/2757/files/Women_s_Floral_Button_Front_Cardigan_for_Autumn_Winter_Wearvaa.jpg?v=1790716420,,,
womens-floral-button-front-cardigan-for-autumn-winter-wear,,,Green,,XL,,,,0.0,shopify,99999,continue,manual,39.95,57.95,true,false,https://cdn.shopify.com/s/files/1/1074/0200/2757/files/Women_s_Floral_Button_Front_Cardigan_for_Autumn_Winter_Wearvaa.jpg?v=1790716420,,,
womens-floral-button-front-cardigan-for-autumn-winter-wear,,,Green,,2XL,,,,0.0,shopify,99999,continue,manual,39.95,57.95,true,false,https://cdn.shopify.com/s/files/1/1074/0200/2757/files/Women_s_Floral_Button_Front_Cardigan_for_Autumn_Winter_Wearvaa.jpg?v=1790716420,,,
womens-floral-button-front-cardigan-for-autumn-winter-wear,,,Green,,3XL,,,,0.0,shopify,99999,continue,manual,39.95,57.95,true,false,https://cdn.shopify.com/s/files/1/1074/0200/2757/files/Women_s_Floral_Button_Front_Cardigan_for_Autumn_Winter_Wearvaa.jpg?v=1790716420,,,
womens-floral-button-front-cardigan-for-autumn-winter-wear,,,Grey,,S,,,,0.0,shopify,99999,continue,manual,39.95,57.95,true,false,https://cdn.shopify.com/s/files/1/1074/0200/2757/files/Women_s_Floral_Button_Front_Cardigan_for_Autumn_Winter_Wearada.jpg?v=1790716427,,,
womens-floral-button-front-cardigan-for-autumn-winter-wear,,,Grey,,M,,,,0.0,shopify,99999,continue,manual,39.95,57.95,true,false,https://cdn.shopify.com/s/files/1/1074/0200/2757/files/Women_s_Floral_Button_Front_Cardigan_for_Autumn_Winter_Wearada.jpg?v=1790716427,,,
womens-floral-button-front-cardigan-for-autumn-winter-wear,,,Grey,,L,,,,0.0,shopify,99999,continue,manual,39.95,57.95,true,false,https://cdn.shopify.com/s/files/1/1074/0200/2757/files/Women_s_Floral_Button_Front_Cardigan_for_Autumn_Winter_Wearada.jpg?v=1790716427,,,
womens-floral-button-front-cardigan-for-autumn-winter-wear,,,Grey,,XL,,,,0.0,shopify,99999,continue,manual,39.95,57.95,true,false,https://cdn.shopify.com/s/files/1/1074/0200/2757/files/Women_s_Floral_Button_Front_Cardigan_for_Autumn_Winter_Wearada.jpg?v=1790716427,,,
womens-floral-button-front-cardigan-for-autumn-winter-wear,,,Grey,,2XL,,,,0.0,shopify,99999,continue,manual,39.95,57.95,true,false,https://cdn.shopify.com/s/files/1/1074/0200/2757/files/Women_s_Floral_Button_Front_Cardigan_for_Autumn_Winter_Wearada.jpg?v=1790716427,,,
womens-floral-button-front-cardigan-for-autumn-winter-wear,,,Grey,,3XL,,,,0.0,shopify,99999,continue,manual,39.95,57.95,true,false,https://cdn.shopify.com/s/files/1/1074/0200/2757/files/Women_s_Floral_Button_Front_Cardigan_for_Autumn_Winter_Wearada.jpg?v=1790716427,,,
womens-floral-button-front-cardigan-for-autumn-winter-wear,,,Navy,,S,,,,0.0,shopify,99999,continue,manual,39.95,57.95,true,false,https://cdn.shopify.com/s/files/1/1074/0200/2757/files/Women_s_Floral_Button_Front_Cardigan_for_Autumn_Winter_Wearvsda.jpg?v=1790716381,,,
womens-floral-button-front-cardigan-for-autumn-winter-wear,,,Navy,,M,,,,0.0,shopify,99999,continue,manual,39.95,57.95,true,false,https://cdn.shopify.com/s/files/1/1074/0200/2757/files/Women_s_Floral_Button_Front_Cardigan_for_Autumn_Winter_Wearvsda.jpg?v=1790716381,,,
womens-floral-button-front-cardigan-for-autumn-winter-wear,,,Navy,,L,,,,0.0,shopify,99999,continue,manual,39.95,57.95,true,false,https://cdn.shopify.com/s/files/1/1074/0200/2757/files/Women_s_Floral_Button_Front_Cardigan_for_Autumn_Winter_Wearvsda.jpg?v=1790716381,,,
womens-floral-button-front-cardigan-for-autumn-winter-wear,,,Navy,,XL,,,,0.0,shopify,99999,continue,manual,39.95,57.95,true,false,https://cdn.shopify.com/s/files/1/1074/0200/2757/files/Women_s_Floral_Button_Front_Cardigan_for_Autumn_Winter_Wearvsda.jpg?v=1790716381,,,
womens-floral-button-front-cardigan-for-autumn-winter-wear,,,Navy,,2XL,,,,0.0,shopify,99999,continue,manual,39.95,57.95,true,false,https://cdn.shopify.com/s/files/1/1074/0200/2757/files/Women_s_Floral_Button_Front_Cardigan_for_Autumn_Winter_Wearvsda.jpg?v=1790716381,,,
womens-floral-button-front-cardigan-for-autumn-winter-wear,,,Navy,,3XL,,,,0.0,shopify,99999,continue,manual,39.95,57.95,true,false,https://cdn.shopify.com/s/files/1/1074/0200/2757/files/Women_s_Floral_Button_Front_Cardigan_for_Autumn_Winter_Wearvsda.jpg?v=1790716381,,,
womens-floral-button-front-cardigan-for-autumn-winter-wear,,,Orange,,S,,,,0.0,shopify,99999,continue,manual,39.95,57.95,true,false,https://cdn.shopify.com/s/files/1/1074/0200/2757/files/Women_s_Floral_Button_Front_Cardigan_for_Autumn_Winter_Wearvsfa.jpg?v=1790716414,,,
womens-floral-button-front-cardigan-for-autumn-winter-wear,,,Orange,,M,,,,0.0,shopify,99999,continue,manual,39.95,57.95,true,false,https://cdn.shopify.com/s/files/1/1074/0200/2757/files/Women_s_Floral_Button_Front_Cardigan_for_Autumn_Winter_Wearvsfa.jpg?v=1790716414,,,
womens-floral-button-front-cardigan-for-autumn-winter-wear,,,Orange,,L,,,,0.0,shopify,99999,continue,manual,39.95,57.95,true,false,https://cdn.shopify.com/s/files/1/1074/0200/2757/files/Women_s_Floral_Button_Front_Cardigan_for_Autumn_Winter_Wearvsfa.jpg?v=1790716414,,,
womens-floral-button-front-cardigan-for-autumn-winter-wear,,,Orange,,XL,,,,0.0,shopify,99999,continue,manual,39.95,57.95,true,false,https://cdn.shopify.com/s/files/1/1074/0200/2757/files/Women_s_Floral_Button_Front_Cardigan_for_Autumn_Winter_Wearvsfa.jpg?v=1790716414,,,
womens-floral-button-front-cardigan-for-autumn-winter-wear,,,Orange,,2XL,,,,0.0,shopify,99999,continue,manual,39.95,57.95,true,false,https://cdn.shopify.com/s/files/1/1074/0200/2757/files/Women_s_Floral_Button_Front_Cardigan_for_Autumn_Winter_Wearvsfa.jpg?v=1790716414,,,
womens-floral-button-front-cardigan-for-autumn-winter-wear,,,Orange,,3XL,,,,0.0,shopify,99999,continue,manual,39.95,57.95,true,false,https://cdn.shopify.com/s/files/1/1074/0200/2757/files/Women_s_Floral_Button_Front_Cardigan_for_Autumn_Winter_Wearvsfa.jpg?v=1790716414,,,
womens-floral-button-front-cardigan-for-autumn-winter-wear,,,Yellow,,S,,,,0.0,shopify,99999,continue,manual,39.95,57.95,true,false,https://cdn.shopify.com/s/files/1/1074/0200/2757/files/Women_s_Floral_Button_Front_Cardigan_for_Autumn_Winter_Wearvas.jpg?v=1790716400,,,
womens-floral-button-front-cardigan-for-autumn-winter-wear,,,Yellow,,M,,,,0.0,shopify,99999,continue,manual,39.95,57.95,true,false,https://cdn.shopify.com/s/files/1/1074/0200/2757/files/Women_s_Floral_Button_Front_Cardigan_for_Autumn_Winter_Wearvas.jpg?v=1790716400,,,
womens-floral-button-front-cardigan-for-autumn-winter-wear,,,Yellow,,L,,,,0.0,shopify,99999,continue,manual,39.95,57.95,true,false,https://cdn.shopify.com/s/files/1/1074/0200/2757/files/Women_s_Floral_Button_Front_Cardigan_for_Autumn_Winter_Wearvas.jpg?v=1790716400,,,
womens-floral-button-front-cardigan-for-autumn-winter-wear,,,Yellow,,XL,,,,0.0,shopify,99999,continue,manual,39.95,57.95,true,false,https://cdn.shopify.com/s/files/1/1074/0200/2757/files/Women_s_Floral_Button_Front_Cardigan_for_Autumn_Winter_Wearvas.jpg?v=1790716400,,,
womens-floral-button-front-cardigan-for-autumn-winter-wear,,,Yellow,,2XL,,,,0.0,shopify,99999,continue,manual,39.95,57.95,true,false,https://cdn.shopify.com/s/files/1/1074/0200/2757/files/Women_s_Floral_Button_Front_Cardigan_for_Autumn_Winter_Wearvas.jpg?v=1790716400,,,
womens-floral-button-front-cardigan-for-autumn-winter-wear,,,Yellow,,3XL,,,,0.0,shopify,99999,continue,manual,39.95,57.95,true,false,https://cdn.shopify.com/s/files/1/1074/0200/2757/files/Women_s_Floral_Button_Front_Cardigan_for_Autumn_Winter_Wearvas.jpg?v=1790716400,,,
womens-floral-button-front-cardigan-for-autumn-winter-wear,,,,,,,,,,,,,,,,,,,https://cdn.shopify.com/s/files/1/1074/0200/2757/files/Women_s_Floral_Button_Front_Cardigan_for_Autumn_Winter_Wearsda.jpg?v=1790716294,1,Women's Floral Button Front Cardigan for Autumn Winter Wear
womens-floral-button-front-cardigan-for-autumn-winter-wear,,,,,,,,,,,,,,,,,,,https://cdn.shopify.com/s/files/1/1074/0200/2757/files/Women_s_Floral_Button_Front_Cardigan_for_Autumn_Winter_Wearvws.jpg?v=1790716329,2,Women's Floral Button Front Cardigan for Autumn Winter Wear
womens-floral-button-front-cardigan-for-autumn-winter-wear,,,,,,,,,,,,,,,,,,,https://cdn.shopify.com/s/files/1/1074/0200/2757/files/Women_s_Floral_Button_Front_Cardigan_for_Autumn_Winter_Wearvs.jpg?v=1790716349,3,Women's Floral Button Front Cardigan for Autumn Winter Wear
womens-floral-button-front-cardigan-for-autumn-winter-wear,,,,,,,,,,,,,,,,,,,https://cdn.shopify.com/s/files/1/1074/0200/2757/files/Women_s_Floral_Button_Front_Cardigan_for_Autumn_Winter_Wearvwa.jpg?v=1790716357,4,Women's Floral Button Front Cardigan for Autumn Winter Wear
womens-floral-button-front-cardigan-for-autumn-winter-wear,,,,,,,,,,,,,,,,,,,https://cdn.shopify.com/s/files/1/1074/0200/2757/files/Women_s_Floral_Button_Front_Cardigan_for_Autumn_Winter_Wearvda.jpg?v=1790716367,5,Women's Floral Button Front Cardigan for Autumn Winter Wear
womens-floral-button-front-cardigan-for-autumn-winter-wear,,,,,,,,,,,,,,,,,,,https://cdn.shopify.com/s/files/1/1074/0200/2757/files/Women_s_Floral_Button_Front_Cardigan_for_Autumn_Winter_Wearv.jpg?v=1790716374,6,Women's Floral Button Front Cardigan for Autumn Winter Wear
womens-floral-button-front-cardigan-for-autumn-winter-wear,,,,,,,,,,,,,,,,,,,https://cdn.shopify.com/s/files/1/1074/0200/2757/files/Women_s_Floral_Button_Front_Cardigan_for_Autumn_Winter_Wearvsda.jpg?v=1790716381,7,Women's Floral Button Front Cardigan for Autumn Winter Wear
womens-floral-button-front-cardigan-for-autumn-winter-wear,,,,,,,,,,,,,,,,,,,https://cdn.shopify.com/s/files/1/1074/0200/2757/files/Women_s_Floral_Button_Front_Cardigan_for_Autumn_Winter_Wearwsd.jpg?v=1790716393,8,Women's Floral Button Front Cardigan for Autumn Winter Wear
womens-floral-button-front-cardigan-for-autumn-winter-wear,,,,,,,,,,,,,,,,,,,https://cdn.shopify.com/s/files/1/1074/0200/2757/files/Women_s_Floral_Button_Front_Cardigan_for_Autumn_Winter_Wearvas.jpg?v=1790716400,9,Women's Floral Button Front Cardigan for Autumn Winter Wear
womens-floral-button-front-cardigan-for-autumn-winter-wear,,,,,,,,,,,,,,,,,,,https://cdn.shopify.com/s/files/1/1074/0200/2757/files/Women_s_Floral_Button_Front_Cardigan_for_Autumn_Winter_Wearvadf.jpg?v=1790716406,10,Women's Floral Button Front Cardigan for Autumn Winter Wear
womens-floral-button-front-cardigan-for-autumn-winter-wear,,,,,,,,,,,,,,,,,,,https://cdn.shopify.com/s/files/1/1074/0200/2757/files/Women_s_Floral_Button_Front_Cardigan_for_Autumn_Winter_Wearvsfa.jpg?v=1790716414,11,Women's Floral Button Front Cardigan for Autumn Winter Wear
womens-floral-button-front-cardigan-for-autumn-winter-wear,,,,,,,,,,,,,,,,,,,https://cdn.shopify.com/s/files/1/1074/0200/2757/files/Women_s_Floral_Button_Front_Cardigan_for_Autumn_Winter_Wearvaa.jpg?v=1790716420,12,Women's Floral Button Front Cardigan for Autumn Winter Wear
womens-floral-button-front-cardigan-for-autumn-winter-wear,,,,,,,,,,,,,,,,,,,https://cdn.shopify.com/s/files/1/1074/0200/2757/files/Women_s_Floral_Button_Front_Cardigan_for_Autumn_Winter_Wearada.jpg?v=1790716427,13,Women's Floral Button Front Cardigan for Autumn Winter Wear
womens-glossy-hooded-puffer-jacket-for-cold-winter-days,Women's Glossy Hooded Puffer Jacket for Cold Winter Days,Color,Black,Size,S,,,,0.0,shopify,99999,continue,manual,67.95,97.95,true,true,https://cdn.shopify.com/s/files/1/1074/0200/2757/files/Womens_Glossy_Hooded_Puffer_Jacket_for_Cold_Winter_Days-1.jpg?v=1791112886,,,
womens-glossy-hooded-puffer-jacket-for-cold-winter-days,,,Black,,M,,,,0.0,shopify,99999,continue,manual,67.95,97.95,true,true,https://cdn.shopify.com/s/files/1/1074/0200/2757/files/Womens_Glossy_Hooded_Puffer_Jacket_for_Cold_Winter_Days-1.jpg?v=1791112886,,,
womens-glossy-hooded-puffer-jacket-for-cold-winter-days,,,Black,,L,,,,0.0,shopify,99999,continue,manual,67.95,97.95,true,true,https://cdn.shopify.com/s/files/1/1074/0200/2757/files/Womens_Glossy_Hooded_Puffer_Jacket_for_Cold_Winter_Days-1.jpg?v=1791112886,,,
womens-glossy-hooded-puffer-jacket-for-cold-winter-days,,,Black,,XL,,,,0.0,shopify,99999,continue,manual,67.95,97.95,true,true,https://cdn.shopify.com/s/files/1/1074/0200/2757/files/Womens_Glossy_Hooded_Puffer_Jacket_for_Cold_Winter_Days-1.jpg?v=1791112886,,,
womens-glossy-hooded-puffer-jacket-for-cold-winter-days,,,Black,,2XL,,,,0.0,shopify,99999,continue,manual,67.95,97.95,true,true,https://cdn.shopify.com/s/files/1/1074/0200/2757/files/Womens_Glossy_Hooded_Puffer_Jacket_for_Cold_Winter_Days-1.jpg?v=1791112886,,,
womens-glossy-hooded-puffer-jacket-for-cold-winter-days,,,Black,,3XL,,,,0.0,shopify,99999,continue,manual,67.95,97.95,true,true,https://cdn.shopify.com/s/files/1/1074/0200/2757/files/Womens_Glossy_Hooded_Puffer_Jacket_for_Cold_Winter_Days-1.jpg?v=1791112886,,,
womens-glossy-hooded-puffer-jacket-for-cold-winter-days,,,Blue,,S,,,,0.0,shopify,99999,continue,manual,67.95,97.95,true,true,https://cdn.shopify.com/s/files/1/1074/0200/2757/files/Womens_Glossy_Hooded_Puffer_Jacket_for_Cold_Winter_Days-2.png?v=1791112885,,,
womens-glossy-hooded-puffer-jacket-for-cold-winter-days,,,Blue,,M,,,,0.0,shopify,99999,continue,manual,67.95,97.95,true,true,https://cdn.shopify.com/s/files/1/1074/0200/2757/files/Womens_Glossy_Hooded_Puffer_Jacket_for_Cold_Winter_Days-2.png?v=1791112885,,,
womens-glossy-hooded-puffer-jacket-for-cold-winter-days,,,Blue,,L,,,,0.0,shopify,99999,continue,manual,67.95,97.95,true,true,https://cdn.shopify.com/s/files/1/1074/0200/2757/files/Womens_Glossy_Hooded_Puffer_Jacket_for_Cold_Winter_Days-2.png?v=1791112885,,,
womens-glossy-hooded-puffer-jacket-for-cold-winter-days,,,Blue,,XL,,,,0.0,shopify,99999,continue,manual,67.95,97.95,true,true,https://cdn.shopify.com/s/files/1/1074/0200/2757/files/Womens_Glossy_Hooded_Puffer_Jacket_for_Cold_Winter_Days-2.png?v=1791112885,,,
womens-glossy-hooded-puffer-jacket-for-cold-winter-days,,,Blue,,2XL,,,,0.0,shopify,99999,continue,manual,67.95,97.95,true,true,https://cdn.shopify.com/s/files/1/1074/0200/2757/files/Womens_Glossy_Hooded_Puffer_Jacket_for_Cold_Winter_Days-2.png?v=1791112885,,,
womens-glossy-hooded-puffer-jacket-for-cold-winter-days,,,Blue,,3XL,,,,0.0,shopify,99999,continue,manual,67.95,97.95,true,true,https://cdn.shopify.com/s/files/1/1074/0200/2757/files/Womens_Glossy_Hooded_Puffer_Jacket_for_Cold_Winter_Days-2.png?v=1791112885,,,
womens-glossy-hooded-puffer-jacket-for-cold-winter-days,,,,,,,,,,,,,,,,,,,https://cdn.shopify.com/s/files/1/1074/0200/2757/files/Womens_Glossy_Hooded_Puffer_Jacket_for_Cold_Winter_Days-1.jpg?v=1791112886,1,Women's Glossy Hooded Puffer Jacket in Black
womens-glossy-hooded-puffer-jacket-for-cold-winter-days,,,,,,,,,,,,,,,,,,,https://cdn.shopify.com/s/files/1/1074/0200/2757/files/Womens_Glossy_Hooded_Puffer_Jacket_for_Cold_Winter_Days-2.png?v=1791112885,2,Women's Glossy Hooded Puffer Jacket in Blue
womens-glossy-hooded-puffer-jacket-for-cold-winter-days,,,,,,,,,,,,,,,,,,,https://cdn.shopify.com/s/files/1/1074/0200/2757/files/Womens_Glossy_Hooded_Puffer_Jacket_for_Cold_Winter_Days-3.jpg?v=1791112886,3,Women's Glossy Hooded Puffer Jacket additional view 3
womens-glossy-hooded-puffer-jacket-for-cold-winter-days,,,,,,,,,,,,,,,,,,,https://cdn.shopify.com/s/files/1/1074/0200/2757/files/Womens_Glossy_Hooded_Puffer_Jacket_for_Cold_Winter_Days-4.png?v=1791112885,4,Women's Glossy Hooded Puffer Jacket additional view 4
womens-glossy-hooded-puffer-jacket-for-cold-winter-days,,,,,,,,,,,,,,,,,,,https://cdn.shopify.com/s/files/1/1074/0200/2757/files/Womens_Glossy_Hooded_Puffer_Jacket_for_Cold_Winter_Days-5.jpg?v=1791112885,5,Women's Glossy Hooded Puffer Jacket additional view 5
womens-glossy-hooded-puffer-jacket-for-cold-winter-days,,,,,,,,,,,,,,,,,,,https://cdn.shopify.com/s/files/1/1074/0200/2757/files/Womens_Glossy_Hooded_Puffer_Jacket_for_Cold_Winter_Days-6.jpg?v=1791112886,6,Women's Glossy Hooded Puffer Jacket additional view 6
womens-long-quilted-puffer-coat-with-plush-trim-hood,Women's Long Quilted Puffer Coat with Plush Trim Hood,Color,White,Size,S,,,,0.0,shopify,99999,continue,manual,94.95,135.95,true,true,https://cdn.shopify.com/s/files/1/1074/0200/2757/files/Womens_Long_Quilted_Puffer_Coat_with_Plush_Trim_Hood-3.jpg?v=1790839316,,,
womens-long-quilted-puffer-coat-with-plush-trim-hood,,,White,,M,,,,0.0,shopify,99999,continue,manual,94.95,135.95,true,true,https://cdn.shopify.com/s/files/1/1074/0200/2757/files/Womens_Long_Quilted_Puffer_Coat_with_Plush_Trim_Hood-3.jpg?v=1790839316,,,
womens-long-quilted-puffer-coat-with-plush-trim-hood,,,White,,L,,,,0.0,shopify,99999,continue,manual,94.95,135.95,true,true,https://cdn.shopify.com/s/files/1/1074/0200/2757/files/Womens_Long_Quilted_Puffer_Coat_with_Plush_Trim_Hood-3.jpg?v=1790839316,,,
womens-long-quilted-puffer-coat-with-plush-trim-hood,,,White,,XL,,,,0.0,shopify,99999,continue,manual,94.95,135.95,true,true,https://cdn.shopify.com/s/files/1/1074/0200/2757/files/Womens_Long_Quilted_Puffer_Coat_with_Plush_Trim_Hood-3.jpg?v=1790839316,,,
womens-long-quilted-puffer-coat-with-plush-trim-hood,,,White,,2XL,,,,0.0,shopify,99999,continue,manual,94.95,135.95,true,true,https://cdn.shopify.com/s/files/1/1074/0200/2757/files/Womens_Long_Quilted_Puffer_Coat_with_Plush_Trim_Hood-3.jpg?v=1790839316,,,
womens-long-quilted-puffer-coat-with-plush-trim-hood,,,White,,3XL,,,,0.0,shopify,99999,continue,manual,94.95,135.95,true,true,https://cdn.shopify.com/s/files/1/1074/0200/2757/files/Womens_Long_Quilted_Puffer_Coat_with_Plush_Trim_Hood-3.jpg?v=1790839316,,,
womens-long-quilted-puffer-coat-with-plush-trim-hood,,,Black,,S,,,,0.0,shopify,99999,continue,manual,94.95,135.95,true,true,https://cdn.shopify.com/s/files/1/1074/0200/2757/files/Womens_Long_Quilted_Puffer_Coat_with_Plush_Trim_Hood-6.jpg?v=1790839316,,,
womens-long-quilted-puffer-coat-with-plush-trim-hood,,,Black,,M,,,,0.0,shopify,99999,continue,manual,94.95,135.95,true,true,https://cdn.shopify.com/s/files/1/1074/0200/2757/files/Womens_Long_Quilted_Puffer_Coat_with_Plush_Trim_Hood-6.jpg?v=1790839316,,,
womens-long-quilted-puffer-coat-with-plush-trim-hood,,,Black,,L,,,,0.0,shopify,99999,continue,manual,94.95,135.95,true,true,https://cdn.shopify.com/s/files/1/1074/0200/2757/files/Womens_Long_Quilted_Puffer_Coat_with_Plush_Trim_Hood-6.jpg?v=1790839316,,,
womens-long-quilted-puffer-coat-with-plush-trim-hood,,,Black,,XL,,,,0.0,shopify,99999,continue,manual,94.95,135.95,true,true,https://cdn.shopify.com/s/files/1/1074/0200/2757/files/Womens_Long_Quilted_Puffer_Coat_with_Plush_Trim_Hood-6.jpg?v=1790839316,,,
womens-long-quilted-puffer-coat-with-plush-trim-hood,,,Black,,2XL,,,,0.0,shopify,99999,continue,manual,94.95,135.95,true,true,https://cdn.shopify.com/s/files/1/1074/0200/2757/files/Womens_Long_Quilted_Puffer_Coat_with_Plush_Trim_Hood-6.jpg?v=1790839316,,,
womens-long-quilted-puffer-coat-with-plush-trim-hood,,,Black,,3XL,,,,0.0,shopify,99999,continue,manual,94.95,135.95,true,true,https://cdn.shopify.com/s/files/1/1074/0200/2757/files/Womens_Long_Quilted_Puffer_Coat_with_Plush_Trim_Hood-6.jpg?v=1790839316,,,
womens-long-quilted-puffer-coat-with-plush-trim-hood,,,Mint Green,,S,,,,0.0,shopify,99999,continue,manual,94.95,135.95,true,true,https://cdn.shopify.com/s/files/1/1074/0200/2757/files/Womens_Long_Quilted_Puffer_Coat_with_Plush_Trim_Hood-11.jpg?v=1790839316,,,
womens-long-quilted-puffer-coat-with-plush-trim-hood,,,Mint Green,,M,,,,0.0,shopify,99999,continue,manual,94.95,135.95,true,true,https://cdn.shopify.com/s/files/1/1074/0200/2757/files/Womens_Long_Quilted_Puffer_Coat_with_Plush_Trim_Hood-11.jpg?v=1790839316,,,
womens-long-quilted-puffer-coat-with-plush-trim-hood,,,Mint Green,,L,,,,0.0,shopify,99999,continue,manual,94.95,135.95,true,true,https://cdn.shopify.com/s/files/1/1074/0200/2757/files/Womens_Long_Quilted_Puffer_Coat_with_Plush_Trim_Hood-11.jpg?v=1790839316,,,
womens-long-quilted-puffer-coat-with-plush-trim-hood,,,Mint Green,,XL,,,,0.0,shopify,99999,continue,manual,94.95,135.95,true,true,https://cdn.shopify.com/s/files/1/1074/0200/2757/files/Womens_Long_Quilted_Puffer_Coat_with_Plush_Trim_Hood-11.jpg?v=1790839316,,,
womens-long-quilted-puffer-coat-with-plush-trim-hood,,,Mint Green,,2XL,,,,0.0,shopify,99999,continue,manual,94.95,135.95,true,true,https://cdn.shopify.com/s/files/1/1074/0200/2757/files/Womens_Long_Quilted_Puffer_Coat_with_Plush_Trim_Hood-11.jpg?v=1790839316,,,
womens-long-quilted-puffer-coat-with-plush-trim-hood,,,Mint Green,,3XL,,,,0.0,shopify,99999,continue,manual,94.95,135.95,true,true,https://cdn.shopify.com/s/files/1/1074/0200/2757/files/Womens_Long_Quilted_Puffer_Coat_with_Plush_Trim_Hood-11.jpg?v=1790839316,,,
womens-long-quilted-puffer-coat-with-plush-trim-hood,,,Red,,S,,,,0.0,shopify,99999,continue,manual,94.95,135.95,true,true,https://cdn.shopify.com/s/files/1/1074/0200/2757/files/Womens_Long_Quilted_Puffer_Coat_with_Plush_Trim_Hood-12.jpg?v=1790839316,,,
womens-long-quilted-puffer-coat-with-plush-trim-hood,,,Red,,M,,,,0.0,shopify,99999,continue,manual,94.95,135.95,true,true,https://cdn.shopify.com/s/files/1/1074/0200/2757/files/Womens_Long_Quilted_Puffer_Coat_with_Plush_Trim_Hood-12.jpg?v=1790839316,,,
womens-long-quilted-puffer-coat-with-plush-trim-hood,,,Red,,L,,,,0.0,shopify,99999,continue,manual,94.95,135.95,true,true,https://cdn.shopify.com/s/files/1/1074/0200/2757/files/Womens_Long_Quilted_Puffer_Coat_with_Plush_Trim_Hood-12.jpg?v=1790839316,,,
womens-long-quilted-puffer-coat-with-plush-trim-hood,,,Red,,XL,,,,0.0,shopify,99999,continue,manual,94.95,135.95,true,true,https://cdn.shopify.com/s/files/1/1074/0200/2757/files/Womens_Long_Quilted_Puffer_Coat_with_Plush_Trim_Hood-12.jpg?v=1790839316,,,
womens-long-quilted-puffer-coat-with-plush-trim-hood,,,Red,,2XL,,,,0.0,shopify,99999,continue,manual,94.95,135.95,true,true,https://cdn.shopify.com/s/files/1/1074/0200/2757/files/Womens_Long_Quilted_Puffer_Coat_with_Plush_Trim_Hood-12.jpg?v=1790839316,,,
womens-long-quilted-puffer-coat-with-plush-trim-hood,,,Red,,3XL,,,,0.0,shopify,99999,continue,manual,94.95,135.95,true,true,https://cdn.shopify.com/s/files/1/1074/0200/2757/files/Womens_Long_Quilted_Puffer_Coat_with_Plush_Trim_Hood-12.jpg?v=1790839316,,,
womens-long-quilted-puffer-coat-with-plush-trim-hood,,,Dark Gray,,S,,,,0.0,shopify,99999,continue,manual,94.95,135.95,true,true,https://cdn.shopify.com/s/files/1/1074/0200/2757/files/Womens_Long_Quilted_Puffer_Coat_with_Plush_Trim_Hood-13.jpg?v=1790839316,,,
womens-long-quilted-puffer-coat-with-plush-trim-hood,,,Dark Gray,,M,,,,0.0,shopify,99999,continue,manual,94.95,135.95,true,true,https://cdn.shopify.com/s/files/1/1074/0200/2757/files/Womens_Long_Quilted_Puffer_Coat_with_Plush_Trim_Hood-13.jpg?v=1790839316,,,
womens-long-quilted-puffer-coat-with-plush-trim-hood,,,Dark Gray,,L,,,,0.0,shopify,99999,continue,manual,94.95,135.95,true,true,https://cdn.shopify.com/s/files/1/1074/0200/2757/files/Womens_Long_Quilted_Puffer_Coat_with_Plush_Trim_Hood-13.jpg?v=1790839316,,,
womens-long-quilted-puffer-coat-with-plush-trim-hood,,,Dark Gray,,XL,,,,0.0,shopify,99999,continue,manual,94.95,135.95,true,true,https://cdn.shopify.com/s/files/1/1074/0200/2757/files/Womens_Long_Quilted_Puffer_Coat_with_Plush_Trim_Hood-13.jpg?v=1790839316,,,
womens-long-quilted-puffer-coat-with-plush-trim-hood,,,Dark Gray,,2XL,,,,0.0,shopify,99999,continue,manual,94.95,135.95,true,true,https://cdn.shopify.com/s/files/1/1074/0200/2757/files/Womens_Long_Quilted_Puffer_Coat_with_Plush_Trim_Hood-13.jpg?v=1790839316,,,
womens-long-quilted-puffer-coat-with-plush-trim-hood,,,Dark Gray,,3XL,,,,0.0,shopify,99999,continue,manual,94.95,135.95,true,true,https://cdn.shopify.com/s/files/1/1074/0200/2757/files/Womens_Long_Quilted_Puffer_Coat_with_Plush_Trim_Hood-13.jpg?v=1790839316,,,
womens-long-quilted-puffer-coat-with-plush-trim-hood,,,Khaki,,S,,,,0.0,shopify,99999,continue,manual,94.95,135.95,true,true,https://cdn.shopify.com/s/files/1/1074/0200/2757/files/Womens_Long_Quilted_Puffer_Coat_with_Plush_Trim_Hood-14.jpg?v=1790839316,,,
womens-long-quilted-puffer-coat-with-plush-trim-hood,,,Khaki,,M,,,,0.0,shopify,99999,continue,manual,94.95,135.95,true,true,https://cdn.shopify.com/s/files/1/1074/0200/2757/files/Womens_Long_Quilted_Puffer_Coat_with_Plush_Trim_Hood-14.jpg?v=1790839316,,,
womens-long-quilted-puffer-coat-with-plush-trim-hood,,,Khaki,,L,,,,0.0,shopify,99999,continue,manual,94.95,135.95,true,true,https://cdn.shopify.com/s/files/1/1074/0200/2757/files/Womens_Long_Quilted_Puffer_Coat_with_Plush_Trim_Hood-14.jpg?v=1790839316,,,
womens-long-quilted-puffer-coat-with-plush-trim-hood,,,Khaki,,XL,,,,0.0,shopify,99999,continue,manual,94.95,135.95,true,true,https://cdn.shopify.com/s/files/1/1074/0200/2757/files/Womens_Long_Quilted_Puffer_Coat_with_Plush_Trim_Hood-14.jpg?v=1790839316,,,
womens-long-quilted-puffer-coat-with-plush-trim-hood,,,Khaki,,2XL,,,,0.0,shopify,99999,continue,manual,94.95,135.95,true,true,https://cdn.shopify.com/s/files/1/1074/0200/2757/files/Womens_Long_Quilted_Puffer_Coat_with_Plush_Trim_Hood-14.jpg?v=1790839316,,,
womens-long-quilted-puffer-coat-with-plush-trim-hood,,,Khaki,,3XL,,,,0.0,shopify,99999,continue,manual,94.95,135.95,true,true,https://cdn.shopify.com/s/files/1/1074/0200/2757/files/Womens_Long_Quilted_Puffer_Coat_with_Plush_Trim_Hood-14.jpg?v=1790839316,,,
womens-long-quilted-puffer-coat-with-plush-trim-hood,,,,,,,,,,,,,,,,,,,https://cdn.shopify.com/s/files/1/1074/0200/2757/files/Womens_Long_Quilted_Puffer_Coat_with_Plush_Trim_Hood-1.jpg?v=1790839317,1,Woman in a dark gray long quilted puffer coat with plush trim hood
womens-long-quilted-puffer-coat-with-plush-trim-hood,,,,,,,,,,,,,,,,,,,https://cdn.shopify.com/s/files/1/1074/0200/2757/files/Womens_Long_Quilted_Puffer_Coat_with_Plush_Trim_Hood-2.jpg?v=1790839316,2,Back view of a white long quilted puffer coat with hood
womens-long-quilted-puffer-coat-with-plush-trim-hood,,,,,,,,,,,,,,,,,,,https://cdn.shopify.com/s/files/1/1074/0200/2757/files/Womens_Long_Quilted_Puffer_Coat_with_Plush_Trim_Hood-3.jpg?v=1790839316,3,Woman wearing a white long quilted puffer coat
womens-long-quilted-puffer-coat-with-plush-trim-hood,,,,,,,,,,,,,,,,,,,https://cdn.shopify.com/s/files/1/1074/0200/2757/files/Womens_Long_Quilted_Puffer_Coat_with_Plush_Trim_Hood-4.jpg?v=1790839316,4,Back view of a red long quilted puffer coat with plush hood
womens-long-quilted-puffer-coat-with-plush-trim-hood,,,,,,,,,,,,,,,,,,,https://cdn.shopify.com/s/files/1/1074/0200/2757/files/Womens_Long_Quilted_Puffer_Coat_with_Plush_Trim_Hood-5.jpg?v=1790839316,5,"Woman in a cream long quilted puffer coat, side view"
womens-long-quilted-puffer-coat-with-plush-trim-hood,,,,,,,,,,,,,,,,,,,https://cdn.shopify.com/s/files/1/1074/0200/2757/files/Womens_Long_Quilted_Puffer_Coat_with_Plush_Trim_Hood-6.jpg?v=1790839316,6,Woman wearing a black long quilted puffer coat with plush trim hood
womens-long-quilted-puffer-coat-with-plush-trim-hood,,,,,,,,,,,,,,,,,,,https://cdn.shopify.com/s/files/1/1074/0200/2757/files/Womens_Long_Quilted_Puffer_Coat_with_Plush_Trim_Hood-7.jpg?v=1790839316,7,Woman in a black long quilted puffer coat walking in the city
womens-long-quilted-puffer-coat-with-plush-trim-hood,,,,,,,,,,,,,,,,,,,https://cdn.shopify.com/s/files/1/1074/0200/2757/files/Womens_Long_Quilted_Puffer_Coat_with_Plush_Trim_Hood-8.jpg?v=1790839316,8,"Black long quilted puffer coat with hood, front view"
womens-long-quilted-puffer-coat-with-plush-trim-hood,,,,,,,,,,,,,,,,,,,https://cdn.shopify.com/s/files/1/1074/0200/2757/files/Womens_Long_Quilted_Puffer_Coat_with_Plush_Trim_Hood-9.jpg?v=1790839316,9,Woman in a mint green long quilted puffer coat
womens-long-quilted-puffer-coat-with-plush-trim-hood,,,,,,,,,,,,,,,,,,,https://cdn.shopify.com/s/files/1/1074/0200/2757/files/Womens_Long_Quilted_Puffer_Coat_with_Plush_Trim_Hood-10.jpg?v=1790839316,10,Back view of a mint green long quilted puffer coat
womens-long-quilted-puffer-coat-with-plush-trim-hood,,,,,,,,,,,,,,,,,,,https://cdn.shopify.com/s/files/1/1074/0200/2757/files/Womens_Long_Quilted_Puffer_Coat_with_Plush_Trim_Hood-11.jpg?v=1790839316,11,Woman wearing a mint green long quilted puffer coat with plush hood
womens-long-quilted-puffer-coat-with-plush-trim-hood,,,,,,,,,,,,,,,,,,,https://cdn.shopify.com/s/files/1/1074/0200/2757/files/Womens_Long_Quilted_Puffer_Coat_with_Plush_Trim_Hood-12.jpg?v=1790839316,12,Woman in a red long quilted puffer coat with plush trim hood
womens-long-quilted-puffer-coat-with-plush-trim-hood,,,,,,,,,,,,,,,,,,,https://cdn.shopify.com/s/files/1/1074/0200/2757/files/Womens_Long_Quilted_Puffer_Coat_with_Plush_Trim_Hood-13.jpg?v=1790839316,13,Woman wearing a dark gray long quilted puffer coat
womens-long-quilted-puffer-coat-with-plush-trim-hood,,,,,,,,,,,,,,,,,,,https://cdn.shopify.com/s/files/1/1074/0200/2757/files/Womens_Long_Quilted_Puffer_Coat_with_Plush_Trim_Hood-14.jpg?v=1790839316,14,Woman in a khaki long quilted puffer coat with plush hood
womens-long-quilted-puffer-coat-with-plush-trim-hood,,,,,,,,,,,,,,,,,,,https://cdn.shopify.com/s/files/1/1074/0200/2757/files/Womens_Long_Quilted_Puffer_Coat_with_Plush_Trim_Hood-15.jpg?v=1790839316,15,Back view of a khaki long quilted puffer coat
womens-long-quilted-puffer-coat-with-plush-trim-hood,,,,,,,,,,,,,,,,,,,https://cdn.shopify.com/s/files/1/1074/0200/2757/files/Womens_Long_Quilted_Puffer_Coat_with_Plush_Trim_Hood-16.jpg?v=1790839316,16,Woman wearing a black long quilted puffer coat with bag
womens-long-quilted-puffer-coat-with-plush-trim-hood,,,,,,,,,,,,,,,,,,,https://cdn.shopify.com/s/files/1/1074/0200/2757/files/Womens_Long_Quilted_Puffer_Coat_with_Plush_Trim_Hood-17.jpg?v=1790839316,17,"Woman in a khaki long quilted puffer coat, side view"
mens-quilted-puffer-jacket-with-hood-for-icy-days,Men's Quilted Puffer Jacket with Hood for Icy Days,Color,Light Gray,Size,S,,,,0.0,shopify,99999,continue,manual,79.95,114.95,true,true,https://cdn.shopify.com/s/files/1/1074/0200/2757/files/Mens_Quilted_Puffer_Jacket_with_Hood_for_Icy_Days-1.jpg?v=1790838921,,,
mens-quilted-puffer-jacket-with-hood-for-icy-days,,,Light Gray,,M,,,,0.0,shopify,99999,continue,manual,79.95,114.95,true,true,https://cdn.shopify.com/s/files/1/1074/0200/2757/files/Mens_Quilted_Puffer_Jacket_with_Hood_for_Icy_Days-1.jpg?v=1790838921,,,
mens-quilted-puffer-jacket-with-hood-for-icy-days,,,Light Gray,,L,,,,0.0,shopify,99999,continue,manual,79.95,114.95,true,true,https://cdn.shopify.com/s/files/1/1074/0200/2757/files/Mens_Quilted_Puffer_Jacket_with_Hood_for_Icy_Days-1.jpg?v=1790838921,,,
mens-quilted-puffer-jacket-with-hood-for-icy-days,,,Light Gray,,XL,,,,0.0,shopify,99999,continue,manual,79.95,114.95,true,true,https://cdn.shopify.com/s/files/1/1074/0200/2757/files/Mens_Quilted_Puffer_Jacket_with_Hood_for_Icy_Days-1.jpg?v=1790838921,,,
mens-quilted-puffer-jacket-with-hood-for-icy-days,,,Light Gray,,2XL,,,,0.0,shopify,99999,continue,manual,79.95,114.95,true,true,https://cdn.shopify.com/s/files/1/1074/0200/2757/files/Mens_Quilted_Puffer_Jacket_with_Hood_for_Icy_Days-1.jpg?v=1790838921,,,
mens-quilted-puffer-jacket-with-hood-for-icy-days,,,Light Gray,,3XL,,,,0.0,shopify,99999,continue,manual,79.95,114.95,true,true,https://cdn.shopify.com/s/files/1/1074/0200/2757/files/Mens_Quilted_Puffer_Jacket_with_Hood_for_Icy_Days-1.jpg?v=1790838921,,,
mens-quilted-puffer-jacket-with-hood-for-icy-days,,,Black,,S,,,,0.0,shopify,99999,continue,manual,79.95,114.95,true,true,https://cdn.shopify.com/s/files/1/1074/0200/2757/files/Mens_Quilted_Puffer_Jacket_with_Hood_for_Icy_Days-4.jpg?v=1790838921,,,
mens-quilted-puffer-jacket-with-hood-for-icy-days,,,Black,,M,,,,0.0,shopify,99999,continue,manual,79.95,114.95,true,true,https://cdn.shopify.com/s/files/1/1074/0200/2757/files/Mens_Quilted_Puffer_Jacket_with_Hood_for_Icy_Days-4.jpg?v=1790838921,,,
mens-quilted-puffer-jacket-with-hood-for-icy-days,,,Black,,L,,,,0.0,shopify,99999,continue,manual,79.95,114.95,true,true,https://cdn.shopify.com/s/files/1/1074/0200/2757/files/Mens_Quilted_Puffer_Jacket_with_Hood_for_Icy_Days-4.jpg?v=1790838921,,,
mens-quilted-puffer-jacket-with-hood-for-icy-days,,,Black,,XL,,,,0.0,shopify,99999,continue,manual,79.95,114.95,true,true,https://cdn.shopify.com/s/files/1/1074/0200/2757/files/Mens_Quilted_Puffer_Jacket_with_Hood_for_Icy_Days-4.jpg?v=1790838921,,,
mens-quilted-puffer-jacket-with-hood-for-icy-days,,,Black,,2XL,,,,0.0,shopify,99999,continue,manual,79.95,114.95,true,true,https://cdn.shopify.com/s/files/1/1074/0200/2757/files/Mens_Quilted_Puffer_Jacket_with_Hood_for_Icy_Days-4.jpg?v=1790838921,,,
mens-quilted-puffer-jacket-with-hood-for-icy-days,,,Black,,3XL,,,,0.0,shopify,99999,continue,manual,79.95,114.95,true,true,https://cdn.shopify.com/s/files/1/1074/0200/2757/files/Mens_Quilted_Puffer_Jacket_with_Hood_for_Icy_Days-4.jpg?v=1790838921,,,
mens-quilted-puffer-jacket-with-hood-for-icy-days,,,Red,,S,,,,0.0,shopify,99999,continue,manual,79.95,114.95,true,true,https://cdn.shopify.com/s/files/1/1074/0200/2757/files/Mens_Quilted_Puffer_Jacket_with_Hood_for_Icy_Days-7.jpg?v=1790838921,,,
mens-quilted-puffer-jacket-with-hood-for-icy-days,,,Red,,M,,,,0.0,shopify,99999,continue,manual,79.95,114.95,true,true,https://cdn.shopify.com/s/files/1/1074/0200/2757/files/Mens_Quilted_Puffer_Jacket_with_Hood_for_Icy_Days-7.jpg?v=1790838921,,,
mens-quilted-puffer-jacket-with-hood-for-icy-days,,,Red,,L,,,,0.0,shopify,99999,continue,manual,79.95,114.95,true,true,https://cdn.shopify.com/s/files/1/1074/0200/2757/files/Mens_Quilted_Puffer_Jacket_with_Hood_for_Icy_Days-7.jpg?v=1790838921,,,
mens-quilted-puffer-jacket-with-hood-for-icy-days,,,Red,,XL,,,,0.0,shopify,99999,continue,manual,79.95,114.95,true,true,https://cdn.shopify.com/s/files/1/1074/0200/2757/files/Mens_Quilted_Puffer_Jacket_with_Hood_for_Icy_Days-7.jpg?v=1790838921,,,
mens-quilted-puffer-jacket-with-hood-for-icy-days,,,Red,,2XL,,,,0.0,shopify,99999,continue,manual,79.95,114.95,true,true,https://cdn.shopify.com/s/files/1/1074/0200/2757/files/Mens_Quilted_Puffer_Jacket_with_Hood_for_Icy_Days-7.jpg?v=1790838921,,,
mens-quilted-puffer-jacket-with-hood-for-icy-days,,,Red,,3XL,,,,0.0,shopify,99999,continue,manual,79.95,114.95,true,true,https://cdn.shopify.com/s/files/1/1074/0200/2757/files/Mens_Quilted_Puffer_Jacket_with_Hood_for_Icy_Days-7.jpg?v=1790838921,,,
mens-quilted-puffer-jacket-with-hood-for-icy-days,,,,,,,,,,,,,,,,,,,https://cdn.shopify.com/s/files/1/1074/0200/2757/files/Mens_Quilted_Puffer_Jacket_with_Hood_for_Icy_Days-1.jpg?v=1790838921,1,Light gray men's quilted puffer jacket with hood
mens-quilted-puffer-jacket-with-hood-for-icy-days,,,,,,,,,,,,,,,,,,,https://cdn.shopify.com/s/files/1/1074/0200/2757/files/Mens_Quilted_Puffer_Jacket_with_Hood_for_Icy_Days-2.jpg?v=1790838921,2,Close-up of the black quilted puffer jacket fabric
mens-quilted-puffer-jacket-with-hood-for-icy-days,,,,,,,,,,,,,,,,,,,https://cdn.shopify.com/s/files/1/1074/0200/2757/files/Mens_Quilted_Puffer_Jacket_with_Hood_for_Icy_Days-3.jpg?v=1790838921,3,Close-up of the hood on the black puffer jacket
mens-quilted-puffer-jacket-with-hood-for-icy-days,,,,,,,,,,,,,,,,,,,https://cdn.shopify.com/s/files/1/1074/0200/2757/files/Mens_Quilted_Puffer_Jacket_with_Hood_for_Icy_Days-4.jpg?v=1790838921,4,"Black men's quilted puffer jacket with hood, front view"
mens-quilted-puffer-jacket-with-hood-for-icy-days,,,,,,,,,,,,,,,,,,,https://cdn.shopify.com/s/files/1/1074/0200/2757/files/Mens_Quilted_Puffer_Jacket_with_Hood_for_Icy_Days-5.jpg?v=1790838921,5,Black men's puffer jacket with zip front and pockets
mens-quilted-puffer-jacket-with-hood-for-icy-days,,,,,,,,,,,,,,,,,,,https://cdn.shopify.com/s/files/1/1074/0200/2757/files/Mens_Quilted_Puffer_Jacket_with_Hood_for_Icy_Days-6.jpg?v=1790838921,6,"Black hooded quilted puffer jacket, side view"
mens-quilted-puffer-jacket-with-hood-for-icy-days,,,,,,,,,,,,,,,,,,,https://cdn.shopify.com/s/files/1/1074/0200/2757/files/Mens_Quilted_Puffer_Jacket_with_Hood_for_Icy_Days-7.jpg?v=1790838921,7,Red men's quilted puffer jacket with hood
womens-hooded-puffer-jacket-for-autumn-winter-wear-1,Women's Hooded Puffer Jacket for Autumn Winter Wear,Color,Red Wine Hooded,Size,S,,,,0.0,shopify,99999,continue,manual,49.95,71.95,true,false,https://cdn.shopify.com/s/files/1/1074/0200/2757/files/Women_s_Hooded_Puffer_Jacket_for_Autumn_Winter_Wearaa.webp?v=1790714720,,,
womens-hooded-puffer-jacket-for-autumn-winter-wear-1,,,Red Wine Hooded,,M,,,,0.0,shopify,99999,continue,manual,49.95,71.95,true,false,https://cdn.shopify.com/s/files/1/1074/0200/2757/files/Women_s_Hooded_Puffer_Jacket_for_Autumn_Winter_Wearaa.webp?v=1790714720,,,
womens-hooded-puffer-jacket-for-autumn-winter-wear-1,,,Red Wine Hooded,,L,,,,0.0,shopify,99999,continue,manual,49.95,71.95,true,false,https://cdn.shopify.com/s/files/1/1074/0200/2757/files/Women_s_Hooded_Puffer_Jacket_for_Autumn_Winter_Wearaa.webp?v=1790714720,,,
womens-hooded-puffer-jacket-for-autumn-winter-wear-1,,,Red Wine Hooded,,XL,,,,0.0,shopify,99999,continue,manual,49.95,71.95,true,false,https://cdn.shopify.com/s/files/1/1074/0200/2757/files/Women_s_Hooded_Puffer_Jacket_for_Autumn_Winter_Wearaa.webp?v=1790714720,,,
womens-hooded-puffer-jacket-for-autumn-winter-wear-1,,,Red Wine Hooded,,2XL,,,,0.0,shopify,99999,continue,manual,49.95,71.95,true,false,https://cdn.shopify.com/s/files/1/1074/0200/2757/files/Women_s_Hooded_Puffer_Jacket_for_Autumn_Winter_Wearaa.webp?v=1790714720,,,
womens-hooded-puffer-jacket-for-autumn-winter-wear-1,,,Red Wine Hooded,,3XL,,,,0.0,shopify,99999,continue,manual,49.95,71.95,true,false,https://cdn.shopify.com/s/files/1/1074/0200/2757/files/Women_s_Hooded_Puffer_Jacket_for_Autumn_Winter_Wearaa.webp?v=1790714720,,,
womens-hooded-puffer-jacket-for-autumn-winter-wear-1,,,Red Wine Stand,,S,,,,0.0,shopify,99999,continue,manual,49.95,71.95,true,false,https://cdn.shopify.com/s/files/1/1074/0200/2757/files/Women_s_Hooded_Puffer_Jacket_for_Autumn_Winter_Wearvw2.webp?v=1790714735,,,
womens-hooded-puffer-jacket-for-autumn-winter-wear-1,,,Red Wine Stand,,M,,,,0.0,shopify,99999,continue,manual,49.95,71.95,true,false,https://cdn.shopify.com/s/files/1/1074/0200/2757/files/Women_s_Hooded_Puffer_Jacket_for_Autumn_Winter_Wearvw2.webp?v=1790714735,,,
womens-hooded-puffer-jacket-for-autumn-winter-wear-1,,,Red Wine Stand,,L,,,,0.0,shopify,99999,continue,manual,49.95,71.95,true,false,https://cdn.shopify.com/s/files/1/1074/0200/2757/files/Women_s_Hooded_Puffer_Jacket_for_Autumn_Winter_Wearvw2.webp?v=1790714735,,,
womens-hooded-puffer-jacket-for-autumn-winter-wear-1,,,Red Wine Stand,,XL,,,,0.0,shopify,99999,continue,manual,49.95,71.95,true,false,https://cdn.shopify.com/s/files/1/1074/0200/2757/files/Women_s_Hooded_Puffer_Jacket_for_Autumn_Winter_Wearvw2.webp?v=1790714735,,,
womens-hooded-puffer-jacket-for-autumn-winter-wear-1,,,Red Wine Stand,,2XL,,,,0.0,shopify,99999,continue,manual,49.95,71.95,true,false,https://cdn.shopify.com/s/files/1/1074/0200/2757/files/Women_s_Hooded_Puffer_Jacket_for_Autumn_Winter_Wearvw2.webp?v=1790714735,,,
womens-hooded-puffer-jacket-for-autumn-winter-wear-1,,,Red Wine Stand,,3XL,,,,0.0,shopify,99999,continue,manual,49.95,71.95,true,false,https://cdn.shopify.com/s/files/1/1074/0200/2757/files/Women_s_Hooded_Puffer_Jacket_for_Autumn_Winter_Wearvw2.webp?v=1790714735,,,
womens-hooded-puffer-jacket-for-autumn-winter-wear-1,,,Sky Blue Stand,,S,,,,0.0,shopify,99999,continue,manual,49.95,71.95,true,false,https://cdn.shopify.com/s/files/1/1074/0200/2757/files/Women_s_Hooded_Puffer_Jacket_for_Autumn_Winter_Wearvwe.webp?v=1790714741,,,
womens-hooded-puffer-jacket-for-autumn-winter-wear-1,,,Sky Blue Stand,,M,,,,0.0,shopify,99999,continue,manual,49.95,71.95,true,false,https://cdn.shopify.com/s/files/1/1074/0200/2757/files/Women_s_Hooded_Puffer_Jacket_for_Autumn_Winter_Wearvwe.webp?v=1790714741,,,
womens-hooded-puffer-jacket-for-autumn-winter-wear-1,,,Sky Blue Stand,,L,,,,0.0,shopify,99999,continue,manual,49.95,71.95,true,false,https://cdn.shopify.com/s/files/1/1074/0200/2757/files/Women_s_Hooded_Puffer_Jacket_for_Autumn_Winter_Wearvwe.webp?v=1790714741,,,
womens-hooded-puffer-jacket-for-autumn-winter-wear-1,,,Sky Blue Stand,,XL,,,,0.0,shopify,99999,continue,manual,49.95,71.95,true,false,https://cdn.shopify.com/s/files/1/1074/0200/2757/files/Women_s_Hooded_Puffer_Jacket_for_Autumn_Winter_Wearvwe.webp?v=1790714741,,,
womens-hooded-puffer-jacket-for-autumn-winter-wear-1,,,Sky Blue Stand,,2XL,,,,0.0,shopify,99999,continue,manual,49.95,71.95,true,false,https://cdn.shopify.com/s/files/1/1074/0200/2757/files/Women_s_Hooded_Puffer_Jacket_for_Autumn_Winter_Wearvwe.webp?v=1790714741,,,
womens-hooded-puffer-jacket-for-autumn-winter-wear-1,,,Sky Blue Stand,,3XL,,,,0.0,shopify,99999,continue,manual,49.95,71.95,true,false,https://cdn.shopify.com/s/files/1/1074/0200/2757/files/Women_s_Hooded_Puffer_Jacket_for_Autumn_Winter_Wearvwe.webp?v=1790714741,,,
womens-hooded-puffer-jacket-for-autumn-winter-wear-1,,,Black Hooded,,S,,,,0.0,shopify,99999,continue,manual,49.95,71.95,true,false,https://cdn.shopify.com/s/files/1/1074/0200/2757/files/Women_s_Hooded_Puffer_Jacket_for_Autumn_Winter_WearWomen_s_Hooded_Puffer_Jacket_for_Autumn_Winter_Weara.webp?v=1790714753,,,
womens-hooded-puffer-jacket-for-autumn-winter-wear-1,,,Black Hooded,,M,,,,0.0,shopify,99999,continue,manual,49.95,71.95,true,false,https://cdn.shopify.com/s/files/1/1074/0200/2757/files/Women_s_Hooded_Puffer_Jacket_for_Autumn_Winter_WearWomen_s_Hooded_Puffer_Jacket_for_Autumn_Winter_Weara.webp?v=1790714753,,,
womens-hooded-puffer-jacket-for-autumn-winter-wear-1,,,Black Hooded,,L,,,,0.0,shopify,99999,continue,manual,49.95,71.95,true,false,https://cdn.shopify.com/s/files/1/1074/0200/2757/files/Women_s_Hooded_Puffer_Jacket_for_Autumn_Winter_WearWomen_s_Hooded_Puffer_Jacket_for_Autumn_Winter_Weara.webp?v=1790714753,,,
womens-hooded-puffer-jacket-for-autumn-winter-wear-1,,,Black Hooded,,XL,,,,0.0,shopify,99999,continue,manual,49.95,71.95,true,false,https://cdn.shopify.com/s/files/1/1074/0200/2757/files/Women_s_Hooded_Puffer_Jacket_for_Autumn_Winter_WearWomen_s_Hooded_Puffer_Jacket_for_Autumn_Winter_Weara.webp?v=1790714753,,,
womens-hooded-puffer-jacket-for-autumn-winter-wear-1,,,Black Hooded,,2XL,,,,0.0,shopify,99999,continue,manual,49.95,71.95,true,false,https://cdn.shopify.com/s/files/1/1074/0200/2757/files/Women_s_Hooded_Puffer_Jacket_for_Autumn_Winter_WearWomen_s_Hooded_Puffer_Jacket_for_Autumn_Winter_Weara.webp?v=1790714753,,,
womens-hooded-puffer-jacket-for-autumn-winter-wear-1,,,Black Hooded,,3XL,,,,0.0,shopify,99999,continue,manual,49.95,71.95,true,false,https://cdn.shopify.com/s/files/1/1074/0200/2757/files/Women_s_Hooded_Puffer_Jacket_for_Autumn_Winter_WearWomen_s_Hooded_Puffer_Jacket_for_Autumn_Winter_Weara.webp?v=1790714753,,,
womens-hooded-puffer-jacket-for-autumn-winter-wear-1,,,Khaki Hooded,,S,,,,0.0,shopify,99999,continue,manual,49.95,71.95,true,false,https://cdn.shopify.com/s/files/1/1074/0200/2757/files/Women_s_Hooded_Puffer_Jacket_for_Autumn_Winter_Wearvwd.webp?v=1790714764,,,
womens-hooded-puffer-jacket-for-autumn-winter-wear-1,,,Khaki Hooded,,M,,,,0.0,shopify,99999,continue,manual,49.95,71.95,true,false,https://cdn.shopify.com/s/files/1/1074/0200/2757/files/Women_s_Hooded_Puffer_Jacket_for_Autumn_Winter_Wearvwd.webp?v=1790714764,,,
womens-hooded-puffer-jacket-for-autumn-winter-wear-1,,,Khaki Hooded,,L,,,,0.0,shopify,99999,continue,manual,49.95,71.95,true,false,https://cdn.shopify.com/s/files/1/1074/0200/2757/files/Women_s_Hooded_Puffer_Jacket_for_Autumn_Winter_Wearvwd.webp?v=1790714764,,,
womens-hooded-puffer-jacket-for-autumn-winter-wear-1,,,Khaki Hooded,,XL,,,,0.0,shopify,99999,continue,manual,49.95,71.95,true,false,https://cdn.shopify.com/s/files/1/1074/0200/2757/files/Women_s_Hooded_Puffer_Jacket_for_Autumn_Winter_Wearvwd.webp?v=1790714764,,,
womens-hooded-puffer-jacket-for-autumn-winter-wear-1,,,Khaki Hooded,,2XL,,,,0.0,shopify,99999,continue,manual,49.95,71.95,true,false,https://cdn.shopify.com/s/files/1/1074/0200/2757/files/Women_s_Hooded_Puffer_Jacket_for_Autumn_Winter_Wearvwd.webp?v=1790714764,,,
womens-hooded-puffer-jacket-for-autumn-winter-wear-1,,,Khaki Hooded,,3XL,,,,0.0,shopify,99999,continue,manual,49.95,71.95,true,false,https://cdn.shopify.com/s/files/1/1074/0200/2757/files/Women_s_Hooded_Puffer_Jacket_for_Autumn_Winter_Wearvwd.webp?v=1790714764,,,
womens-hooded-puffer-jacket-for-autumn-winter-wear-1,,,Black Stand,,S,,,,0.0,shopify,99999,continue,manual,49.95,71.95,true,false,https://cdn.shopify.com/s/files/1/1074/0200/2757/files/Women_s_Hooded_Puffer_Jacket_for_Autumn_Winter_Wearwdq.webp?v=1790714775,,,
womens-hooded-puffer-jacket-for-autumn-winter-wear-1,,,Black Stand,,M,,,,0.0,shopify,99999,continue,manual,49.95,71.95,true,false,https://cdn.shopify.com/s/files/1/1074/0200/2757/files/Women_s_Hooded_Puffer_Jacket_for_Autumn_Winter_Wearwdq.webp?v=1790714775,,,
womens-hooded-puffer-jacket-for-autumn-winter-wear-1,,,Black Stand,,L,,,,0.0,shopify,99999,continue,manual,49.95,71.95,true,false,https://cdn.shopify.com/s/files/1/1074/0200/2757/files/Women_s_Hooded_Puffer_Jacket_for_Autumn_Winter_Wearwdq.webp?v=1790714775,,,
womens-hooded-puffer-jacket-for-autumn-winter-wear-1,,,Black Stand,,XL,,,,0.0,shopify,99999,continue,manual,49.95,71.95,true,false,https://cdn.shopify.com/s/files/1/1074/0200/2757/files/Women_s_Hooded_Puffer_Jacket_for_Autumn_Winter_Wearwdq.webp?v=1790714775,,,
womens-hooded-puffer-jacket-for-autumn-winter-wear-1,,,Black Stand,,2XL,,,,0.0,shopify,99999,continue,manual,49.95,71.95,true,false,https://cdn.shopify.com/s/files/1/1074/0200/2757/files/Women_s_Hooded_Puffer_Jacket_for_Autumn_Winter_Wearwdq.webp?v=1790714775,,,
womens-hooded-puffer-jacket-for-autumn-winter-wear-1,,,Black Stand,,3XL,,,,0.0,shopify,99999,continue,manual,49.95,71.95,true,false,https://cdn.shopify.com/s/files/1/1074/0200/2757/files/Women_s_Hooded_Puffer_Jacket_for_Autumn_Winter_Wearwdq.webp?v=1790714775,,,
womens-hooded-puffer-jacket-for-autumn-winter-wear-1,,,Rose Red Stand,,S,,,,0.0,shopify,99999,continue,manual,49.95,71.95,true,false,https://cdn.shopify.com/s/files/1/1074/0200/2757/files/Women_s_Hooded_Puffer_Jacket_for_Autumn_Winter_Wearfvw.webp?v=1790714783,,,
womens-hooded-puffer-jacket-for-autumn-winter-wear-1,,,Rose Red Stand,,M,,,,0.0,shopify,99999,continue,manual,49.95,71.95,true,false,https://cdn.shopify.com/s/files/1/1074/0200/2757/files/Women_s_Hooded_Puffer_Jacket_for_Autumn_Winter_Wearfvw.webp?v=1790714783,,,
womens-hooded-puffer-jacket-for-autumn-winter-wear-1,,,Rose Red Stand,,L,,,,0.0,shopify,99999,continue,manual,49.95,71.95,true,false,https://cdn.shopify.com/s/files/1/1074/0200/2757/files/Women_s_Hooded_Puffer_Jacket_for_Autumn_Winter_Wearfvw.webp?v=1790714783,,,
womens-hooded-puffer-jacket-for-autumn-winter-wear-1,,,Rose Red Stand,,XL,,,,0.0,shopify,99999,continue,manual,49.95,71.95,true,false,https://cdn.shopify.com/s/files/1/1074/0200/2757/files/Women_s_Hooded_Puffer_Jacket_for_Autumn_Winter_Wearfvw.webp?v=1790714783,,,
womens-hooded-puffer-jacket-for-autumn-winter-wear-1,,,Rose Red Stand,,2XL,,,,0.0,shopify,99999,continue,manual,49.95,71.95,true,false,https://cdn.shopify.com/s/files/1/1074/0200/2757/files/Women_s_Hooded_Puffer_Jacket_for_Autumn_Winter_Wearfvw.webp?v=1790714783,,,
womens-hooded-puffer-jacket-for-autumn-winter-wear-1,,,Rose Red Stand,,3XL,,,,0.0,shopify,99999,continue,manual,49.95,71.95,true,false,https://cdn.shopify.com/s/files/1/1074/0200/2757/files/Women_s_Hooded_Puffer_Jacket_for_Autumn_Winter_Wearfvw.webp?v=1790714783,,,
womens-hooded-puffer-jacket-for-autumn-winter-wear-1,,,Red Stand,,S,,,,0.0,shopify,99999,continue,manual,49.95,71.95,true,false,https://cdn.shopify.com/s/files/1/1074/0200/2757/files/Women_s_Hooded_Puffer_Jacket_for_Autumn_Winter_Wearved.webp?v=1790714790,,,
womens-hooded-puffer-jacket-for-autumn-winter-wear-1,,,Red Stand,,M,,,,0.0,shopify,99999,continue,manual,49.95,71.95,true,false,https://cdn.shopify.com/s/files/1/1074/0200/2757/files/Women_s_Hooded_Puffer_Jacket_for_Autumn_Winter_Wearved.webp?v=1790714790,,,
womens-hooded-puffer-jacket-for-autumn-winter-wear-1,,,Red Stand,,L,,,,0.0,shopify,99999,continue,manual,49.95,71.95,true,false,https://cdn.shopify.com/s/files/1/1074/0200/2757/files/Women_s_Hooded_Puffer_Jacket_for_Autumn_Winter_Wearved.webp?v=1790714790,,,
womens-hooded-puffer-jacket-for-autumn-winter-wear-1,,,Red Stand,,XL,,,,0.0,shopify,99999,continue,manual,49.95,71.95,true,false,https://cdn.shopify.com/s/files/1/1074/0200/2757/files/Women_s_Hooded_Puffer_Jacket_for_Autumn_Winter_Wearved.webp?v=1790714790,,,
womens-hooded-puffer-jacket-for-autumn-winter-wear-1,,,Red Stand,,2XL,,,,0.0,shopify,99999,continue,manual,49.95,71.95,true,false,https://cdn.shopify.com/s/files/1/1074/0200/2757/files/Women_s_Hooded_Puffer_Jacket_for_Autumn_Winter_Wearved.webp?v=1790714790,,,
womens-hooded-puffer-jacket-for-autumn-winter-wear-1,,,Red Stand,,3XL,,,,0.0,shopify,99999,continue,manual,49.95,71.95,true,false,https://cdn.shopify.com/s/files/1/1074/0200/2757/files/Women_s_Hooded_Puffer_Jacket_for_Autumn_Winter_Wearved.webp?v=1790714790,,,
womens-hooded-puffer-jacket-for-autumn-winter-wear-1,,,Khaki Stand,,S,,,,0.0,shopify,99999,continue,manual,49.95,71.95,true,false,https://cdn.shopify.com/s/files/1/1074/0200/2757/files/Women_s_Hooded_Puffer_Jacket_for_Autumn_Winter_Wearvwq.webp?v=1790714806,,,
womens-hooded-puffer-jacket-for-autumn-winter-wear-1,,,Khaki Stand,,M,,,,0.0,shopify,99999,continue,manual,49.95,71.95,true,false,https://cdn.shopify.com/s/files/1/1074/0200/2757/files/Women_s_Hooded_Puffer_Jacket_for_Autumn_Winter_Wearvwq.webp?v=1790714806,,,
womens-hooded-puffer-jacket-for-autumn-winter-wear-1,,,Khaki Stand,,L,,,,0.0,shopify,99999,continue,manual,49.95,71.95,true,false,https://cdn.shopify.com/s/files/1/1074/0200/2757/files/Women_s_Hooded_Puffer_Jacket_for_Autumn_Winter_Wearvwq.webp?v=1790714806,,,
womens-hooded-puffer-jacket-for-autumn-winter-wear-1,,,Khaki Stand,,XL,,,,0.0,shopify,99999,continue,manual,49.95,71.95,true,false,https://cdn.shopify.com/s/files/1/1074/0200/2757/files/Women_s_Hooded_Puffer_Jacket_for_Autumn_Winter_Wearvwq.webp?v=1790714806,,,
womens-hooded-puffer-jacket-for-autumn-winter-wear-1,,,Khaki Stand,,2XL,,,,0.0,shopify,99999,continue,manual,49.95,71.95,true,false,https://cdn.shopify.com/s/files/1/1074/0200/2757/files/Women_s_Hooded_Puffer_Jacket_for_Autumn_Winter_Wearvwq.webp?v=1790714806,,,
womens-hooded-puffer-jacket-for-autumn-winter-wear-1,,,Khaki Stand,,3XL,,,,0.0,shopify,99999,continue,manual,49.95,71.95,true,false,https://cdn.shopify.com/s/files/1/1074/0200/2757/files/Women_s_Hooded_Puffer_Jacket_for_Autumn_Winter_Wearvwq.webp?v=1790714806,,,
womens-hooded-puffer-jacket-for-autumn-winter-wear-1,,,Dark Blue Stand,,S,,,,0.0,shopify,99999,continue,manual,49.95,71.95,true,false,https://cdn.shopify.com/s/files/1/1074/0200/2757/files/Women_s_Hooded_Puffer_Jacket_for_Autumn_Winter_Wearvsa.webp?v=1790714812,,,
womens-hooded-puffer-jacket-for-autumn-winter-wear-1,,,Dark Blue Stand,,M,,,,0.0,shopify,99999,continue,manual,49.95,71.95,true,false,https://cdn.shopify.com/s/files/1/1074/0200/2757/files/Women_s_Hooded_Puffer_Jacket_for_Autumn_Winter_Wearvsa.webp?v=1790714812,,,
womens-hooded-puffer-jacket-for-autumn-winter-wear-1,,,Dark Blue Stand,,L,,,,0.0,shopify,99999,continue,manual,49.95,71.95,true,false,https://cdn.shopify.com/s/files/1/1074/0200/2757/files/Women_s_Hooded_Puffer_Jacket_for_Autumn_Winter_Wearvsa.webp?v=1790714812,,,
womens-hooded-puffer-jacket-for-autumn-winter-wear-1,,,Dark Blue Stand,,XL,,,,0.0,shopify,99999,continue,manual,49.95,71.95,true,false,https://cdn.shopify.com/s/files/1/1074/0200/2757/files/Women_s_Hooded_Puffer_Jacket_for_Autumn_Winter_Wearvsa.webp?v=1790714812,,,
womens-hooded-puffer-jacket-for-autumn-winter-wear-1,,,Dark Blue Stand,,2XL,,,,0.0,shopify,99999,continue,manual,49.95,71.95,true,false,https://cdn.shopify.com/s/files/1/1074/0200/2757/files/Women_s_Hooded_Puffer_Jacket_for_Autumn_Winter_Wearvsa.webp?v=1790714812,,,
womens-hooded-puffer-jacket-for-autumn-winter-wear-1,,,Dark Blue Stand,,3XL,,,,0.0,shopify,99999,continue,manual,49.95,71.95,true,false,https://cdn.shopify.com/s/files/1/1074/0200/2757/files/Women_s_Hooded_Puffer_Jacket_for_Autumn_Winter_Wearvsa.webp?v=1790714812,,,
womens-hooded-puffer-jacket-for-autumn-winter-wear-1,,,Blue Stand,,S,,,,0.0,shopify,99999,continue,manual,49.95,71.95,true,false,https://cdn.shopify.com/s/files/1/1074/0200/2757/files/Women_s_Hooded_Puffer_Jacket_for_Autumn_Winter_Wearsda.webp?v=1790714819,,,
womens-hooded-puffer-jacket-for-autumn-winter-wear-1,,,Blue Stand,,M,,,,0.0,shopify,99999,continue,manual,49.95,71.95,true,false,https://cdn.shopify.com/s/files/1/1074/0200/2757/files/Women_s_Hooded_Puffer_Jacket_for_Autumn_Winter_Wearsda.webp?v=1790714819,,,
womens-hooded-puffer-jacket-for-autumn-winter-wear-1,,,Blue Stand,,L,,,,0.0,shopify,99999,continue,manual,49.95,71.95,true,false,https://cdn.shopify.com/s/files/1/1074/0200/2757/files/Women_s_Hooded_Puffer_Jacket_for_Autumn_Winter_Wearsda.webp?v=1790714819,,,
womens-hooded-puffer-jacket-for-autumn-winter-wear-1,,,Blue Stand,,XL,,,,0.0,shopify,99999,continue,manual,49.95,71.95,true,false,https://cdn.shopify.com/s/files/1/1074/0200/2757/files/Women_s_Hooded_Puffer_Jacket_for_Autumn_Winter_Wearsda.webp?v=1790714819,,,
womens-hooded-puffer-jacket-for-autumn-winter-wear-1,,,Blue Stand,,2XL,,,,0.0,shopify,99999,continue,manual,49.95,71.95,true,false,https://cdn.shopify.com/s/files/1/1074/0200/2757/files/Women_s_Hooded_Puffer_Jacket_for_Autumn_Winter_Wearsda.webp?v=1790714819,,,
womens-hooded-puffer-jacket-for-autumn-winter-wear-1,,,Blue Stand,,3XL,,,,0.0,shopify,99999,continue,manual,49.95,71.95,true,false,https://cdn.shopify.com/s/files/1/1074/0200/2757/files/Women_s_Hooded_Puffer_Jacket_for_Autumn_Winter_Wearsda.webp?v=1790714819,,,
womens-hooded-puffer-jacket-for-autumn-winter-wear-1,,,Pink Stand,,S,,,,0.0,shopify,99999,continue,manual,49.95,71.95,true,false,https://cdn.shopify.com/s/files/1/1074/0200/2757/files/Women_s_Hooded_Puffer_Jacket_for_Autumn_Winter_Wearwewq.webp?v=1790714830,,,
womens-hooded-puffer-jacket-for-autumn-winter-wear-1,,,Pink Stand,,M,,,,0.0,shopify,99999,continue,manual,49.95,71.95,true,false,https://cdn.shopify.com/s/files/1/1074/0200/2757/files/Women_s_Hooded_Puffer_Jacket_for_Autumn_Winter_Wearwewq.webp?v=1790714830,,,
womens-hooded-puffer-jacket-for-autumn-winter-wear-1,,,Pink Stand,,L,,,,0.0,shopify,99999,continue,manual,49.95,71.95,true,false,https://cdn.shopify.com/s/files/1/1074/0200/2757/files/Women_s_Hooded_Puffer_Jacket_for_Autumn_Winter_Wearwewq.webp?v=1790714830,,,
womens-hooded-puffer-jacket-for-autumn-winter-wear-1,,,Pink Stand,,XL,,,,0.0,shopify,99999,continue,manual,49.95,71.95,true,false,https://cdn.shopify.com/s/files/1/1074/0200/2757/files/Women_s_Hooded_Puffer_Jacket_for_Autumn_Winter_Wearwewq.webp?v=1790714830,,,
womens-hooded-puffer-jacket-for-autumn-winter-wear-1,,,Pink Stand,,2XL,,,,0.0,shopify,99999,continue,manual,49.95,71.95,true,false,https://cdn.shopify.com/s/files/1/1074/0200/2757/files/Women_s_Hooded_Puffer_Jacket_for_Autumn_Winter_Wearwewq.webp?v=1790714830,,,
womens-hooded-puffer-jacket-for-autumn-winter-wear-1,,,Pink Stand,,3XL,,,,0.0,shopify,99999,continue,manual,49.95,71.95,true,false,https://cdn.shopify.com/s/files/1/1074/0200/2757/files/Women_s_Hooded_Puffer_Jacket_for_Autumn_Winter_Wearwewq.webp?v=1790714830,,,
womens-hooded-puffer-jacket-for-autumn-winter-wear-1,,,Purple Stand,,S,,,,0.0,shopify,99999,continue,manual,49.95,71.95,true,false,https://cdn.shopify.com/s/files/1/1074/0200/2757/files/Women_s_Hooded_Puffer_Jacket_for_Autumn_Winter_Wearvea.webp?v=1790714837,,,
womens-hooded-puffer-jacket-for-autumn-winter-wear-1,,,Purple Stand,,M,,,,0.0,shopify,99999,continue,manual,49.95,71.95,true,false,https://cdn.shopify.com/s/files/1/1074/0200/2757/files/Women_s_Hooded_Puffer_Jacket_for_Autumn_Winter_Wearvea.webp?v=1790714837,,,
womens-hooded-puffer-jacket-for-autumn-winter-wear-1,,,Purple Stand,,L,,,,0.0,shopify,99999,continue,manual,49.95,71.95,true,false,https://cdn.shopify.com/s/files/1/1074/0200/2757/files/Women_s_Hooded_Puffer_Jacket_for_Autumn_Winter_Wearvea.webp?v=1790714837,,,
womens-hooded-puffer-jacket-for-autumn-winter-wear-1,,,Purple Stand,,XL,,,,0.0,shopify,99999,continue,manual,49.95,71.95,true,false,https://cdn.shopify.com/s/files/1/1074/0200/2757/files/Women_s_Hooded_Puffer_Jacket_for_Autumn_Winter_Wearvea.webp?v=1790714837,,,
womens-hooded-puffer-jacket-for-autumn-winter-wear-1,,,,,,,,,,,,,,,,,,,https://cdn.shopify.com/s/files/1/1074/0200/2757/files/Women_s_Hooded_Puffer_Jacket_for_Autumn_Winter_Wearvda.webp?v=1790714675,1,Women's Hooded Puffer Jacket for Autumn Winter Wear
womens-hooded-puffer-jacket-for-autumn-winter-wear-1,,,,,,,,,,,,,,,,,,,https://cdn.shopify.com/s/files/1/1074/0200/2757/files/Women_s_Hooded_Puffer_Jacket_for_Autumn_Winter_Wearva.webp?v=1790714683,2,Women's Hooded Puffer Jacket for Autumn Winter Wear
womens-hooded-puffer-jacket-for-autumn-winter-wear-1,,,,,,,,,,,,,,,,,,,https://cdn.shopify.com/s/files/1/1074/0200/2757/files/Women_s_Hooded_Puffer_Jacket_for_Autumn_Winter_Wearvsd.webp?v=1790714690,3,Women's Hooded Puffer Jacket for Autumn Winter Wear
womens-hooded-puffer-jacket-for-autumn-winter-wear-1,,,,,,,,,,,,,,,,,,,https://cdn.shopify.com/s/files/1/1074/0200/2757/files/Women_s_Hooded_Puffer_Jacket_for_Autumn_Winter_Wearda.webp?v=1790714696,4,Women's Hooded Puffer Jacket for Autumn Winter Wear
womens-hooded-puffer-jacket-for-autumn-winter-wear-1,,,,,,,,,,,,,,,,,,,https://cdn.shopify.com/s/files/1/1074/0200/2757/files/Women_s_Hooded_Puffer_Jacket_for_Autumn_Winter_Weardsa.webp?v=1790714705,5,Women's Hooded Puffer Jacket for Autumn Winter Wear
womens-hooded-puffer-jacket-for-autumn-winter-wear-1,,,,,,,,,,,,,,,,,,,https://cdn.shopify.com/s/files/1/1074/0200/2757/files/Women_s_Hooded_Puffer_Jacket_for_Autumn_Winter_Wearvsda.webp?v=1790714713,6,Women's Hooded Puffer Jacket for Autumn Winter Wear
womens-hooded-puffer-jacket-for-autumn-winter-wear-1,,,,,,,,,,,,,,,,,,,https://cdn.shopify.com/s/files/1/1074/0200/2757/files/Women_s_Hooded_Puffer_Jacket_for_Autumn_Winter_Wearaa.webp?v=1790714720,7,Women's Hooded Puffer Jacket for Autumn Winter Wear
womens-hooded-puffer-jacket-for-autumn-winter-wear-1,,,,,,,,,,,,,,,,,,,https://cdn.shopify.com/s/files/1/1074/0200/2757/files/Women_s_Hooded_Puffer_Jacket_for_Autumn_Winter_Wearvw2.webp?v=1790714735,8,Women's Hooded Puffer Jacket for Autumn Winter Wear
womens-hooded-puffer-jacket-for-autumn-winter-wear-1,,,,,,,,,,,,,,,,,,,https://cdn.shopify.com/s/files/1/1074/0200/2757/files/Women_s_Hooded_Puffer_Jacket_for_Autumn_Winter_Wearvwe.webp?v=1790714741,9,Women's Hooded Puffer Jacket for Autumn Winter Wear
womens-hooded-puffer-jacket-for-autumn-winter-wear-1,,,,,,,,,,,,,,,,,,,https://cdn.shopify.com/s/files/1/1074/0200/2757/files/Women_s_Hooded_Puffer_Jacket_for_Autumn_Winter_WearWomen_s_Hooded_Puffer_Jacket_for_Autumn_Winter_Weara.webp?v=1790714753,10,Women's Hooded Puffer Jacket for Autumn Winter Wear
womens-hooded-puffer-jacket-for-autumn-winter-wear-1,,,,,,,,,,,,,,,,,,,https://cdn.shopify.com/s/files/1/1074/0200/2757/files/Women_s_Hooded_Puffer_Jacket_for_Autumn_Winter_Wearvwd.webp?v=1790714764,11,Women's Hooded Puffer Jacket for Autumn Winter Wear
womens-hooded-puffer-jacket-for-autumn-winter-wear-1,,,,,,,,,,,,,,,,,,,https://cdn.shopify.com/s/files/1/1074/0200/2757/files/Women_s_Hooded_Puffer_Jacket_for_Autumn_Winter_Wearwdq.webp?v=1790714775,12,Women's Hooded Puffer Jacket for Autumn Winter Wear
womens-hooded-puffer-jacket-for-autumn-winter-wear-1,,,,,,,,,,,,,,,,,,,https://cdn.shopify.com/s/files/1/1074/0200/2757/files/Women_s_Hooded_Puffer_Jacket_for_Autumn_Winter_Wearfvw.webp?v=1790714783,13,Women's Hooded Puffer Jacket for Autumn Winter Wear
womens-hooded-puffer-jacket-for-autumn-winter-wear-1,,,,,,,,,,,,,,,,,,,https://cdn.shopify.com/s/files/1/1074/0200/2757/files/Women_s_Hooded_Puffer_Jacket_for_Autumn_Winter_Wearved.webp?v=1790714790,14,Women's Hooded Puffer Jacket for Autumn Winter Wear
womens-hooded-puffer-jacket-for-autumn-winter-wear-1,,,,,,,,,,,,,,,,,,,https://cdn.shopify.com/s/files/1/1074/0200/2757/files/Women_s_Hooded_Puffer_Jacket_for_Autumn_Winter_Wearvwq.webp?v=1790714806,15,Women's Hooded Puffer Jacket for Autumn Winter Wear
womens-hooded-puffer-jacket-for-autumn-winter-wear-1,,,,,,,,,,,,,,,,,,,https://cdn.shopify.com/s/files/1/1074/0200/2757/files/Women_s_Hooded_Puffer_Jacket_for_Autumn_Winter_Wearvsa.webp?v=1790714812,16,Women's Hooded Puffer Jacket for Autumn Winter Wear
womens-hooded-puffer-jacket-for-autumn-winter-wear-1,,,,,,,,,,,,,,,,,,,https://cdn.shopify.com/s/files/1/1074/0200/2757/files/Women_s_Hooded_Puffer_Jacket_for_Autumn_Winter_Wearsda.webp?v=1790714819,17,Women's Hooded Puffer Jacket for Autumn Winter Wear
womens-hooded-puffer-jacket-for-autumn-winter-wear-1,,,,,,,,,,,,,,,,,,,https://cdn.shopify.com/s/files/1/1074/0200/2757/files/Women_s_Hooded_Puffer_Jacket_for_Autumn_Winter_Wearwewq.webp?v=1790714830,18,Women's Hooded Puffer Jacket for Autumn Winter Wear
womens-hooded-puffer-jacket-for-autumn-winter-wear-1,,,,,,,,,,,,,,,,,,,https://cdn.shopify.com/s/files/1/1074/0200/2757/files/Women_s_Hooded_Puffer_Jacket_for_Autumn_Winter_Wearvea.webp?v=1790714837,19,Women's Hooded Puffer Jacket for Autumn Winter Wear
womens-hooded-puffer-jacket-for-autumn-winter-wear-1,,,,,,,,,,,,,,,,,,,https://cdn.shopify.com/s/files/1/1074/0200/2757/files/Women_s_Hooded_Puffer_Jacket_for_Autumn_Winter_Wearweq.webp?v=1790714848,20,Women's Hooded Puffer Jacket for Autumn Winter Wear
womens-hooded-puffer-jacket-for-autumn-winter-wear-1,,,,,,,,,,,,,,,,,,,https://cdn.shopify.com/s/files/1/1074/0200/2757/files/Women_s_Hooded_Puffer_Jacket_for_Autumn_Winter_Wearvw.webp?v=1790714856,21,Women's Hooded Puffer Jacket for Autumn Winter Wear
womens-hooded-puffer-jacket-for-autumn-winter-wear-1,,,,,,,,,,,,,,,,,,,https://cdn.shopify.com/s/files/1/1074/0200/2757/files/Women_s_Hooded_Puffer_Jacket_for_Autumn_Winter_Wearfwe.webp?v=1790714865,22,Women's Hooded Puffer Jacket for Autumn Winter Wear
womens-hooded-puffer-jacket-for-autumn-winter-wear-1,,,,,,,,,,,,,,,,,,,https://cdn.shopify.com/s/files/1/1074/0200/2757/files/Women_s_Hooded_Puffer_Jacket_for_Autumn_Winter_Wearvww.webp?v=1790714877,23,Women's Hooded Puffer Jacket for Autumn Winter Wear
womens-hooded-puffer-jacket-for-autumn-winter-wear-1,,,,,,,,,,,,,,,,,,,https://cdn.shopify.com/s/files/1/1074/0200/2757/files/Women_s_Hooded_Puffer_Jacket_for_Autumn_Winter_Wearvq.webp?v=1790714885,24,Women's Hooded Puffer Jacket for Autumn Winter Wear
womens-hooded-puffer-jacket-for-autumn-winter-wear-1,,,,,,,,,,,,,,,,,,,https://cdn.shopify.com/s/files/1/1074/0200/2757/files/Women_s_Hooded_Puffer_Jacket_for_Autumn_Winter_Wearvswfsw.webp?v=1790714897,25,Women's Hooded Puffer Jacket for Autumn Winter Wear
womens-hooded-puffer-jacket-for-autumn-winter-wear-1,,,,,,,,,,,,,,,,,,,https://cdn.shopify.com/s/files/1/1074/0200/2757/files/Women_s_Hooded_Puffer_Jacket_for_Autumn_Winter_Wearvsaa.webp?v=1790714905,26,Women's Hooded Puffer Jacket for Autumn Winter Wear
womens-hooded-puffer-jacket-for-autumn-winter-wear-1,,,,,,,,,,,,,,,,,,,https://cdn.shopify.com/s/files/1/1074/0200/2757/files/Women_s_Hooded_Puffer_Jacket_for_Autumn_Winter_Wearvwa.webp?v=1790714912,27,Women's Hooded Puffer Jacket for Autumn Winter Wear
mens-quilted-stand-collar-jacket-with-zip-front-for-winter,Men's Quilted Stand Collar Jacket with Zip Front for Winter,Color,Black,Size,S,,,,0.0,shopify,99999,continue,manual,49.95,71.95,true,true,https://cdn.shopify.com/s/files/1/1074/0200/2757/files/Mens_Quilted_Stand_Collar_Jacket_with_Zip_Front_for_Winter-1.png?v=1791113092,,,
mens-quilted-stand-collar-jacket-with-zip-front-for-winter,,,Black,,M,,,,0.0,shopify,99999,continue,manual,49.95,71.95,true,true,https://cdn.shopify.com/s/files/1/1074/0200/2757/files/Mens_Quilted_Stand_Collar_Jacket_with_Zip_Front_for_Winter-1.png?v=1791113092,,,
mens-quilted-stand-collar-jacket-with-zip-front-for-winter,,,Black,,L,,,,0.0,shopify,99999,continue,manual,49.95,71.95,true,true,https://cdn.shopify.com/s/files/1/1074/0200/2757/files/Mens_Quilted_Stand_Collar_Jacket_with_Zip_Front_for_Winter-1.png?v=1791113092,,,
mens-quilted-stand-collar-jacket-with-zip-front-for-winter,,,Black,,XL,,,,0.0,shopify,99999,continue,manual,49.95,71.95,true,true,https://cdn.shopify.com/s/files/1/1074/0200/2757/files/Mens_Quilted_Stand_Collar_Jacket_with_Zip_Front_for_Winter-1.png?v=1791113092,,,
mens-quilted-stand-collar-jacket-with-zip-front-for-winter,,,Black,,2XL,,,,0.0,shopify,99999,continue,manual,49.95,71.95,true,true,https://cdn.shopify.com/s/files/1/1074/0200/2757/files/Mens_Quilted_Stand_Collar_Jacket_with_Zip_Front_for_Winter-1.png?v=1791113092,,,
mens-quilted-stand-collar-jacket-with-zip-front-for-winter,,,Black,,3XL,,,,0.0,shopify,99999,continue,manual,49.95,71.95,true,true,https://cdn.shopify.com/s/files/1/1074/0200/2757/files/Mens_Quilted_Stand_Collar_Jacket_with_Zip_Front_for_Winter-1.png?v=1791113092,,,
mens-quilted-stand-collar-jacket-with-zip-front-for-winter,,,Navy Blue,,S,,,,0.0,shopify,99999,continue,manual,49.95,71.95,true,true,https://cdn.shopify.com/s/files/1/1074/0200/2757/files/Mens_Quilted_Stand_Collar_Jacket_with_Zip_Front_for_Winter-2.png?v=1791113092,,,
mens-quilted-stand-collar-jacket-with-zip-front-for-winter,,,Navy Blue,,M,,,,0.0,shopify,99999,continue,manual,49.95,71.95,true,true,https://cdn.shopify.com/s/files/1/1074/0200/2757/files/Mens_Quilted_Stand_Collar_Jacket_with_Zip_Front_for_Winter-2.png?v=1791113092,,,
mens-quilted-stand-collar-jacket-with-zip-front-for-winter,,,Navy Blue,,L,,,,0.0,shopify,99999,continue,manual,49.95,71.95,true,true,https://cdn.shopify.com/s/files/1/1074/0200/2757/files/Mens_Quilted_Stand_Collar_Jacket_with_Zip_Front_for_Winter-2.png?v=1791113092,,,
mens-quilted-stand-collar-jacket-with-zip-front-for-winter,,,Navy Blue,,XL,,,,0.0,shopify,99999,continue,manual,49.95,71.95,true,true,https://cdn.shopify.com/s/files/1/1074/0200/2757/files/Mens_Quilted_Stand_Collar_Jacket_with_Zip_Front_for_Winter-2.png?v=1791113092,,,
mens-quilted-stand-collar-jacket-with-zip-front-for-winter,,,Navy Blue,,2XL,,,,0.0,shopify,99999,continue,manual,49.95,71.95,true,true,https://cdn.shopify.com/s/files/1/1074/0200/2757/files/Mens_Quilted_Stand_Collar_Jacket_with_Zip_Front_for_Winter-2.png?v=1791113092,,,
mens-quilted-stand-collar-jacket-with-zip-front-for-winter,,,Navy Blue,,3XL,,,,0.0,shopify,99999,continue,manual,49.95,71.95,true,true,https://cdn.shopify.com/s/files/1/1074/0200/2757/files/Mens_Quilted_Stand_Collar_Jacket_with_Zip_Front_for_Winter-2.png?v=1791113092,,,
mens-quilted-stand-collar-jacket-with-zip-front-for-winter,,,Red,,S,,,,0.0,shopify,99999,continue,manual,49.95,71.95,true,true,https://cdn.shopify.com/s/files/1/1074/0200/2757/files/Mens_Quilted_Stand_Collar_Jacket_with_Zip_Front_for_Winter-3.png?v=1791113092,,,
mens-quilted-stand-collar-jacket-with-zip-front-for-winter,,,Red,,M,,,,0.0,shopify,99999,continue,manual,49.95,71.95,true,true,https://cdn.shopify.com/s/files/1/1074/0200/2757/files/Mens_Quilted_Stand_Collar_Jacket_with_Zip_Front_for_Winter-3.png?v=1791113092,,,
mens-quilted-stand-collar-jacket-with-zip-front-for-winter,,,Red,,L,,,,0.0,shopify,99999,continue,manual,49.95,71.95,true,true,https://cdn.shopify.com/s/files/1/1074/0200/2757/files/Mens_Quilted_Stand_Collar_Jacket_with_Zip_Front_for_Winter-3.png?v=1791113092,,,
mens-quilted-stand-collar-jacket-with-zip-front-for-winter,,,Red,,XL,,,,0.0,shopify,99999,continue,manual,49.95,71.95,true,true,https://cdn.shopify.com/s/files/1/1074/0200/2757/files/Mens_Quilted_Stand_Collar_Jacket_with_Zip_Front_for_Winter-3.png?v=1791113092,,,
mens-quilted-stand-collar-jacket-with-zip-front-for-winter,,,Red,,2XL,,,,0.0,shopify,99999,continue,manual,49.95,71.95,true,true,https://cdn.shopify.com/s/files/1/1074/0200/2757/files/Mens_Quilted_Stand_Collar_Jacket_with_Zip_Front_for_Winter-3.png?v=1791113092,,,
mens-quilted-stand-collar-jacket-with-zip-front-for-winter,,,Red,,3XL,,,,0.0,shopify,99999,continue,manual,49.95,71.95,true,true,https://cdn.shopify.com/s/files/1/1074/0200/2757/files/Mens_Quilted_Stand_Collar_Jacket_with_Zip_Front_for_Winter-3.png?v=1791113092,,,
mens-quilted-stand-collar-jacket-with-zip-front-for-winter,,,Green,,S,,,,0.0,shopify,99999,continue,manual,49.95,71.95,true,true,https://cdn.shopify.com/s/files/1/1074/0200/2757/files/Mens_Quilted_Stand_Collar_Jacket_with_Zip_Front_for_Winter-4.png?v=1791113092,,,
mens-quilted-stand-collar-jacket-with-zip-front-for-winter,,,Green,,M,,,,0.0,shopify,99999,continue,manual,49.95,71.95,true,true,https://cdn.shopify.com/s/files/1/1074/0200/2757/files/Mens_Quilted_Stand_Collar_Jacket_with_Zip_Front_for_Winter-4.png?v=1791113092,,,
mens-quilted-stand-collar-jacket-with-zip-front-for-winter,,,Green,,L,,,,0.0,shopify,99999,continue,manual,49.95,71.95,true,true,https://cdn.shopify.com/s/files/1/1074/0200/2757/files/Mens_Quilted_Stand_Collar_Jacket_with_Zip_Front_for_Winter-4.png?v=1791113092,,,
mens-quilted-stand-collar-jacket-with-zip-front-for-winter,,,Green,,XL,,,,0.0,shopify,99999,continue,manual,49.95,71.95,true,true,https://cdn.shopify.com/s/files/1/1074/0200/2757/files/Mens_Quilted_Stand_Collar_Jacket_with_Zip_Front_for_Winter-4.png?v=1791113092,,,
mens-quilted-stand-collar-jacket-with-zip-front-for-winter,,,Green,,2XL,,,,0.0,shopify,99999,continue,manual,49.95,71.95,true,true,https://cdn.shopify.com/s/files/1/1074/0200/2757/files/Mens_Quilted_Stand_Collar_Jacket_with_Zip_Front_for_Winter-4.png?v=1791113092,,,
mens-quilted-stand-collar-jacket-with-zip-front-for-winter,,,Green,,3XL,,,,0.0,shopify,99999,continue,manual,49.95,71.95,true,true,https://cdn.shopify.com/s/files/1/1074/0200/2757/files/Mens_Quilted_Stand_Collar_Jacket_with_Zip_Front_for_Winter-4.png?v=1791113092,,,
mens-quilted-stand-collar-jacket-with-zip-front-for-winter,,,,,,,,,,,,,,,,,,,https://cdn.shopify.com/s/files/1/1074/0200/2757/files/Mens_Quilted_Stand_Collar_Jacket_with_Zip_Front_for_Winter-1.png?v=1791113092,1,Men's Quilted Stand Collar Jacket with Zip Front in Black
mens-quilted-stand-collar-jacket-with-zip-front-for-winter,,,,,,,,,,,,,,,,,,,https://cdn.shopify.com/s/files/1/1074/0200/2757/files/Mens_Quilted_Stand_Collar_Jacket_with_Zip_Front_for_Winter-2.png?v=1791113092,2,Men's Quilted Stand Collar Jacket with Zip Front in Navy Blue
mens-quilted-stand-collar-jacket-with-zip-front-for-winter,,,,,,,,,,,,,,,,,,,https://cdn.shopify.com/s/files/1/1074/0200/2757/files/Mens_Quilted_Stand_Collar_Jacket_with_Zip_Front_for_Winter-3.png?v=1791113092,3,Men's Quilted Stand Collar Jacket with Zip Front in Red
mens-quilted-stand-collar-jacket-with-zip-front-for-winter,,,,,,,,,,,,,,,,,,,https://cdn.shopify.com/s/files/1/1074/0200/2757/files/Mens_Quilted_Stand_Collar_Jacket_with_Zip_Front_for_Winter-4.png?v=1791113092,4,Men's Quilted Stand Collar Jacket with Zip Front in Green
mens-quilted-stand-collar-jacket-with-zip-front-for-winter,,,,,,,,,,,,,,,,,,,https://cdn.shopify.com/s/files/1/1074/0200/2757/files/Mens_Quilted_Stand_Collar_Jacket_with_Zip_Front_for_Winter-5.png?v=1791113092,5,Men's Quilted Stand Collar Jacket with Zip Front additional view 5
womens-quilted-hooded-zip-jacket-with-plush-lining-for-cold-days,Women's Quilted Hooded Zip Jacket with Plush Lining for Cold Days,Color,Gray,Size,S,,,,0.0,shopify,99999,continue,manual,86.95,124.95,true,true,https://cdn.shopify.com/s/files/1/1074/0200/2757/files/Womens_Quilted_Hooded_Zip_Jacket_with_Plush_Lining_for_Cold_Days-1.jpg?v=1791040181,,,
womens-quilted-hooded-zip-jacket-with-plush-lining-for-cold-days,,,Gray,,M,,,,0.0,shopify,99999,continue,manual,86.95,124.95,true,true,https://cdn.shopify.com/s/files/1/1074/0200/2757/files/Womens_Quilted_Hooded_Zip_Jacket_with_Plush_Lining_for_Cold_Days-1.jpg?v=1791040181,,,
womens-quilted-hooded-zip-jacket-with-plush-lining-for-cold-days,,,Gray,,L,,,,0.0,shopify,99999,continue,manual,86.95,124.95,true,true,https://cdn.shopify.com/s/files/1/1074/0200/2757/files/Womens_Quilted_Hooded_Zip_Jacket_with_Plush_Lining_for_Cold_Days-1.jpg?v=1791040181,,,
womens-quilted-hooded-zip-jacket-with-plush-lining-for-cold-days,,,Gray,,XL,,,,0.0,shopify,99999,continue,manual,86.95,124.95,true,true,https://cdn.shopify.com/s/files/1/1074/0200/2757/files/Womens_Quilted_Hooded_Zip_Jacket_with_Plush_Lining_for_Cold_Days-1.jpg?v=1791040181,,,
womens-quilted-hooded-zip-jacket-with-plush-lining-for-cold-days,,,Gray,,2XL,,,,0.0,shopify,99999,continue,manual,86.95,124.95,true,true,https://cdn.shopify.com/s/files/1/1074/0200/2757/files/Womens_Quilted_Hooded_Zip_Jacket_with_Plush_Lining_for_Cold_Days-1.jpg?v=1791040181,,,
womens-quilted-hooded-zip-jacket-with-plush-lining-for-cold-days,,,Gray,,3XL,,,,0.0,shopify,99999,continue,manual,86.95,124.95,true,true,https://cdn.shopify.com/s/files/1/1074/0200/2757/files/Womens_Quilted_Hooded_Zip_Jacket_with_Plush_Lining_for_Cold_Days-1.jpg?v=1791040181,,,
womens-quilted-hooded-zip-jacket-with-plush-lining-for-cold-days,,,,,,,,,,,,,,,,,,,https://cdn.shopify.com/s/files/1/1074/0200/2757/files/Womens_Quilted_Hooded_Zip_Jacket_with_Plush_Lining_for_Cold_Days-1.jpg?v=1791040181,1,Women's Quilted Hooded Zip Jacket with Plush Lining in Gray
womens-quilted-hooded-zip-jacket-with-plush-lining-for-cold-days,,,,,,,,,,,,,,,,,,,https://cdn.shopify.com/s/files/1/1074/0200/2757/files/Womens_Quilted_Hooded_Zip_Jacket_with_Plush_Lining_for_Cold_Days-2.jpg?v=1791040181,2,Women's Quilted Hooded Zip Jacket with Plush Lining additional view 2
womens-quilted-hooded-zip-jacket-with-plush-lining-for-cold-days,,,,,,,,,,,,,,,,,,,https://cdn.shopify.com/s/files/1/1074/0200/2757/files/Womens_Quilted_Hooded_Zip_Jacket_with_Plush_Lining_for_Cold_Days-3.jpg?v=1791040181,3,Women's Quilted Hooded Zip Jacket with Plush Lining additional view 3
womens-quilted-jacket-with-high-collar-for-winter,Women's Quilted Jacket with High Collar for Winter,Color,Green,Size,S,,,,0.0,shopify,99999,continue,manual,69.95,99.95,true,false,https://cdn.shopify.com/s/files/1/1074/0200/2757/files/Women_s_Quilted_Jacket_with_High_Collar_for_Wintervsd.png?v=1790536966,,,
womens-quilted-jacket-with-high-collar-for-winter,,,Green,,M,,,,0.0,shopify,99999,continue,manual,69.95,99.95,true,false,https://cdn.shopify.com/s/files/1/1074/0200/2757/files/Women_s_Quilted_Jacket_with_High_Collar_for_Wintervsd.png?v=1790536966,,,
womens-quilted-jacket-with-high-collar-for-winter,,,Green,,L,,,,0.0,shopify,99999,continue,manual,69.95,99.95,true,false,https://cdn.shopify.com/s/files/1/1074/0200/2757/files/Women_s_Quilted_Jacket_with_High_Collar_for_Wintervsd.png?v=1790536966,,,
womens-quilted-jacket-with-high-collar-for-winter,,,Green,,XL,,,,0.0,shopify,99999,continue,manual,69.95,99.95,true,false,https://cdn.shopify.com/s/files/1/1074/0200/2757/files/Women_s_Quilted_Jacket_with_High_Collar_for_Wintervsd.png?v=1790536966,,,
womens-quilted-jacket-with-high-collar-for-winter,,,Green,,2XL,,,,0.0,shopify,99999,continue,manual,69.95,99.95,true,false,https://cdn.shopify.com/s/files/1/1074/0200/2757/files/Women_s_Quilted_Jacket_with_High_Collar_for_Wintervsd.png?v=1790536966,,,
womens-quilted-jacket-with-high-collar-for-winter,,,Green,,3XL,,,,0.0,shopify,99999,continue,manual,69.95,99.95,true,false,https://cdn.shopify.com/s/files/1/1074/0200/2757/files/Women_s_Quilted_Jacket_with_High_Collar_for_Wintervsd.png?v=1790536966,,,
womens-quilted-jacket-with-high-collar-for-winter,,,Black,,S,,,,0.0,shopify,99999,continue,manual,69.95,99.95,true,false,https://cdn.shopify.com/s/files/1/1074/0200/2757/files/Women_s_Quilted_Jacket_with_High_Collar_for_Wintertyt.png?v=1790536979,,,
womens-quilted-jacket-with-high-collar-for-winter,,,Black,,M,,,,0.0,shopify,99999,continue,manual,69.95,99.95,true,false,https://cdn.shopify.com/s/files/1/1074/0200/2757/files/Women_s_Quilted_Jacket_with_High_Collar_for_Wintertyt.png?v=1790536979,,,
womens-quilted-jacket-with-high-collar-for-winter,,,Black,,L,,,,0.0,shopify,99999,continue,manual,69.95,99.95,true,false,https://cdn.shopify.com/s/files/1/1074/0200/2757/files/Women_s_Quilted_Jacket_with_High_Collar_for_Wintertyt.png?v=1790536979,,,
womens-quilted-jacket-with-high-collar-for-winter,,,Black,,XL,,,,0.0,shopify,99999,continue,manual,69.95,99.95,true,false,https://cdn.shopify.com/s/files/1/1074/0200/2757/files/Women_s_Quilted_Jacket_with_High_Collar_for_Wintertyt.png?v=1790536979,,,
womens-quilted-jacket-with-high-collar-for-winter,,,Black,,2XL,,,,0.0,shopify,99999,continue,manual,69.95,99.95,true,false,https://cdn.shopify.com/s/files/1/1074/0200/2757/files/Women_s_Quilted_Jacket_with_High_Collar_for_Wintertyt.png?v=1790536979,,,
womens-quilted-jacket-with-high-collar-for-winter,,,Black,,3XL,,,,0.0,shopify,99999,continue,manual,69.95,99.95,true,false,https://cdn.shopify.com/s/files/1/1074/0200/2757/files/Women_s_Quilted_Jacket_with_High_Collar_for_Wintertyt.png?v=1790536979,,,
womens-quilted-jacket-with-high-collar-for-winter,,,Beige,,S,,,,0.0,shopify,99999,continue,manual,69.95,99.95,true,false,https://cdn.shopify.com/s/files/1/1074/0200/2757/files/Women_s_Quilted_Jacket_with_High_Collar_for_Winterrdtr.png?v=1790537002,,,
womens-quilted-jacket-with-high-collar-for-winter,,,Beige,,M,,,,0.0,shopify,99999,continue,manual,69.95,99.95,true,false,https://cdn.shopify.com/s/files/1/1074/0200/2757/files/Women_s_Quilted_Jacket_with_High_Collar_for_Winterrdtr.png?v=1790537002,,,
womens-quilted-jacket-with-high-collar-for-winter,,,Beige,,L,,,,0.0,shopify,99999,continue,manual,69.95,99.95,true,false,https://cdn.shopify.com/s/files/1/1074/0200/2757/files/Women_s_Quilted_Jacket_with_High_Collar_for_Winterrdtr.png?v=1790537002,,,
womens-quilted-jacket-with-high-collar-for-winter,,,Beige,,XL,,,,0.0,shopify,99999,continue,manual,69.95,99.95,true,false,https://cdn.shopify.com/s/files/1/1074/0200/2757/files/Women_s_Quilted_Jacket_with_High_Collar_for_Winterrdtr.png?v=1790537002,,,
womens-quilted-jacket-with-high-collar-for-winter,,,Beige,,2XL,,,,0.0,shopify,99999,continue,manual,69.95,99.95,true,false,https://cdn.shopify.com/s/files/1/1074/0200/2757/files/Women_s_Quilted_Jacket_with_High_Collar_for_Winterrdtr.png?v=1790537002,,,
womens-quilted-jacket-with-high-collar-for-winter,,,Beige,,3XL,,,,0.0,shopify,99999,continue,manual,69.95,99.95,true,false,https://cdn.shopify.com/s/files/1/1074/0200/2757/files/Women_s_Quilted_Jacket_with_High_Collar_for_Winterrdtr.png?v=1790537002,,,
womens-quilted-jacket-with-high-collar-for-winter,,,Pink,,S,,,,0.0,shopify,99999,continue,manual,69.95,99.95,true,false,https://cdn.shopify.com/s/files/1/1074/0200/2757/files/Women_s_Quilted_Jacket_with_High_Collar_for_Wintervs.png?v=1790537013,,,
womens-quilted-jacket-with-high-collar-for-winter,,,Pink,,M,,,,0.0,shopify,99999,continue,manual,69.95,99.95,true,false,https://cdn.shopify.com/s/files/1/1074/0200/2757/files/Women_s_Quilted_Jacket_with_High_Collar_for_Wintervs.png?v=1790537013,,,
womens-quilted-jacket-with-high-collar-for-winter,,,Pink,,L,,,,0.0,shopify,99999,continue,manual,69.95,99.95,true,false,https://cdn.shopify.com/s/files/1/1074/0200/2757/files/Women_s_Quilted_Jacket_with_High_Collar_for_Wintervs.png?v=1790537013,,,
womens-quilted-jacket-with-high-collar-for-winter,,,Pink,,XL,,,,0.0,shopify,99999,continue,manual,69.95,99.95,true,false,https://cdn.shopify.com/s/files/1/1074/0200/2757/files/Women_s_Quilted_Jacket_with_High_Collar_for_Wintervs.png?v=1790537013,,,
womens-quilted-jacket-with-high-collar-for-winter,,,Pink,,2XL,,,,0.0,shopify,99999,continue,manual,69.95,99.95,true,false,https://cdn.shopify.com/s/files/1/1074/0200/2757/files/Women_s_Quilted_Jacket_with_High_Collar_for_Wintervs.png?v=1790537013,,,
womens-quilted-jacket-with-high-collar-for-winter,,,Pink,,3XL,,,,0.0,shopify,99999,continue,manual,69.95,99.95,true,false,https://cdn.shopify.com/s/files/1/1074/0200/2757/files/Women_s_Quilted_Jacket_with_High_Collar_for_Wintervs.png?v=1790537013,,,
womens-quilted-jacket-with-high-collar-for-winter,,,Cream,,S,,,,0.0,shopify,99999,continue,manual,69.95,99.95,true,false,https://cdn.shopify.com/s/files/1/1074/0200/2757/files/Women_s_Quilted_Jacket_with_High_Collar_for_Wintervwe.png?v=1790537020,,,
womens-quilted-jacket-with-high-collar-for-winter,,,Cream,,M,,,,0.0,shopify,99999,continue,manual,69.95,99.95,true,false,https://cdn.shopify.com/s/files/1/1074/0200/2757/files/Women_s_Quilted_Jacket_with_High_Collar_for_Wintervwe.png?v=1790537020,,,
womens-quilted-jacket-with-high-collar-for-winter,,,Cream,,L,,,,0.0,shopify,99999,continue,manual,69.95,99.95,true,false,https://cdn.shopify.com/s/files/1/1074/0200/2757/files/Women_s_Quilted_Jacket_with_High_Collar_for_Wintervwe.png?v=1790537020,,,
womens-quilted-jacket-with-high-collar-for-winter,,,Cream,,XL,,,,0.0,shopify,99999,continue,manual,69.95,99.95,true,false,https://cdn.shopify.com/s/files/1/1074/0200/2757/files/Women_s_Quilted_Jacket_with_High_Collar_for_Wintervwe.png?v=1790537020,,,
womens-quilted-jacket-with-high-collar-for-winter,,,Cream,,2XL,,,,0.0,shopify,99999,continue,manual,69.95,99.95,true,false,https://cdn.shopify.com/s/files/1/1074/0200/2757/files/Women_s_Quilted_Jacket_with_High_Collar_for_Wintervwe.png?v=1790537020,,,
womens-quilted-jacket-with-high-collar-for-winter,,,Cream,,3XL,,,,0.0,shopify,99999,continue,manual,69.95,99.95,true,false,https://cdn.shopify.com/s/files/1/1074/0200/2757/files/Women_s_Quilted_Jacket_with_High_Collar_for_Wintervwe.png?v=1790537020,,,
womens-quilted-jacket-with-high-collar-for-winter,,,,,,,,,,,,,,,,,,,https://cdn.shopify.com/s/files/1/1074/0200/2757/files/Women_s_Quilted_Jacket_with_High_Collar_for_Wintervsd.png?v=1790536966,1,Women's Quilted Jacket with High Collar for Winter
womens-quilted-jacket-with-high-collar-for-winter,,,,,,,,,,,,,,,,,,,https://cdn.shopify.com/s/files/1/1074/0200/2757/files/Women_s_Quilted_Jacket_with_High_Collar_for_Wintertyt.png?v=1790536979,2,Women's Quilted Jacket with High Collar for Winter
womens-quilted-jacket-with-high-collar-for-winter,,,,,,,,,,,,,,,,,,,https://cdn.shopify.com/s/files/1/1074/0200/2757/files/Women_s_Quilted_Jacket_with_High_Collar_for_Winterrdtr.png?v=1790537002,3,Women's Quilted Jacket with High Collar for Winter
womens-quilted-jacket-with-high-collar-for-winter,,,,,,,,,,,,,,,,,,,https://cdn.shopify.com/s/files/1/1074/0200/2757/files/Women_s_Quilted_Jacket_with_High_Collar_for_Wintervs.png?v=1790537013,4,Women's Quilted Jacket with High Collar for Winter
womens-quilted-jacket-with-high-collar-for-winter,,,,,,,,,,,,,,,,,,,https://cdn.shopify.com/s/files/1/1074/0200/2757/files/Women_s_Quilted_Jacket_with_High_Collar_for_Wintervwe.png?v=1790537020,5,Women's Quilted Jacket with High Collar for Winter
mens-bomber-jacket-with-striped-rib-trim-for-everyday-wear,Men's Bomber Jacket with Striped Rib Trim for Everyday Wear,Color,Black,Size,S,,,,0.0,shopify,99999,continue,manual,59.99,85.95,true,true,https://cdn.shopify.com/s/files/1/1074/0200/2757/files/Mens_Bomber_Jacket_with_Striped_Rib_Trim_for_Everyday_Wear-1.jpg?v=1791211315,,,
mens-bomber-jacket-with-striped-rib-trim-for-everyday-wear,,,Black,,M,,,,0.0,shopify,99999,continue,manual,59.99,85.95,true,true,https://cdn.shopify.com/s/files/1/1074/0200/2757/files/Mens_Bomber_Jacket_with_Striped_Rib_Trim_for_Everyday_Wear-1.jpg?v=1791211315,,,
mens-bomber-jacket-with-striped-rib-trim-for-everyday-wear,,,Black,,L,,,,0.0,shopify,99999,continue,manual,59.99,85.95,true,true,https://cdn.shopify.com/s/files/1/1074/0200/2757/files/Mens_Bomber_Jacket_with_Striped_Rib_Trim_for_Everyday_Wear-1.jpg?v=1791211315,,,
mens-bomber-jacket-with-striped-rib-trim-for-everyday-wear,,,Black,,XL,,,,0.0,shopify,99999,continue,manual,59.99,85.95,true,true,https://cdn.shopify.com/s/files/1/1074/0200/2757/files/Mens_Bomber_Jacket_with_Striped_Rib_Trim_for_Everyday_Wear-1.jpg?v=1791211315,,,
mens-bomber-jacket-with-striped-rib-trim-for-everyday-wear,,,Black,,2XL,,,,0.0,shopify,99999,continue,manual,59.99,85.95,true,true,https://cdn.shopify.com/s/files/1/1074/0200/2757/files/Mens_Bomber_Jacket_with_Striped_Rib_Trim_for_Everyday_Wear-1.jpg?v=1791211315,,,
mens-bomber-jacket-with-striped-rib-trim-for-everyday-wear,,,Black,,3XL,,,,0.0,shopify,99999,continue,manual,59.99,85.95,true,true,https://cdn.shopify.com/s/files/1/1074/0200/2757/files/Mens_Bomber_Jacket_with_Striped_Rib_Trim_for_Everyday_Wear-1.jpg?v=1791211315,,,
mens-bomber-jacket-with-striped-rib-trim-for-everyday-wear,,,Navy Blue,,S,,,,0.0,shopify,99999,continue,manual,59.99,85.95,true,true,https://cdn.shopify.com/s/files/1/1074/0200/2757/files/Mens_Bomber_Jacket_with_Striped_Rib_Trim_for_Everyday_Wear-2.jpg?v=1791211315,,,
mens-bomber-jacket-with-striped-rib-trim-for-everyday-wear,,,Navy Blue,,M,,,,0.0,shopify,99999,continue,manual,59.99,85.95,true,true,https://cdn.shopify.com/s/files/1/1074/0200/2757/files/Mens_Bomber_Jacket_with_Striped_Rib_Trim_for_Everyday_Wear-2.jpg?v=1791211315,,,
mens-bomber-jacket-with-striped-rib-trim-for-everyday-wear,,,Navy Blue,,L,,,,0.0,shopify,99999,continue,manual,59.99,85.95,true,true,https://cdn.shopify.com/s/files/1/1074/0200/2757/files/Mens_Bomber_Jacket_with_Striped_Rib_Trim_for_Everyday_Wear-2.jpg?v=1791211315,,,
mens-bomber-jacket-with-striped-rib-trim-for-everyday-wear,,,Navy Blue,,XL,,,,0.0,shopify,99999,continue,manual,59.99,85.95,true,true,https://cdn.shopify.com/s/files/1/1074/0200/2757/files/Mens_Bomber_Jacket_with_Striped_Rib_Trim_for_Everyday_Wear-2.jpg?v=1791211315,,,
mens-bomber-jacket-with-striped-rib-trim-for-everyday-wear,,,Navy Blue,,2XL,,,,0.0,shopify,99999,continue,manual,59.99,85.95,true,true,https://cdn.shopify.com/s/files/1/1074/0200/2757/files/Mens_Bomber_Jacket_with_Striped_Rib_Trim_for_Everyday_Wear-2.jpg?v=1791211315,,,
mens-bomber-jacket-with-striped-rib-trim-for-everyday-wear,,,Navy Blue,,3XL,,,,0.0,shopify,99999,continue,manual,59.99,85.95,true,true,https://cdn.shopify.com/s/files/1/1074/0200/2757/files/Mens_Bomber_Jacket_with_Striped_Rib_Trim_for_Everyday_Wear-2.jpg?v=1791211315,,,
mens-bomber-jacket-with-striped-rib-trim-for-everyday-wear,,,Khaki,,S,,,,0.0,shopify,99999,continue,manual,59.99,85.95,true,true,https://cdn.shopify.com/s/files/1/1074/0200/2757/files/Mens_Bomber_Jacket_with_Striped_Rib_Trim_for_Everyday_Wear-3.jpg?v=1791211315,,,
mens-bomber-jacket-with-striped-rib-trim-for-everyday-wear,,,Khaki,,M,,,,0.0,shopify,99999,continue,manual,59.99,85.95,true,true,https://cdn.shopify.com/s/files/1/1074/0200/2757/files/Mens_Bomber_Jacket_with_Striped_Rib_Trim_for_Everyday_Wear-3.jpg?v=1791211315,,,
mens-bomber-jacket-with-striped-rib-trim-for-everyday-wear,,,Khaki,,L,,,,0.0,shopify,99999,continue,manual,59.99,85.95,true,true,https://cdn.shopify.com/s/files/1/1074/0200/2757/files/Mens_Bomber_Jacket_with_Striped_Rib_Trim_for_Everyday_Wear-3.jpg?v=1791211315,,,
mens-bomber-jacket-with-striped-rib-trim-for-everyday-wear,,,Khaki,,XL,,,,0.0,shopify,99999,continue,manual,59.99,85.95,true,true,https://cdn.shopify.com/s/files/1/1074/0200/2757/files/Mens_Bomber_Jacket_with_Striped_Rib_Trim_for_Everyday_Wear-3.jpg?v=1791211315,,,
mens-bomber-jacket-with-striped-rib-trim-for-everyday-wear,,,Khaki,,2XL,,,,0.0,shopify,99999,continue,manual,59.99,85.95,true,true,https://cdn.shopify.com/s/files/1/1074/0200/2757/files/Mens_Bomber_Jacket_with_Striped_Rib_Trim_for_Everyday_Wear-3.jpg?v=1791211315,,,
mens-bomber-jacket-with-striped-rib-trim-for-everyday-wear,,,Khaki,,3XL,,,,0.0,shopify,99999,continue,manual,59.99,85.95,true,true,https://cdn.shopify.com/s/files/1/1074/0200/2757/files/Mens_Bomber_Jacket_with_Striped_Rib_Trim_for_Everyday_Wear-3.jpg?v=1791211315,,,
mens-bomber-jacket-with-striped-rib-trim-for-everyday-wear,,,Green,,S,,,,0.0,shopify,99999,continue,manual,59.99,85.95,true,true,https://cdn.shopify.com/s/files/1/1074/0200/2757/files/Mens_Bomber_Jacket_with_Striped_Rib_Trim_for_Everyday_Wear-4.jpg?v=1791211315,,,
mens-bomber-jacket-with-striped-rib-trim-for-everyday-wear,,,Green,,M,,,,0.0,shopify,99999,continue,manual,59.99,85.95,true,true,https://cdn.shopify.com/s/files/1/1074/0200/2757/files/Mens_Bomber_Jacket_with_Striped_Rib_Trim_for_Everyday_Wear-4.jpg?v=1791211315,,,
mens-bomber-jacket-with-striped-rib-trim-for-everyday-wear,,,Green,,L,,,,0.0,shopify,99999,continue,manual,59.99,85.95,true,true,https://cdn.shopify.com/s/files/1/1074/0200/2757/files/Mens_Bomber_Jacket_with_Striped_Rib_Trim_for_Everyday_Wear-4.jpg?v=1791211315,,,
mens-bomber-jacket-with-striped-rib-trim-for-everyday-wear,,,Green,,XL,,,,0.0,shopify,99999,continue,manual,59.99,85.95,true,true,https://cdn.shopify.com/s/files/1/1074/0200/2757/files/Mens_Bomber_Jacket_with_Striped_Rib_Trim_for_Everyday_Wear-4.jpg?v=1791211315,,,
mens-bomber-jacket-with-striped-rib-trim-for-everyday-wear,,,Green,,2XL,,,,0.0,shopify,99999,continue,manual,59.99,85.95,true,true,https://cdn.shopify.com/s/files/1/1074/0200/2757/files/Mens_Bomber_Jacket_with_Striped_Rib_Trim_for_Everyday_Wear-4.jpg?v=1791211315,,,
mens-bomber-jacket-with-striped-rib-trim-for-everyday-wear,,,Green,,3XL,,,,0.0,shopify,99999,continue,manual,59.99,85.95,true,true,https://cdn.shopify.com/s/files/1/1074/0200/2757/files/Mens_Bomber_Jacket_with_Striped_Rib_Trim_for_Everyday_Wear-4.jpg?v=1791211315,,,
mens-bomber-jacket-with-striped-rib-trim-for-everyday-wear,,,,,,,,,,,,,,,,,,,https://cdn.shopify.com/s/files/1/1074/0200/2757/files/Mens_Bomber_Jacket_with_Striped_Rib_Trim_for_Everyday_Wear-1.jpg?v=1791211315,1,Men's Bomber Jacket with Striped Rib Trim in Black
mens-bomber-jacket-with-striped-rib-trim-for-everyday-wear,,,,,,,,,,,,,,,,,,,https://cdn.shopify.com/s/files/1/1074/0200/2757/files/Mens_Bomber_Jacket_with_Striped_Rib_Trim_for_Everyday_Wear-2.jpg?v=1791211315,2,Men's Bomber Jacket with Striped Rib Trim in Navy Blue
mens-bomber-jacket-with-striped-rib-trim-for-everyday-wear,,,,,,,,,,,,,,,,,,,https://cdn.shopify.com/s/files/1/1074/0200/2757/files/Mens_Bomber_Jacket_with_Striped_Rib_Trim_for_Everyday_Wear-3.jpg?v=1791211315,3,Men's Bomber Jacket with Striped Rib Trim in Khaki
mens-bomber-jacket-with-striped-rib-trim-for-everyday-wear,,,,,,,,,,,,,,,,,,,https://cdn.shopify.com/s/files/1/1074/0200/2757/files/Mens_Bomber_Jacket_with_Striped_Rib_Trim_for_Everyday_Wear-4.jpg?v=1791211315,4,Men's Bomber Jacket with Striped Rib Trim in Green
mens-bomber-jacket-with-striped-rib-trim-for-everyday-wear,,,,,,,,,,,,,,,,,,,https://cdn.shopify.com/s/files/1/1074/0200/2757/files/Mens_Bomber_Jacket_with_Striped_Rib_Trim_for_Everyday_Wear-5.jpg?v=1791211315,5,Men's Bomber Jacket with Striped Rib Trim – alternate view 1
mens-bomber-jacket-with-striped-rib-trim-for-everyday-wear,,,,,,,,,,,,,,,,,,,https://cdn.shopify.com/s/files/1/1074/0200/2757/files/Mens_Bomber_Jacket_with_Striped_Rib_Trim_for_Everyday_Wear-6.jpg?v=1791211315,6,Men's Bomber Jacket with Striped Rib Trim – alternate view 2
mens-bomber-jacket-with-striped-rib-trim-for-everyday-wear,,,,,,,,,,,,,,,,,,,https://cdn.shopify.com/s/files/1/1074/0200/2757/files/Mens_Bomber_Jacket_with_Striped_Rib_Trim_for_Everyday_Wear-7.jpg?v=1791211315,7,Men's Bomber Jacket with Striped Rib Trim – alternate view 3
mens-bomber-jacket-with-striped-rib-trim-for-everyday-wear,,,,,,,,,,,,,,,,,,,https://cdn.shopify.com/s/files/1/1074/0200/2757/files/Mens_Bomber_Jacket_with_Striped_Rib_Trim_for_Everyday_Wear-8.jpg?v=1791211315,8,Men's Bomber Jacket with Striped Rib Trim – alternate view 4
mens-bomber-jacket-for-autumn-winter-everyday-wear,Men's Bomber Jacket for Autumn Winter Everyday Wear,Colour,Black,Size,S,,,,0.0,shopify,99999,continue,manual,69.95,99.95,true,false,https://cdn.shopify.com/s/files/1/1074/0200/2757/files/Men_s_Bomber_Jacket_for_Autumn_Winter_Everyday_Wearaw.jpg?v=1790714247,,,
mens-bomber-jacket-for-autumn-winter-everyday-wear,,,Black,,M,,,,0.0,shopify,99999,continue,manual,69.95,99.95,true,false,https://cdn.shopify.com/s/files/1/1074/0200/2757/files/Men_s_Bomber_Jacket_for_Autumn_Winter_Everyday_Wearaw.jpg?v=1790714247,,,
mens-bomber-jacket-for-autumn-winter-everyday-wear,,,Black,,L,,,,0.0,shopify,99999,continue,manual,69.95,99.95,true,false,https://cdn.shopify.com/s/files/1/1074/0200/2757/files/Men_s_Bomber_Jacket_for_Autumn_Winter_Everyday_Wearaw.jpg?v=1790714247,,,
mens-bomber-jacket-for-autumn-winter-everyday-wear,,,Black,,XL,,,,0.0,shopify,99999,continue,manual,69.95,99.95,true,false,https://cdn.shopify.com/s/files/1/1074/0200/2757/files/Men_s_Bomber_Jacket_for_Autumn_Winter_Everyday_Wearaw.jpg?v=1790714247,,,
mens-bomber-jacket-for-autumn-winter-everyday-wear,,,Black,,2XL,,,,0.0,shopify,99999,continue,manual,69.95,99.95,true,false,https://cdn.shopify.com/s/files/1/1074/0200/2757/files/Men_s_Bomber_Jacket_for_Autumn_Winter_Everyday_Wearaw.jpg?v=1790714247,,,
mens-bomber-jacket-for-autumn-winter-everyday-wear,,,Black,,3XL,,,,0.0,shopify,99999,continue,manual,69.95,99.95,true,false,https://cdn.shopify.com/s/files/1/1074/0200/2757/files/Men_s_Bomber_Jacket_for_Autumn_Winter_Everyday_Wearaw.jpg?v=1790714247,,,
mens-bomber-jacket-for-autumn-winter-everyday-wear,,,Red,,S,,,,0.0,shopify,99999,continue,manual,69.95,99.95,true,false,https://cdn.shopify.com/s/files/1/1074/0200/2757/files/Men_s_Bomber_Jacket_for_Autumn_Winter_Everyday_Wearwd.jpg?v=1790714254,,,
mens-bomber-jacket-for-autumn-winter-everyday-wear,,,Red,,M,,,,0.0,shopify,99999,continue,manual,69.95,99.95,true,false,https://cdn.shopify.com/s/files/1/1074/0200/2757/files/Men_s_Bomber_Jacket_for_Autumn_Winter_Everyday_Wearwd.jpg?v=1790714254,,,
mens-bomber-jacket-for-autumn-winter-everyday-wear,,,Red,,L,,,,0.0,shopify,99999,continue,manual,69.95,99.95,true,false,https://cdn.shopify.com/s/files/1/1074/0200/2757/files/Men_s_Bomber_Jacket_for_Autumn_Winter_Everyday_Wearwd.jpg?v=1790714254,,,
mens-bomber-jacket-for-autumn-winter-everyday-wear,,,Red,,XL,,,,0.0,shopify,99999,continue,manual,69.95,99.95,true,false,https://cdn.shopify.com/s/files/1/1074/0200/2757/files/Men_s_Bomber_Jacket_for_Autumn_Winter_Everyday_Wearwd.jpg?v=1790714254,,,
mens-bomber-jacket-for-autumn-winter-everyday-wear,,,Red,,2XL,,,,0.0,shopify,99999,continue,manual,69.95,99.95,true,false,https://cdn.shopify.com/s/files/1/1074/0200/2757/files/Men_s_Bomber_Jacket_for_Autumn_Winter_Everyday_Wearwd.jpg?v=1790714254,,,
mens-bomber-jacket-for-autumn-winter-everyday-wear,,,Red,,3XL,,,,0.0,shopify,99999,continue,manual,69.95,99.95,true,false,https://cdn.shopify.com/s/files/1/1074/0200/2757/files/Men_s_Bomber_Jacket_for_Autumn_Winter_Everyday_Wearwd.jpg?v=1790714254,,,
mens-bomber-jacket-for-autumn-winter-everyday-wear,,,Army Green,,S,,,,0.0,shopify,99999,continue,manual,69.95,99.95,true,false,https://cdn.shopify.com/s/files/1/1074/0200/2757/files/Men_s_Bomber_Jacket_for_Autumn_Winter_Everyday_Wearfwe.jpg?v=1790714266,,,
mens-bomber-jacket-for-autumn-winter-everyday-wear,,,Army Green,,M,,,,0.0,shopify,99999,continue,manual,69.95,99.95,true,false,https://cdn.shopify.com/s/files/1/1074/0200/2757/files/Men_s_Bomber_Jacket_for_Autumn_Winter_Everyday_Wearfwe.jpg?v=1790714266,,,
mens-bomber-jacket-for-autumn-winter-everyday-wear,,,Army Green,,L,,,,0.0,shopify,99999,continue,manual,69.95,99.95,true,false,https://cdn.shopify.com/s/files/1/1074/0200/2757/files/Men_s_Bomber_Jacket_for_Autumn_Winter_Everyday_Wearfwe.jpg?v=1790714266,,,
mens-bomber-jacket-for-autumn-winter-everyday-wear,,,Army Green,,XL,,,,0.0,shopify,99999,continue,manual,69.95,99.95,true,false,https://cdn.shopify.com/s/files/1/1074/0200/2757/files/Men_s_Bomber_Jacket_for_Autumn_Winter_Everyday_Wearfwe.jpg?v=1790714266,,,
mens-bomber-jacket-for-autumn-winter-everyday-wear,,,Army Green,,2XL,,,,0.0,shopify,99999,continue,manual,69.95,99.95,true,false,https://cdn.shopify.com/s/files/1/1074/0200/2757/files/Men_s_Bomber_Jacket_for_Autumn_Winter_Everyday_Wearfwe.jpg?v=1790714266,,,
mens-bomber-jacket-for-autumn-winter-everyday-wear,,,Army Green,,3XL,,,,0.0,shopify,99999,continue,manual,69.95,99.95,true,false,https://cdn.shopify.com/s/files/1/1074/0200/2757/files/Men_s_Bomber_Jacket_for_Autumn_Winter_Everyday_Wearfwe.jpg?v=1790714266,,,
mens-bomber-jacket-for-autumn-winter-everyday-wear,,,Navy Blue,,S,,,,0.0,shopify,99999,continue,manual,69.95,99.95,true,false,https://cdn.shopify.com/s/files/1/1074/0200/2757/files/Men_s_Bomber_Jacket_for_Autumn_Winter_Everyday_Wearvd.jpg?v=1790714279,,,
mens-bomber-jacket-for-autumn-winter-everyday-wear,,,Navy Blue,,M,,,,0.0,shopify,99999,continue,manual,69.95,99.95,true,false,https://cdn.shopify.com/s/files/1/1074/0200/2757/files/Men_s_Bomber_Jacket_for_Autumn_Winter_Everyday_Wearvd.jpg?v=1790714279,,,
mens-bomber-jacket-for-autumn-winter-everyday-wear,,,Navy Blue,,L,,,,0.0,shopify,99999,continue,manual,69.95,99.95,true,false,https://cdn.shopify.com/s/files/1/1074/0200/2757/files/Men_s_Bomber_Jacket_for_Autumn_Winter_Everyday_Wearvd.jpg?v=1790714279,,,
mens-bomber-jacket-for-autumn-winter-everyday-wear,,,Navy Blue,,XL,,,,0.0,shopify,99999,continue,manual,69.95,99.95,true,false,https://cdn.shopify.com/s/files/1/1074/0200/2757/files/Men_s_Bomber_Jacket_for_Autumn_Winter_Everyday_Wearvd.jpg?v=1790714279,,,
mens-bomber-jacket-for-autumn-winter-everyday-wear,,,Navy Blue,,2XL,,,,0.0,shopify,99999,continue,manual,69.95,99.95,true,false,https://cdn.shopify.com/s/files/1/1074/0200/2757/files/Men_s_Bomber_Jacket_for_Autumn_Winter_Everyday_Wearvd.jpg?v=1790714279,,,
mens-bomber-jacket-for-autumn-winter-everyday-wear,,,Navy Blue,,3XL,,,,0.0,shopify,99999,continue,manual,69.95,99.95,true,false,https://cdn.shopify.com/s/files/1/1074/0200/2757/files/Men_s_Bomber_Jacket_for_Autumn_Winter_Everyday_Wearvd.jpg?v=1790714279,,,
mens-bomber-jacket-for-autumn-winter-everyday-wear,,,,,,,,,,,,,,,,,,,https://cdn.shopify.com/s/files/1/1074/0200/2757/files/Men_s_Bomber_Jacket_for_Autumn_Winter_Everyday_Wearaw.jpg?v=1790714247,1,Men's Bomber Jacket for Autumn Winter Everyday Wear
mens-bomber-jacket-for-autumn-winter-everyday-wear,,,,,,,,,,,,,,,,,,,https://cdn.shopify.com/s/files/1/1074/0200/2757/files/Men_s_Bomber_Jacket_for_Autumn_Winter_Everyday_Wearwd.jpg?v=1790714254,2,Men's Bomber Jacket for Autumn Winter Everyday Wear
mens-bomber-jacket-for-autumn-winter-everyday-wear,,,,,,,,,,,,,,,,,,,https://cdn.shopify.com/s/files/1/1074/0200/2757/files/Men_s_Bomber_Jacket_for_Autumn_Winter_Everyday_Wearfwe.jpg?v=1790714266,3,Men's Bomber Jacket for Autumn Winter Everyday Wear
mens-bomber-jacket-for-autumn-winter-everyday-wear,,,,,,,,,,,,,,,,,,,https://cdn.shopify.com/s/files/1/1074/0200/2757/files/Men_s_Bomber_Jacket_for_Autumn_Winter_Everyday_Wearvd.jpg?v=1790714279,4,Men's Bomber Jacket for Autumn Winter Everyday Wear
womens-cable-textured-pullover-with-zip-neck,Women's Cable Textured Pullover with Zip Neck,Color,White,Size,S,,,,0.0,shopify,99999,continue,manual,35.95,51.95,true,true,https://cdn.shopify.com/s/files/1/1074/0200/2757/files/Womens_Cable_Textured_Pullover_with_Zip_Neck-1.jpg?v=1791309604,,,
womens-cable-textured-pullover-with-zip-neck,,,White,,M,,,,0.0,shopify,99999,continue,manual,35.95,51.95,true,true,https://cdn.shopify.com/s/files/1/1074/0200/2757/files/Womens_Cable_Textured_Pullover_with_Zip_Neck-1.jpg?v=1791309604,,,
womens-cable-textured-pullover-with-zip-neck,,,White,,L,,,,0.0,shopify,99999,continue,manual,35.95,51.95,true,true,https://cdn.shopify.com/s/files/1/1074/0200/2757/files/Womens_Cable_Textured_Pullover_with_Zip_Neck-1.jpg?v=1791309604,,,
womens-cable-textured-pullover-with-zip-neck,,,White,,XL,,,,0.0,shopify,99999,continue,manual,35.95,51.95,true,true,https://cdn.shopify.com/s/files/1/1074/0200/2757/files/Womens_Cable_Textured_Pullover_with_Zip_Neck-1.jpg?v=1791309604,,,
womens-cable-textured-pullover-with-zip-neck,,,White,,2XL,,,,0.0,shopify,99999,continue,manual,35.95,51.95,true,true,https://cdn.shopify.com/s/files/1/1074/0200/2757/files/Womens_Cable_Textured_Pullover_with_Zip_Neck-1.jpg?v=1791309604,,,
womens-cable-textured-pullover-with-zip-neck,,,White,,3XL,,,,0.0,shopify,99999,continue,manual,35.95,51.95,true,true,https://cdn.shopify.com/s/files/1/1074/0200/2757/files/Womens_Cable_Textured_Pullover_with_Zip_Neck-1.jpg?v=1791309604,,,
womens-cable-textured-pullover-with-zip-neck,,,Gray,,S,,,,0.0,shopify,99999,continue,manual,35.95,51.95,true,true,https://cdn.shopify.com/s/files/1/1074/0200/2757/files/Womens_Cable_Textured_Pullover_with_Zip_Neck-2.webp?v=1791309605,,,
womens-cable-textured-pullover-with-zip-neck,,,Gray,,M,,,,0.0,shopify,99999,continue,manual,35.95,51.95,true,true,https://cdn.shopify.com/s/files/1/1074/0200/2757/files/Womens_Cable_Textured_Pullover_with_Zip_Neck-2.webp?v=1791309605,,,
womens-cable-textured-pullover-with-zip-neck,,,Gray,,L,,,,0.0,shopify,99999,continue,manual,35.95,51.95,true,true,https://cdn.shopify.com/s/files/1/1074/0200/2757/files/Womens_Cable_Textured_Pullover_with_Zip_Neck-2.webp?v=1791309605,,,
womens-cable-textured-pullover-with-zip-neck,,,Gray,,XL,,,,0.0,shopify,99999,continue,manual,35.95,51.95,true,true,https://cdn.shopify.com/s/files/1/1074/0200/2757/files/Womens_Cable_Textured_Pullover_with_Zip_Neck-2.webp?v=1791309605,,,
womens-cable-textured-pullover-with-zip-neck,,,Gray,,2XL,,,,0.0,shopify,99999,continue,manual,35.95,51.95,true,true,https://cdn.shopify.com/s/files/1/1074/0200/2757/files/Womens_Cable_Textured_Pullover_with_Zip_Neck-2.webp?v=1791309605,,,
womens-cable-textured-pullover-with-zip-neck,,,Gray,,3XL,,,,0.0,shopify,99999,continue,manual,35.95,51.95,true,true,https://cdn.shopify.com/s/files/1/1074/0200/2757/files/Womens_Cable_Textured_Pullover_with_Zip_Neck-2.webp?v=1791309605,,,
womens-cable-textured-pullover-with-zip-neck,,,Black,,S,,,,0.0,shopify,99999,continue,manual,35.95,51.95,true,true,https://cdn.shopify.com/s/files/1/1074/0200/2757/files/Womens_Cable_Textured_Pullover_with_Zip_Neck-3.jpg?v=1791309605,,,
womens-cable-textured-pullover-with-zip-neck,,,Black,,M,,,,0.0,shopify,99999,continue,manual,35.95,51.95,true,true,https://cdn.shopify.com/s/files/1/1074/0200/2757/files/Womens_Cable_Textured_Pullover_with_Zip_Neck-3.jpg?v=1791309605,,,
womens-cable-textured-pullover-with-zip-neck,,,Black,,L,,,,0.0,shopify,99999,continue,manual,35.95,51.95,true,true,https://cdn.shopify.com/s/files/1/1074/0200/2757/files/Womens_Cable_Textured_Pullover_with_Zip_Neck-3.jpg?v=1791309605,,,
womens-cable-textured-pullover-with-zip-neck,,,Black,,XL,,,,0.0,shopify,99999,continue,manual,35.95,51.95,true,true,https://cdn.shopify.com/s/files/1/1074/0200/2757/files/Womens_Cable_Textured_Pullover_with_Zip_Neck-3.jpg?v=1791309605,,,
womens-cable-textured-pullover-with-zip-neck,,,Black,,2XL,,,,0.0,shopify,99999,continue,manual,35.95,51.95,true,true,https://cdn.shopify.com/s/files/1/1074/0200/2757/files/Womens_Cable_Textured_Pullover_with_Zip_Neck-3.jpg?v=1791309605,,,
womens-cable-textured-pullover-with-zip-neck,,,Black,,3XL,,,,0.0,shopify,99999,continue,manual,35.95,51.95,true,true,https://cdn.shopify.com/s/files/1/1074/0200/2757/files/Womens_Cable_Textured_Pullover_with_Zip_Neck-3.jpg?v=1791309605,,,
womens-cable-textured-pullover-with-zip-neck,,,Pink,,S,,,,0.0,shopify,99999,continue,manual,35.95,51.95,true,true,https://cdn.shopify.com/s/files/1/1074/0200/2757/files/Womens_Cable_Textured_Pullover_with_Zip_Neck-4.jpg?v=1791309605,,,
womens-cable-textured-pullover-with-zip-neck,,,Pink,,M,,,,0.0,shopify,99999,continue,manual,35.95,51.95,true,true,https://cdn.shopify.com/s/files/1/1074/0200/2757/files/Womens_Cable_Textured_Pullover_with_Zip_Neck-4.jpg?v=1791309605,,,
womens-cable-textured-pullover-with-zip-neck,,,Pink,,L,,,,0.0,shopify,99999,continue,manual,35.95,51.95,true,true,https://cdn.shopify.com/s/files/1/1074/0200/2757/files/Womens_Cable_Textured_Pullover_with_Zip_Neck-4.jpg?v=1791309605,,,
womens-cable-textured-pullover-with-zip-neck,,,Pink,,XL,,,,0.0,shopify,99999,continue,manual,35.95,51.95,true,true,https://cdn.shopify.com/s/files/1/1074/0200/2757/files/Womens_Cable_Textured_Pullover_with_Zip_Neck-4.jpg?v=1791309605,,,
womens-cable-textured-pullover-with-zip-neck,,,Pink,,2XL,,,,0.0,shopify,99999,continue,manual,35.95,51.95,true,true,https://cdn.shopify.com/s/files/1/1074/0200/2757/files/Womens_Cable_Textured_Pullover_with_Zip_Neck-4.jpg?v=1791309605,,,
womens-cable-textured-pullover-with-zip-neck,,,Pink,,3XL,,,,0.0,shopify,99999,continue,manual,35.95,51.95,true,true,https://cdn.shopify.com/s/files/1/1074/0200/2757/files/Womens_Cable_Textured_Pullover_with_Zip_Neck-4.jpg?v=1791309605,,,
womens-cable-textured-pullover-with-zip-neck,,,Blue,,S,,,,0.0,shopify,99999,continue,manual,35.95,51.95,true,true,https://cdn.shopify.com/s/files/1/1074/0200/2757/files/Womens_Cable_Textured_Pullover_with_Zip_Neck-5.png?v=1791309606,,,
womens-cable-textured-pullover-with-zip-neck,,,Blue,,M,,,,0.0,shopify,99999,continue,manual,35.95,51.95,true,true,https://cdn.shopify.com/s/files/1/1074/0200/2757/files/Womens_Cable_Textured_Pullover_with_Zip_Neck-5.png?v=1791309606,,,
womens-cable-textured-pullover-with-zip-neck,,,Blue,,L,,,,0.0,shopify,99999,continue,manual,35.95,51.95,true,true,https://cdn.shopify.com/s/files/1/1074/0200/2757/files/Womens_Cable_Textured_Pullover_with_Zip_Neck-5.png?v=1791309606,,,
womens-cable-textured-pullover-with-zip-neck,,,Blue,,XL,,,,0.0,shopify,99999,continue,manual,35.95,51.95,true,true,https://cdn.shopify.com/s/files/1/1074/0200/2757/files/Womens_Cable_Textured_Pullover_with_Zip_Neck-5.png?v=1791309606,,,
womens-cable-textured-pullover-with-zip-neck,,,Blue,,2XL,,,,0.0,shopify,99999,continue,manual,35.95,51.95,true,true,https://cdn.shopify.com/s/files/1/1074/0200/2757/files/Womens_Cable_Textured_Pullover_with_Zip_Neck-5.png?v=1791309606,,,
womens-cable-textured-pullover-with-zip-neck,,,Blue,,3XL,,,,0.0,shopify,99999,continue,manual,35.95,51.95,true,true,https://cdn.shopify.com/s/files/1/1074/0200/2757/files/Womens_Cable_Textured_Pullover_with_Zip_Neck-5.png?v=1791309606,,,
womens-cable-textured-pullover-with-zip-neck,,,,,,,,,,,,,,,,,,,https://cdn.shopify.com/s/files/1/1074/0200/2757/files/Womens_Cable_Textured_Pullover_with_Zip_Neck-1.jpg?v=1791309604,1,Women's Cable Textured Pullover with Zip Neck in White
womens-cable-textured-pullover-with-zip-neck,,,,,,,,,,,,,,,,,,,https://cdn.shopify.com/s/files/1/1074/0200/2757/files/Womens_Cable_Textured_Pullover_with_Zip_Neck-2.webp?v=1791309605,2,Women's Cable Textured Pullover with Zip Neck in Gray
womens-cable-textured-pullover-with-zip-neck,,,,,,,,,,,,,,,,,,,https://cdn.shopify.com/s/files/1/1074/0200/2757/files/Womens_Cable_Textured_Pullover_with_Zip_Neck-3.jpg?v=1791309605,3,Women's Cable Textured Pullover with Zip Neck in Black
womens-cable-textured-pullover-with-zip-neck,,,,,,,,,,,,,,,,,,,https://cdn.shopify.com/s/files/1/1074/0200/2757/files/Womens_Cable_Textured_Pullover_with_Zip_Neck-4.jpg?v=1791309605,4,Women's Cable Textured Pullover with Zip Neck in Pink
womens-cable-textured-pullover-with-zip-neck,,,,,,,,,,,,,,,,,,,https://cdn.shopify.com/s/files/1/1074/0200/2757/files/Womens_Cable_Textured_Pullover_with_Zip_Neck-5.png?v=1791309606,5,Women's Cable Textured Pullover with Zip Neck in Blue
womens-cable-textured-pullover-with-zip-neck,,,,,,,,,,,,,,,,,,,https://cdn.shopify.com/s/files/1/1074/0200/2757/files/Womens_Cable_Textured_Pullover_with_Zip_Neck-6.jpg?v=1791309605,6,Women's Cable Textured Pullover with Zip Neck – additional view 1
womens-cable-textured-pullover-with-zip-neck,,,,,,,,,,,,,,,,,,,https://cdn.shopify.com/s/files/1/1074/0200/2757/files/Womens_Cable_Textured_Pullover_with_Zip_Neck-7.jpg?v=1791309605,7,Women's Cable Textured Pullover with Zip Neck – additional view 2
womens-cable-textured-pullover-with-zip-neck,,,,,,,,,,,,,,,,,,,https://cdn.shopify.com/s/files/1/1074/0200/2757/files/Womens_Cable_Textured_Pullover_with_Zip_Neck-8.webp?v=1791309604,8,Women's Cable Textured Pullover with Zip Neck – additional view 3
womens-cable-textured-pullover-with-zip-neck,,,,,,,,,,,,,,,,,,,https://cdn.shopify.com/s/files/1/1074/0200/2757/files/Womens_Cable_Textured_Pullover_with_Zip_Neck-9.webp?v=1791309604,9,Women's Cable Textured Pullover with Zip Neck – additional view 4
womens-cable-textured-pullover-with-zip-neck,,,,,,,,,,,,,,,,,,,https://cdn.shopify.com/s/files/1/1074/0200/2757/files/Womens_Cable_Textured_Pullover_with_Zip_Neck-10.webp?v=1791309605,10,Women's Cable Textured Pullover with Zip Neck – additional view 5
womens-relaxed-cable-knit-cardigan-with-buttons-for-autumn,Women's Relaxed Cable Knit Cardigan with Buttons for Autumn,Color,Red,Size,S,,,,0.0,shopify,99999,continue,manual,62.95,89.95,true,true,https://cdn.shopify.com/s/files/1/1074/0200/2757/files/Womens_Relaxed_Cable_Knit_Cardigan_with_Buttons_for_Autumn-1.png?v=1791308815,,,
womens-relaxed-cable-knit-cardigan-with-buttons-for-autumn,,,Red,,M,,,,0.0,shopify,99999,continue,manual,62.95,89.95,true,true,https://cdn.shopify.com/s/files/1/1074/0200/2757/files/Womens_Relaxed_Cable_Knit_Cardigan_with_Buttons_for_Autumn-1.png?v=1791308815,,,
womens-relaxed-cable-knit-cardigan-with-buttons-for-autumn,,,Red,,L,,,,0.0,shopify,99999,continue,manual,62.95,89.95,true,true,https://cdn.shopify.com/s/files/1/1074/0200/2757/files/Womens_Relaxed_Cable_Knit_Cardigan_with_Buttons_for_Autumn-1.png?v=1791308815,,,
womens-relaxed-cable-knit-cardigan-with-buttons-for-autumn,,,Red,,XL,,,,0.0,shopify,99999,continue,manual,62.95,89.95,true,true,https://cdn.shopify.com/s/files/1/1074/0200/2757/files/Womens_Relaxed_Cable_Knit_Cardigan_with_Buttons_for_Autumn-1.png?v=1791308815,,,
womens-relaxed-cable-knit-cardigan-with-buttons-for-autumn,,,Red,,2XL,,,,0.0,shopify,99999,continue,manual,62.95,89.95,true,true,https://cdn.shopify.com/s/files/1/1074/0200/2757/files/Womens_Relaxed_Cable_Knit_Cardigan_with_Buttons_for_Autumn-1.png?v=1791308815,,,
womens-relaxed-cable-knit-cardigan-with-buttons-for-autumn,,,Red,,3XL,,,,0.0,shopify,99999,continue,manual,62.95,89.95,true,true,https://cdn.shopify.com/s/files/1/1074/0200/2757/files/Womens_Relaxed_Cable_Knit_Cardigan_with_Buttons_for_Autumn-1.png?v=1791308815,,,
womens-relaxed-cable-knit-cardigan-with-buttons-for-autumn,,,Navy Blue,,S,,,,0.0,shopify,99999,continue,manual,62.95,89.95,true,true,https://cdn.shopify.com/s/files/1/1074/0200/2757/files/Womens_Relaxed_Cable_Knit_Cardigan_with_Buttons_for_Autumn-2.png?v=1791308815,,,
womens-relaxed-cable-knit-cardigan-with-buttons-for-autumn,,,Navy Blue,,M,,,,0.0,shopify,99999,continue,manual,62.95,89.95,true,true,https://cdn.shopify.com/s/files/1/1074/0200/2757/files/Womens_Relaxed_Cable_Knit_Cardigan_with_Buttons_for_Autumn-2.png?v=1791308815,,,
womens-relaxed-cable-knit-cardigan-with-buttons-for-autumn,,,Navy Blue,,L,,,,0.0,shopify,99999,continue,manual,62.95,89.95,true,true,https://cdn.shopify.com/s/files/1/1074/0200/2757/files/Womens_Relaxed_Cable_Knit_Cardigan_with_Buttons_for_Autumn-2.png?v=1791308815,,,
womens-relaxed-cable-knit-cardigan-with-buttons-for-autumn,,,Navy Blue,,XL,,,,0.0,shopify,99999,continue,manual,62.95,89.95,true,true,https://cdn.shopify.com/s/files/1/1074/0200/2757/files/Womens_Relaxed_Cable_Knit_Cardigan_with_Buttons_for_Autumn-2.png?v=1791308815,,,
womens-relaxed-cable-knit-cardigan-with-buttons-for-autumn,,,Navy Blue,,2XL,,,,0.0,shopify,99999,continue,manual,62.95,89.95,true,true,https://cdn.shopify.com/s/files/1/1074/0200/2757/files/Womens_Relaxed_Cable_Knit_Cardigan_with_Buttons_for_Autumn-2.png?v=1791308815,,,
womens-relaxed-cable-knit-cardigan-with-buttons-for-autumn,,,Navy Blue,,3XL,,,,0.0,shopify,99999,continue,manual,62.95,89.95,true,true,https://cdn.shopify.com/s/files/1/1074/0200/2757/files/Womens_Relaxed_Cable_Knit_Cardigan_with_Buttons_for_Autumn-2.png?v=1791308815,,,
womens-relaxed-cable-knit-cardigan-with-buttons-for-autumn,,,Beige,,S,,,,0.0,shopify,99999,continue,manual,62.95,89.95,true,true,https://cdn.shopify.com/s/files/1/1074/0200/2757/files/Womens_Relaxed_Cable_Knit_Cardigan_with_Buttons_for_Autumn-3.png?v=1791308815,,,
womens-relaxed-cable-knit-cardigan-with-buttons-for-autumn,,,Beige,,M,,,,0.0,shopify,99999,continue,manual,62.95,89.95,true,true,https://cdn.shopify.com/s/files/1/1074/0200/2757/files/Womens_Relaxed_Cable_Knit_Cardigan_with_Buttons_for_Autumn-3.png?v=1791308815,,,
womens-relaxed-cable-knit-cardigan-with-buttons-for-autumn,,,Beige,,L,,,,0.0,shopify,99999,continue,manual,62.95,89.95,true,true,https://cdn.shopify.com/s/files/1/1074/0200/2757/files/Womens_Relaxed_Cable_Knit_Cardigan_with_Buttons_for_Autumn-3.png?v=1791308815,,,
womens-relaxed-cable-knit-cardigan-with-buttons-for-autumn,,,Beige,,XL,,,,0.0,shopify,99999,continue,manual,62.95,89.95,true,true,https://cdn.shopify.com/s/files/1/1074/0200/2757/files/Womens_Relaxed_Cable_Knit_Cardigan_with_Buttons_for_Autumn-3.png?v=1791308815,,,
womens-relaxed-cable-knit-cardigan-with-buttons-for-autumn,,,Beige,,2XL,,,,0.0,shopify,99999,continue,manual,62.95,89.95,true,true,https://cdn.shopify.com/s/files/1/1074/0200/2757/files/Womens_Relaxed_Cable_Knit_Cardigan_with_Buttons_for_Autumn-3.png?v=1791308815,,,
womens-relaxed-cable-knit-cardigan-with-buttons-for-autumn,,,Beige,,3XL,,,,0.0,shopify,99999,continue,manual,62.95,89.95,true,true,https://cdn.shopify.com/s/files/1/1074/0200/2757/files/Womens_Relaxed_Cable_Knit_Cardigan_with_Buttons_for_Autumn-3.png?v=1791308815,,,
womens-relaxed-cable-knit-cardigan-with-buttons-for-autumn,,,Orange,,S,,,,0.0,shopify,99999,continue,manual,62.95,89.95,true,true,https://cdn.shopify.com/s/files/1/1074/0200/2757/files/Womens_Relaxed_Cable_Knit_Cardigan_with_Buttons_for_Autumn-4.png?v=1791308816,,,
womens-relaxed-cable-knit-cardigan-with-buttons-for-autumn,,,Orange,,M,,,,0.0,shopify,99999,continue,manual,62.95,89.95,true,true,https://cdn.shopify.com/s/files/1/1074/0200/2757/files/Womens_Relaxed_Cable_Knit_Cardigan_with_Buttons_for_Autumn-4.png?v=1791308816,,,
womens-relaxed-cable-knit-cardigan-with-buttons-for-autumn,,,Orange,,L,,,,0.0,shopify,99999,continue,manual,62.95,89.95,true,true,https://cdn.shopify.com/s/files/1/1074/0200/2757/files/Womens_Relaxed_Cable_Knit_Cardigan_with_Buttons_for_Autumn-4.png?v=1791308816,,,
womens-relaxed-cable-knit-cardigan-with-buttons-for-autumn,,,Orange,,XL,,,,0.0,shopify,99999,continue,manual,62.95,89.95,true,true,https://cdn.shopify.com/s/files/1/1074/0200/2757/files/Womens_Relaxed_Cable_Knit_Cardigan_with_Buttons_for_Autumn-4.png?v=1791308816,,,
womens-relaxed-cable-knit-cardigan-with-buttons-for-autumn,,,Orange,,2XL,,,,0.0,shopify,99999,continue,manual,62.95,89.95,true,true,https://cdn.shopify.com/s/files/1/1074/0200/2757/files/Womens_Relaxed_Cable_Knit_Cardigan_with_Buttons_for_Autumn-4.png?v=1791308816,,,
womens-relaxed-cable-knit-cardigan-with-buttons-for-autumn,,,Orange,,3XL,,,,0.0,shopify,99999,continue,manual,62.95,89.95,true,true,https://cdn.shopify.com/s/files/1/1074/0200/2757/files/Womens_Relaxed_Cable_Knit_Cardigan_with_Buttons_for_Autumn-4.png?v=1791308816,,,
womens-relaxed-cable-knit-cardigan-with-buttons-for-autumn,,,Blue,,S,,,,0.0,shopify,99999,continue,manual,62.95,89.95,true,true,https://cdn.shopify.com/s/files/1/1074/0200/2757/files/Womens_Relaxed_Cable_Knit_Cardigan_with_Buttons_for_Autumn-5.png?v=1791308816,,,
womens-relaxed-cable-knit-cardigan-with-buttons-for-autumn,,,Blue,,M,,,,0.0,shopify,99999,continue,manual,62.95,89.95,true,true,https://cdn.shopify.com/s/files/1/1074/0200/2757/files/Womens_Relaxed_Cable_Knit_Cardigan_with_Buttons_for_Autumn-5.png?v=1791308816,,,
womens-relaxed-cable-knit-cardigan-with-buttons-for-autumn,,,Blue,,L,,,,0.0,shopify,99999,continue,manual,62.95,89.95,true,true,https://cdn.shopify.com/s/files/1/1074/0200/2757/files/Womens_Relaxed_Cable_Knit_Cardigan_with_Buttons_for_Autumn-5.png?v=1791308816,,,
womens-relaxed-cable-knit-cardigan-with-buttons-for-autumn,,,Blue,,XL,,,,0.0,shopify,99999,continue,manual,62.95,89.95,true,true,https://cdn.shopify.com/s/files/1/1074/0200/2757/files/Womens_Relaxed_Cable_Knit_Cardigan_with_Buttons_for_Autumn-5.png?v=1791308816,,,
womens-relaxed-cable-knit-cardigan-with-buttons-for-autumn,,,Blue,,2XL,,,,0.0,shopify,99999,continue,manual,62.95,89.95,true,true,https://cdn.shopify.com/s/files/1/1074/0200/2757/files/Womens_Relaxed_Cable_Knit_Cardigan_with_Buttons_for_Autumn-5.png?v=1791308816,,,
womens-relaxed-cable-knit-cardigan-with-buttons-for-autumn,,,Blue,,3XL,,,,0.0,shopify,99999,continue,manual,62.95,89.95,true,true,https://cdn.shopify.com/s/files/1/1074/0200/2757/files/Womens_Relaxed_Cable_Knit_Cardigan_with_Buttons_for_Autumn-5.png?v=1791308816,,,
womens-relaxed-cable-knit-cardigan-with-buttons-for-autumn,,,,,,,,,,,,,,,,,,,https://cdn.shopify.com/s/files/1/1074/0200/2757/files/Womens_Relaxed_Cable_Knit_Cardigan_with_Buttons_for_Autumn-1.png?v=1791308815,1,Women's Relaxed Cable Knit Cardigan in Red
womens-relaxed-cable-knit-cardigan-with-buttons-for-autumn,,,,,,,,,,,,,,,,,,,https://cdn.shopify.com/s/files/1/1074/0200/2757/files/Womens_Relaxed_Cable_Knit_Cardigan_with_Buttons_for_Autumn-2.png?v=1791308815,2,Women's Relaxed Cable Knit Cardigan in Navy Blue
womens-relaxed-cable-knit-cardigan-with-buttons-for-autumn,,,,,,,,,,,,,,,,,,,https://cdn.shopify.com/s/files/1/1074/0200/2757/files/Womens_Relaxed_Cable_Knit_Cardigan_with_Buttons_for_Autumn-3.png?v=1791308815,3,Women's Relaxed Cable Knit Cardigan in Beige
womens-relaxed-cable-knit-cardigan-with-buttons-for-autumn,,,,,,,,,,,,,,,,,,,https://cdn.shopify.com/s/files/1/1074/0200/2757/files/Womens_Relaxed_Cable_Knit_Cardigan_with_Buttons_for_Autumn-4.png?v=1791308816,4,Women's Relaxed Cable Knit Cardigan in Orange
womens-relaxed-cable-knit-cardigan-with-buttons-for-autumn,,,,,,,,,,,,,,,,,,,https://cdn.shopify.com/s/files/1/1074/0200/2757/files/Womens_Relaxed_Cable_Knit_Cardigan_with_Buttons_for_Autumn-5.png?v=1791308816,5,Women's Relaxed Cable Knit Cardigan in Blue
womens-cropped-cable-knit-cardigan-with-round-neck-and-buttons,Women's Cropped Cable Knit Cardigan with Round Neck and Buttons,Color,Black,Size,S,,,,0.0,shopify,99999,continue,manual,56.95,81.95,true,true,https://cdn.shopify.com/s/files/1/1074/0200/2757/files/Womens_Cropped_Cable_Knit_Cardigan_with_Round_Neck_and_Buttons-1.jpg?v=1791212817,,,
womens-cropped-cable-knit-cardigan-with-round-neck-and-buttons,,,Black,,M,,,,0.0,shopify,99999,continue,manual,56.95,81.95,true,true,https://cdn.shopify.com/s/files/1/1074/0200/2757/files/Womens_Cropped_Cable_Knit_Cardigan_with_Round_Neck_and_Buttons-1.jpg?v=1791212817,,,
womens-cropped-cable-knit-cardigan-with-round-neck-and-buttons,,,Black,,L,,,,0.0,shopify,99999,continue,manual,56.95,81.95,true,true,https://cdn.shopify.com/s/files/1/1074/0200/2757/files/Womens_Cropped_Cable_Knit_Cardigan_with_Round_Neck_and_Buttons-1.jpg?v=1791212817,,,
womens-cropped-cable-knit-cardigan-with-round-neck-and-buttons,,,Black,,XL,,,,0.0,shopify,99999,continue,manual,56.95,81.95,true,true,https://cdn.shopify.com/s/files/1/1074/0200/2757/files/Womens_Cropped_Cable_Knit_Cardigan_with_Round_Neck_and_Buttons-1.jpg?v=1791212817,,,
womens-cropped-cable-knit-cardigan-with-round-neck-and-buttons,,,Black,,2XL,,,,0.0,shopify,99999,continue,manual,56.95,81.95,true,true,https://cdn.shopify.com/s/files/1/1074/0200/2757/files/Womens_Cropped_Cable_Knit_Cardigan_with_Round_Neck_and_Buttons-1.jpg?v=1791212817,,,
womens-cropped-cable-knit-cardigan-with-round-neck-and-buttons,,,Black,,3XL,,,,0.0,shopify,99999,continue,manual,56.95,81.95,true,true,https://cdn.shopify.com/s/files/1/1074/0200/2757/files/Womens_Cropped_Cable_Knit_Cardigan_with_Round_Neck_and_Buttons-1.jpg?v=1791212817,,,
womens-cropped-cable-knit-cardigan-with-round-neck-and-buttons,,,Dark Red,,S,,,,0.0,shopify,99999,continue,manual,56.95,81.95,true,true,https://cdn.shopify.com/s/files/1/1074/0200/2757/files/Womens_Cropped_Cable_Knit_Cardigan_with_Round_Neck_and_Buttons-2.jpg?v=1791212817,,,
womens-cropped-cable-knit-cardigan-with-round-neck-and-buttons,,,Dark Red,,M,,,,0.0,shopify,99999,continue,manual,56.95,81.95,true,true,https://cdn.shopify.com/s/files/1/1074/0200/2757/files/Womens_Cropped_Cable_Knit_Cardigan_with_Round_Neck_and_Buttons-2.jpg?v=1791212817,,,
womens-cropped-cable-knit-cardigan-with-round-neck-and-buttons,,,Dark Red,,L,,,,0.0,shopify,99999,continue,manual,56.95,81.95,true,true,https://cdn.shopify.com/s/files/1/1074/0200/2757/files/Womens_Cropped_Cable_Knit_Cardigan_with_Round_Neck_and_Buttons-2.jpg?v=1791212817,,,
womens-cropped-cable-knit-cardigan-with-round-neck-and-buttons,,,Dark Red,,XL,,,,0.0,shopify,99999,continue,manual,56.95,81.95,true,true,https://cdn.shopify.com/s/files/1/1074/0200/2757/files/Womens_Cropped_Cable_Knit_Cardigan_with_Round_Neck_and_Buttons-2.jpg?v=1791212817,,,
womens-cropped-cable-knit-cardigan-with-round-neck-and-buttons,,,Dark Red,,2XL,,,,0.0,shopify,99999,continue,manual,56.95,81.95,true,true,https://cdn.shopify.com/s/files/1/1074/0200/2757/files/Womens_Cropped_Cable_Knit_Cardigan_with_Round_Neck_and_Buttons-2.jpg?v=1791212817,,,
womens-cropped-cable-knit-cardigan-with-round-neck-and-buttons,,,Dark Red,,3XL,,,,0.0,shopify,99999,continue,manual,56.95,81.95,true,true,https://cdn.shopify.com/s/files/1/1074/0200/2757/files/Womens_Cropped_Cable_Knit_Cardigan_with_Round_Neck_and_Buttons-2.jpg?v=1791212817,,,
womens-cropped-cable-knit-cardigan-with-round-neck-and-buttons,,,Sky Blue,,S,,,,0.0,shopify,99999,continue,manual,56.95,81.95,true,true,https://cdn.shopify.com/s/files/1/1074/0200/2757/files/Womens_Cropped_Cable_Knit_Cardigan_with_Round_Neck_and_Buttons-3.jpg?v=1791212818,,,
womens-cropped-cable-knit-cardigan-with-round-neck-and-buttons,,,Sky Blue,,M,,,,0.0,shopify,99999,continue,manual,56.95,81.95,true,true,https://cdn.shopify.com/s/files/1/1074/0200/2757/files/Womens_Cropped_Cable_Knit_Cardigan_with_Round_Neck_and_Buttons-3.jpg?v=1791212818,,,
womens-cropped-cable-knit-cardigan-with-round-neck-and-buttons,,,Sky Blue,,L,,,,0.0,shopify,99999,continue,manual,56.95,81.95,true,true,https://cdn.shopify.com/s/files/1/1074/0200/2757/files/Womens_Cropped_Cable_Knit_Cardigan_with_Round_Neck_and_Buttons-3.jpg?v=1791212818,,,
womens-cropped-cable-knit-cardigan-with-round-neck-and-buttons,,,Sky Blue,,XL,,,,0.0,shopify,99999,continue,manual,56.95,81.95,true,true,https://cdn.shopify.com/s/files/1/1074/0200/2757/files/Womens_Cropped_Cable_Knit_Cardigan_with_Round_Neck_and_Buttons-3.jpg?v=1791212818,,,
womens-cropped-cable-knit-cardigan-with-round-neck-and-buttons,,,Sky Blue,,2XL,,,,0.0,shopify,99999,continue,manual,56.95,81.95,true,true,https://cdn.shopify.com/s/files/1/1074/0200/2757/files/Womens_Cropped_Cable_Knit_Cardigan_with_Round_Neck_and_Buttons-3.jpg?v=1791212818,,,
womens-cropped-cable-knit-cardigan-with-round-neck-and-buttons,,,Sky Blue,,3XL,,,,0.0,shopify,99999,continue,manual,56.95,81.95,true,true,https://cdn.shopify.com/s/files/1/1074/0200/2757/files/Womens_Cropped_Cable_Knit_Cardigan_with_Round_Neck_and_Buttons-3.jpg?v=1791212818,,,
womens-cropped-cable-knit-cardigan-with-round-neck-and-buttons,,,Coffee,,S,,,,0.0,shopify,99999,continue,manual,56.95,81.95,true,true,https://cdn.shopify.com/s/files/1/1074/0200/2757/files/Womens_Cropped_Cable_Knit_Cardigan_with_Round_Neck_and_Buttons-4.jpg?v=1791212817,,,
womens-cropped-cable-knit-cardigan-with-round-neck-and-buttons,,,Coffee,,M,,,,0.0,shopify,99999,continue,manual,56.95,81.95,true,true,https://cdn.shopify.com/s/files/1/1074/0200/2757/files/Womens_Cropped_Cable_Knit_Cardigan_with_Round_Neck_and_Buttons-4.jpg?v=1791212817,,,
womens-cropped-cable-knit-cardigan-with-round-neck-and-buttons,,,Coffee,,L,,,,0.0,shopify,99999,continue,manual,56.95,81.95,true,true,https://cdn.shopify.com/s/files/1/1074/0200/2757/files/Womens_Cropped_Cable_Knit_Cardigan_with_Round_Neck_and_Buttons-4.jpg?v=1791212817,,,
womens-cropped-cable-knit-cardigan-with-round-neck-and-buttons,,,Coffee,,XL,,,,0.0,shopify,99999,continue,manual,56.95,81.95,true,true,https://cdn.shopify.com/s/files/1/1074/0200/2757/files/Womens_Cropped_Cable_Knit_Cardigan_with_Round_Neck_and_Buttons-4.jpg?v=1791212817,,,
womens-cropped-cable-knit-cardigan-with-round-neck-and-buttons,,,Coffee,,2XL,,,,0.0,shopify,99999,continue,manual,56.95,81.95,true,true,https://cdn.shopify.com/s/files/1/1074/0200/2757/files/Womens_Cropped_Cable_Knit_Cardigan_with_Round_Neck_and_Buttons-4.jpg?v=1791212817,,,
womens-cropped-cable-knit-cardigan-with-round-neck-and-buttons,,,Coffee,,3XL,,,,0.0,shopify,99999,continue,manual,56.95,81.95,true,true,https://cdn.shopify.com/s/files/1/1074/0200/2757/files/Womens_Cropped_Cable_Knit_Cardigan_with_Round_Neck_and_Buttons-4.jpg?v=1791212817,,,
womens-cropped-cable-knit-cardigan-with-round-neck-and-buttons,,,Navy Blue,,S,,,,0.0,shopify,99999,continue,manual,56.95,81.95,true,true,https://cdn.shopify.com/s/files/1/1074/0200/2757/files/Womens_Cropped_Cable_Knit_Cardigan_with_Round_Neck_and_Buttons-5.jpg?v=1791212818,,,
womens-cropped-cable-knit-cardigan-with-round-neck-and-buttons,,,Navy Blue,,M,,,,0.0,shopify,99999,continue,manual,56.95,81.95,true,true,https://cdn.shopify.com/s/files/1/1074/0200/2757/files/Womens_Cropped_Cable_Knit_Cardigan_with_Round_Neck_and_Buttons-5.jpg?v=1791212818,,,
womens-cropped-cable-knit-cardigan-with-round-neck-and-buttons,,,Navy Blue,,L,,,,0.0,shopify,99999,continue,manual,56.95,81.95,true,true,https://cdn.shopify.com/s/files/1/1074/0200/2757/files/Womens_Cropped_Cable_Knit_Cardigan_with_Round_Neck_and_Buttons-5.jpg?v=1791212818,,,
womens-cropped-cable-knit-cardigan-with-round-neck-and-buttons,,,Navy Blue,,XL,,,,0.0,shopify,99999,continue,manual,56.95,81.95,true,true,https://cdn.shopify.com/s/files/1/1074/0200/2757/files/Womens_Cropped_Cable_Knit_Cardigan_with_Round_Neck_and_Buttons-5.jpg?v=1791212818,,,
womens-cropped-cable-knit-cardigan-with-round-neck-and-buttons,,,Navy Blue,,2XL,,,,0.0,shopify,99999,continue,manual,56.95,81.95,true,true,https://cdn.shopify.com/s/files/1/1074/0200/2757/files/Womens_Cropped_Cable_Knit_Cardigan_with_Round_Neck_and_Buttons-5.jpg?v=1791212818,,,
womens-cropped-cable-knit-cardigan-with-round-neck-and-buttons,,,Navy Blue,,3XL,,,,0.0,shopify,99999,continue,manual,56.95,81.95,true,true,https://cdn.shopify.com/s/files/1/1074/0200/2757/files/Womens_Cropped_Cable_Knit_Cardigan_with_Round_Neck_and_Buttons-5.jpg?v=1791212818,,,
womens-cropped-cable-knit-cardigan-with-round-neck-and-buttons,,,White,,S,,,,0.0,shopify,99999,continue,manual,56.95,81.95,true,true,https://cdn.shopify.com/s/files/1/1074/0200/2757/files/Womens_Cropped_Cable_Knit_Cardigan_with_Round_Neck_and_Buttons-6.jpg?v=1791212817,,,
womens-cropped-cable-knit-cardigan-with-round-neck-and-buttons,,,White,,M,,,,0.0,shopify,99999,continue,manual,56.95,81.95,true,true,https://cdn.shopify.com/s/files/1/1074/0200/2757/files/Womens_Cropped_Cable_Knit_Cardigan_with_Round_Neck_and_Buttons-6.jpg?v=1791212817,,,
womens-cropped-cable-knit-cardigan-with-round-neck-and-buttons,,,White,,L,,,,0.0,shopify,99999,continue,manual,56.95,81.95,true,true,https://cdn.shopify.com/s/files/1/1074/0200/2757/files/Womens_Cropped_Cable_Knit_Cardigan_with_Round_Neck_and_Buttons-6.jpg?v=1791212817,,,
womens-cropped-cable-knit-cardigan-with-round-neck-and-buttons,,,White,,XL,,,,0.0,shopify,99999,continue,manual,56.95,81.95,true,true,https://cdn.shopify.com/s/files/1/1074/0200/2757/files/Womens_Cropped_Cable_Knit_Cardigan_with_Round_Neck_and_Buttons-6.jpg?v=1791212817,,,
womens-cropped-cable-knit-cardigan-with-round-neck-and-buttons,,,White,,2XL,,,,0.0,shopify,99999,continue,manual,56.95,81.95,true,true,https://cdn.shopify.com/s/files/1/1074/0200/2757/files/Womens_Cropped_Cable_Knit_Cardigan_with_Round_Neck_and_Buttons-6.jpg?v=1791212817,,,
womens-cropped-cable-knit-cardigan-with-round-neck-and-buttons,,,White,,3XL,,,,0.0,shopify,99999,continue,manual,56.95,81.95,true,true,https://cdn.shopify.com/s/files/1/1074/0200/2757/files/Womens_Cropped_Cable_Knit_Cardigan_with_Round_Neck_and_Buttons-6.jpg?v=1791212817,,,
womens-cropped-cable-knit-cardigan-with-round-neck-and-buttons,,,Blue,,S,,,,0.0,shopify,99999,continue,manual,56.95,81.95,true,true,https://cdn.shopify.com/s/files/1/1074/0200/2757/files/Womens_Cropped_Cable_Knit_Cardigan_with_Round_Neck_and_Buttons-7.jpg?v=1791212817,,,
womens-cropped-cable-knit-cardigan-with-round-neck-and-buttons,,,Blue,,M,,,,0.0,shopify,99999,continue,manual,56.95,81.95,true,true,https://cdn.shopify.com/s/files/1/1074/0200/2757/files/Womens_Cropped_Cable_Knit_Cardigan_with_Round_Neck_and_Buttons-7.jpg?v=1791212817,,,
womens-cropped-cable-knit-cardigan-with-round-neck-and-buttons,,,Blue,,L,,,,0.0,shopify,99999,continue,manual,56.95,81.95,true,true,https://cdn.shopify.com/s/files/1/1074/0200/2757/files/Womens_Cropped_Cable_Knit_Cardigan_with_Round_Neck_and_Buttons-7.jpg?v=1791212817,,,
womens-cropped-cable-knit-cardigan-with-round-neck-and-buttons,,,Blue,,XL,,,,0.0,shopify,99999,continue,manual,56.95,81.95,true,true,https://cdn.shopify.com/s/files/1/1074/0200/2757/files/Womens_Cropped_Cable_Knit_Cardigan_with_Round_Neck_and_Buttons-7.jpg?v=1791212817,,,
womens-cropped-cable-knit-cardigan-with-round-neck-and-buttons,,,Blue,,2XL,,,,0.0,shopify,99999,continue,manual,56.95,81.95,true,true,https://cdn.shopify.com/s/files/1/1074/0200/2757/files/Womens_Cropped_Cable_Knit_Cardigan_with_Round_Neck_and_Buttons-7.jpg?v=1791212817,,,
womens-cropped-cable-knit-cardigan-with-round-neck-and-buttons,,,Blue,,3XL,,,,0.0,shopify,99999,continue,manual,56.95,81.95,true,true,https://cdn.shopify.com/s/files/1/1074/0200/2757/files/Womens_Cropped_Cable_Knit_Cardigan_with_Round_Neck_and_Buttons-7.jpg?v=1791212817,,,
womens-cropped-cable-knit-cardigan-with-round-neck-and-buttons,,,,,,,,,,,,,,,,,,,https://cdn.shopify.com/s/files/1/1074/0200/2757/files/Womens_Cropped_Cable_Knit_Cardigan_with_Round_Neck_and_Buttons-1.jpg?v=1791212817,1,Women's Cropped Cable Knit Cardigan in Black
womens-cropped-cable-knit-cardigan-with-round-neck-and-buttons,,,,,,,,,,,,,,,,,,,https://cdn.shopify.com/s/files/1/1074/0200/2757/files/Womens_Cropped_Cable_Knit_Cardigan_with_Round_Neck_and_Buttons-2.jpg?v=1791212817,2,Women's Cropped Cable Knit Cardigan in Dark Red
womens-cropped-cable-knit-cardigan-with-round-neck-and-buttons,,,,,,,,,,,,,,,,,,,https://cdn.shopify.com/s/files/1/1074/0200/2757/files/Womens_Cropped_Cable_Knit_Cardigan_with_Round_Neck_and_Buttons-3.jpg?v=1791212818,3,Women's Cropped Cable Knit Cardigan in Sky Blue
womens-cropped-cable-knit-cardigan-with-round-neck-and-buttons,,,,,,,,,,,,,,,,,,,https://cdn.shopify.com/s/files/1/1074/0200/2757/files/Womens_Cropped_Cable_Knit_Cardigan_with_Round_Neck_and_Buttons-4.jpg?v=1791212817,4,Women's Cropped Cable Knit Cardigan in Coffee
womens-cropped-cable-knit-cardigan-with-round-neck-and-buttons,,,,,,,,,,,,,,,,,,,https://cdn.shopify.com/s/files/1/1074/0200/2757/files/Womens_Cropped_Cable_Knit_Cardigan_with_Round_Neck_and_Buttons-5.jpg?v=1791212818,5,Women's Cropped Cable Knit Cardigan in Navy Blue
womens-cropped-cable-knit-cardigan-with-round-neck-and-buttons,,,,,,,,,,,,,,,,,,,https://cdn.shopify.com/s/files/1/1074/0200/2757/files/Womens_Cropped_Cable_Knit_Cardigan_with_Round_Neck_and_Buttons-6.jpg?v=1791212817,6,Women's Cropped Cable Knit Cardigan in White
womens-cropped-cable-knit-cardigan-with-round-neck-and-buttons,,,,,,,,,,,,,,,,,,,https://cdn.shopify.com/s/files/1/1074/0200/2757/files/Womens_Cropped_Cable_Knit_Cardigan_with_Round_Neck_and_Buttons-7.jpg?v=1791212817,7,Women's Cropped Cable Knit Cardigan in Blue
womens-cropped-cable-knit-cardigan-with-round-neck-and-buttons,,,,,,,,,,,,,,,,,,,https://cdn.shopify.com/s/files/1/1074/0200/2757/files/Womens_Cropped_Cable_Knit_Cardigan_with_Round_Neck_and_Buttons-8.jpg?v=1791212817,8,Women's Cropped Cable Knit Cardigan – alternate view 1
womens-cropped-cable-knit-cardigan-with-round-neck-and-buttons,,,,,,,,,,,,,,,,,,,https://cdn.shopify.com/s/files/1/1074/0200/2757/files/Womens_Cropped_Cable_Knit_Cardigan_with_Round_Neck_and_Buttons-9.jpg?v=1791212817,9,Women's Cropped Cable Knit Cardigan – alternate view 2
womens-cropped-cable-knit-cardigan-with-round-neck-and-buttons,,,,,,,,,,,,,,,,,,,https://cdn.shopify.com/s/files/1/1074/0200/2757/files/Womens_Cropped_Cable_Knit_Cardigan_with_Round_Neck_and_Buttons-10.jpg?v=1791212817,10,Women's Cropped Cable Knit Cardigan – alternate view 3
womens-relaxed-turtleneck-sweater-with-ribbed-cuffs,Women's Relaxed Turtleneck Sweater with Ribbed Cuffs,Color,Beige,Size,S,,,,0.0,shopify,99999,continue,manual,53.95,77.95,true,true,https://cdn.shopify.com/s/files/1/1074/0200/2757/files/Womens_Relaxed_Turtleneck_Sweater_with_Ribbed_Cuffs-1.webp?v=1791308557,,,
womens-relaxed-turtleneck-sweater-with-ribbed-cuffs,,,Beige,,M,,,,0.0,shopify,99999,continue,manual,53.95,77.95,true,true,https://cdn.shopify.com/s/files/1/1074/0200/2757/files/Womens_Relaxed_Turtleneck_Sweater_with_Ribbed_Cuffs-1.webp?v=1791308557,,,
womens-relaxed-turtleneck-sweater-with-ribbed-cuffs,,,Beige,,L,,,,0.0,shopify,99999,continue,manual,53.95,77.95,true,true,https://cdn.shopify.com/s/files/1/1074/0200/2757/files/Womens_Relaxed_Turtleneck_Sweater_with_Ribbed_Cuffs-1.webp?v=1791308557,,,
womens-relaxed-turtleneck-sweater-with-ribbed-cuffs,,,Beige,,XL,,,,0.0,shopify,99999,continue,manual,53.95,77.95,true,true,https://cdn.shopify.com/s/files/1/1074/0200/2757/files/Womens_Relaxed_Turtleneck_Sweater_with_Ribbed_Cuffs-1.webp?v=1791308557,,,
womens-relaxed-turtleneck-sweater-with-ribbed-cuffs,,,Beige,,2XL,,,,0.0,shopify,99999,continue,manual,53.95,77.95,true,true,https://cdn.shopify.com/s/files/1/1074/0200/2757/files/Womens_Relaxed_Turtleneck_Sweater_with_Ribbed_Cuffs-1.webp?v=1791308557,,,
womens-relaxed-turtleneck-sweater-with-ribbed-cuffs,,,Beige,,3XL,,,,0.0,shopify,99999,continue,manual,53.95,77.95,true,true,https://cdn.shopify.com/s/files/1/1074/0200/2757/files/Womens_Relaxed_Turtleneck_Sweater_with_Ribbed_Cuffs-1.webp?v=1791308557,,,
womens-relaxed-turtleneck-sweater-with-ribbed-cuffs,,,Gray,,S,,,,0.0,shopify,99999,continue,manual,53.95,77.95,true,true,https://cdn.shopify.com/s/files/1/1074/0200/2757/files/Womens_Relaxed_Turtleneck_Sweater_with_Ribbed_Cuffs-2.webp?v=1791308558,,,
womens-relaxed-turtleneck-sweater-with-ribbed-cuffs,,,Gray,,M,,,,0.0,shopify,99999,continue,manual,53.95,77.95,true,true,https://cdn.shopify.com/s/files/1/1074/0200/2757/files/Womens_Relaxed_Turtleneck_Sweater_with_Ribbed_Cuffs-2.webp?v=1791308558,,,
womens-relaxed-turtleneck-sweater-with-ribbed-cuffs,,,Gray,,L,,,,0.0,shopify,99999,continue,manual,53.95,77.95,true,true,https://cdn.shopify.com/s/files/1/1074/0200/2757/files/Womens_Relaxed_Turtleneck_Sweater_with_Ribbed_Cuffs-2.webp?v=1791308558,,,
womens-relaxed-turtleneck-sweater-with-ribbed-cuffs,,,Gray,,XL,,,,0.0,shopify,99999,continue,manual,53.95,77.95,true,true,https://cdn.shopify.com/s/files/1/1074/0200/2757/files/Womens_Relaxed_Turtleneck_Sweater_with_Ribbed_Cuffs-2.webp?v=1791308558,,,
womens-relaxed-turtleneck-sweater-with-ribbed-cuffs,,,Gray,,2XL,,,,0.0,shopify,99999,continue,manual,53.95,77.95,true,true,https://cdn.shopify.com/s/files/1/1074/0200/2757/files/Womens_Relaxed_Turtleneck_Sweater_with_Ribbed_Cuffs-2.webp?v=1791308558,,,
womens-relaxed-turtleneck-sweater-with-ribbed-cuffs,,,Gray,,3XL,,,,0.0,shopify,99999,continue,manual,53.95,77.95,true,true,https://cdn.shopify.com/s/files/1/1074/0200/2757/files/Womens_Relaxed_Turtleneck_Sweater_with_Ribbed_Cuffs-2.webp?v=1791308558,,,
womens-relaxed-turtleneck-sweater-with-ribbed-cuffs,,,Khaki,,S,,,,0.0,shopify,99999,continue,manual,53.95,77.95,true,true,https://cdn.shopify.com/s/files/1/1074/0200/2757/files/Womens_Relaxed_Turtleneck_Sweater_with_Ribbed_Cuffs-3.webp?v=1791308557,,,
womens-relaxed-turtleneck-sweater-with-ribbed-cuffs,,,Khaki,,M,,,,0.0,shopify,99999,continue,manual,53.95,77.95,true,true,https://cdn.shopify.com/s/files/1/1074/0200/2757/files/Womens_Relaxed_Turtleneck_Sweater_with_Ribbed_Cuffs-3.webp?v=1791308557,,,
womens-relaxed-turtleneck-sweater-with-ribbed-cuffs,,,Khaki,,L,,,,0.0,shopify,99999,continue,manual,53.95,77.95,true,true,https://cdn.shopify.com/s/files/1/1074/0200/2757/files/Womens_Relaxed_Turtleneck_Sweater_with_Ribbed_Cuffs-3.webp?v=1791308557,,,
womens-relaxed-turtleneck-sweater-with-ribbed-cuffs,,,Khaki,,XL,,,,0.0,shopify,99999,continue,manual,53.95,77.95,true,true,https://cdn.shopify.com/s/files/1/1074/0200/2757/files/Womens_Relaxed_Turtleneck_Sweater_with_Ribbed_Cuffs-3.webp?v=1791308557,,,
womens-relaxed-turtleneck-sweater-with-ribbed-cuffs,,,Khaki,,2XL,,,,0.0,shopify,99999,continue,manual,53.95,77.95,true,true,https://cdn.shopify.com/s/files/1/1074/0200/2757/files/Womens_Relaxed_Turtleneck_Sweater_with_Ribbed_Cuffs-3.webp?v=1791308557,,,
womens-relaxed-turtleneck-sweater-with-ribbed-cuffs,,,Khaki,,3XL,,,,0.0,shopify,99999,continue,manual,53.95,77.95,true,true,https://cdn.shopify.com/s/files/1/1074/0200/2757/files/Womens_Relaxed_Turtleneck_Sweater_with_Ribbed_Cuffs-3.webp?v=1791308557,,,
womens-relaxed-turtleneck-sweater-with-ribbed-cuffs,,,,,,,,,,,,,,,,,,,https://cdn.shopify.com/s/files/1/1074/0200/2757/files/Womens_Relaxed_Turtleneck_Sweater_with_Ribbed_Cuffs-1.webp?v=1791308557,1,Women's Relaxed Turtleneck Sweater in Beige
womens-relaxed-turtleneck-sweater-with-ribbed-cuffs,,,,,,,,,,,,,,,,,,,https://cdn.shopify.com/s/files/1/1074/0200/2757/files/Womens_Relaxed_Turtleneck_Sweater_with_Ribbed_Cuffs-2.webp?v=1791308558,2,Women's Relaxed Turtleneck Sweater in Gray
womens-relaxed-turtleneck-sweater-with-ribbed-cuffs,,,,,,,,,,,,,,,,,,,https://cdn.shopify.com/s/files/1/1074/0200/2757/files/Womens_Relaxed_Turtleneck_Sweater_with_Ribbed_Cuffs-3.webp?v=1791308557,3,Women's Relaxed Turtleneck Sweater in Khaki
womens-relaxed-turtleneck-sweater-with-ribbed-cuffs,,,,,,,,,,,,,,,,,,,https://cdn.shopify.com/s/files/1/1074/0200/2757/files/Womens_Relaxed_Turtleneck_Sweater_with_Ribbed_Cuffs-4.webp?v=1791308557,4,Women's Relaxed Turtleneck Sweater – additional view 1
womens-relaxed-turtleneck-sweater-with-ribbed-cuffs,,,,,,,,,,,,,,,,,,,https://cdn.shopify.com/s/files/1/1074/0200/2757/files/Womens_Relaxed_Turtleneck_Sweater_with_Ribbed_Cuffs-5.webp?v=1791308557,5,Women's Relaxed Turtleneck Sweater – additional view 2
womens-relaxed-turtleneck-sweater-with-ribbed-cuffs,,,,,,,,,,,,,,,,,,,https://cdn.shopify.com/s/files/1/1074/0200/2757/files/Womens_Relaxed_Turtleneck_Sweater_with_Ribbed_Cuffs-6.webp?v=1791308557,6,Women's Relaxed Turtleneck Sweater – additional view 3
womens-turtleneck-sweater-for-autumn-winter-wear,Women's Turtleneck Sweater for Autumn Winter Wear,Color,Beige,Size,S,,,,0.0,shopify,99999,continue,manual,69.95,99.95,true,false,https://cdn.shopify.com/s/files/1/1074/0200/2757/files/Women_s_Turtleneck_Sweater_for_Autumn_Winter_Wearvcd.png?v=1790127890,,,
womens-turtleneck-sweater-for-autumn-winter-wear,,,Beige,,M,,,,0.0,shopify,99999,continue,manual,69.95,99.95,true,false,https://cdn.shopify.com/s/files/1/1074/0200/2757/files/Women_s_Turtleneck_Sweater_for_Autumn_Winter_Wearvcd.png?v=1790127890,,,
womens-turtleneck-sweater-for-autumn-winter-wear,,,Beige,,L,,,,0.0,shopify,99999,continue,manual,69.95,99.95,true,false,https://cdn.shopify.com/s/files/1/1074/0200/2757/files/Women_s_Turtleneck_Sweater_for_Autumn_Winter_Wearvcd.png?v=1790127890,,,
womens-turtleneck-sweater-for-autumn-winter-wear,,,Beige,,XL,,,,0.0,shopify,99999,continue,manual,69.95,99.95,true,false,https://cdn.shopify.com/s/files/1/1074/0200/2757/files/Women_s_Turtleneck_Sweater_for_Autumn_Winter_Wearvcd.png?v=1790127890,,,
womens-turtleneck-sweater-for-autumn-winter-wear,,,Beige,,2XL,,,,0.0,shopify,99999,continue,manual,69.95,99.95,true,false,https://cdn.shopify.com/s/files/1/1074/0200/2757/files/Women_s_Turtleneck_Sweater_for_Autumn_Winter_Wearvcd.png?v=1790127890,,,
womens-turtleneck-sweater-for-autumn-winter-wear,,,Beige,,3XL,,,,0.0,shopify,99999,continue,manual,69.95,99.95,true,false,https://cdn.shopify.com/s/files/1/1074/0200/2757/files/Women_s_Turtleneck_Sweater_for_Autumn_Winter_Wearvcd.png?v=1790127890,,,
womens-turtleneck-sweater-for-autumn-winter-wear,,,Khaki,,S,,,,0.0,shopify,99999,continue,manual,69.95,99.95,true,false,https://cdn.shopify.com/s/files/1/1074/0200/2757/files/Women_s_Turtleneck_Sweater_for_Autumn_Winter_Wearvsd.png?v=1790127901,,,
womens-turtleneck-sweater-for-autumn-winter-wear,,,Khaki,,M,,,,0.0,shopify,99999,continue,manual,69.95,99.95,true,false,https://cdn.shopify.com/s/files/1/1074/0200/2757/files/Women_s_Turtleneck_Sweater_for_Autumn_Winter_Wearvsd.png?v=1790127901,,,
womens-turtleneck-sweater-for-autumn-winter-wear,,,Khaki,,L,,,,0.0,shopify,99999,continue,manual,69.95,99.95,true,false,https://cdn.shopify.com/s/files/1/1074/0200/2757/files/Women_s_Turtleneck_Sweater_for_Autumn_Winter_Wearvsd.png?v=1790127901,,,
womens-turtleneck-sweater-for-autumn-winter-wear,,,Khaki,,XL,,,,0.0,shopify,99999,continue,manual,69.95,99.95,true,false,https://cdn.shopify.com/s/files/1/1074/0200/2757/files/Women_s_Turtleneck_Sweater_for_Autumn_Winter_Wearvsd.png?v=1790127901,,,
womens-turtleneck-sweater-for-autumn-winter-wear,,,Khaki,,2XL,,,,0.0,shopify,99999,continue,manual,69.95,99.95,true,false,https://cdn.shopify.com/s/files/1/1074/0200/2757/files/Women_s_Turtleneck_Sweater_for_Autumn_Winter_Wearvsd.png?v=1790127901,,,
womens-turtleneck-sweater-for-autumn-winter-wear,,,Khaki,,3XL,,,,0.0,shopify,99999,continue,manual,69.95,99.95,true,false,https://cdn.shopify.com/s/files/1/1074/0200/2757/files/Women_s_Turtleneck_Sweater_for_Autumn_Winter_Wearvsd.png?v=1790127901,,,
womens-turtleneck-sweater-for-autumn-winter-wear,,,Brown,,S,,,,0.0,shopify,99999,continue,manual,69.95,99.95,true,false,https://cdn.shopify.com/s/files/1/1074/0200/2757/files/Women_s_Turtleneck_Sweater_for_Autumn_Winter_Wearvsda.png?v=1790127911,,,
womens-turtleneck-sweater-for-autumn-winter-wear,,,Brown,,M,,,,0.0,shopify,99999,continue,manual,69.95,99.95,true,false,https://cdn.shopify.com/s/files/1/1074/0200/2757/files/Women_s_Turtleneck_Sweater_for_Autumn_Winter_Wearvsda.png?v=1790127911,,,
womens-turtleneck-sweater-for-autumn-winter-wear,,,Brown,,L,,,,0.0,shopify,99999,continue,manual,69.95,99.95,true,false,https://cdn.shopify.com/s/files/1/1074/0200/2757/files/Women_s_Turtleneck_Sweater_for_Autumn_Winter_Wearvsda.png?v=1790127911,,,
womens-turtleneck-sweater-for-autumn-winter-wear,,,Brown,,XL,,,,0.0,shopify,99999,continue,manual,69.95,99.95,true,false,https://cdn.shopify.com/s/files/1/1074/0200/2757/files/Women_s_Turtleneck_Sweater_for_Autumn_Winter_Wearvsda.png?v=1790127911,,,
womens-turtleneck-sweater-for-autumn-winter-wear,,,Brown,,2XL,,,,0.0,shopify,99999,continue,manual,69.95,99.95,true,false,https://cdn.shopify.com/s/files/1/1074/0200/2757/files/Women_s_Turtleneck_Sweater_for_Autumn_Winter_Wearvsda.png?v=1790127911,,,
womens-turtleneck-sweater-for-autumn-winter-wear,,,Brown,,3XL,,,,0.0,shopify,99999,continue,manual,69.95,99.95,true,false,https://cdn.shopify.com/s/files/1/1074/0200/2757/files/Women_s_Turtleneck_Sweater_for_Autumn_Winter_Wearvsda.png?v=1790127911,,,
womens-turtleneck-sweater-for-autumn-winter-wear,,,Black,,S,,,,0.0,shopify,99999,continue,manual,69.95,99.95,true,false,https://cdn.shopify.com/s/files/1/1074/0200/2757/files/Women_s_Turtleneck_Sweater_for_Autumn_Winter_Wearvdfwe.png?v=1790127943,,,
womens-turtleneck-sweater-for-autumn-winter-wear,,,Black,,M,,,,0.0,shopify,99999,continue,manual,69.95,99.95,true,false,https://cdn.shopify.com/s/files/1/1074/0200/2757/files/Women_s_Turtleneck_Sweater_for_Autumn_Winter_Wearvdfwe.png?v=1790127943,,,
womens-turtleneck-sweater-for-autumn-winter-wear,,,Black,,L,,,,0.0,shopify,99999,continue,manual,69.95,99.95,true,false,https://cdn.shopify.com/s/files/1/1074/0200/2757/files/Women_s_Turtleneck_Sweater_for_Autumn_Winter_Wearvdfwe.png?v=1790127943,,,
womens-turtleneck-sweater-for-autumn-winter-wear,,,Black,,XL,,,,0.0,shopify,99999,continue,manual,69.95,99.95,true,false,https://cdn.shopify.com/s/files/1/1074/0200/2757/files/Women_s_Turtleneck_Sweater_for_Autumn_Winter_Wearvdfwe.png?v=1790127943,,,
womens-turtleneck-sweater-for-autumn-winter-wear,,,Black,,2XL,,,,0.0,shopify,99999,continue,manual,69.95,99.95,true,false,https://cdn.shopify.com/s/files/1/1074/0200/2757/files/Women_s_Turtleneck_Sweater_for_Autumn_Winter_Wearvdfwe.png?v=1790127943,,,
womens-turtleneck-sweater-for-autumn-winter-wear,,,Black,,3XL,,,,0.0,shopify,99999,continue,manual,69.95,99.95,true,false,https://cdn.shopify.com/s/files/1/1074/0200/2757/files/Women_s_Turtleneck_Sweater_for_Autumn_Winter_Wearvdfwe.png?v=1790127943,,,
womens-turtleneck-sweater-for-autumn-winter-wear,,,Pink,,S,,,,0.0,shopify,99999,continue,manual,69.95,99.95,true,false,https://cdn.shopify.com/s/files/1/1074/0200/2757/files/Women_s_Turtleneck_Sweater_for_Autumn_Winter_WearvdzSew.png?v=1790127985,,,
womens-turtleneck-sweater-for-autumn-winter-wear,,,Pink,,M,,,,0.0,shopify,99999,continue,manual,69.95,99.95,true,false,https://cdn.shopify.com/s/files/1/1074/0200/2757/files/Women_s_Turtleneck_Sweater_for_Autumn_Winter_WearvdzSew.png?v=1790127985,,,
womens-turtleneck-sweater-for-autumn-winter-wear,,,Pink,,L,,,,0.0,shopify,99999,continue,manual,69.95,99.95,true,false,https://cdn.shopify.com/s/files/1/1074/0200/2757/files/Women_s_Turtleneck_Sweater_for_Autumn_Winter_WearvdzSew.png?v=1790127985,,,
womens-turtleneck-sweater-for-autumn-winter-wear,,,Pink,,XL,,,,0.0,shopify,99999,continue,manual,69.95,99.95,true,false,https://cdn.shopify.com/s/files/1/1074/0200/2757/files/Women_s_Turtleneck_Sweater_for_Autumn_Winter_WearvdzSew.png?v=1790127985,,,
womens-turtleneck-sweater-for-autumn-winter-wear,,,Pink,,2XL,,,,0.0,shopify,99999,continue,manual,69.95,99.95,true,false,https://cdn.shopify.com/s/files/1/1074/0200/2757/files/Women_s_Turtleneck_Sweater_for_Autumn_Winter_WearvdzSew.png?v=1790127985,,,
womens-turtleneck-sweater-for-autumn-winter-wear,,,Pink,,3XL,,,,0.0,shopify,99999,continue,manual,69.95,99.95,true,false,https://cdn.shopify.com/s/files/1/1074/0200/2757/files/Women_s_Turtleneck_Sweater_for_Autumn_Winter_WearvdzSew.png?v=1790127985,,,
womens-turtleneck-sweater-for-autumn-winter-wear,,,Yellow,,S,,,,0.0,shopify,99999,continue,manual,69.95,99.95,true,false,https://cdn.shopify.com/s/files/1/1074/0200/2757/files/Women_s_Turtleneck_Sweater_for_Autumn_Winter_Wearvsdwe.png?v=1790127996,,,
womens-turtleneck-sweater-for-autumn-winter-wear,,,Yellow,,M,,,,0.0,shopify,99999,continue,manual,69.95,99.95,true,false,https://cdn.shopify.com/s/files/1/1074/0200/2757/files/Women_s_Turtleneck_Sweater_for_Autumn_Winter_Wearvsdwe.png?v=1790127996,,,
womens-turtleneck-sweater-for-autumn-winter-wear,,,Yellow,,L,,,,0.0,shopify,99999,continue,manual,69.95,99.95,true,false,https://cdn.shopify.com/s/files/1/1074/0200/2757/files/Women_s_Turtleneck_Sweater_for_Autumn_Winter_Wearvsdwe.png?v=1790127996,,,
womens-turtleneck-sweater-for-autumn-winter-wear,,,Yellow,,XL,,,,0.0,shopify,99999,continue,manual,69.95,99.95,true,false,https://cdn.shopify.com/s/files/1/1074/0200/2757/files/Women_s_Turtleneck_Sweater_for_Autumn_Winter_Wearvsdwe.png?v=1790127996,,,
womens-turtleneck-sweater-for-autumn-winter-wear,,,Yellow,,2XL,,,,0.0,shopify,99999,continue,manual,69.95,99.95,true,false,https://cdn.shopify.com/s/files/1/1074/0200/2757/files/Women_s_Turtleneck_Sweater_for_Autumn_Winter_Wearvsdwe.png?v=1790127996,,,
womens-turtleneck-sweater-for-autumn-winter-wear,,,Yellow,,3XL,,,,0.0,shopify,99999,continue,manual,69.95,99.95,true,false,https://cdn.shopify.com/s/files/1/1074/0200/2757/files/Women_s_Turtleneck_Sweater_for_Autumn_Winter_Wearvsdwe.png?v=1790127996,,,
womens-turtleneck-sweater-for-autumn-winter-wear,,,Turquoise,,S,,,,0.0,shopify,99999,continue,manual,69.95,99.95,true,false,https://cdn.shopify.com/s/files/1/1074/0200/2757/files/Women_s_Turtleneck_Sweater_for_Autumn_Winter_Wearvsdwwe.png?v=1790128018,,,
womens-turtleneck-sweater-for-autumn-winter-wear,,,Turquoise,,M,,,,0.0,shopify,99999,continue,manual,69.95,99.95,true,false,https://cdn.shopify.com/s/files/1/1074/0200/2757/files/Women_s_Turtleneck_Sweater_for_Autumn_Winter_Wearvsdwwe.png?v=1790128018,,,
womens-turtleneck-sweater-for-autumn-winter-wear,,,Turquoise,,L,,,,0.0,shopify,99999,continue,manual,69.95,99.95,true,false,https://cdn.shopify.com/s/files/1/1074/0200/2757/files/Women_s_Turtleneck_Sweater_for_Autumn_Winter_Wearvsdwwe.png?v=1790128018,,,
womens-turtleneck-sweater-for-autumn-winter-wear,,,Turquoise,,XL,,,,0.0,shopify,99999,continue,manual,69.95,99.95,true,false,https://cdn.shopify.com/s/files/1/1074/0200/2757/files/Women_s_Turtleneck_Sweater_for_Autumn_Winter_Wearvsdwwe.png?v=1790128018,,,
womens-turtleneck-sweater-for-autumn-winter-wear,,,Turquoise,,2XL,,,,0.0,shopify,99999,continue,manual,69.95,99.95,true,false,https://cdn.shopify.com/s/files/1/1074/0200/2757/files/Women_s_Turtleneck_Sweater_for_Autumn_Winter_Wearvsdwwe.png?v=1790128018,,,
womens-turtleneck-sweater-for-autumn-winter-wear,,,Turquoise,,3XL,,,,0.0,shopify,99999,continue,manual,69.95,99.95,true,false,https://cdn.shopify.com/s/files/1/1074/0200/2757/files/Women_s_Turtleneck_Sweater_for_Autumn_Winter_Wearvsdwwe.png?v=1790128018,,,
womens-turtleneck-sweater-for-autumn-winter-wear,,,Orange,,S,,,,0.0,shopify,99999,continue,manual,69.95,99.95,true,false,https://cdn.shopify.com/s/files/1/1074/0200/2757/files/Women_s_Turtleneck_Sweater_for_Autumn_Winter_Wearbgfgrtrht.png?v=1790128053,,,
womens-turtleneck-sweater-for-autumn-winter-wear,,,Orange,,M,,,,0.0,shopify,99999,continue,manual,69.95,99.95,true,false,https://cdn.shopify.com/s/files/1/1074/0200/2757/files/Women_s_Turtleneck_Sweater_for_Autumn_Winter_Wearbgfgrtrht.png?v=1790128053,,,
womens-turtleneck-sweater-for-autumn-winter-wear,,,Orange,,L,,,,0.0,shopify,99999,continue,manual,69.95,99.95,true,false,https://cdn.shopify.com/s/files/1/1074/0200/2757/files/Women_s_Turtleneck_Sweater_for_Autumn_Winter_Wearbgfgrtrht.png?v=1790128053,,,
womens-turtleneck-sweater-for-autumn-winter-wear,,,Orange,,XL,,,,0.0,shopify,99999,continue,manual,69.95,99.95,true,false,https://cdn.shopify.com/s/files/1/1074/0200/2757/files/Women_s_Turtleneck_Sweater_for_Autumn_Winter_Wearbgfgrtrht.png?v=1790128053,,,
womens-turtleneck-sweater-for-autumn-winter-wear,,,Orange,,2XL,,,,0.0,shopify,99999,continue,manual,69.95,99.95,true,false,https://cdn.shopify.com/s/files/1/1074/0200/2757/files/Women_s_Turtleneck_Sweater_for_Autumn_Winter_Wearbgfgrtrht.png?v=1790128053,,,
womens-turtleneck-sweater-for-autumn-winter-wear,,,Orange,,3XL,,,,0.0,shopify,99999,continue,manual,69.95,99.95,true,false,https://cdn.shopify.com/s/files/1/1074/0200/2757/files/Women_s_Turtleneck_Sweater_for_Autumn_Winter_Wearbgfgrtrht.png?v=1790128053,,,
womens-turtleneck-sweater-for-autumn-winter-wear,,,,,,,,,,,,,,,,,,,https://cdn.shopify.com/s/files/1/1074/0200/2757/files/Women_s_Turtleneck_Sweater_for_Autumn_Winter_Wearvcd.png?v=1790127890,1,Women's Turtleneck Sweater for Autumn Winter Wear
womens-turtleneck-sweater-for-autumn-winter-wear,,,,,,,,,,,,,,,,,,,https://cdn.shopify.com/s/files/1/1074/0200/2757/files/Women_s_Turtleneck_Sweater_for_Autumn_Winter_Wearvsd.png?v=1790127901,2,Women's Turtleneck Sweater for Autumn Winter Wear
womens-turtleneck-sweater-for-autumn-winter-wear,,,,,,,,,,,,,,,,,,,https://cdn.shopify.com/s/files/1/1074/0200/2757/files/Women_s_Turtleneck_Sweater_for_Autumn_Winter_Wearvsda.png?v=1790127911,3,Women's Turtleneck Sweater for Autumn Winter Wear
womens-turtleneck-sweater-for-autumn-winter-wear,,,,,,,,,,,,,,,,,,,https://cdn.shopify.com/s/files/1/1074/0200/2757/files/Women_s_Turtleneck_Sweater_for_Autumn_Winter_Wearvada.png?v=1790127922,4,Women's Turtleneck Sweater for Autumn Winter Wear
womens-turtleneck-sweater-for-autumn-winter-wear,,,,,,,,,,,,,,,,,,,https://cdn.shopify.com/s/files/1/1074/0200/2757/files/Women_s_Turtleneck_Sweater_for_Autumn_Winter_Wearvdfwe.png?v=1790127943,5,Women's Turtleneck Sweater for Autumn Winter Wear
womens-turtleneck-sweater-for-autumn-winter-wear,,,,,,,,,,,,,,,,,,,https://cdn.shopify.com/s/files/1/1074/0200/2757/files/Women_s_Turtleneck_Sweater_for_Autumn_Winter_Wearvdfew.png?v=1790127962,6,Women's Turtleneck Sweater for Autumn Winter Wear
womens-turtleneck-sweater-for-autumn-winter-wear,,,,,,,,,,,,,,,,,,,https://cdn.shopify.com/s/files/1/1074/0200/2757/files/Women_s_Turtleneck_Sweater_for_Autumn_Winter_WearvdzSew.png?v=1790127985,7,Women's Turtleneck Sweater for Autumn Winter Wear
womens-turtleneck-sweater-for-autumn-winter-wear,,,,,,,,,,,,,,,,,,,https://cdn.shopify.com/s/files/1/1074/0200/2757/files/Women_s_Turtleneck_Sweater_for_Autumn_Winter_Wearvsdwe.png?v=1790127996,8,Women's Turtleneck Sweater for Autumn Winter Wear
womens-turtleneck-sweater-for-autumn-winter-wear,,,,,,,,,,,,,,,,,,,https://cdn.shopify.com/s/files/1/1074/0200/2757/files/Women_s_Turtleneck_Sweater_for_Autumn_Winter_Wearvsdwwe.png?v=1790128018,9,Women's Turtleneck Sweater for Autumn Winter Wear
womens-turtleneck-sweater-for-autumn-winter-wear,,,,,,,,,,,,,,,,,,,https://cdn.shopify.com/s/files/1/1074/0200/2757/files/Women_s_Turtleneck_Sweater_for_Autumn_Winter_Wearbgfgrtrht.png?v=1790128053,10,Women's Turtleneck Sweater for Autumn Winter Wear
womens-lapel-knit-cardigan-coat-with-button-front,Women's Lapel Knit Cardigan Coat with Button Front,Color,Pink,Size,S,,,,0.0,shopify,99999,continue,manual,53.95,77.95,true,true,https://cdn.shopify.com/s/files/1/1074/0200/2757/files/Womens_Lapel_Knit_Cardigan_Coat_with_Button_Front-1.jpg?v=1791309529,,,
womens-lapel-knit-cardigan-coat-with-button-front,,,Pink,,M,,,,0.0,shopify,99999,continue,manual,53.95,77.95,true,true,https://cdn.shopify.com/s/files/1/1074/0200/2757/files/Womens_Lapel_Knit_Cardigan_Coat_with_Button_Front-1.jpg?v=1791309529,,,
womens-lapel-knit-cardigan-coat-with-button-front,,,Pink,,L,,,,0.0,shopify,99999,continue,manual,53.95,77.95,true,true,https://cdn.shopify.com/s/files/1/1074/0200/2757/files/Womens_Lapel_Knit_Cardigan_Coat_with_Button_Front-1.jpg?v=1791309529,,,
womens-lapel-knit-cardigan-coat-with-button-front,,,Pink,,XL,,,,0.0,shopify,99999,continue,manual,53.95,77.95,true,true,https://cdn.shopify.com/s/files/1/1074/0200/2757/files/Womens_Lapel_Knit_Cardigan_Coat_with_Button_Front-1.jpg?v=1791309529,,,
womens-lapel-knit-cardigan-coat-with-button-front,,,Pink,,2XL,,,,0.0,shopify,99999,continue,manual,53.95,77.95,true,true,https://cdn.shopify.com/s/files/1/1074/0200/2757/files/Womens_Lapel_Knit_Cardigan_Coat_with_Button_Front-1.jpg?v=1791309529,,,
womens-lapel-knit-cardigan-coat-with-button-front,,,Pink,,3XL,,,,0.0,shopify,99999,continue,manual,53.95,77.95,true,true,https://cdn.shopify.com/s/files/1/1074/0200/2757/files/Womens_Lapel_Knit_Cardigan_Coat_with_Button_Front-1.jpg?v=1791309529,,,
womens-lapel-knit-cardigan-coat-with-button-front,,,Black,,S,,,,0.0,shopify,99999,continue,manual,53.95,77.95,true,true,https://cdn.shopify.com/s/files/1/1074/0200/2757/files/Womens_Lapel_Knit_Cardigan_Coat_with_Button_Front-2.jpg?v=1791309529,,,
womens-lapel-knit-cardigan-coat-with-button-front,,,Black,,M,,,,0.0,shopify,99999,continue,manual,53.95,77.95,true,true,https://cdn.shopify.com/s/files/1/1074/0200/2757/files/Womens_Lapel_Knit_Cardigan_Coat_with_Button_Front-2.jpg?v=1791309529,,,
womens-lapel-knit-cardigan-coat-with-button-front,,,Black,,L,,,,0.0,shopify,99999,continue,manual,53.95,77.95,true,true,https://cdn.shopify.com/s/files/1/1074/0200/2757/files/Womens_Lapel_Knit_Cardigan_Coat_with_Button_Front-2.jpg?v=1791309529,,,
womens-lapel-knit-cardigan-coat-with-button-front,,,Black,,XL,,,,0.0,shopify,99999,continue,manual,53.95,77.95,true,true,https://cdn.shopify.com/s/files/1/1074/0200/2757/files/Womens_Lapel_Knit_Cardigan_Coat_with_Button_Front-2.jpg?v=1791309529,,,
womens-lapel-knit-cardigan-coat-with-button-front,,,Black,,2XL,,,,0.0,shopify,99999,continue,manual,53.95,77.95,true,true,https://cdn.shopify.com/s/files/1/1074/0200/2757/files/Womens_Lapel_Knit_Cardigan_Coat_with_Button_Front-2.jpg?v=1791309529,,,
womens-lapel-knit-cardigan-coat-with-button-front,,,Black,,3XL,,,,0.0,shopify,99999,continue,manual,53.95,77.95,true,true,https://cdn.shopify.com/s/files/1/1074/0200/2757/files/Womens_Lapel_Knit_Cardigan_Coat_with_Button_Front-2.jpg?v=1791309529,,,
womens-lapel-knit-cardigan-coat-with-button-front,,,Brown,,S,,,,0.0,shopify,99999,continue,manual,53.95,77.95,true,true,https://cdn.shopify.com/s/files/1/1074/0200/2757/files/Womens_Lapel_Knit_Cardigan_Coat_with_Button_Front-3.jpg?v=1791309529,,,
womens-lapel-knit-cardigan-coat-with-button-front,,,Brown,,M,,,,0.0,shopify,99999,continue,manual,53.95,77.95,true,true,https://cdn.shopify.com/s/files/1/1074/0200/2757/files/Womens_Lapel_Knit_Cardigan_Coat_with_Button_Front-3.jpg?v=1791309529,,,
womens-lapel-knit-cardigan-coat-with-button-front,,,Brown,,L,,,,0.0,shopify,99999,continue,manual,53.95,77.95,true,true,https://cdn.shopify.com/s/files/1/1074/0200/2757/files/Womens_Lapel_Knit_Cardigan_Coat_with_Button_Front-3.jpg?v=1791309529,,,
womens-lapel-knit-cardigan-coat-with-button-front,,,Brown,,XL,,,,0.0,shopify,99999,continue,manual,53.95,77.95,true,true,https://cdn.shopify.com/s/files/1/1074/0200/2757/files/Womens_Lapel_Knit_Cardigan_Coat_with_Button_Front-3.jpg?v=1791309529,,,
womens-lapel-knit-cardigan-coat-with-button-front,,,Brown,,2XL,,,,0.0,shopify,99999,continue,manual,53.95,77.95,true,true,https://cdn.shopify.com/s/files/1/1074/0200/2757/files/Womens_Lapel_Knit_Cardigan_Coat_with_Button_Front-3.jpg?v=1791309529,,,
womens-lapel-knit-cardigan-coat-with-button-front,,,Brown,,3XL,,,,0.0,shopify,99999,continue,manual,53.95,77.95,true,true,https://cdn.shopify.com/s/files/1/1074/0200/2757/files/Womens_Lapel_Knit_Cardigan_Coat_with_Button_Front-3.jpg?v=1791309529,,,
womens-lapel-knit-cardigan-coat-with-button-front,,,Green,,S,,,,0.0,shopify,99999,continue,manual,53.95,77.95,true,true,https://cdn.shopify.com/s/files/1/1074/0200/2757/files/Womens_Lapel_Knit_Cardigan_Coat_with_Button_Front-4.jpg?v=1791309529,,,
womens-lapel-knit-cardigan-coat-with-button-front,,,Green,,M,,,,0.0,shopify,99999,continue,manual,53.95,77.95,true,true,https://cdn.shopify.com/s/files/1/1074/0200/2757/files/Womens_Lapel_Knit_Cardigan_Coat_with_Button_Front-4.jpg?v=1791309529,,,
womens-lapel-knit-cardigan-coat-with-button-front,,,Green,,L,,,,0.0,shopify,99999,continue,manual,53.95,77.95,true,true,https://cdn.shopify.com/s/files/1/1074/0200/2757/files/Womens_Lapel_Knit_Cardigan_Coat_with_Button_Front-4.jpg?v=1791309529,,,
womens-lapel-knit-cardigan-coat-with-button-front,,,Green,,XL,,,,0.0,shopify,99999,continue,manual,53.95,77.95,true,true,https://cdn.shopify.com/s/files/1/1074/0200/2757/files/Womens_Lapel_Knit_Cardigan_Coat_with_Button_Front-4.jpg?v=1791309529,,,
womens-lapel-knit-cardigan-coat-with-button-front,,,Green,,2XL,,,,0.0,shopify,99999,continue,manual,53.95,77.95,true,true,https://cdn.shopify.com/s/files/1/1074/0200/2757/files/Womens_Lapel_Knit_Cardigan_Coat_with_Button_Front-4.jpg?v=1791309529,,,
womens-lapel-knit-cardigan-coat-with-button-front,,,Green,,3XL,,,,0.0,shopify,99999,continue,manual,53.95,77.95,true,true,https://cdn.shopify.com/s/files/1/1074/0200/2757/files/Womens_Lapel_Knit_Cardigan_Coat_with_Button_Front-4.jpg?v=1791309529,,,
womens-lapel-knit-cardigan-coat-with-button-front,,,,,,,,,,,,,,,,,,,https://cdn.shopify.com/s/files/1/1074/0200/2757/files/Womens_Lapel_Knit_Cardigan_Coat_with_Button_Front-1.jpg?v=1791309529,1,Women's Lapel Knit Cardigan Coat in Pink
womens-lapel-knit-cardigan-coat-with-button-front,,,,,,,,,,,,,,,,,,,https://cdn.shopify.com/s/files/1/1074/0200/2757/files/Womens_Lapel_Knit_Cardigan_Coat_with_Button_Front-2.jpg?v=1791309529,2,Women's Lapel Knit Cardigan Coat in Black
womens-lapel-knit-cardigan-coat-with-button-front,,,,,,,,,,,,,,,,,,,https://cdn.shopify.com/s/files/1/1074/0200/2757/files/Womens_Lapel_Knit_Cardigan_Coat_with_Button_Front-3.jpg?v=1791309529,3,Women's Lapel Knit Cardigan Coat in Brown
womens-lapel-knit-cardigan-coat-with-button-front,,,,,,,,,,,,,,,,,,,https://cdn.shopify.com/s/files/1/1074/0200/2757/files/Womens_Lapel_Knit_Cardigan_Coat_with_Button_Front-4.jpg?v=1791309529,4,Women's Lapel Knit Cardigan Coat in Green
womens-lapel-knit-cardigan-coat-with-button-front,,,,,,,,,,,,,,,,,,,https://cdn.shopify.com/s/files/1/1074/0200/2757/files/Womens_Lapel_Knit_Cardigan_Coat_with_Button_Front-5.jpg?v=1791309529,5,Women's Lapel Knit Cardigan Coat – additional view 1
womens-lapel-knit-cardigan-coat-with-button-front,,,,,,,,,,,,,,,,,,,https://cdn.shopify.com/s/files/1/1074/0200/2757/files/Womens_Lapel_Knit_Cardigan_Coat_with_Button_Front-6.jpg?v=1791309529,6,Women's Lapel Knit Cardigan Coat – additional view 2
womens-lapel-knit-cardigan-coat-with-button-front,,,,,,,,,,,,,,,,,,,https://cdn.shopify.com/s/files/1/1074/0200/2757/files/Womens_Lapel_Knit_Cardigan_Coat_with_Button_Front-7.jpg?v=1791309529,7,Women's Lapel Knit Cardigan Coat – additional view 3
womens-chunky-knit-open-front-cardigan-with-wide-sleeves,Women's Chunky Knit Open Front Cardigan with Wide Sleeves,Color,Khaki,Size,S,,,,0.0,shopify,99999,continue,manual,42.95,61.95,true,true,https://cdn.shopify.com/s/files/1/1074/0200/2757/files/Womens_Chunky_Knit_Open_Front_Cardigan_with_Wide_Sleeves-1.jpg?v=1791309248,,,
womens-chunky-knit-open-front-cardigan-with-wide-sleeves,,,Khaki,,M,,,,0.0,shopify,99999,continue,manual,42.95,61.95,true,true,https://cdn.shopify.com/s/files/1/1074/0200/2757/files/Womens_Chunky_Knit_Open_Front_Cardigan_with_Wide_Sleeves-1.jpg?v=1791309248,,,
womens-chunky-knit-open-front-cardigan-with-wide-sleeves,,,Khaki,,L,,,,0.0,shopify,99999,continue,manual,42.95,61.95,true,true,https://cdn.shopify.com/s/files/1/1074/0200/2757/files/Womens_Chunky_Knit_Open_Front_Cardigan_with_Wide_Sleeves-1.jpg?v=1791309248,,,
womens-chunky-knit-open-front-cardigan-with-wide-sleeves,,,Khaki,,XL,,,,0.0,shopify,99999,continue,manual,42.95,61.95,true,true,https://cdn.shopify.com/s/files/1/1074/0200/2757/files/Womens_Chunky_Knit_Open_Front_Cardigan_with_Wide_Sleeves-1.jpg?v=1791309248,,,
womens-chunky-knit-open-front-cardigan-with-wide-sleeves,,,Khaki,,2XL,,,,0.0,shopify,99999,continue,manual,42.95,61.95,true,true,https://cdn.shopify.com/s/files/1/1074/0200/2757/files/Womens_Chunky_Knit_Open_Front_Cardigan_with_Wide_Sleeves-1.jpg?v=1791309248,,,
womens-chunky-knit-open-front-cardigan-with-wide-sleeves,,,Khaki,,3XL,,,,0.0,shopify,99999,continue,manual,42.95,61.95,true,true,https://cdn.shopify.com/s/files/1/1074/0200/2757/files/Womens_Chunky_Knit_Open_Front_Cardigan_with_Wide_Sleeves-1.jpg?v=1791309248,,,
womens-chunky-knit-open-front-cardigan-with-wide-sleeves,,,Black,,S,,,,0.0,shopify,99999,continue,manual,42.95,61.95,true,true,https://cdn.shopify.com/s/files/1/1074/0200/2757/files/Womens_Chunky_Knit_Open_Front_Cardigan_with_Wide_Sleeves-2.jpg?v=1791309249,,,
womens-chunky-knit-open-front-cardigan-with-wide-sleeves,,,Black,,M,,,,0.0,shopify,99999,continue,manual,42.95,61.95,true,true,https://cdn.shopify.com/s/files/1/1074/0200/2757/files/Womens_Chunky_Knit_Open_Front_Cardigan_with_Wide_Sleeves-2.jpg?v=1791309249,,,
womens-chunky-knit-open-front-cardigan-with-wide-sleeves,,,Black,,L,,,,0.0,shopify,99999,continue,manual,42.95,61.95,true,true,https://cdn.shopify.com/s/files/1/1074/0200/2757/files/Womens_Chunky_Knit_Open_Front_Cardigan_with_Wide_Sleeves-2.jpg?v=1791309249,,,
womens-chunky-knit-open-front-cardigan-with-wide-sleeves,,,Black,,XL,,,,0.0,shopify,99999,continue,manual,42.95,61.95,true,true,https://cdn.shopify.com/s/files/1/1074/0200/2757/files/Womens_Chunky_Knit_Open_Front_Cardigan_with_Wide_Sleeves-2.jpg?v=1791309249,,,
womens-chunky-knit-open-front-cardigan-with-wide-sleeves,,,Black,,2XL,,,,0.0,shopify,99999,continue,manual,42.95,61.95,true,true,https://cdn.shopify.com/s/files/1/1074/0200/2757/files/Womens_Chunky_Knit_Open_Front_Cardigan_with_Wide_Sleeves-2.jpg?v=1791309249,,,
womens-chunky-knit-open-front-cardigan-with-wide-sleeves,,,Black,,3XL,,,,0.0,shopify,99999,continue,manual,42.95,61.95,true,true,https://cdn.shopify.com/s/files/1/1074/0200/2757/files/Womens_Chunky_Knit_Open_Front_Cardigan_with_Wide_Sleeves-2.jpg?v=1791309249,,,
womens-chunky-knit-open-front-cardigan-with-wide-sleeves,,,White,,S,,,,0.0,shopify,99999,continue,manual,42.95,61.95,true,true,https://cdn.shopify.com/s/files/1/1074/0200/2757/files/Womens_Chunky_Knit_Open_Front_Cardigan_with_Wide_Sleeves-3.jpg?v=1791309249,,,
womens-chunky-knit-open-front-cardigan-with-wide-sleeves,,,White,,M,,,,0.0,shopify,99999,continue,manual,42.95,61.95,true,true,https://cdn.shopify.com/s/files/1/1074/0200/2757/files/Womens_Chunky_Knit_Open_Front_Cardigan_with_Wide_Sleeves-3.jpg?v=1791309249,,,
womens-chunky-knit-open-front-cardigan-with-wide-sleeves,,,White,,L,,,,0.0,shopify,99999,continue,manual,42.95,61.95,true,true,https://cdn.shopify.com/s/files/1/1074/0200/2757/files/Womens_Chunky_Knit_Open_Front_Cardigan_with_Wide_Sleeves-3.jpg?v=1791309249,,,
womens-chunky-knit-open-front-cardigan-with-wide-sleeves,,,White,,XL,,,,0.0,shopify,99999,continue,manual,42.95,61.95,true,true,https://cdn.shopify.com/s/files/1/1074/0200/2757/files/Womens_Chunky_Knit_Open_Front_Cardigan_with_Wide_Sleeves-3.jpg?v=1791309249,,,
womens-chunky-knit-open-front-cardigan-with-wide-sleeves,,,White,,2XL,,,,0.0,shopify,99999,continue,manual,42.95,61.95,true,true,https://cdn.shopify.com/s/files/1/1074/0200/2757/files/Womens_Chunky_Knit_Open_Front_Cardigan_with_Wide_Sleeves-3.jpg?v=1791309249,,,
womens-chunky-knit-open-front-cardigan-with-wide-sleeves,,,White,,3XL,,,,0.0,shopify,99999,continue,manual,42.95,61.95,true,true,https://cdn.shopify.com/s/files/1/1074/0200/2757/files/Womens_Chunky_Knit_Open_Front_Cardigan_with_Wide_Sleeves-3.jpg?v=1791309249,,,
womens-chunky-knit-open-front-cardigan-with-wide-sleeves,,,Gray,,S,,,,0.0,shopify,99999,continue,manual,42.95,61.95,true,true,https://cdn.shopify.com/s/files/1/1074/0200/2757/files/Womens_Chunky_Knit_Open_Front_Cardigan_with_Wide_Sleeves-4.jpg?v=1791309249,,,
womens-chunky-knit-open-front-cardigan-with-wide-sleeves,,,Gray,,M,,,,0.0,shopify,99999,continue,manual,42.95,61.95,true,true,https://cdn.shopify.com/s/files/1/1074/0200/2757/files/Womens_Chunky_Knit_Open_Front_Cardigan_with_Wide_Sleeves-4.jpg?v=1791309249,,,
womens-chunky-knit-open-front-cardigan-with-wide-sleeves,,,Gray,,L,,,,0.0,shopify,99999,continue,manual,42.95,61.95,true,true,https://cdn.shopify.com/s/files/1/1074/0200/2757/files/Womens_Chunky_Knit_Open_Front_Cardigan_with_Wide_Sleeves-4.jpg?v=1791309249,,,
womens-chunky-knit-open-front-cardigan-with-wide-sleeves,,,Gray,,XL,,,,0.0,shopify,99999,continue,manual,42.95,61.95,true,true,https://cdn.shopify.com/s/files/1/1074/0200/2757/files/Womens_Chunky_Knit_Open_Front_Cardigan_with_Wide_Sleeves-4.jpg?v=1791309249,,,
womens-chunky-knit-open-front-cardigan-with-wide-sleeves,,,Gray,,2XL,,,,0.0,shopify,99999,continue,manual,42.95,61.95,true,true,https://cdn.shopify.com/s/files/1/1074/0200/2757/files/Womens_Chunky_Knit_Open_Front_Cardigan_with_Wide_Sleeves-4.jpg?v=1791309249,,,
womens-chunky-knit-open-front-cardigan-with-wide-sleeves,,,Gray,,3XL,,,,0.0,shopify,99999,continue,manual,42.95,61.95,true,true,https://cdn.shopify.com/s/files/1/1074/0200/2757/files/Womens_Chunky_Knit_Open_Front_Cardigan_with_Wide_Sleeves-4.jpg?v=1791309249,,,
womens-chunky-knit-open-front-cardigan-with-wide-sleeves,,,,,,,,,,,,,,,,,,,https://cdn.shopify.com/s/files/1/1074/0200/2757/files/Womens_Chunky_Knit_Open_Front_Cardigan_with_Wide_Sleeves-1.jpg?v=1791309248,1,Women's Chunky Knit Open Front Cardigan in Khaki
womens-chunky-knit-open-front-cardigan-with-wide-sleeves,,,,,,,,,,,,,,,,,,,https://cdn.shopify.com/s/files/1/1074/0200/2757/files/Womens_Chunky_Knit_Open_Front_Cardigan_with_Wide_Sleeves-2.jpg?v=1791309249,2,Women's Chunky Knit Open Front Cardigan in Black
womens-chunky-knit-open-front-cardigan-with-wide-sleeves,,,,,,,,,,,,,,,,,,,https://cdn.shopify.com/s/files/1/1074/0200/2757/files/Womens_Chunky_Knit_Open_Front_Cardigan_with_Wide_Sleeves-3.jpg?v=1791309249,3,Women's Chunky Knit Open Front Cardigan in White
womens-chunky-knit-open-front-cardigan-with-wide-sleeves,,,,,,,,,,,,,,,,,,,https://cdn.shopify.com/s/files/1/1074/0200/2757/files/Womens_Chunky_Knit_Open_Front_Cardigan_with_Wide_Sleeves-4.jpg?v=1791309249,4,Women's Chunky Knit Open Front Cardigan in Gray
womens-chunky-knit-open-front-cardigan-with-wide-sleeves,,,,,,,,,,,,,,,,,,,https://cdn.shopify.com/s/files/1/1074/0200/2757/files/Womens_Chunky_Knit_Open_Front_Cardigan_with_Wide_Sleeves-5.jpg?v=1791309249,5,Women's Chunky Knit Open Front Cardigan – additional view 1
womens-chunky-knit-open-front-cardigan-with-wide-sleeves,,,,,,,,,,,,,,,,,,,https://cdn.shopify.com/s/files/1/1074/0200/2757/files/Womens_Chunky_Knit_Open_Front_Cardigan_with_Wide_Sleeves-6.jpg?v=1791309249,6,Women's Chunky Knit Open Front Cardigan – additional view 2
womens-oversized-knit-cardigan-with-deep-v-neck-and-buttons,Women's Oversized Knit Cardigan with Deep V Neck and Buttons,Color,Black,Size,S,,,,0.0,shopify,99999,continue,manual,62.95,89.95,true,true,https://cdn.shopify.com/s/files/1/1074/0200/2757/files/Womens_Oversized_Knit_Cardigan_with_Deep_V_Neck_and_Buttons-1.jpg?v=1791309188,,,
womens-oversized-knit-cardigan-with-deep-v-neck-and-buttons,,,Black,,M,,,,0.0,shopify,99999,continue,manual,62.95,89.95,true,true,https://cdn.shopify.com/s/files/1/1074/0200/2757/files/Womens_Oversized_Knit_Cardigan_with_Deep_V_Neck_and_Buttons-1.jpg?v=1791309188,,,
womens-oversized-knit-cardigan-with-deep-v-neck-and-buttons,,,Black,,L,,,,0.0,shopify,99999,continue,manual,62.95,89.95,true,true,https://cdn.shopify.com/s/files/1/1074/0200/2757/files/Womens_Oversized_Knit_Cardigan_with_Deep_V_Neck_and_Buttons-1.jpg?v=1791309188,,,
womens-oversized-knit-cardigan-with-deep-v-neck-and-buttons,,,Black,,XL,,,,0.0,shopify,99999,continue,manual,62.95,89.95,true,true,https://cdn.shopify.com/s/files/1/1074/0200/2757/files/Womens_Oversized_Knit_Cardigan_with_Deep_V_Neck_and_Buttons-1.jpg?v=1791309188,,,
womens-oversized-knit-cardigan-with-deep-v-neck-and-buttons,,,Black,,2XL,,,,0.0,shopify,99999,continue,manual,62.95,89.95,true,true,https://cdn.shopify.com/s/files/1/1074/0200/2757/files/Womens_Oversized_Knit_Cardigan_with_Deep_V_Neck_and_Buttons-1.jpg?v=1791309188,,,
womens-oversized-knit-cardigan-with-deep-v-neck-and-buttons,,,Black,,3XL,,,,0.0,shopify,99999,continue,manual,62.95,89.95,true,true,https://cdn.shopify.com/s/files/1/1074/0200/2757/files/Womens_Oversized_Knit_Cardigan_with_Deep_V_Neck_and_Buttons-1.jpg?v=1791309188,,,
womens-oversized-knit-cardigan-with-deep-v-neck-and-buttons,,,Light Brown,,S,,,,0.0,shopify,99999,continue,manual,62.95,89.95,true,true,https://cdn.shopify.com/s/files/1/1074/0200/2757/files/Womens_Oversized_Knit_Cardigan_with_Deep_V_Neck_and_Buttons-2.jpg?v=1791309188,,,
womens-oversized-knit-cardigan-with-deep-v-neck-and-buttons,,,Light Brown,,M,,,,0.0,shopify,99999,continue,manual,62.95,89.95,true,true,https://cdn.shopify.com/s/files/1/1074/0200/2757/files/Womens_Oversized_Knit_Cardigan_with_Deep_V_Neck_and_Buttons-2.jpg?v=1791309188,,,
womens-oversized-knit-cardigan-with-deep-v-neck-and-buttons,,,Light Brown,,L,,,,0.0,shopify,99999,continue,manual,62.95,89.95,true,true,https://cdn.shopify.com/s/files/1/1074/0200/2757/files/Womens_Oversized_Knit_Cardigan_with_Deep_V_Neck_and_Buttons-2.jpg?v=1791309188,,,
womens-oversized-knit-cardigan-with-deep-v-neck-and-buttons,,,Light Brown,,XL,,,,0.0,shopify,99999,continue,manual,62.95,89.95,true,true,https://cdn.shopify.com/s/files/1/1074/0200/2757/files/Womens_Oversized_Knit_Cardigan_with_Deep_V_Neck_and_Buttons-2.jpg?v=1791309188,,,
womens-oversized-knit-cardigan-with-deep-v-neck-and-buttons,,,Light Brown,,2XL,,,,0.0,shopify,99999,continue,manual,62.95,89.95,true,true,https://cdn.shopify.com/s/files/1/1074/0200/2757/files/Womens_Oversized_Knit_Cardigan_with_Deep_V_Neck_and_Buttons-2.jpg?v=1791309188,,,
womens-oversized-knit-cardigan-with-deep-v-neck-and-buttons,,,Light Brown,,3XL,,,,0.0,shopify,99999,continue,manual,62.95,89.95,true,true,https://cdn.shopify.com/s/files/1/1074/0200/2757/files/Womens_Oversized_Knit_Cardigan_with_Deep_V_Neck_and_Buttons-2.jpg?v=1791309188,,,
womens-oversized-knit-cardigan-with-deep-v-neck-and-buttons,,,Gray,,S,,,,0.0,shopify,99999,continue,manual,62.95,89.95,true,true,https://cdn.shopify.com/s/files/1/1074/0200/2757/files/Womens_Oversized_Knit_Cardigan_with_Deep_V_Neck_and_Buttons-3.jpg?v=1791309188,,,
womens-oversized-knit-cardigan-with-deep-v-neck-and-buttons,,,Gray,,M,,,,0.0,shopify,99999,continue,manual,62.95,89.95,true,true,https://cdn.shopify.com/s/files/1/1074/0200/2757/files/Womens_Oversized_Knit_Cardigan_with_Deep_V_Neck_and_Buttons-3.jpg?v=1791309188,,,
womens-oversized-knit-cardigan-with-deep-v-neck-and-buttons,,,Gray,,L,,,,0.0,shopify,99999,continue,manual,62.95,89.95,true,true,https://cdn.shopify.com/s/files/1/1074/0200/2757/files/Womens_Oversized_Knit_Cardigan_with_Deep_V_Neck_and_Buttons-3.jpg?v=1791309188,,,
womens-oversized-knit-cardigan-with-deep-v-neck-and-buttons,,,Gray,,XL,,,,0.0,shopify,99999,continue,manual,62.95,89.95,true,true,https://cdn.shopify.com/s/files/1/1074/0200/2757/files/Womens_Oversized_Knit_Cardigan_with_Deep_V_Neck_and_Buttons-3.jpg?v=1791309188,,,
womens-oversized-knit-cardigan-with-deep-v-neck-and-buttons,,,Gray,,2XL,,,,0.0,shopify,99999,continue,manual,62.95,89.95,true,true,https://cdn.shopify.com/s/files/1/1074/0200/2757/files/Womens_Oversized_Knit_Cardigan_with_Deep_V_Neck_and_Buttons-3.jpg?v=1791309188,,,
womens-oversized-knit-cardigan-with-deep-v-neck-and-buttons,,,Gray,,3XL,,,,0.0,shopify,99999,continue,manual,62.95,89.95,true,true,https://cdn.shopify.com/s/files/1/1074/0200/2757/files/Womens_Oversized_Knit_Cardigan_with_Deep_V_Neck_and_Buttons-3.jpg?v=1791309188,,,
womens-oversized-knit-cardigan-with-deep-v-neck-and-buttons,,,Beige,,S,,,,0.0,shopify,99999,continue,manual,62.95,89.95,true,true,https://cdn.shopify.com/s/files/1/1074/0200/2757/files/Womens_Oversized_Knit_Cardigan_with_Deep_V_Neck_and_Buttons-4.jpg?v=1791309188,,,
womens-oversized-knit-cardigan-with-deep-v-neck-and-buttons,,,Beige,,M,,,,0.0,shopify,99999,continue,manual,62.95,89.95,true,true,https://cdn.shopify.com/s/files/1/1074/0200/2757/files/Womens_Oversized_Knit_Cardigan_with_Deep_V_Neck_and_Buttons-4.jpg?v=1791309188,,,
womens-oversized-knit-cardigan-with-deep-v-neck-and-buttons,,,Beige,,L,,,,0.0,shopify,99999,continue,manual,62.95,89.95,true,true,https://cdn.shopify.com/s/files/1/1074/0200/2757/files/Womens_Oversized_Knit_Cardigan_with_Deep_V_Neck_and_Buttons-4.jpg?v=1791309188,,,
womens-oversized-knit-cardigan-with-deep-v-neck-and-buttons,,,Beige,,XL,,,,0.0,shopify,99999,continue,manual,62.95,89.95,true,true,https://cdn.shopify.com/s/files/1/1074/0200/2757/files/Womens_Oversized_Knit_Cardigan_with_Deep_V_Neck_and_Buttons-4.jpg?v=1791309188,,,
womens-oversized-knit-cardigan-with-deep-v-neck-and-buttons,,,Beige,,2XL,,,,0.0,shopify,99999,continue,manual,62.95,89.95,true,true,https://cdn.shopify.com/s/files/1/1074/0200/2757/files/Womens_Oversized_Knit_Cardigan_with_Deep_V_Neck_and_Buttons-4.jpg?v=1791309188,,,
womens-oversized-knit-cardigan-with-deep-v-neck-and-buttons,,,Beige,,3XL,,,,0.0,shopify,99999,continue,manual,62.95,89.95,true,true,https://cdn.shopify.com/s/files/1/1074/0200/2757/files/Womens_Oversized_Knit_Cardigan_with_Deep_V_Neck_and_Buttons-4.jpg?v=1791309188,,,
womens-oversized-knit-cardigan-with-deep-v-neck-and-buttons,,,,,,,,,,,,,,,,,,,https://cdn.shopify.com/s/files/1/1074/0200/2757/files/Womens_Oversized_Knit_Cardigan_with_Deep_V_Neck_and_Buttons-1.jpg?v=1791309188,1,Women's Oversized Knit Cardigan with Deep V Neck in Black
womens-oversized-knit-cardigan-with-deep-v-neck-and-buttons,,,,,,,,,,,,,,,,,,,https://cdn.shopify.com/s/files/1/1074/0200/2757/files/Womens_Oversized_Knit_Cardigan_with_Deep_V_Neck_and_Buttons-2.jpg?v=1791309188,2,Women's Oversized Knit Cardigan with Deep V Neck in Light Brown
womens-oversized-knit-cardigan-with-deep-v-neck-and-buttons,,,,,,,,,,,,,,,,,,,https://cdn.shopify.com/s/files/1/1074/0200/2757/files/Womens_Oversized_Knit_Cardigan_with_Deep_V_Neck_and_Buttons-3.jpg?v=1791309188,3,Women's Oversized Knit Cardigan with Deep V Neck in Gray
womens-oversized-knit-cardigan-with-deep-v-neck-and-buttons,,,,,,,,,,,,,,,,,,,https://cdn.shopify.com/s/files/1/1074/0200/2757/files/Womens_Oversized_Knit_Cardigan_with_Deep_V_Neck_and_Buttons-4.jpg?v=1791309188,4,Women's Oversized Knit Cardigan with Deep V Neck in Beige
womens-oversized-knit-cardigan-with-deep-v-neck-and-buttons,,,,,,,,,,,,,,,,,,,https://cdn.shopify.com/s/files/1/1074/0200/2757/files/Womens_Oversized_Knit_Cardigan_with_Deep_V_Neck_and_Buttons-5.jpg?v=1791309188,5,Women's Oversized Knit Cardigan with Deep V Neck – additional view 1
womens-oversized-knit-cardigan-with-deep-v-neck-and-buttons,,,,,,,,,,,,,,,,,,,https://cdn.shopify.com/s/files/1/1074/0200/2757/files/Womens_Oversized_Knit_Cardigan_with_Deep_V_Neck_and_Buttons-6.jpg?v=1791309188,6,Women's Oversized Knit Cardigan with Deep V Neck – additional view 2
womens-oversized-knit-cardigan-with-deep-v-neck-and-buttons,,,,,,,,,,,,,,,,,,,https://cdn.shopify.com/s/files/1/1074/0200/2757/files/Womens_Oversized_Knit_Cardigan_with_Deep_V_Neck_and_Buttons-7.jpg?v=1791309188,7,Women's Oversized Knit Cardigan with Deep V Neck – additional view 3
womens-oversized-knit-cardigan-with-deep-v-neck-and-buttons,,,,,,,,,,,,,,,,,,,https://cdn.shopify.com/s/files/1/1074/0200/2757/files/Womens_Oversized_Knit_Cardigan_with_Deep_V_Neck_and_Buttons-8.jpg?v=1791309188,8,Women's Oversized Knit Cardigan with Deep V Neck – additional view 4
womens-hoodie-and-jogger-set-for-relaxed-winter-days,Women's Hoodie and Jogger Set for Relaxed Winter Days,Color,Black,Size,S,,,,0.0,shopify,99999,continue,manual,69.95,99.95,true,true,https://cdn.shopify.com/s/files/1/1074/0200/2757/files/Womens_Hoodie_and_Jogger_Set_for_Relaxed_Winter_Days-1.jpg?v=1790837643,,,
womens-hoodie-and-jogger-set-for-relaxed-winter-days,,,Black,,M,,,,0.0,shopify,99999,continue,manual,69.95,99.95,true,true,https://cdn.shopify.com/s/files/1/1074/0200/2757/files/Womens_Hoodie_and_Jogger_Set_for_Relaxed_Winter_Days-1.jpg?v=1790837643,,,
womens-hoodie-and-jogger-set-for-relaxed-winter-days,,,Black,,L,,,,0.0,shopify,99999,continue,manual,69.95,99.95,true,true,https://cdn.shopify.com/s/files/1/1074/0200/2757/files/Womens_Hoodie_and_Jogger_Set_for_Relaxed_Winter_Days-1.jpg?v=1790837643,,,
womens-hoodie-and-jogger-set-for-relaxed-winter-days,,,Black,,XL,,,,0.0,shopify,99999,continue,manual,69.95,99.95,true,true,https://cdn.shopify.com/s/files/1/1074/0200/2757/files/Womens_Hoodie_and_Jogger_Set_for_Relaxed_Winter_Days-1.jpg?v=1790837643,,,
womens-hoodie-and-jogger-set-for-relaxed-winter-days,,,Black,,2XL,,,,0.0,shopify,99999,continue,manual,69.95,99.95,true,true,https://cdn.shopify.com/s/files/1/1074/0200/2757/files/Womens_Hoodie_and_Jogger_Set_for_Relaxed_Winter_Days-1.jpg?v=1790837643,,,
womens-hoodie-and-jogger-set-for-relaxed-winter-days,,,Black,,3XL,,,,0.0,shopify,99999,continue,manual,69.95,99.95,true,true,https://cdn.shopify.com/s/files/1/1074/0200/2757/files/Womens_Hoodie_and_Jogger_Set_for_Relaxed_Winter_Days-1.jpg?v=1790837643,,,
womens-hoodie-and-jogger-set-for-relaxed-winter-days,,,Purple,,S,,,,0.0,shopify,99999,continue,manual,69.95,99.95,true,true,https://cdn.shopify.com/s/files/1/1074/0200/2757/files/Womens_Hoodie_and_Jogger_Set_for_Relaxed_Winter_Days-2.jpg?v=1790837643,,,
womens-hoodie-and-jogger-set-for-relaxed-winter-days,,,Purple,,M,,,,0.0,shopify,99999,continue,manual,69.95,99.95,true,true,https://cdn.shopify.com/s/files/1/1074/0200/2757/files/Womens_Hoodie_and_Jogger_Set_for_Relaxed_Winter_Days-2.jpg?v=1790837643,,,
womens-hoodie-and-jogger-set-for-relaxed-winter-days,,,Purple,,L,,,,0.0,shopify,99999,continue,manual,69.95,99.95,true,true,https://cdn.shopify.com/s/files/1/1074/0200/2757/files/Womens_Hoodie_and_Jogger_Set_for_Relaxed_Winter_Days-2.jpg?v=1790837643,,,
womens-hoodie-and-jogger-set-for-relaxed-winter-days,,,Purple,,XL,,,,0.0,shopify,99999,continue,manual,69.95,99.95,true,true,https://cdn.shopify.com/s/files/1/1074/0200/2757/files/Womens_Hoodie_and_Jogger_Set_for_Relaxed_Winter_Days-2.jpg?v=1790837643,,,
womens-hoodie-and-jogger-set-for-relaxed-winter-days,,,Purple,,2XL,,,,0.0,shopify,99999,continue,manual,69.95,99.95,true,true,https://cdn.shopify.com/s/files/1/1074/0200/2757/files/Womens_Hoodie_and_Jogger_Set_for_Relaxed_Winter_Days-2.jpg?v=1790837643,,,
womens-hoodie-and-jogger-set-for-relaxed-winter-days,,,Purple,,3XL,,,,0.0,shopify,99999,continue,manual,69.95,99.95,true,true,https://cdn.shopify.com/s/files/1/1074/0200/2757/files/Womens_Hoodie_and_Jogger_Set_for_Relaxed_Winter_Days-2.jpg?v=1790837643,,,
womens-hoodie-and-jogger-set-for-relaxed-winter-days,,,Gray,,S,,,,0.0,shopify,99999,continue,manual,69.95,99.95,true,true,https://cdn.shopify.com/s/files/1/1074/0200/2757/files/Womens_Hoodie_and_Jogger_Set_for_Relaxed_Winter_Days-3.jpg?v=1790837643,,,
womens-hoodie-and-jogger-set-for-relaxed-winter-days,,,Gray,,M,,,,0.0,shopify,99999,continue,manual,69.95,99.95,true,true,https://cdn.shopify.com/s/files/1/1074/0200/2757/files/Womens_Hoodie_and_Jogger_Set_for_Relaxed_Winter_Days-3.jpg?v=1790837643,,,
womens-hoodie-and-jogger-set-for-relaxed-winter-days,,,Gray,,L,,,,0.0,shopify,99999,continue,manual,69.95,99.95,true,true,https://cdn.shopify.com/s/files/1/1074/0200/2757/files/Womens_Hoodie_and_Jogger_Set_for_Relaxed_Winter_Days-3.jpg?v=1790837643,,,
womens-hoodie-and-jogger-set-for-relaxed-winter-days,,,Gray,,XL,,,,0.0,shopify,99999,continue,manual,69.95,99.95,true,true,https://cdn.shopify.com/s/files/1/1074/0200/2757/files/Womens_Hoodie_and_Jogger_Set_for_Relaxed_Winter_Days-3.jpg?v=1790837643,,,
womens-hoodie-and-jogger-set-for-relaxed-winter-days,,,Gray,,2XL,,,,0.0,shopify,99999,continue,manual,69.95,99.95,true,true,https://cdn.shopify.com/s/files/1/1074/0200/2757/files/Womens_Hoodie_and_Jogger_Set_for_Relaxed_Winter_Days-3.jpg?v=1790837643,,,
womens-hoodie-and-jogger-set-for-relaxed-winter-days,,,Gray,,3XL,,,,0.0,shopify,99999,continue,manual,69.95,99.95,true,true,https://cdn.shopify.com/s/files/1/1074/0200/2757/files/Womens_Hoodie_and_Jogger_Set_for_Relaxed_Winter_Days-3.jpg?v=1790837643,,,
womens-hoodie-and-jogger-set-for-relaxed-winter-days,,,Navy Blue,,S,,,,0.0,shopify,99999,continue,manual,69.95,99.95,true,true,https://cdn.shopify.com/s/files/1/1074/0200/2757/files/Womens_Hoodie_and_Jogger_Set_for_Relaxed_Winter_Days-4.jpg?v=1790837643,,,
womens-hoodie-and-jogger-set-for-relaxed-winter-days,,,Navy Blue,,M,,,,0.0,shopify,99999,continue,manual,69.95,99.95,true,true,https://cdn.shopify.com/s/files/1/1074/0200/2757/files/Womens_Hoodie_and_Jogger_Set_for_Relaxed_Winter_Days-4.jpg?v=1790837643,,,
womens-hoodie-and-jogger-set-for-relaxed-winter-days,,,Navy Blue,,L,,,,0.0,shopify,99999,continue,manual,69.95,99.95,true,true,https://cdn.shopify.com/s/files/1/1074/0200/2757/files/Womens_Hoodie_and_Jogger_Set_for_Relaxed_Winter_Days-4.jpg?v=1790837643,,,
womens-hoodie-and-jogger-set-for-relaxed-winter-days,,,Navy Blue,,XL,,,,0.0,shopify,99999,continue,manual,69.95,99.95,true,true,https://cdn.shopify.com/s/files/1/1074/0200/2757/files/Womens_Hoodie_and_Jogger_Set_for_Relaxed_Winter_Days-4.jpg?v=1790837643,,,
womens-hoodie-and-jogger-set-for-relaxed-winter-days,,,Navy Blue,,2XL,,,,0.0,shopify,99999,continue,manual,69.95,99.95,true,true,https://cdn.shopify.com/s/files/1/1074/0200/2757/files/Womens_Hoodie_and_Jogger_Set_for_Relaxed_Winter_Days-4.jpg?v=1790837643,,,
womens-hoodie-and-jogger-set-for-relaxed-winter-days,,,Navy Blue,,3XL,,,,0.0,shopify,99999,continue,manual,69.95,99.95,true,true,https://cdn.shopify.com/s/files/1/1074/0200/2757/files/Womens_Hoodie_and_Jogger_Set_for_Relaxed_Winter_Days-4.jpg?v=1790837643,,,
womens-hoodie-and-jogger-set-for-relaxed-winter-days,,,Brown,,S,,,,0.0,shopify,99999,continue,manual,69.95,99.95,true,true,https://cdn.shopify.com/s/files/1/1074/0200/2757/files/Womens_Hoodie_and_Jogger_Set_for_Relaxed_Winter_Days-5.jpg?v=1790837643,,,
womens-hoodie-and-jogger-set-for-relaxed-winter-days,,,Brown,,M,,,,0.0,shopify,99999,continue,manual,69.95,99.95,true,true,https://cdn.shopify.com/s/files/1/1074/0200/2757/files/Womens_Hoodie_and_Jogger_Set_for_Relaxed_Winter_Days-5.jpg?v=1790837643,,,
womens-hoodie-and-jogger-set-for-relaxed-winter-days,,,Brown,,L,,,,0.0,shopify,99999,continue,manual,69.95,99.95,true,true,https://cdn.shopify.com/s/files/1/1074/0200/2757/files/Womens_Hoodie_and_Jogger_Set_for_Relaxed_Winter_Days-5.jpg?v=1790837643,,,
womens-hoodie-and-jogger-set-for-relaxed-winter-days,,,Brown,,XL,,,,0.0,shopify,99999,continue,manual,69.95,99.95,true,true,https://cdn.shopify.com/s/files/1/1074/0200/2757/files/Womens_Hoodie_and_Jogger_Set_for_Relaxed_Winter_Days-5.jpg?v=1790837643,,,
womens-hoodie-and-jogger-set-for-relaxed-winter-days,,,Brown,,2XL,,,,0.0,shopify,99999,continue,manual,69.95,99.95,true,true,https://cdn.shopify.com/s/files/1/1074/0200/2757/files/Womens_Hoodie_and_Jogger_Set_for_Relaxed_Winter_Days-5.jpg?v=1790837643,,,
womens-hoodie-and-jogger-set-for-relaxed-winter-days,,,Brown,,3XL,,,,0.0,shopify,99999,continue,manual,69.95,99.95,true,true,https://cdn.shopify.com/s/files/1/1074/0200/2757/files/Womens_Hoodie_and_Jogger_Set_for_Relaxed_Winter_Days-5.jpg?v=1790837643,,,
womens-hoodie-and-jogger-set-for-relaxed-winter-days,,,Beige,,S,,,,0.0,shopify,99999,continue,manual,69.95,99.95,true,true,https://cdn.shopify.com/s/files/1/1074/0200/2757/files/Womens_Hoodie_and_Jogger_Set_for_Relaxed_Winter_Days-6.jpg?v=1790837643,,,
womens-hoodie-and-jogger-set-for-relaxed-winter-days,,,Beige,,M,,,,0.0,shopify,99999,continue,manual,69.95,99.95,true,true,https://cdn.shopify.com/s/files/1/1074/0200/2757/files/Womens_Hoodie_and_Jogger_Set_for_Relaxed_Winter_Days-6.jpg?v=1790837643,,,
womens-hoodie-and-jogger-set-for-relaxed-winter-days,,,Beige,,L,,,,0.0,shopify,99999,continue,manual,69.95,99.95,true,true,https://cdn.shopify.com/s/files/1/1074/0200/2757/files/Womens_Hoodie_and_Jogger_Set_for_Relaxed_Winter_Days-6.jpg?v=1790837643,,,
womens-hoodie-and-jogger-set-for-relaxed-winter-days,,,Beige,,XL,,,,0.0,shopify,99999,continue,manual,69.95,99.95,true,true,https://cdn.shopify.com/s/files/1/1074/0200/2757/files/Womens_Hoodie_and_Jogger_Set_for_Relaxed_Winter_Days-6.jpg?v=1790837643,,,
womens-hoodie-and-jogger-set-for-relaxed-winter-days,,,Beige,,2XL,,,,0.0,shopify,99999,continue,manual,69.95,99.95,true,true,https://cdn.shopify.com/s/files/1/1074/0200/2757/files/Womens_Hoodie_and_Jogger_Set_for_Relaxed_Winter_Days-6.jpg?v=1790837643,,,
womens-hoodie-and-jogger-set-for-relaxed-winter-days,,,Beige,,3XL,,,,0.0,shopify,99999,continue,manual,69.95,99.95,true,true,https://cdn.shopify.com/s/files/1/1074/0200/2757/files/Womens_Hoodie_and_Jogger_Set_for_Relaxed_Winter_Days-6.jpg?v=1790837643,,,
womens-hoodie-and-jogger-set-for-relaxed-winter-days,,,,,,,,,,,,,,,,,,,https://cdn.shopify.com/s/files/1/1074/0200/2757/files/Womens_Hoodie_and_Jogger_Set_for_Relaxed_Winter_Days-1.jpg?v=1790837643,1,Woman wearing a black hoodie and wide jogger set
womens-hoodie-and-jogger-set-for-relaxed-winter-days,,,,,,,,,,,,,,,,,,,https://cdn.shopify.com/s/files/1/1074/0200/2757/files/Womens_Hoodie_and_Jogger_Set_for_Relaxed_Winter_Days-2.jpg?v=1790837643,2,Woman in a purple hoodie and jogger set
womens-hoodie-and-jogger-set-for-relaxed-winter-days,,,,,,,,,,,,,,,,,,,https://cdn.shopify.com/s/files/1/1074/0200/2757/files/Womens_Hoodie_and_Jogger_Set_for_Relaxed_Winter_Days-3.jpg?v=1790837643,3,Woman wearing a gray hoodie and jogger set
womens-hoodie-and-jogger-set-for-relaxed-winter-days,,,,,,,,,,,,,,,,,,,https://cdn.shopify.com/s/files/1/1074/0200/2757/files/Womens_Hoodie_and_Jogger_Set_for_Relaxed_Winter_Days-4.jpg?v=1790837643,4,Woman in a navy blue hoodie and jogger set
womens-hoodie-and-jogger-set-for-relaxed-winter-days,,,,,,,,,,,,,,,,,,,https://cdn.shopify.com/s/files/1/1074/0200/2757/files/Womens_Hoodie_and_Jogger_Set_for_Relaxed_Winter_Days-5.jpg?v=1790837643,5,Woman wearing a brown hoodie and jogger set
womens-hoodie-and-jogger-set-for-relaxed-winter-days,,,,,,,,,,,,,,,,,,,https://cdn.shopify.com/s/files/1/1074/0200/2757/files/Womens_Hoodie_and_Jogger_Set_for_Relaxed_Winter_Days-6.jpg?v=1790837643,6,Woman in a beige hoodie and jogger set
womens-hoodie-for-relaxed-leisure-hours,Women's Hoodie for Relaxed Leisure Hours,Color,White,Size,S,,,,0.0,shopify,999999,continue,manual,64.95,92.95,true,false,https://cdn.shopify.com/s/files/1/1074/0200/2757/files/Women_s_Hooded_Sweatshirt_for_Relaxed_Everyday_Leisure_Wearvsd.jpg?v=1790208232,,,
womens-hoodie-for-relaxed-leisure-hours,,,White,,M,,,,0.0,shopify,999999,continue,manual,64.95,92.95,true,false,https://cdn.shopify.com/s/files/1/1074/0200/2757/files/Women_s_Hooded_Sweatshirt_for_Relaxed_Everyday_Leisure_Wearvsd.jpg?v=1790208232,,,
womens-hoodie-for-relaxed-leisure-hours,,,White,,L,,,,0.0,shopify,999999,continue,manual,64.95,92.95,true,false,https://cdn.shopify.com/s/files/1/1074/0200/2757/files/Women_s_Hooded_Sweatshirt_for_Relaxed_Everyday_Leisure_Wearvsd.jpg?v=1790208232,,,
womens-hoodie-for-relaxed-leisure-hours,,,White,,XL,,,,0.0,shopify,999999,continue,manual,64.95,92.95,true,false,https://cdn.shopify.com/s/files/1/1074/0200/2757/files/Women_s_Hooded_Sweatshirt_for_Relaxed_Everyday_Leisure_Wearvsd.jpg?v=1790208232,,,
womens-hoodie-for-relaxed-leisure-hours,,,White,,2XL,,,,0.0,shopify,999999,continue,manual,64.95,92.95,true,false,https://cdn.shopify.com/s/files/1/1074/0200/2757/files/Women_s_Hooded_Sweatshirt_for_Relaxed_Everyday_Leisure_Wearvsd.jpg?v=1790208232,,,
womens-hoodie-for-relaxed-leisure-hours,,,White,,3XL,,,,0.0,shopify,999999,continue,manual,64.95,92.95,true,false,https://cdn.shopify.com/s/files/1/1074/0200/2757/files/Women_s_Hooded_Sweatshirt_for_Relaxed_Everyday_Leisure_Wearvsd.jpg?v=1790208232,,,
womens-hoodie-for-relaxed-leisure-hours,,,Gray,,S,,,,0.0,shopify,999999,continue,manual,64.95,92.95,true,false,https://cdn.shopify.com/s/files/1/1074/0200/2757/files/Women_s_Hooded_Sweatshirt_for_Relaxed_Everyday_Leisure_Wearvdwe.jpg?v=1790208281,,,
womens-hoodie-for-relaxed-leisure-hours,,,Gray,,M,,,,0.0,shopify,999999,continue,manual,64.95,92.95,true,false,https://cdn.shopify.com/s/files/1/1074/0200/2757/files/Women_s_Hooded_Sweatshirt_for_Relaxed_Everyday_Leisure_Wearvdwe.jpg?v=1790208281,,,
womens-hoodie-for-relaxed-leisure-hours,,,Gray,,L,,,,0.0,shopify,999999,continue,manual,64.95,92.95,true,false,https://cdn.shopify.com/s/files/1/1074/0200/2757/files/Women_s_Hooded_Sweatshirt_for_Relaxed_Everyday_Leisure_Wearvdwe.jpg?v=1790208281,,,
womens-hoodie-for-relaxed-leisure-hours,,,Gray,,XL,,,,0.0,shopify,999999,continue,manual,64.95,92.95,true,false,https://cdn.shopify.com/s/files/1/1074/0200/2757/files/Women_s_Hooded_Sweatshirt_for_Relaxed_Everyday_Leisure_Wearvdwe.jpg?v=1790208281,,,
womens-hoodie-for-relaxed-leisure-hours,,,Gray,,2XL,,,,0.0,shopify,999999,continue,manual,64.95,92.95,true,false,https://cdn.shopify.com/s/files/1/1074/0200/2757/files/Women_s_Hooded_Sweatshirt_for_Relaxed_Everyday_Leisure_Wearvdwe.jpg?v=1790208281,,,
womens-hoodie-for-relaxed-leisure-hours,,,Gray,,3XL,,,,0.0,shopify,999999,continue,manual,64.95,92.95,true,false,https://cdn.shopify.com/s/files/1/1074/0200/2757/files/Women_s_Hooded_Sweatshirt_for_Relaxed_Everyday_Leisure_Wearvdwe.jpg?v=1790208281,,,
womens-hoodie-for-relaxed-leisure-hours,,,Blue,,S,,,,0.0,shopify,999999,continue,manual,64.95,92.95,true,false,https://cdn.shopify.com/s/files/1/1074/0200/2757/files/Women_s_Hooded_Sweatshirt_for_Relaxed_Everyday_Leisure_Wearvdsw.jpg?v=1790208293,,,
womens-hoodie-for-relaxed-leisure-hours,,,Blue,,M,,,,0.0,shopify,999999,continue,manual,64.95,92.95,true,false,https://cdn.shopify.com/s/files/1/1074/0200/2757/files/Women_s_Hooded_Sweatshirt_for_Relaxed_Everyday_Leisure_Wearvdsw.jpg?v=1790208293,,,
womens-hoodie-for-relaxed-leisure-hours,,,Blue,,L,,,,0.0,shopify,999999,continue,manual,64.95,92.95,true,false,https://cdn.shopify.com/s/files/1/1074/0200/2757/files/Women_s_Hooded_Sweatshirt_for_Relaxed_Everyday_Leisure_Wearvdsw.jpg?v=1790208293,,,
womens-hoodie-for-relaxed-leisure-hours,,,Blue,,XL,,,,0.0,shopify,999999,continue,manual,64.95,92.95,true,false,https://cdn.shopify.com/s/files/1/1074/0200/2757/files/Women_s_Hooded_Sweatshirt_for_Relaxed_Everyday_Leisure_Wearvdsw.jpg?v=1790208293,,,
womens-hoodie-for-relaxed-leisure-hours,,,Blue,,2XL,,,,0.0,shopify,999999,continue,manual,64.95,92.95,true,false,https://cdn.shopify.com/s/files/1/1074/0200/2757/files/Women_s_Hooded_Sweatshirt_for_Relaxed_Everyday_Leisure_Wearvdsw.jpg?v=1790208293,,,
womens-hoodie-for-relaxed-leisure-hours,,,Blue,,3XL,,,,0.0,shopify,999999,continue,manual,64.95,92.95,true,false,https://cdn.shopify.com/s/files/1/1074/0200/2757/files/Women_s_Hooded_Sweatshirt_for_Relaxed_Everyday_Leisure_Wearvdsw.jpg?v=1790208293,,,
womens-hoodie-for-relaxed-leisure-hours,,,,,,,,,,,,,,,,,,,https://cdn.shopify.com/s/files/1/1074/0200/2757/files/Women_s_Hooded_Sweatshirt_for_Relaxed_Everyday_Leisure_Wearvsd.jpg?v=1790208232,1,Women's Hooded Sweatshirt for Relaxed Everyday Leisure Wear
womens-hoodie-for-relaxed-leisure-hours,,,,,,,,,,,,,,,,,,,https://cdn.shopify.com/s/files/1/1074/0200/2757/files/Women_s_Hooded_Sweatshirt_for_Relaxed_Everyday_Leisure_Wearvs.jpg?v=1790208240,2,Women's Hooded Sweatshirt for Relaxed Everyday Leisure Wear
womens-hoodie-for-relaxed-leisure-hours,,,,,,,,,,,,,,,,,,,https://cdn.shopify.com/s/files/1/1074/0200/2757/files/Women_s_Hooded_Sweatshirt_for_Relaxed_Everyday_Leisure_Wearvsa.jpg?v=1790208252,3,Women's Hooded Sweatshirt for Relaxed Everyday Leisure Wear
womens-hoodie-for-relaxed-leisure-hours,,,,,,,,,,,,,,,,,,,https://cdn.shopify.com/s/files/1/1074/0200/2757/files/Women_s_Hooded_Sweatshirt_for_Relaxed_Everyday_Leisure_Wearvds.jpg?v=1790208268,4,Women's Hooded Sweatshirt for Relaxed Everyday Leisure Wear
womens-hoodie-for-relaxed-leisure-hours,,,,,,,,,,,,,,,,,,,https://cdn.shopify.com/s/files/1/1074/0200/2757/files/Women_s_Hooded_Sweatshirt_for_Relaxed_Everyday_Leisure_Wearvdwe.jpg?v=1790208281,5,Women's Hooded Sweatshirt for Relaxed Everyday Leisure Wear
womens-hoodie-for-relaxed-leisure-hours,,,,,,,,,,,,,,,,,,,https://cdn.shopify.com/s/files/1/1074/0200/2757/files/Women_s_Hooded_Sweatshirt_for_Relaxed_Everyday_Leisure_Wearvdsw.jpg?v=1790208293,6,Women's Hooded Sweatshirt for Relaxed Everyday Leisure Wear
mens-fleece-lined-stand-collar-jacket-for-cool-outdoor-days,Men's Fleece Lined Stand Collar Jacket for Cool Outdoor Days,Color,Brown Pattern,Size,S,,,,0.0,shopify,99999,continue,manual,103.95,148.95,true,true,https://cdn.shopify.com/s/files/1/1074/0200/2757/files/Mens_Fleece_Lined_Stand_Collar_Jacket_for_Cool_Outdoor_Days-1.png?v=1791040563,,,
mens-fleece-lined-stand-collar-jacket-for-cool-outdoor-days,,,Brown Pattern,,M,,,,0.0,shopify,99999,continue,manual,103.95,148.95,true,true,https://cdn.shopify.com/s/files/1/1074/0200/2757/files/Mens_Fleece_Lined_Stand_Collar_Jacket_for_Cool_Outdoor_Days-1.png?v=1791040563,,,
mens-fleece-lined-stand-collar-jacket-for-cool-outdoor-days,,,Brown Pattern,,L,,,,0.0,shopify,99999,continue,manual,103.95,148.95,true,true,https://cdn.shopify.com/s/files/1/1074/0200/2757/files/Mens_Fleece_Lined_Stand_Collar_Jacket_for_Cool_Outdoor_Days-1.png?v=1791040563,,,
mens-fleece-lined-stand-collar-jacket-for-cool-outdoor-days,,,Brown Pattern,,XL,,,,0.0,shopify,99999,continue,manual,103.95,148.95,true,true,https://cdn.shopify.com/s/files/1/1074/0200/2757/files/Mens_Fleece_Lined_Stand_Collar_Jacket_for_Cool_Outdoor_Days-1.png?v=1791040563,,,
mens-fleece-lined-stand-collar-jacket-for-cool-outdoor-days,,,Brown Pattern,,2XL,,,,0.0,shopify,99999,continue,manual,103.95,148.95,true,true,https://cdn.shopify.com/s/files/1/1074/0200/2757/files/Mens_Fleece_Lined_Stand_Collar_Jacket_for_Cool_Outdoor_Days-1.png?v=1791040563,,,
mens-fleece-lined-stand-collar-jacket-for-cool-outdoor-days,,,Brown Pattern,,3XL,,,,0.0,shopify,99999,continue,manual,103.95,148.95,true,true,https://cdn.shopify.com/s/files/1/1074/0200/2757/files/Mens_Fleece_Lined_Stand_Collar_Jacket_for_Cool_Outdoor_Days-1.png?v=1791040563,,,
mens-fleece-lined-stand-collar-jacket-for-cool-outdoor-days,,,Dark Blue,,S,,,,0.0,shopify,99999,continue,manual,103.95,148.95,true,true,https://cdn.shopify.com/s/files/1/1074/0200/2757/files/Mens_Fleece_Lined_Stand_Collar_Jacket_for_Cool_Outdoor_Days-2.png?v=1791040564,,,
mens-fleece-lined-stand-collar-jacket-for-cool-outdoor-days,,,Dark Blue,,M,,,,0.0,shopify,99999,continue,manual,103.95,148.95,true,true,https://cdn.shopify.com/s/files/1/1074/0200/2757/files/Mens_Fleece_Lined_Stand_Collar_Jacket_for_Cool_Outdoor_Days-2.png?v=1791040564,,,
mens-fleece-lined-stand-collar-jacket-for-cool-outdoor-days,,,Dark Blue,,L,,,,0.0,shopify,99999,continue,manual,103.95,148.95,true,true,https://cdn.shopify.com/s/files/1/1074/0200/2757/files/Mens_Fleece_Lined_Stand_Collar_Jacket_for_Cool_Outdoor_Days-2.png?v=1791040564,,,
mens-fleece-lined-stand-collar-jacket-for-cool-outdoor-days,,,Dark Blue,,XL,,,,0.0,shopify,99999,continue,manual,103.95,148.95,true,true,https://cdn.shopify.com/s/files/1/1074/0200/2757/files/Mens_Fleece_Lined_Stand_Collar_Jacket_for_Cool_Outdoor_Days-2.png?v=1791040564,,,
mens-fleece-lined-stand-collar-jacket-for-cool-outdoor-days,,,Dark Blue,,2XL,,,,0.0,shopify,99999,continue,manual,103.95,148.95,true,true,https://cdn.shopify.com/s/files/1/1074/0200/2757/files/Mens_Fleece_Lined_Stand_Collar_Jacket_for_Cool_Outdoor_Days-2.png?v=1791040564,,,
mens-fleece-lined-stand-collar-jacket-for-cool-outdoor-days,,,Dark Blue,,3XL,,,,0.0,shopify,99999,continue,manual,103.95,148.95,true,true,https://cdn.shopify.com/s/files/1/1074/0200/2757/files/Mens_Fleece_Lined_Stand_Collar_Jacket_for_Cool_Outdoor_Days-2.png?v=1791040564,,,
mens-fleece-lined-stand-collar-jacket-for-cool-outdoor-days,,,Brown,,S,,,,0.0,shopify,99999,continue,manual,103.95,148.95,true,true,https://cdn.shopify.com/s/files/1/1074/0200/2757/files/Mens_Fleece_Lined_Stand_Collar_Jacket_for_Cool_Outdoor_Days-3.png?v=1791040564,,,
mens-fleece-lined-stand-collar-jacket-for-cool-outdoor-days,,,Brown,,M,,,,0.0,shopify,99999,continue,manual,103.95,148.95,true,true,https://cdn.shopify.com/s/files/1/1074/0200/2757/files/Mens_Fleece_Lined_Stand_Collar_Jacket_for_Cool_Outdoor_Days-3.png?v=1791040564,,,
mens-fleece-lined-stand-collar-jacket-for-cool-outdoor-days,,,Brown,,L,,,,0.0,shopify,99999,continue,manual,103.95,148.95,true,true,https://cdn.shopify.com/s/files/1/1074/0200/2757/files/Mens_Fleece_Lined_Stand_Collar_Jacket_for_Cool_Outdoor_Days-3.png?v=1791040564,,,
mens-fleece-lined-stand-collar-jacket-for-cool-outdoor-days,,,Brown,,XL,,,,0.0,shopify,99999,continue,manual,103.95,148.95,true,true,https://cdn.shopify.com/s/files/1/1074/0200/2757/files/Mens_Fleece_Lined_Stand_Collar_Jacket_for_Cool_Outdoor_Days-3.png?v=1791040564,,,
mens-fleece-lined-stand-collar-jacket-for-cool-outdoor-days,,,Brown,,2XL,,,,0.0,shopify,99999,continue,manual,103.95,148.95,true,true,https://cdn.shopify.com/s/files/1/1074/0200/2757/files/Mens_Fleece_Lined_Stand_Collar_Jacket_for_Cool_Outdoor_Days-3.png?v=1791040564,,,
mens-fleece-lined-stand-collar-jacket-for-cool-outdoor-days,,,Brown,,3XL,,,,0.0,shopify,99999,continue,manual,103.95,148.95,true,true,https://cdn.shopify.com/s/files/1/1074/0200/2757/files/Mens_Fleece_Lined_Stand_Collar_Jacket_for_Cool_Outdoor_Days-3.png?v=1791040564,,,
mens-fleece-lined-stand-collar-jacket-for-cool-outdoor-days,,,Green,,S,,,,0.0,shopify,99999,continue,manual,103.95,148.95,true,true,https://cdn.shopify.com/s/files/1/1074/0200/2757/files/Mens_Fleece_Lined_Stand_Collar_Jacket_for_Cool_Outdoor_Days-4.png?v=1791040563,,,
mens-fleece-lined-stand-collar-jacket-for-cool-outdoor-days,,,Green,,M,,,,0.0,shopify,99999,continue,manual,103.95,148.95,true,true,https://cdn.shopify.com/s/files/1/1074/0200/2757/files/Mens_Fleece_Lined_Stand_Collar_Jacket_for_Cool_Outdoor_Days-4.png?v=1791040563,,,
mens-fleece-lined-stand-collar-jacket-for-cool-outdoor-days,,,Green,,L,,,,0.0,shopify,99999,continue,manual,103.95,148.95,true,true,https://cdn.shopify.com/s/files/1/1074/0200/2757/files/Mens_Fleece_Lined_Stand_Collar_Jacket_for_Cool_Outdoor_Days-4.png?v=1791040563,,,
mens-fleece-lined-stand-collar-jacket-for-cool-outdoor-days,,,Green,,XL,,,,0.0,shopify,99999,continue,manual,103.95,148.95,true,true,https://cdn.shopify.com/s/files/1/1074/0200/2757/files/Mens_Fleece_Lined_Stand_Collar_Jacket_for_Cool_Outdoor_Days-4.png?v=1791040563,,,
mens-fleece-lined-stand-collar-jacket-for-cool-outdoor-days,,,Green,,2XL,,,,0.0,shopify,99999,continue,manual,103.95,148.95,true,true,https://cdn.shopify.com/s/files/1/1074/0200/2757/files/Mens_Fleece_Lined_Stand_Collar_Jacket_for_Cool_Outdoor_Days-4.png?v=1791040563,,,
mens-fleece-lined-stand-collar-jacket-for-cool-outdoor-days,,,Green,,3XL,,,,0.0,shopify,99999,continue,manual,103.95,148.95,true,true,https://cdn.shopify.com/s/files/1/1074/0200/2757/files/Mens_Fleece_Lined_Stand_Collar_Jacket_for_Cool_Outdoor_Days-4.png?v=1791040563,,,
mens-fleece-lined-stand-collar-jacket-for-cool-outdoor-days,,,Blue,,S,,,,0.0,shopify,99999,continue,manual,103.95,148.95,true,true,https://cdn.shopify.com/s/files/1/1074/0200/2757/files/Mens_Fleece_Lined_Stand_Collar_Jacket_for_Cool_Outdoor_Days-5.png?v=1791040564,,,
mens-fleece-lined-stand-collar-jacket-for-cool-outdoor-days,,,Blue,,M,,,,0.0,shopify,99999,continue,manual,103.95,148.95,true,true,https://cdn.shopify.com/s/files/1/1074/0200/2757/files/Mens_Fleece_Lined_Stand_Collar_Jacket_for_Cool_Outdoor_Days-5.png?v=1791040564,,,
mens-fleece-lined-stand-collar-jacket-for-cool-outdoor-days,,,Blue,,L,,,,0.0,shopify,99999,continue,manual,103.95,148.95,true,true,https://cdn.shopify.com/s/files/1/1074/0200/2757/files/Mens_Fleece_Lined_Stand_Collar_Jacket_for_Cool_Outdoor_Days-5.png?v=1791040564,,,
mens-fleece-lined-stand-collar-jacket-for-cool-outdoor-days,,,Blue,,XL,,,,0.0,shopify,99999,continue,manual,103.95,148.95,true,true,https://cdn.shopify.com/s/files/1/1074/0200/2757/files/Mens_Fleece_Lined_Stand_Collar_Jacket_for_Cool_Outdoor_Days-5.png?v=1791040564,,,
mens-fleece-lined-stand-collar-jacket-for-cool-outdoor-days,,,Blue,,2XL,,,,0.0,shopify,99999,continue,manual,103.95,148.95,true,true,https://cdn.shopify.com/s/files/1/1074/0200/2757/files/Mens_Fleece_Lined_Stand_Collar_Jacket_for_Cool_Outdoor_Days-5.png?v=1791040564,,,
mens-fleece-lined-stand-collar-jacket-for-cool-outdoor-days,,,Blue,,3XL,,,,0.0,shopify,99999,continue,manual,103.95,148.95,true,true,https://cdn.shopify.com/s/files/1/1074/0200/2757/files/Mens_Fleece_Lined_Stand_Collar_Jacket_for_Cool_Outdoor_Days-5.png?v=1791040564,,,
mens-fleece-lined-stand-collar-jacket-for-cool-outdoor-days,,,Gray,,S,,,,0.0,shopify,99999,continue,manual,103.95,148.95,true,true,https://cdn.shopify.com/s/files/1/1074/0200/2757/files/Mens_Fleece_Lined_Stand_Collar_Jacket_for_Cool_Outdoor_Days-6.png?v=1791040563,,,
mens-fleece-lined-stand-collar-jacket-for-cool-outdoor-days,,,Gray,,M,,,,0.0,shopify,99999,continue,manual,103.95,148.95,true,true,https://cdn.shopify.com/s/files/1/1074/0200/2757/files/Mens_Fleece_Lined_Stand_Collar_Jacket_for_Cool_Outdoor_Days-6.png?v=1791040563,,,
mens-fleece-lined-stand-collar-jacket-for-cool-outdoor-days,,,Gray,,L,,,,0.0,shopify,99999,continue,manual,103.95,148.95,true,true,https://cdn.shopify.com/s/files/1/1074/0200/2757/files/Mens_Fleece_Lined_Stand_Collar_Jacket_for_Cool_Outdoor_Days-6.png?v=1791040563,,,
mens-fleece-lined-stand-collar-jacket-for-cool-outdoor-days,,,Gray,,XL,,,,0.0,shopify,99999,continue,manual,103.95,148.95,true,true,https://cdn.shopify.com/s/files/1/1074/0200/2757/files/Mens_Fleece_Lined_Stand_Collar_Jacket_for_Cool_Outdoor_Days-6.png?v=1791040563,,,
mens-fleece-lined-stand-collar-jacket-for-cool-outdoor-days,,,Gray,,2XL,,,,0.0,shopify,99999,continue,manual,103.95,148.95,true,true,https://cdn.shopify.com/s/files/1/1074/0200/2757/files/Mens_Fleece_Lined_Stand_Collar_Jacket_for_Cool_Outdoor_Days-6.png?v=1791040563,,,
mens-fleece-lined-stand-collar-jacket-for-cool-outdoor-days,,,Gray,,3XL,,,,0.0,shopify,99999,continue,manual,103.95,148.95,true,true,https://cdn.shopify.com/s/files/1/1074/0200/2757/files/Mens_Fleece_Lined_Stand_Collar_Jacket_for_Cool_Outdoor_Days-6.png?v=1791040563,,,
mens-fleece-lined-stand-collar-jacket-for-cool-outdoor-days,,,,,,,,,,,,,,,,,,,https://cdn.shopify.com/s/files/1/1074/0200/2757/files/Mens_Fleece_Lined_Stand_Collar_Jacket_for_Cool_Outdoor_Days-1.png?v=1791040563,1,Men's Fleece Lined Stand Collar Jacket in Brown Pattern
mens-fleece-lined-stand-collar-jacket-for-cool-outdoor-days,,,,,,,,,,,,,,,,,,,https://cdn.shopify.com/s/files/1/1074/0200/2757/files/Mens_Fleece_Lined_Stand_Collar_Jacket_for_Cool_Outdoor_Days-2.png?v=1791040564,2,Men's Fleece Lined Stand Collar Jacket in Dark Blue
mens-fleece-lined-stand-collar-jacket-for-cool-outdoor-days,,,,,,,,,,,,,,,,,,,https://cdn.shopify.com/s/files/1/1074/0200/2757/files/Mens_Fleece_Lined_Stand_Collar_Jacket_for_Cool_Outdoor_Days-3.png?v=1791040564,3,Men's Fleece Lined Stand Collar Jacket in Brown
mens-fleece-lined-stand-collar-jacket-for-cool-outdoor-days,,,,,,,,,,,,,,,,,,,https://cdn.shopify.com/s/files/1/1074/0200/2757/files/Mens_Fleece_Lined_Stand_Collar_Jacket_for_Cool_Outdoor_Days-4.png?v=1791040563,4,Men's Fleece Lined Stand Collar Jacket in Green
mens-fleece-lined-stand-collar-jacket-for-cool-outdoor-days,,,,,,,,,,,,,,,,,,,https://cdn.shopify.com/s/files/1/1074/0200/2757/files/Mens_Fleece_Lined_Stand_Collar_Jacket_for_Cool_Outdoor_Days-5.png?v=1791040564,5,Men's Fleece Lined Stand Collar Jacket in Blue
mens-fleece-lined-stand-collar-jacket-for-cool-outdoor-days,,,,,,,,,,,,,,,,,,,https://cdn.shopify.com/s/files/1/1074/0200/2757/files/Mens_Fleece_Lined_Stand_Collar_Jacket_for_Cool_Outdoor_Days-6.png?v=1791040563,6,Men's Fleece Lined Stand Collar Jacket in Gray
womens-fleece-pullover-sweater-for-autumn-winter-days,Women's Fleece Pullover Sweater for Autumn Winter Days,Color ,Blue,Size ,S,,,,0.0,shopify,99999,continue,manual,39.95,57.95,true,false,https://cdn.shopify.com/s/files/1/1074/0200/2757/files/Women_s_Fleece_Pullover_Sweater_for_Autumn_Winter_Daysvwad.jpg?v=1790714924,,,
womens-fleece-pullover-sweater-for-autumn-winter-days,,,Blue,,M,,,,0.0,shopify,99999,continue,manual,39.95,57.95,true,false,https://cdn.shopify.com/s/files/1/1074/0200/2757/files/Women_s_Fleece_Pullover_Sweater_for_Autumn_Winter_Daysvwad.jpg?v=1790714924,,,
womens-fleece-pullover-sweater-for-autumn-winter-days,,,Blue,,L,,,,0.0,shopify,99999,continue,manual,39.95,57.95,true,false,https://cdn.shopify.com/s/files/1/1074/0200/2757/files/Women_s_Fleece_Pullover_Sweater_for_Autumn_Winter_Daysvwad.jpg?v=1790714924,,,
womens-fleece-pullover-sweater-for-autumn-winter-days,,,Blue,,XL,,,,0.0,shopify,99999,continue,manual,39.95,57.95,true,false,https://cdn.shopify.com/s/files/1/1074/0200/2757/files/Women_s_Fleece_Pullover_Sweater_for_Autumn_Winter_Daysvwad.jpg?v=1790714924,,,
womens-fleece-pullover-sweater-for-autumn-winter-days,,,Blue,,2XL,,,,0.0,shopify,99999,continue,manual,39.95,57.95,true,false,https://cdn.shopify.com/s/files/1/1074/0200/2757/files/Women_s_Fleece_Pullover_Sweater_for_Autumn_Winter_Daysvwad.jpg?v=1790714924,,,
womens-fleece-pullover-sweater-for-autumn-winter-days,,,Blue,,3XL,,,,0.0,shopify,99999,continue,manual,39.95,57.95,true,false,https://cdn.shopify.com/s/files/1/1074/0200/2757/files/Women_s_Fleece_Pullover_Sweater_for_Autumn_Winter_Daysvwad.jpg?v=1790714924,,,
womens-fleece-pullover-sweater-for-autumn-winter-days,,,,,,,,,,,,,,,,,,,https://cdn.shopify.com/s/files/1/1074/0200/2757/files/Women_s_Fleece_Pullover_Sweater_for_Autumn_Winter_Daysvwad.jpg?v=1790714924,1,Women's Fleece Pullover Sweater for Autumn Winter Days
womens-fleece-pullover-sweater-for-autumn-winter-days,,,,,,,,,,,,,,,,,,,https://cdn.shopify.com/s/files/1/1074/0200/2757/files/Women_s_Fleece_Pullover_Sweater_for_Autumn_Winter_Daysvda.jpg?v=1790714932,2,Women's Fleece Pullover Sweater for Autumn Winter Days
mens-hooded-waffle-knit-jacket-with-sherpa-look-lining,Men's Hooded Waffle Knit Jacket with Sherpa-Look Lining,Color,Gray,Size,S,,,,0.0,shopify,99999,continue,manual,86.95,124.95,true,true,https://cdn.shopify.com/s/files/1/1074/0200/2757/files/Mens_Hooded_Waffle_Knit_Jacket_with_Sherpa_Look_Lining-1.jpg?v=1791308886,,,
mens-hooded-waffle-knit-jacket-with-sherpa-look-lining,,,Gray,,M,,,,0.0,shopify,99999,continue,manual,86.95,124.95,true,true,https://cdn.shopify.com/s/files/1/1074/0200/2757/files/Mens_Hooded_Waffle_Knit_Jacket_with_Sherpa_Look_Lining-1.jpg?v=1791308886,,,
mens-hooded-waffle-knit-jacket-with-sherpa-look-lining,,,Gray,,L,,,,0.0,shopify,99999,continue,manual,86.95,124.95,true,true,https://cdn.shopify.com/s/files/1/1074/0200/2757/files/Mens_Hooded_Waffle_Knit_Jacket_with_Sherpa_Look_Lining-1.jpg?v=1791308886,,,
mens-hooded-waffle-knit-jacket-with-sherpa-look-lining,,,Gray,,XL,,,,0.0,shopify,99999,continue,manual,86.95,124.95,true,true,https://cdn.shopify.com/s/files/1/1074/0200/2757/files/Mens_Hooded_Waffle_Knit_Jacket_with_Sherpa_Look_Lining-1.jpg?v=1791308886,,,
mens-hooded-waffle-knit-jacket-with-sherpa-look-lining,,,Gray,,2XL,,,,0.0,shopify,99999,continue,manual,86.95,124.95,true,true,https://cdn.shopify.com/s/files/1/1074/0200/2757/files/Mens_Hooded_Waffle_Knit_Jacket_with_Sherpa_Look_Lining-1.jpg?v=1791308886,,,
mens-hooded-waffle-knit-jacket-with-sherpa-look-lining,,,Gray,,3XL,,,,0.0,shopify,99999,continue,manual,86.95,124.95,true,true,https://cdn.shopify.com/s/files/1/1074/0200/2757/files/Mens_Hooded_Waffle_Knit_Jacket_with_Sherpa_Look_Lining-1.jpg?v=1791308886,,,
mens-hooded-waffle-knit-jacket-with-sherpa-look-lining,,,Black,,S,,,,0.0,shopify,99999,continue,manual,86.95,124.95,true,true,https://cdn.shopify.com/s/files/1/1074/0200/2757/files/Mens_Hooded_Waffle_Knit_Jacket_with_Sherpa_Look_Lining-2.jpg?v=1791308887,,,
mens-hooded-waffle-knit-jacket-with-sherpa-look-lining,,,Black,,M,,,,0.0,shopify,99999,continue,manual,86.95,124.95,true,true,https://cdn.shopify.com/s/files/1/1074/0200/2757/files/Mens_Hooded_Waffle_Knit_Jacket_with_Sherpa_Look_Lining-2.jpg?v=1791308887,,,
mens-hooded-waffle-knit-jacket-with-sherpa-look-lining,,,Black,,L,,,,0.0,shopify,99999,continue,manual,86.95,124.95,true,true,https://cdn.shopify.com/s/files/1/1074/0200/2757/files/Mens_Hooded_Waffle_Knit_Jacket_with_Sherpa_Look_Lining-2.jpg?v=1791308887,,,
mens-hooded-waffle-knit-jacket-with-sherpa-look-lining,,,Black,,XL,,,,0.0,shopify,99999,continue,manual,86.95,124.95,true,true,https://cdn.shopify.com/s/files/1/1074/0200/2757/files/Mens_Hooded_Waffle_Knit_Jacket_with_Sherpa_Look_Lining-2.jpg?v=1791308887,,,
mens-hooded-waffle-knit-jacket-with-sherpa-look-lining,,,Black,,2XL,,,,0.0,shopify,99999,continue,manual,86.95,124.95,true,true,https://cdn.shopify.com/s/files/1/1074/0200/2757/files/Mens_Hooded_Waffle_Knit_Jacket_with_Sherpa_Look_Lining-2.jpg?v=1791308887,,,
mens-hooded-waffle-knit-jacket-with-sherpa-look-lining,,,Black,,3XL,,,,0.0,shopify,99999,continue,manual,86.95,124.95,true,true,https://cdn.shopify.com/s/files/1/1074/0200/2757/files/Mens_Hooded_Waffle_Knit_Jacket_with_Sherpa_Look_Lining-2.jpg?v=1791308887,,,
mens-hooded-waffle-knit-jacket-with-sherpa-look-lining,,,White,,S,,,,0.0,shopify,99999,continue,manual,86.95,124.95,true,true,https://cdn.shopify.com/s/files/1/1074/0200/2757/files/Mens_Hooded_Waffle_Knit_Jacket_with_Sherpa_Look_Lining-3.jpg?v=1791308886,,,
mens-hooded-waffle-knit-jacket-with-sherpa-look-lining,,,White,,M,,,,0.0,shopify,99999,continue,manual,86.95,124.95,true,true,https://cdn.shopify.com/s/files/1/1074/0200/2757/files/Mens_Hooded_Waffle_Knit_Jacket_with_Sherpa_Look_Lining-3.jpg?v=1791308886,,,
mens-hooded-waffle-knit-jacket-with-sherpa-look-lining,,,White,,L,,,,0.0,shopify,99999,continue,manual,86.95,124.95,true,true,https://cdn.shopify.com/s/files/1/1074/0200/2757/files/Mens_Hooded_Waffle_Knit_Jacket_with_Sherpa_Look_Lining-3.jpg?v=1791308886,,,
mens-hooded-waffle-knit-jacket-with-sherpa-look-lining,,,White,,XL,,,,0.0,shopify,99999,continue,manual,86.95,124.95,true,true,https://cdn.shopify.com/s/files/1/1074/0200/2757/files/Mens_Hooded_Waffle_Knit_Jacket_with_Sherpa_Look_Lining-3.jpg?v=1791308886,,,
mens-hooded-waffle-knit-jacket-with-sherpa-look-lining,,,White,,2XL,,,,0.0,shopify,99999,continue,manual,86.95,124.95,true,true,https://cdn.shopify.com/s/files/1/1074/0200/2757/files/Mens_Hooded_Waffle_Knit_Jacket_with_Sherpa_Look_Lining-3.jpg?v=1791308886,,,
mens-hooded-waffle-knit-jacket-with-sherpa-look-lining,,,White,,3XL,,,,0.0,shopify,99999,continue,manual,86.95,124.95,true,true,https://cdn.shopify.com/s/files/1/1074/0200/2757/files/Mens_Hooded_Waffle_Knit_Jacket_with_Sherpa_Look_Lining-3.jpg?v=1791308886,,,
mens-hooded-waffle-knit-jacket-with-sherpa-look-lining,,,Olive Green,,S,,,,0.0,shopify,99999,continue,manual,86.95,124.95,true,true,https://cdn.shopify.com/s/files/1/1074/0200/2757/files/Mens_Hooded_Waffle_Knit_Jacket_with_Sherpa_Look_Lining-4.jpg?v=1791308886,,,
mens-hooded-waffle-knit-jacket-with-sherpa-look-lining,,,Olive Green,,M,,,,0.0,shopify,99999,continue,manual,86.95,124.95,true,true,https://cdn.shopify.com/s/files/1/1074/0200/2757/files/Mens_Hooded_Waffle_Knit_Jacket_with_Sherpa_Look_Lining-4.jpg?v=1791308886,,,
mens-hooded-waffle-knit-jacket-with-sherpa-look-lining,,,Olive Green,,L,,,,0.0,shopify,99999,continue,manual,86.95,124.95,true,true,https://cdn.shopify.com/s/files/1/1074/0200/2757/files/Mens_Hooded_Waffle_Knit_Jacket_with_Sherpa_Look_Lining-4.jpg?v=1791308886,,,
mens-hooded-waffle-knit-jacket-with-sherpa-look-lining,,,Olive Green,,XL,,,,0.0,shopify,99999,continue,manual,86.95,124.95,true,true,https://cdn.shopify.com/s/files/1/1074/0200/2757/files/Mens_Hooded_Waffle_Knit_Jacket_with_Sherpa_Look_Lining-4.jpg?v=1791308886,,,
mens-hooded-waffle-knit-jacket-with-sherpa-look-lining,,,Olive Green,,2XL,,,,0.0,shopify,99999,continue,manual,86.95,124.95,true,true,https://cdn.shopify.com/s/files/1/1074/0200/2757/files/Mens_Hooded_Waffle_Knit_Jacket_with_Sherpa_Look_Lining-4.jpg?v=1791308886,,,
mens-hooded-waffle-knit-jacket-with-sherpa-look-lining,,,Olive Green,,3XL,,,,0.0,shopify,99999,continue,manual,86.95,124.95,true,true,https://cdn.shopify.com/s/files/1/1074/0200/2757/files/Mens_Hooded_Waffle_Knit_Jacket_with_Sherpa_Look_Lining-4.jpg?v=1791308886,,,
mens-hooded-waffle-knit-jacket-with-sherpa-look-lining,,,Brown,,S,,,,0.0,shopify,99999,continue,manual,86.95,124.95,true,true,https://cdn.shopify.com/s/files/1/1074/0200/2757/files/Mens_Hooded_Waffle_Knit_Jacket_with_Sherpa_Look_Lining-5.jpg?v=1791308886,,,
mens-hooded-waffle-knit-jacket-with-sherpa-look-lining,,,Brown,,M,,,,0.0,shopify,99999,continue,manual,86.95,124.95,true,true,https://cdn.shopify.com/s/files/1/1074/0200/2757/files/Mens_Hooded_Waffle_Knit_Jacket_with_Sherpa_Look_Lining-5.jpg?v=1791308886,,,
mens-hooded-waffle-knit-jacket-with-sherpa-look-lining,,,Brown,,L,,,,0.0,shopify,99999,continue,manual,86.95,124.95,true,true,https://cdn.shopify.com/s/files/1/1074/0200/2757/files/Mens_Hooded_Waffle_Knit_Jacket_with_Sherpa_Look_Lining-5.jpg?v=1791308886,,,
mens-hooded-waffle-knit-jacket-with-sherpa-look-lining,,,Brown,,XL,,,,0.0,shopify,99999,continue,manual,86.95,124.95,true,true,https://cdn.shopify.com/s/files/1/1074/0200/2757/files/Mens_Hooded_Waffle_Knit_Jacket_with_Sherpa_Look_Lining-5.jpg?v=1791308886,,,
mens-hooded-waffle-knit-jacket-with-sherpa-look-lining,,,Brown,,2XL,,,,0.0,shopify,99999,continue,manual,86.95,124.95,true,true,https://cdn.shopify.com/s/files/1/1074/0200/2757/files/Mens_Hooded_Waffle_Knit_Jacket_with_Sherpa_Look_Lining-5.jpg?v=1791308886,,,
mens-hooded-waffle-knit-jacket-with-sherpa-look-lining,,,Brown,,3XL,,,,0.0,shopify,99999,continue,manual,86.95,124.95,true,true,https://cdn.shopify.com/s/files/1/1074/0200/2757/files/Mens_Hooded_Waffle_Knit_Jacket_with_Sherpa_Look_Lining-5.jpg?v=1791308886,,,
mens-hooded-waffle-knit-jacket-with-sherpa-look-lining,,,,,,,,,,,,,,,,,,,https://cdn.shopify.com/s/files/1/1074/0200/2757/files/Mens_Hooded_Waffle_Knit_Jacket_with_Sherpa_Look_Lining-1.jpg?v=1791308886,1,Men's Hooded Waffle Knit Jacket in Gray
mens-hooded-waffle-knit-jacket-with-sherpa-look-lining,,,,,,,,,,,,,,,,,,,https://cdn.shopify.com/s/files/1/1074/0200/2757/files/Mens_Hooded_Waffle_Knit_Jacket_with_Sherpa_Look_Lining-2.jpg?v=1791308887,2,Men's Hooded Waffle Knit Jacket in Black
mens-hooded-waffle-knit-jacket-with-sherpa-look-lining,,,,,,,,,,,,,,,,,,,https://cdn.shopify.com/s/files/1/1074/0200/2757/files/Mens_Hooded_Waffle_Knit_Jacket_with_Sherpa_Look_Lining-3.jpg?v=1791308886,3,Men's Hooded Waffle Knit Jacket in White
mens-hooded-waffle-knit-jacket-with-sherpa-look-lining,,,,,,,,,,,,,,,,,,,https://cdn.shopify.com/s/files/1/1074/0200/2757/files/Mens_Hooded_Waffle_Knit_Jacket_with_Sherpa_Look_Lining-4.jpg?v=1791308886,4,Men's Hooded Waffle Knit Jacket in Olive Green
mens-hooded-waffle-knit-jacket-with-sherpa-look-lining,,,,,,,,,,,,,,,,,,,https://cdn.shopify.com/s/files/1/1074/0200/2757/files/Mens_Hooded_Waffle_Knit_Jacket_with_Sherpa_Look_Lining-5.jpg?v=1791308886,5,Men's Hooded Waffle Knit Jacket in Brown
mens-hooded-waffle-knit-jacket-with-sherpa-look-lining,,,,,,,,,,,,,,,,,,,https://cdn.shopify.com/s/files/1/1074/0200/2757/files/Mens_Hooded_Waffle_Knit_Jacket_with_Sherpa_Look_Lining-6.jpg?v=1791308887,6,Men's Hooded Waffle Knit Jacket – additional view 1
mens-hooded-waffle-knit-jacket-with-sherpa-look-lining,,,,,,,,,,,,,,,,,,,https://cdn.shopify.com/s/files/1/1074/0200/2757/files/Mens_Hooded_Waffle_Knit_Jacket_with_Sherpa_Look_Lining-7.jpg?v=1791308887,7,Men's Hooded Waffle Knit Jacket – additional view 2
mens-hooded-waffle-knit-jacket-with-sherpa-look-lining,,,,,,,,,,,,,,,,,,,https://cdn.shopify.com/s/files/1/1074/0200/2757/files/Mens_Hooded_Waffle_Knit_Jacket_with_Sherpa_Look_Lining-8.jpg?v=1791308886,8,Men's Hooded Waffle Knit Jacket – additional view 3
mens-padded-stand-collar-jacket-with-sherpa-look-lining,Men's Padded Stand Collar Jacket with Sherpa-Look Lining,Color,Black,Size,S,,,,0.0,shopify,99999,continue,manual,53.95,77.95,true,true,https://cdn.shopify.com/s/files/1/1074/0200/2757/files/Mens_Padded_Stand_Collar_Jacket_with_Sherpa_Look_Lining-1.jpg?v=1791212291,,,
mens-padded-stand-collar-jacket-with-sherpa-look-lining,,,Black,,M,,,,0.0,shopify,99999,continue,manual,53.95,77.95,true,true,https://cdn.shopify.com/s/files/1/1074/0200/2757/files/Mens_Padded_Stand_Collar_Jacket_with_Sherpa_Look_Lining-1.jpg?v=1791212291,,,
mens-padded-stand-collar-jacket-with-sherpa-look-lining,,,Black,,L,,,,0.0,shopify,99999,continue,manual,53.95,77.95,true,true,https://cdn.shopify.com/s/files/1/1074/0200/2757/files/Mens_Padded_Stand_Collar_Jacket_with_Sherpa_Look_Lining-1.jpg?v=1791212291,,,
mens-padded-stand-collar-jacket-with-sherpa-look-lining,,,Black,,XL,,,,0.0,shopify,99999,continue,manual,53.95,77.95,true,true,https://cdn.shopify.com/s/files/1/1074/0200/2757/files/Mens_Padded_Stand_Collar_Jacket_with_Sherpa_Look_Lining-1.jpg?v=1791212291,,,
mens-padded-stand-collar-jacket-with-sherpa-look-lining,,,Black,,2XL,,,,0.0,shopify,99999,continue,manual,53.95,77.95,true,true,https://cdn.shopify.com/s/files/1/1074/0200/2757/files/Mens_Padded_Stand_Collar_Jacket_with_Sherpa_Look_Lining-1.jpg?v=1791212291,,,
mens-padded-stand-collar-jacket-with-sherpa-look-lining,,,Black,,3XL,,,,0.0,shopify,99999,continue,manual,53.95,77.95,true,true,https://cdn.shopify.com/s/files/1/1074/0200/2757/files/Mens_Padded_Stand_Collar_Jacket_with_Sherpa_Look_Lining-1.jpg?v=1791212291,,,
mens-padded-stand-collar-jacket-with-sherpa-look-lining,,,Green,,S,,,,0.0,shopify,99999,continue,manual,53.95,77.95,true,true,https://cdn.shopify.com/s/files/1/1074/0200/2757/files/Mens_Padded_Stand_Collar_Jacket_with_Sherpa_Look_Lining-2.jpg?v=1791212291,,,
mens-padded-stand-collar-jacket-with-sherpa-look-lining,,,Green,,M,,,,0.0,shopify,99999,continue,manual,53.95,77.95,true,true,https://cdn.shopify.com/s/files/1/1074/0200/2757/files/Mens_Padded_Stand_Collar_Jacket_with_Sherpa_Look_Lining-2.jpg?v=1791212291,,,
mens-padded-stand-collar-jacket-with-sherpa-look-lining,,,Green,,L,,,,0.0,shopify,99999,continue,manual,53.95,77.95,true,true,https://cdn.shopify.com/s/files/1/1074/0200/2757/files/Mens_Padded_Stand_Collar_Jacket_with_Sherpa_Look_Lining-2.jpg?v=1791212291,,,
mens-padded-stand-collar-jacket-with-sherpa-look-lining,,,Green,,XL,,,,0.0,shopify,99999,continue,manual,53.95,77.95,true,true,https://cdn.shopify.com/s/files/1/1074/0200/2757/files/Mens_Padded_Stand_Collar_Jacket_with_Sherpa_Look_Lining-2.jpg?v=1791212291,,,
mens-padded-stand-collar-jacket-with-sherpa-look-lining,,,Green,,2XL,,,,0.0,shopify,99999,continue,manual,53.95,77.95,true,true,https://cdn.shopify.com/s/files/1/1074/0200/2757/files/Mens_Padded_Stand_Collar_Jacket_with_Sherpa_Look_Lining-2.jpg?v=1791212291,,,
mens-padded-stand-collar-jacket-with-sherpa-look-lining,,,Green,,3XL,,,,0.0,shopify,99999,continue,manual,53.95,77.95,true,true,https://cdn.shopify.com/s/files/1/1074/0200/2757/files/Mens_Padded_Stand_Collar_Jacket_with_Sherpa_Look_Lining-2.jpg?v=1791212291,,,
mens-padded-stand-collar-jacket-with-sherpa-look-lining,,,Brown,,S,,,,0.0,shopify,99999,continue,manual,53.95,77.95,true,true,https://cdn.shopify.com/s/files/1/1074/0200/2757/files/Mens_Padded_Stand_Collar_Jacket_with_Sherpa_Look_Lining-3.jpg?v=1791212291,,,
mens-padded-stand-collar-jacket-with-sherpa-look-lining,,,Brown,,M,,,,0.0,shopify,99999,continue,manual,53.95,77.95,true,true,https://cdn.shopify.com/s/files/1/1074/0200/2757/files/Mens_Padded_Stand_Collar_Jacket_with_Sherpa_Look_Lining-3.jpg?v=1791212291,,,
mens-padded-stand-collar-jacket-with-sherpa-look-lining,,,Brown,,L,,,,0.0,shopify,99999,continue,manual,53.95,77.95,true,true,https://cdn.shopify.com/s/files/1/1074/0200/2757/files/Mens_Padded_Stand_Collar_Jacket_with_Sherpa_Look_Lining-3.jpg?v=1791212291,,,
mens-padded-stand-collar-jacket-with-sherpa-look-lining,,,Brown,,XL,,,,0.0,shopify,99999,continue,manual,53.95,77.95,true,true,https://cdn.shopify.com/s/files/1/1074/0200/2757/files/Mens_Padded_Stand_Collar_Jacket_with_Sherpa_Look_Lining-3.jpg?v=1791212291,,,
mens-padded-stand-collar-jacket-with-sherpa-look-lining,,,Brown,,2XL,,,,0.0,shopify,99999,continue,manual,53.95,77.95,true,true,https://cdn.shopify.com/s/files/1/1074/0200/2757/files/Mens_Padded_Stand_Collar_Jacket_with_Sherpa_Look_Lining-3.jpg?v=1791212291,,,
mens-padded-stand-collar-jacket-with-sherpa-look-lining,,,Brown,,3XL,,,,0.0,shopify,99999,continue,manual,53.95,77.95,true,true,https://cdn.shopify.com/s/files/1/1074/0200/2757/files/Mens_Padded_Stand_Collar_Jacket_with_Sherpa_Look_Lining-3.jpg?v=1791212291,,,
mens-padded-stand-collar-jacket-with-sherpa-look-lining,,,White,,S,,,,0.0,shopify,99999,continue,manual,53.95,77.95,true,true,https://cdn.shopify.com/s/files/1/1074/0200/2757/files/Mens_Padded_Stand_Collar_Jacket_with_Sherpa_Look_Lining-4.jpg?v=1791212291,,,
mens-padded-stand-collar-jacket-with-sherpa-look-lining,,,White,,M,,,,0.0,shopify,99999,continue,manual,53.95,77.95,true,true,https://cdn.shopify.com/s/files/1/1074/0200/2757/files/Mens_Padded_Stand_Collar_Jacket_with_Sherpa_Look_Lining-4.jpg?v=1791212291,,,
mens-padded-stand-collar-jacket-with-sherpa-look-lining,,,White,,L,,,,0.0,shopify,99999,continue,manual,53.95,77.95,true,true,https://cdn.shopify.com/s/files/1/1074/0200/2757/files/Mens_Padded_Stand_Collar_Jacket_with_Sherpa_Look_Lining-4.jpg?v=1791212291,,,
mens-padded-stand-collar-jacket-with-sherpa-look-lining,,,White,,XL,,,,0.0,shopify,99999,continue,manual,53.95,77.95,true,true,https://cdn.shopify.com/s/files/1/1074/0200/2757/files/Mens_Padded_Stand_Collar_Jacket_with_Sherpa_Look_Lining-4.jpg?v=1791212291,,,
mens-padded-stand-collar-jacket-with-sherpa-look-lining,,,White,,2XL,,,,0.0,shopify,99999,continue,manual,53.95,77.95,true,true,https://cdn.shopify.com/s/files/1/1074/0200/2757/files/Mens_Padded_Stand_Collar_Jacket_with_Sherpa_Look_Lining-4.jpg?v=1791212291,,,
mens-padded-stand-collar-jacket-with-sherpa-look-lining,,,White,,3XL,,,,0.0,shopify,99999,continue,manual,53.95,77.95,true,true,https://cdn.shopify.com/s/files/1/1074/0200/2757/files/Mens_Padded_Stand_Collar_Jacket_with_Sherpa_Look_Lining-4.jpg?v=1791212291,,,
mens-padded-stand-collar-jacket-with-sherpa-look-lining,,,,,,,,,,,,,,,,,,,https://cdn.shopify.com/s/files/1/1074/0200/2757/files/Mens_Padded_Stand_Collar_Jacket_with_Sherpa_Look_Lining-1.jpg?v=1791212291,1,Men's Padded Stand Collar Jacket with Sherpa-Look Lining in Black
mens-padded-stand-collar-jacket-with-sherpa-look-lining,,,,,,,,,,,,,,,,,,,https://cdn.shopify.com/s/files/1/1074/0200/2757/files/Mens_Padded_Stand_Collar_Jacket_with_Sherpa_Look_Lining-2.jpg?v=1791212291,2,Men's Padded Stand Collar Jacket with Sherpa-Look Lining in Green
mens-padded-stand-collar-jacket-with-sherpa-look-lining,,,,,,,,,,,,,,,,,,,https://cdn.shopify.com/s/files/1/1074/0200/2757/files/Mens_Padded_Stand_Collar_Jacket_with_Sherpa_Look_Lining-3.jpg?v=1791212291,3,Men's Padded Stand Collar Jacket with Sherpa-Look Lining in Brown
mens-padded-stand-collar-jacket-with-sherpa-look-lining,,,,,,,,,,,,,,,,,,,https://cdn.shopify.com/s/files/1/1074/0200/2757/files/Mens_Padded_Stand_Collar_Jacket_with_Sherpa_Look_Lining-4.jpg?v=1791212291,4,Men's Padded Stand Collar Jacket with Sherpa-Look Lining in White
mens-padded-stand-collar-jacket-with-sherpa-look-lining,,,,,,,,,,,,,,,,,,,https://cdn.shopify.com/s/files/1/1074/0200/2757/files/Mens_Padded_Stand_Collar_Jacket_with_Sherpa_Look_Lining-5.jpg?v=1791212291,5,Men's Padded Stand Collar Jacket with Sherpa-Look Lining – alternate view 1
mens-padded-stand-collar-jacket-with-sherpa-look-lining,,,,,,,,,,,,,,,,,,,https://cdn.shopify.com/s/files/1/1074/0200/2757/files/Mens_Padded_Stand_Collar_Jacket_with_Sherpa_Look_Lining-6.jpg?v=1791212291,6,Men's Padded Stand Collar Jacket with Sherpa-Look Lining – alternate view 2
mens-padded-stand-collar-jacket-with-sherpa-look-lining,,,,,,,,,,,,,,,,,,,https://cdn.shopify.com/s/files/1/1074/0200/2757/files/Mens_Padded_Stand_Collar_Jacket_with_Sherpa_Look_Lining-7.jpg?v=1791212291,7,Men's Padded Stand Collar Jacket with Sherpa-Look Lining – alternate view 3
mens-padded-stand-collar-jacket-with-sherpa-look-lining,,,,,,,,,,,,,,,,,,,https://cdn.shopify.com/s/files/1/1074/0200/2757/files/Mens_Padded_Stand_Collar_Jacket_with_Sherpa_Look_Lining-8.jpg?v=1791212291,8,Men's Padded Stand Collar Jacket with Sherpa-Look Lining – alternate view 4
mens-padded-stand-collar-jacket-with-sherpa-look-lining,,,,,,,,,,,,,,,,,,,https://cdn.shopify.com/s/files/1/1074/0200/2757/files/Mens_Padded_Stand_Collar_Jacket_with_Sherpa_Look_Lining-9.jpg?v=1791212291,9,Men's Padded Stand Collar Jacket with Sherpa-Look Lining – alternate view 5
mens-padded-stand-collar-jacket-with-sherpa-look-lining,,,,,,,,,,,,,,,,,,,https://cdn.shopify.com/s/files/1/1074/0200/2757/files/Mens_Padded_Stand_Collar_Jacket_with_Sherpa_Look_Lining-10.jpg?v=1791212291,10,Men's Padded Stand Collar Jacket with Sherpa-Look Lining – alternate view 6
rumia-womens-tops-v-neck-sweatshirt-for-women-pullover-fall-outfits-loose,Women's Plaid Hooded Pullover Top for Autumn Winter,Color,Brown,Size,S,,,,0.0,shopify,99999,continue,manual,39.95,57.95,true,false,https://cdn.shopify.com/s/files/1/1074/0200/2757/files/Women_s_Plaid_Hooded_Pullover_Top_for_Autumn_Wintervfa.jpg?v=1790716449,,,
rumia-womens-tops-v-neck-sweatshirt-for-women-pullover-fall-outfits-loose,,,Brown,,M,,,,0.0,shopify,99999,continue,manual,39.95,57.95,true,false,https://cdn.shopify.com/s/files/1/1074/0200/2757/files/Women_s_Plaid_Hooded_Pullover_Top_for_Autumn_Wintervfa.jpg?v=1790716449,,,
rumia-womens-tops-v-neck-sweatshirt-for-women-pullover-fall-outfits-loose,,,Brown,,L,,,,0.0,shopify,99999,continue,manual,39.95,57.95,true,false,https://cdn.shopify.com/s/files/1/1074/0200/2757/files/Women_s_Plaid_Hooded_Pullover_Top_for_Autumn_Wintervfa.jpg?v=1790716449,,,
rumia-womens-tops-v-neck-sweatshirt-for-women-pullover-fall-outfits-loose,,,Brown,,XL,,,,0.0,shopify,99999,continue,manual,39.95,57.95,true,false,https://cdn.shopify.com/s/files/1/1074/0200/2757/files/Women_s_Plaid_Hooded_Pullover_Top_for_Autumn_Wintervfa.jpg?v=1790716449,,,
rumia-womens-tops-v-neck-sweatshirt-for-women-pullover-fall-outfits-loose,,,Brown,,2XL,,,,0.0,shopify,99999,continue,manual,39.95,57.95,true,false,https://cdn.shopify.com/s/files/1/1074/0200/2757/files/Women_s_Plaid_Hooded_Pullover_Top_for_Autumn_Wintervfa.jpg?v=1790716449,,,
rumia-womens-tops-v-neck-sweatshirt-for-women-pullover-fall-outfits-loose,,,Brown,,3XL,,,,0.0,shopify,99999,continue,manual,39.95,57.95,true,false,https://cdn.shopify.com/s/files/1/1074/0200/2757/files/Women_s_Plaid_Hooded_Pullover_Top_for_Autumn_Wintervfa.jpg?v=1790716449,,,
rumia-womens-tops-v-neck-sweatshirt-for-women-pullover-fall-outfits-loose,,,Red,,S,,,,0.0,shopify,99999,continue,manual,39.95,57.95,true,false,https://cdn.shopify.com/s/files/1/1074/0200/2757/files/Women_s_Plaid_Hooded_Pullover_Top_for_Autumn_Wintervssd.jpg?v=1790716525,,,
rumia-womens-tops-v-neck-sweatshirt-for-women-pullover-fall-outfits-loose,,,Red,,M,,,,0.0,shopify,99999,continue,manual,39.95,57.95,true,false,https://cdn.shopify.com/s/files/1/1074/0200/2757/files/Women_s_Plaid_Hooded_Pullover_Top_for_Autumn_Wintervssd.jpg?v=1790716525,,,
rumia-womens-tops-v-neck-sweatshirt-for-women-pullover-fall-outfits-loose,,,Red,,L,,,,0.0,shopify,99999,continue,manual,39.95,57.95,true,false,https://cdn.shopify.com/s/files/1/1074/0200/2757/files/Women_s_Plaid_Hooded_Pullover_Top_for_Autumn_Wintervssd.jpg?v=1790716525,,,
rumia-womens-tops-v-neck-sweatshirt-for-women-pullover-fall-outfits-loose,,,Red,,XL,,,,0.0,shopify,99999,continue,manual,39.95,57.95,true,false,https://cdn.shopify.com/s/files/1/1074/0200/2757/files/Women_s_Plaid_Hooded_Pullover_Top_for_Autumn_Wintervssd.jpg?v=1790716525,,,
rumia-womens-tops-v-neck-sweatshirt-for-women-pullover-fall-outfits-loose,,,Red,,2XL,,,,0.0,shopify,99999,continue,manual,39.95,57.95,true,false,https://cdn.shopify.com/s/files/1/1074/0200/2757/files/Women_s_Plaid_Hooded_Pullover_Top_for_Autumn_Wintervssd.jpg?v=1790716525,,,
rumia-womens-tops-v-neck-sweatshirt-for-women-pullover-fall-outfits-loose,,,Red,,3XL,,,,0.0,shopify,99999,continue,manual,39.95,57.95,true,false,https://cdn.shopify.com/s/files/1/1074/0200/2757/files/Women_s_Plaid_Hooded_Pullover_Top_for_Autumn_Wintervssd.jpg?v=1790716525,,,
rumia-womens-tops-v-neck-sweatshirt-for-women-pullover-fall-outfits-loose,,,Yellow,,S,,,,0.0,shopify,99999,continue,manual,39.95,57.95,true,false,https://cdn.shopify.com/s/files/1/1074/0200/2757/files/Women_s_Plaid_Hooded_Pullover_Top_for_Autumn_WintervaD.jpg?v=1790716569,,,
rumia-womens-tops-v-neck-sweatshirt-for-women-pullover-fall-outfits-loose,,,Yellow,,M,,,,0.0,shopify,99999,continue,manual,39.95,57.95,true,false,https://cdn.shopify.com/s/files/1/1074/0200/2757/files/Women_s_Plaid_Hooded_Pullover_Top_for_Autumn_WintervaD.jpg?v=1790716569,,,
rumia-womens-tops-v-neck-sweatshirt-for-women-pullover-fall-outfits-loose,,,Yellow,,L,,,,0.0,shopify,99999,continue,manual,39.95,57.95,true,false,https://cdn.shopify.com/s/files/1/1074/0200/2757/files/Women_s_Plaid_Hooded_Pullover_Top_for_Autumn_WintervaD.jpg?v=1790716569,,,
rumia-womens-tops-v-neck-sweatshirt-for-women-pullover-fall-outfits-loose,,,Yellow,,XL,,,,0.0,shopify,99999,continue,manual,39.95,57.95,true,false,https://cdn.shopify.com/s/files/1/1074/0200/2757/files/Women_s_Plaid_Hooded_Pullover_Top_for_Autumn_WintervaD.jpg?v=1790716569,,,
rumia-womens-tops-v-neck-sweatshirt-for-women-pullover-fall-outfits-loose,,,Yellow,,2XL,,,,0.0,shopify,99999,continue,manual,39.95,57.95,true,false,https://cdn.shopify.com/s/files/1/1074/0200/2757/files/Women_s_Plaid_Hooded_Pullover_Top_for_Autumn_WintervaD.jpg?v=1790716569,,,
rumia-womens-tops-v-neck-sweatshirt-for-women-pullover-fall-outfits-loose,,,Yellow,,3XL,,,,0.0,shopify,99999,continue,manual,39.95,57.95,true,false,https://cdn.shopify.com/s/files/1/1074/0200/2757/files/Women_s_Plaid_Hooded_Pullover_Top_for_Autumn_WintervaD.jpg?v=1790716569,,,
rumia-womens-tops-v-neck-sweatshirt-for-women-pullover-fall-outfits-loose,,,Black,,S,,,,0.0,shopify,99999,continue,manual,39.95,57.95,true,false,https://cdn.shopify.com/s/files/1/1074/0200/2757/files/Women_s_Plaid_Hooded_Pullover_Top_for_Autumn_Winterseqw.jpg?v=1790716594,,,
rumia-womens-tops-v-neck-sweatshirt-for-women-pullover-fall-outfits-loose,,,Black,,M,,,,0.0,shopify,99999,continue,manual,39.95,57.95,true,false,https://cdn.shopify.com/s/files/1/1074/0200/2757/files/Women_s_Plaid_Hooded_Pullover_Top_for_Autumn_Winterseqw.jpg?v=1790716594,,,
rumia-womens-tops-v-neck-sweatshirt-for-women-pullover-fall-outfits-loose,,,Black,,L,,,,0.0,shopify,99999,continue,manual,39.95,57.95,true,false,https://cdn.shopify.com/s/files/1/1074/0200/2757/files/Women_s_Plaid_Hooded_Pullover_Top_for_Autumn_Winterseqw.jpg?v=1790716594,,,
rumia-womens-tops-v-neck-sweatshirt-for-women-pullover-fall-outfits-loose,,,Black,,XL,,,,0.0,shopify,99999,continue,manual,39.95,57.95,true,false,https://cdn.shopify.com/s/files/1/1074/0200/2757/files/Women_s_Plaid_Hooded_Pullover_Top_for_Autumn_Winterseqw.jpg?v=1790716594,,,
rumia-womens-tops-v-neck-sweatshirt-for-women-pullover-fall-outfits-loose,,,Black,,2XL,,,,0.0,shopify,99999,continue,manual,39.95,57.95,true,false,https://cdn.shopify.com/s/files/1/1074/0200/2757/files/Women_s_Plaid_Hooded_Pullover_Top_for_Autumn_Winterseqw.jpg?v=1790716594,,,
rumia-womens-tops-v-neck-sweatshirt-for-women-pullover-fall-outfits-loose,,,Black,,3XL,,,,0.0,shopify,99999,continue,manual,39.95,57.95,true,false,https://cdn.shopify.com/s/files/1/1074/0200/2757/files/Women_s_Plaid_Hooded_Pullover_Top_for_Autumn_Winterseqw.jpg?v=1790716594,,,
rumia-womens-tops-v-neck-sweatshirt-for-women-pullover-fall-outfits-loose,,,Grey,,S,,,,0.0,shopify,99999,continue,manual,39.95,57.95,true,false,https://cdn.shopify.com/s/files/1/1074/0200/2757/files/Women_s_Plaid_Hooded_Pullover_Top_for_Autumn_Wintervwew.jpg?v=1790716614,,,
rumia-womens-tops-v-neck-sweatshirt-for-women-pullover-fall-outfits-loose,,,Grey,,M,,,,0.0,shopify,99999,continue,manual,39.95,57.95,true,false,https://cdn.shopify.com/s/files/1/1074/0200/2757/files/Women_s_Plaid_Hooded_Pullover_Top_for_Autumn_Wintervwew.jpg?v=1790716614,,,
rumia-womens-tops-v-neck-sweatshirt-for-women-pullover-fall-outfits-loose,,,Grey,,L,,,,0.0,shopify,99999,continue,manual,39.95,57.95,true,false,https://cdn.shopify.com/s/files/1/1074/0200/2757/files/Women_s_Plaid_Hooded_Pullover_Top_for_Autumn_Wintervwew.jpg?v=1790716614,,,
rumia-womens-tops-v-neck-sweatshirt-for-women-pullover-fall-outfits-loose,,,Grey,,XL,,,,0.0,shopify,99999,continue,manual,39.95,57.95,true,false,https://cdn.shopify.com/s/files/1/1074/0200/2757/files/Women_s_Plaid_Hooded_Pullover_Top_for_Autumn_Wintervwew.jpg?v=1790716614,,,
rumia-womens-tops-v-neck-sweatshirt-for-women-pullover-fall-outfits-loose,,,Grey,,2XL,,,,0.0,shopify,99999,continue,manual,39.95,57.95,true,false,https://cdn.shopify.com/s/files/1/1074/0200/2757/files/Women_s_Plaid_Hooded_Pullover_Top_for_Autumn_Wintervwew.jpg?v=1790716614,,,
rumia-womens-tops-v-neck-sweatshirt-for-women-pullover-fall-outfits-loose,,,Grey,,3XL,,,,0.0,shopify,99999,continue,manual,39.95,57.95,true,false,https://cdn.shopify.com/s/files/1/1074/0200/2757/files/Women_s_Plaid_Hooded_Pullover_Top_for_Autumn_Wintervwew.jpg?v=1790716614,,,
rumia-womens-tops-v-neck-sweatshirt-for-women-pullover-fall-outfits-loose,,,Green,,S,,,,0.0,shopify,99999,continue,manual,39.95,57.95,true,false,https://cdn.shopify.com/s/files/1/1074/0200/2757/files/Women_s_Plaid_Hooded_Pullover_Top_for_Autumn_Wintervwfw.jpg?v=1790716636,,,
rumia-womens-tops-v-neck-sweatshirt-for-women-pullover-fall-outfits-loose,,,Green,,M,,,,0.0,shopify,99999,continue,manual,39.95,57.95,true,false,https://cdn.shopify.com/s/files/1/1074/0200/2757/files/Women_s_Plaid_Hooded_Pullover_Top_for_Autumn_Wintervwfw.jpg?v=1790716636,,,
rumia-womens-tops-v-neck-sweatshirt-for-women-pullover-fall-outfits-loose,,,Green,,L,,,,0.0,shopify,99999,continue,manual,39.95,57.95,true,false,https://cdn.shopify.com/s/files/1/1074/0200/2757/files/Women_s_Plaid_Hooded_Pullover_Top_for_Autumn_Wintervwfw.jpg?v=1790716636,,,
rumia-womens-tops-v-neck-sweatshirt-for-women-pullover-fall-outfits-loose,,,Green,,XL,,,,0.0,shopify,99999,continue,manual,39.95,57.95,true,false,https://cdn.shopify.com/s/files/1/1074/0200/2757/files/Women_s_Plaid_Hooded_Pullover_Top_for_Autumn_Wintervwfw.jpg?v=1790716636,,,
rumia-womens-tops-v-neck-sweatshirt-for-women-pullover-fall-outfits-loose,,,Green,,2XL,,,,0.0,shopify,99999,continue,manual,39.95,57.95,true,false,https://cdn.shopify.com/s/files/1/1074/0200/2757/files/Women_s_Plaid_Hooded_Pullover_Top_for_Autumn_Wintervwfw.jpg?v=1790716636,,,
rumia-womens-tops-v-neck-sweatshirt-for-women-pullover-fall-outfits-loose,,,Green,,3XL,,,,0.0,shopify,99999,continue,manual,39.95,57.95,true,false,https://cdn.shopify.com/s/files/1/1074/0200/2757/files/Women_s_Plaid_Hooded_Pullover_Top_for_Autumn_Wintervwfw.jpg?v=1790716636,,,
rumia-womens-tops-v-neck-sweatshirt-for-women-pullover-fall-outfits-loose,,,,,,,,,,,,,,,,,,,https://cdn.shopify.com/s/files/1/1074/0200/2757/files/Women_s_Plaid_Hooded_Pullover_Top_for_Autumn_Wintervfa.jpg?v=1790716449,1,Women's Plaid Hooded Pullover Top for Autumn Winter
rumia-womens-tops-v-neck-sweatshirt-for-women-pullover-fall-outfits-loose,,,,,,,,,,,,,,,,,,,https://cdn.shopify.com/s/files/1/1074/0200/2757/files/Women_s_Plaid_Hooded_Pullover_Top_for_Autumn_Wintervss.jpg?v=1790716467,2,Women's Plaid Hooded Pullover Top for Autumn Winter
rumia-womens-tops-v-neck-sweatshirt-for-women-pullover-fall-outfits-loose,,,,,,,,,,,,,,,,,,,https://cdn.shopify.com/s/files/1/1074/0200/2757/files/Women_s_Plaid_Hooded_Pullover_Top_for_Autumn_Wintervsd.jpg?v=1790716503,3,Women's Plaid Hooded Pullover Top for Autumn Winter
rumia-womens-tops-v-neck-sweatshirt-for-women-pullover-fall-outfits-loose,,,,,,,,,,,,,,,,,,,https://cdn.shopify.com/s/files/1/1074/0200/2757/files/Women_s_Plaid_Hooded_Pullover_Top_for_Autumn_Wintervssd.jpg?v=1790716525,4,Women's Plaid Hooded Pullover Top for Autumn Winter
rumia-womens-tops-v-neck-sweatshirt-for-women-pullover-fall-outfits-loose,,,,,,,,,,,,,,,,,,,https://cdn.shopify.com/s/files/1/1074/0200/2757/files/Women_s_Plaid_Hooded_Pullover_Top_for_Autumn_WintervaD.jpg?v=1790716569,5,Women's Plaid Hooded Pullover Top for Autumn Winter
rumia-womens-tops-v-neck-sweatshirt-for-women-pullover-fall-outfits-loose,,,,,,,,,,,,,,,,,,,https://cdn.shopify.com/s/files/1/1074/0200/2757/files/Women_s_Plaid_Hooded_Pullover_Top_for_Autumn_Winterseqw.jpg?v=1790716594,6,Women's Plaid Hooded Pullover Top for Autumn Winter
rumia-womens-tops-v-neck-sweatshirt-for-women-pullover-fall-outfits-loose,,,,,,,,,,,,,,,,,,,https://cdn.shopify.com/s/files/1/1074/0200/2757/files/Women_s_Plaid_Hooded_Pullover_Top_for_Autumn_Wintervwew.jpg?v=1790716614,7,Women's Plaid Hooded Pullover Top for Autumn Winter
rumia-womens-tops-v-neck-sweatshirt-for-women-pullover-fall-outfits-loose,,,,,,,,,,,,,,,,,,,https://cdn.shopify.com/s/files/1/1074/0200/2757/files/Women_s_Plaid_Hooded_Pullover_Top_for_Autumn_Wintervwfw.jpg?v=1790716636,8,Women's Plaid Hooded Pullover Top for Autumn Winter
rumia-womens-tops-v-neck-sweatshirt-for-women-pullover-fall-outfits-loose,,,,,,,,,,,,,,,,,,,https://cdn.shopify.com/s/files/1/1074/0200/2757/files/Women_s_Plaid_Hooded_Pullover_Top_for_Autumn_Wintervda.jpg?v=1790716660,9,Women's Plaid Hooded Pullover Top for Autumn Winter
rumia-womens-tops-v-neck-sweatshirt-for-women-pullover-fall-outfits-loose,,,,,,,,,,,,,,,,,,,https://cdn.shopify.com/s/files/1/1074/0200/2757/files/Women_s_Plaid_Hooded_Pullover_Top_for_Autumn_Wintervd.jpg?v=1790716679,10,Women's Plaid Hooded Pullover Top for Autumn Winter
mens-hooded-plaid-jacket-for-autumn-winter-wear,Men's Hooded Plaid Jacket for Autumn Winter Wear,Colour,Blue,Size,S,,,,0.0,shopify,999999,continue,manual,74.95,107.95,true,false,https://cdn.shopify.com/s/files/1/1074/0200/2757/files/Men_s_Hooded_Plaid_Jacket_for_Autumn_Winter_Wearaa.jpg?v=1790599260,,,
mens-hooded-plaid-jacket-for-autumn-winter-wear,,,Blue,,M,,,,0.0,shopify,999999,continue,manual,74.95,107.95,true,false,https://cdn.shopify.com/s/files/1/1074/0200/2757/files/Men_s_Hooded_Plaid_Jacket_for_Autumn_Winter_Wearaa.jpg?v=1790599260,,,
mens-hooded-plaid-jacket-for-autumn-winter-wear,,,Blue,,L,,,,0.0,shopify,999999,continue,manual,74.95,107.95,true,false,https://cdn.shopify.com/s/files/1/1074/0200/2757/files/Men_s_Hooded_Plaid_Jacket_for_Autumn_Winter_Wearaa.jpg?v=1790599260,,,
mens-hooded-plaid-jacket-for-autumn-winter-wear,,,Blue,,XL,,,,0.0,shopify,999999,continue,manual,74.95,107.95,true,false,https://cdn.shopify.com/s/files/1/1074/0200/2757/files/Men_s_Hooded_Plaid_Jacket_for_Autumn_Winter_Wearaa.jpg?v=1790599260,,,
mens-hooded-plaid-jacket-for-autumn-winter-wear,,,Blue,,2XL,,,,0.0,shopify,999999,continue,manual,74.95,107.95,true,false,https://cdn.shopify.com/s/files/1/1074/0200/2757/files/Men_s_Hooded_Plaid_Jacket_for_Autumn_Winter_Wearaa.jpg?v=1790599260,,,
mens-hooded-plaid-jacket-for-autumn-winter-wear,,,Blue,,3XL,,,,0.0,shopify,999999,continue,manual,74.95,107.95,true,false,https://cdn.shopify.com/s/files/1/1074/0200/2757/files/Men_s_Hooded_Plaid_Jacket_for_Autumn_Winter_Wearaa.jpg?v=1790599260,,,
mens-hooded-plaid-jacket-for-autumn-winter-wear,,,Army Green,,S,,,,0.0,shopify,999999,continue,manual,74.95,107.95,true,false,https://cdn.shopify.com/s/files/1/1074/0200/2757/files/Men_s_Hooded_Plaid_Jacket_for_Autumn_Winter_Wearvada.jpg?v=1790599268,,,
mens-hooded-plaid-jacket-for-autumn-winter-wear,,,Army Green,,M,,,,0.0,shopify,999999,continue,manual,74.95,107.95,true,false,https://cdn.shopify.com/s/files/1/1074/0200/2757/files/Men_s_Hooded_Plaid_Jacket_for_Autumn_Winter_Wearvada.jpg?v=1790599268,,,
mens-hooded-plaid-jacket-for-autumn-winter-wear,,,Army Green,,L,,,,0.0,shopify,999999,continue,manual,74.95,107.95,true,false,https://cdn.shopify.com/s/files/1/1074/0200/2757/files/Men_s_Hooded_Plaid_Jacket_for_Autumn_Winter_Wearvada.jpg?v=1790599268,,,
mens-hooded-plaid-jacket-for-autumn-winter-wear,,,Army Green,,XL,,,,0.0,shopify,999999,continue,manual,74.95,107.95,true,false,https://cdn.shopify.com/s/files/1/1074/0200/2757/files/Men_s_Hooded_Plaid_Jacket_for_Autumn_Winter_Wearvada.jpg?v=1790599268,,,
mens-hooded-plaid-jacket-for-autumn-winter-wear,,,Army Green,,2XL,,,,0.0,shopify,999999,continue,manual,74.95,107.95,true,false,https://cdn.shopify.com/s/files/1/1074/0200/2757/files/Men_s_Hooded_Plaid_Jacket_for_Autumn_Winter_Wearvada.jpg?v=1790599268,,,
mens-hooded-plaid-jacket-for-autumn-winter-wear,,,Army Green,,3XL,,,,0.0,shopify,999999,continue,manual,74.95,107.95,true,false,https://cdn.shopify.com/s/files/1/1074/0200/2757/files/Men_s_Hooded_Plaid_Jacket_for_Autumn_Winter_Wearvada.jpg?v=1790599268,,,
mens-hooded-plaid-jacket-for-autumn-winter-wear,,,Dark Blue,,S,,,,0.0,shopify,999999,continue,manual,74.95,107.95,true,false,https://cdn.shopify.com/s/files/1/1074/0200/2757/files/hd-valhalla-jacket-560331.jpg?v=1790596219,,,
mens-hooded-plaid-jacket-for-autumn-winter-wear,,,Dark Blue,,M,,,,0.0,shopify,999999,continue,manual,74.95,107.95,true,false,https://cdn.shopify.com/s/files/1/1074/0200/2757/files/hd-valhalla-jacket-560331.jpg?v=1790596219,,,
mens-hooded-plaid-jacket-for-autumn-winter-wear,,,Dark Blue,,L,,,,0.0,shopify,999999,continue,manual,74.95,107.95,true,false,https://cdn.shopify.com/s/files/1/1074/0200/2757/files/hd-valhalla-jacket-560331.jpg?v=1790596219,,,
mens-hooded-plaid-jacket-for-autumn-winter-wear,,,Dark Blue,,XL,,,,0.0,shopify,999999,continue,manual,74.95,107.95,true,false,https://cdn.shopify.com/s/files/1/1074/0200/2757/files/hd-valhalla-jacket-560331.jpg?v=1790596219,,,
mens-hooded-plaid-jacket-for-autumn-winter-wear,,,Dark Blue,,2XL,,,,0.0,shopify,999999,continue,manual,74.95,107.95,true,false,https://cdn.shopify.com/s/files/1/1074/0200/2757/files/hd-valhalla-jacket-560331.jpg?v=1790596219,,,
mens-hooded-plaid-jacket-for-autumn-winter-wear,,,Dark Blue,,3XL,,,,0.0,shopify,999999,continue,manual,74.95,107.95,true,false,https://cdn.shopify.com/s/files/1/1074/0200/2757/files/hd-valhalla-jacket-560331.jpg?v=1790596219,,,
mens-hooded-plaid-jacket-for-autumn-winter-wear,,,Red,,S,,,,0.0,shopify,999999,continue,manual,74.95,107.95,true,false,https://cdn.shopify.com/s/files/1/1074/0200/2757/files/hd-sawyer-jacket-969774.jpg?v=1790596219,,,
mens-hooded-plaid-jacket-for-autumn-winter-wear,,,Red,,M,,,,0.0,shopify,999999,continue,manual,74.95,107.95,true,false,https://cdn.shopify.com/s/files/1/1074/0200/2757/files/hd-sawyer-jacket-969774.jpg?v=1790596219,,,
mens-hooded-plaid-jacket-for-autumn-winter-wear,,,Red,,L,,,,0.0,shopify,999999,continue,manual,74.95,107.95,true,false,https://cdn.shopify.com/s/files/1/1074/0200/2757/files/hd-sawyer-jacket-969774.jpg?v=1790596219,,,
mens-hooded-plaid-jacket-for-autumn-winter-wear,,,Red,,XL,,,,0.0,shopify,999999,continue,manual,74.95,107.95,true,false,https://cdn.shopify.com/s/files/1/1074/0200/2757/files/hd-sawyer-jacket-969774.jpg?v=1790596219,,,
mens-hooded-plaid-jacket-for-autumn-winter-wear,,,Red,,2XL,,,,0.0,shopify,999999,continue,manual,74.95,107.95,true,false,https://cdn.shopify.com/s/files/1/1074/0200/2757/files/hd-sawyer-jacket-969774.jpg?v=1790596219,,,
mens-hooded-plaid-jacket-for-autumn-winter-wear,,,Red,,3XL,,,,0.0,shopify,999999,continue,manual,74.95,107.95,true,false,https://cdn.shopify.com/s/files/1/1074/0200/2757/files/hd-sawyer-jacket-969774.jpg?v=1790596219,,,
mens-hooded-plaid-jacket-for-autumn-winter-wear,,,Grey,,S,,,,0.0,shopify,999999,continue,manual,74.95,107.95,true,false,https://cdn.shopify.com/s/files/1/1074/0200/2757/files/Men_s_Hooded_Plaid_Jacket_for_Autumn_Winter_Wearacda.jpg?v=1790599302,,,
mens-hooded-plaid-jacket-for-autumn-winter-wear,,,Grey,,M,,,,0.0,shopify,999999,continue,manual,74.95,107.95,true,false,https://cdn.shopify.com/s/files/1/1074/0200/2757/files/Men_s_Hooded_Plaid_Jacket_for_Autumn_Winter_Wearacda.jpg?v=1790599302,,,
mens-hooded-plaid-jacket-for-autumn-winter-wear,,,Grey,,L,,,,0.0,shopify,999999,continue,manual,74.95,107.95,true,false,https://cdn.shopify.com/s/files/1/1074/0200/2757/files/Men_s_Hooded_Plaid_Jacket_for_Autumn_Winter_Wearacda.jpg?v=1790599302,,,
mens-hooded-plaid-jacket-for-autumn-winter-wear,,,Grey,,XL,,,,0.0,shopify,999999,continue,manual,74.95,107.95,true,false,https://cdn.shopify.com/s/files/1/1074/0200/2757/files/Men_s_Hooded_Plaid_Jacket_for_Autumn_Winter_Wearacda.jpg?v=1790599302,,,
mens-hooded-plaid-jacket-for-autumn-winter-wear,,,Grey,,2XL,,,,0.0,shopify,999999,continue,manual,74.95,107.95,true,false,https://cdn.shopify.com/s/files/1/1074/0200/2757/files/Men_s_Hooded_Plaid_Jacket_for_Autumn_Winter_Wearacda.jpg?v=1790599302,,,
mens-hooded-plaid-jacket-for-autumn-winter-wear,,,Grey,,3XL,,,,0.0,shopify,999999,continue,manual,74.95,107.95,true,false,https://cdn.shopify.com/s/files/1/1074/0200/2757/files/Men_s_Hooded_Plaid_Jacket_for_Autumn_Winter_Wearacda.jpg?v=1790599302,,,
mens-hooded-plaid-jacket-for-autumn-winter-wear,,,Khaki,,S,,,,0.0,shopify,999999,continue,manual,74.95,107.95,true,false,https://cdn.shopify.com/s/files/1/1074/0200/2757/files/Men_s_Hooded_Plaid_Jacket_for_Autumn_Winter_Wearvad.jpg?v=1790599318,,,
mens-hooded-plaid-jacket-for-autumn-winter-wear,,,Khaki,,M,,,,0.0,shopify,999999,continue,manual,74.95,107.95,true,false,https://cdn.shopify.com/s/files/1/1074/0200/2757/files/Men_s_Hooded_Plaid_Jacket_for_Autumn_Winter_Wearvad.jpg?v=1790599318,,,
mens-hooded-plaid-jacket-for-autumn-winter-wear,,,Khaki,,L,,,,0.0,shopify,999999,continue,manual,74.95,107.95,true,false,https://cdn.shopify.com/s/files/1/1074/0200/2757/files/Men_s_Hooded_Plaid_Jacket_for_Autumn_Winter_Wearvad.jpg?v=1790599318,,,
mens-hooded-plaid-jacket-for-autumn-winter-wear,,,Khaki,,XL,,,,0.0,shopify,999999,continue,manual,74.95,107.95,true,false,https://cdn.shopify.com/s/files/1/1074/0200/2757/files/Men_s_Hooded_Plaid_Jacket_for_Autumn_Winter_Wearvad.jpg?v=1790599318,,,
mens-hooded-plaid-jacket-for-autumn-winter-wear,,,Khaki,,2XL,,,,0.0,shopify,999999,continue,manual,74.95,107.95,true,false,https://cdn.shopify.com/s/files/1/1074/0200/2757/files/Men_s_Hooded_Plaid_Jacket_for_Autumn_Winter_Wearvad.jpg?v=1790599318,,,
mens-hooded-plaid-jacket-for-autumn-winter-wear,,,Khaki,,3XL,,,,0.0,shopify,999999,continue,manual,74.95,107.95,true,false,https://cdn.shopify.com/s/files/1/1074/0200/2757/files/Men_s_Hooded_Plaid_Jacket_for_Autumn_Winter_Wearvad.jpg?v=1790599318,,,
mens-hooded-plaid-jacket-for-autumn-winter-wear,,,Dark Brown,,S,,,,0.0,shopify,999999,continue,manual,74.95,107.95,true,false,https://cdn.shopify.com/s/files/1/1074/0200/2757/files/Men_s_Hooded_Plaid_Jacket_for_Autumn_Winter_Wearvaa.jpg?v=1790599330,,,
mens-hooded-plaid-jacket-for-autumn-winter-wear,,,Dark Brown,,M,,,,0.0,shopify,999999,continue,manual,74.95,107.95,true,false,https://cdn.shopify.com/s/files/1/1074/0200/2757/files/Men_s_Hooded_Plaid_Jacket_for_Autumn_Winter_Wearvaa.jpg?v=1790599330,,,
mens-hooded-plaid-jacket-for-autumn-winter-wear,,,Dark Brown,,L,,,,0.0,shopify,999999,continue,manual,74.95,107.95,true,false,https://cdn.shopify.com/s/files/1/1074/0200/2757/files/Men_s_Hooded_Plaid_Jacket_for_Autumn_Winter_Wearvaa.jpg?v=1790599330,,,
mens-hooded-plaid-jacket-for-autumn-winter-wear,,,Dark Brown,,XL,,,,0.0,shopify,999999,continue,manual,74.95,107.95,true,false,https://cdn.shopify.com/s/files/1/1074/0200/2757/files/Men_s_Hooded_Plaid_Jacket_for_Autumn_Winter_Wearvaa.jpg?v=1790599330,,,
mens-hooded-plaid-jacket-for-autumn-winter-wear,,,Dark Brown,,2XL,,,,0.0,shopify,999999,continue,manual,74.95,107.95,true,false,https://cdn.shopify.com/s/files/1/1074/0200/2757/files/Men_s_Hooded_Plaid_Jacket_for_Autumn_Winter_Wearvaa.jpg?v=1790599330,,,
mens-hooded-plaid-jacket-for-autumn-winter-wear,,,Dark Brown,,3XL,,,,0.0,shopify,999999,continue,manual,74.95,107.95,true,false,https://cdn.shopify.com/s/files/1/1074/0200/2757/files/Men_s_Hooded_Plaid_Jacket_for_Autumn_Winter_Wearvaa.jpg?v=1790599330,,,
mens-hooded-plaid-jacket-for-autumn-winter-wear,,,,,,,,,,,,,,,,,,,https://cdn.shopify.com/s/files/1/1074/0200/2757/files/Men_s_Hooded_Plaid_Jacket_for_Autumn_Winter_Wearva.jpg?v=1790599242,1,Men's Hooded Plaid Jacket for Autumn Winter Wear
mens-hooded-plaid-jacket-for-autumn-winter-wear,,,,,,,,,,,,,,,,,,,https://cdn.shopify.com/s/files/1/1074/0200/2757/files/Men_s_Hooded_Plaid_Jacket_for_Autumn_Winter_Wearvas.jpg?v=1790599250,2,Men's Hooded Plaid Jacket for Autumn Winter Wear
mens-hooded-plaid-jacket-for-autumn-winter-wear,,,,,,,,,,,,,,,,,,,https://cdn.shopify.com/s/files/1/1074/0200/2757/files/Men_s_Hooded_Plaid_Jacket_for_Autumn_Winter_Wearaa.jpg?v=1790599260,3,Men's Hooded Plaid Jacket for Autumn Winter Wear
mens-hooded-plaid-jacket-for-autumn-winter-wear,,,,,,,,,,,,,,,,,,,https://cdn.shopify.com/s/files/1/1074/0200/2757/files/Men_s_Hooded_Plaid_Jacket_for_Autumn_Winter_Wearvada.jpg?v=1790599268,4,Men's Hooded Plaid Jacket for Autumn Winter Wear
mens-hooded-plaid-jacket-for-autumn-winter-wear,,,,,,,,,,,,,,,,,,,https://cdn.shopify.com/s/files/1/1074/0200/2757/files/hd-valhalla-jacket-560331.jpg?v=1790596219,5,
mens-hooded-plaid-jacket-for-autumn-winter-wear,,,,,,,,,,,,,,,,,,,https://cdn.shopify.com/s/files/1/1074/0200/2757/files/hd-sawyer-jacket-969774.jpg?v=1790596219,6,
mens-hooded-plaid-jacket-for-autumn-winter-wear,,,,,,,,,,,,,,,,,,,https://cdn.shopify.com/s/files/1/1074/0200/2757/files/Men_s_Hooded_Plaid_Jacket_for_Autumn_Winter_Wearacda.jpg?v=1790599302,7,Men's Hooded Plaid Jacket for Autumn Winter Wear
mens-hooded-plaid-jacket-for-autumn-winter-wear,,,,,,,,,,,,,,,,,,,https://cdn.shopify.com/s/files/1/1074/0200/2757/files/Men_s_Hooded_Plaid_Jacket_for_Autumn_Winter_Wearvad.jpg?v=1790599318,8,Men's Hooded Plaid Jacket for Autumn Winter Wear
mens-hooded-plaid-jacket-for-autumn-winter-wear,,,,,,,,,,,,,,,,,,,https://cdn.shopify.com/s/files/1/1074/0200/2757/files/Men_s_Hooded_Plaid_Jacket_for_Autumn_Winter_Wearvaa.jpg?v=1790599330,9,Men's Hooded Plaid Jacket for Autumn Winter Wear
mens-hooded-plaid-jacket-for-autumn-winter-wear,,,,,,,,,,,,,,,,,,,https://cdn.shopify.com/s/files/1/1074/0200/2757/files/Men_s_Hooded_Plaid_Jacket_for_Autumn_Winter_Wearerw.jpg?v=1790599343,10,Men's Hooded Plaid Jacket for Autumn Winter Wear
mens-zip-front-denim-jacket-with-washed-finish-for-everyday,Men's Zip Front Denim Jacket with Washed Finish for Everyday,Color,Black,Size,S,,,,0.0,shopify,99999,continue,manual,78.95,112.95,true,true,https://cdn.shopify.com/s/files/1/1074/0200/2757/files/Mens_Zip_Front_Denim_Jacket_with_Washed_Finish_for_Everyday-1.jpg?v=1791212566,,,
mens-zip-front-denim-jacket-with-washed-finish-for-everyday,,,Black,,M,,,,0.0,shopify,99999,continue,manual,78.95,112.95,true,true,https://cdn.shopify.com/s/files/1/1074/0200/2757/files/Mens_Zip_Front_Denim_Jacket_with_Washed_Finish_for_Everyday-1.jpg?v=1791212566,,,
mens-zip-front-denim-jacket-with-washed-finish-for-everyday,,,Black,,L,,,,0.0,shopify,99999,continue,manual,78.95,112.95,true,true,https://cdn.shopify.com/s/files/1/1074/0200/2757/files/Mens_Zip_Front_Denim_Jacket_with_Washed_Finish_for_Everyday-1.jpg?v=1791212566,,,
mens-zip-front-denim-jacket-with-washed-finish-for-everyday,,,Black,,XL,,,,0.0,shopify,99999,continue,manual,78.95,112.95,true,true,https://cdn.shopify.com/s/files/1/1074/0200/2757/files/Mens_Zip_Front_Denim_Jacket_with_Washed_Finish_for_Everyday-1.jpg?v=1791212566,,,
mens-zip-front-denim-jacket-with-washed-finish-for-everyday,,,Black,,2XL,,,,0.0,shopify,99999,continue,manual,78.95,112.95,true,true,https://cdn.shopify.com/s/files/1/1074/0200/2757/files/Mens_Zip_Front_Denim_Jacket_with_Washed_Finish_for_Everyday-1.jpg?v=1791212566,,,
mens-zip-front-denim-jacket-with-washed-finish-for-everyday,,,Black,,3XL,,,,0.0,shopify,99999,continue,manual,78.95,112.95,true,true,https://cdn.shopify.com/s/files/1/1074/0200/2757/files/Mens_Zip_Front_Denim_Jacket_with_Washed_Finish_for_Everyday-1.jpg?v=1791212566,,,
mens-zip-front-denim-jacket-with-washed-finish-for-everyday,,,,,,,,,,,,,,,,,,,https://cdn.shopify.com/s/files/1/1074/0200/2757/files/Mens_Zip_Front_Denim_Jacket_with_Washed_Finish_for_Everyday-1.jpg?v=1791212566,1,Men's Zip Front Denim Jacket with Washed Finish in Black
mens-zip-front-denim-jacket-with-washed-finish-for-everyday,,,,,,,,,,,,,,,,,,,https://cdn.shopify.com/s/files/1/1074/0200/2757/files/Mens_Zip_Front_Denim_Jacket_with_Washed_Finish_for_Everyday-2.jpg?v=1791212566,2,Men's Zip Front Denim Jacket with Washed Finish – alternate view 1
mens-zip-front-denim-jacket-with-washed-finish-for-everyday,,,,,,,,,,,,,,,,,,,https://cdn.shopify.com/s/files/1/1074/0200/2757/files/Mens_Zip_Front_Denim_Jacket_with_Washed_Finish_for_Everyday-3.jpg?v=1791212567,3,Men's Zip Front Denim Jacket with Washed Finish – alternate view 2
mens-zip-front-denim-jacket-with-washed-finish-for-everyday,,,,,,,,,,,,,,,,,,,https://cdn.shopify.com/s/files/1/1074/0200/2757/files/Mens_Zip_Front_Denim_Jacket_with_Washed_Finish_for_Everyday-4.jpg?v=1791212566,4,Men's Zip Front Denim Jacket with Washed Finish – alternate view 3
womens-western-ankle-boots-with-low-heel-for-everyday-wear,Women's Western Ankle Boots with Low Heel for Everyday Wear,Color,Brown,Size,36,,,,0.0,shopify,99999,continue,manual,69.95,99.95,true,true,https://cdn.shopify.com/s/files/1/1074/0200/2757/files/Womens_Western_Ankle_Boots_with_Low_Heel_for_Everyday_Wear-1.png?v=1790837553,,,
womens-western-ankle-boots-with-low-heel-for-everyday-wear,,,Brown,,37,,,,0.0,shopify,99999,continue,manual,69.95,99.95,true,true,https://cdn.shopify.com/s/files/1/1074/0200/2757/files/Womens_Western_Ankle_Boots_with_Low_Heel_for_Everyday_Wear-1.png?v=1790837553,,,
womens-western-ankle-boots-with-low-heel-for-everyday-wear,,,Brown,,38,,,,0.0,shopify,99999,continue,manual,69.95,99.95,true,true,https://cdn.shopify.com/s/files/1/1074/0200/2757/files/Womens_Western_Ankle_Boots_with_Low_Heel_for_Everyday_Wear-1.png?v=1790837553,,,
womens-western-ankle-boots-with-low-heel-for-everyday-wear,,,Brown,,39,,,,0.0,shopify,99999,continue,manual,69.95,99.95,true,true,https://cdn.shopify.com/s/files/1/1074/0200/2757/files/Womens_Western_Ankle_Boots_with_Low_Heel_for_Everyday_Wear-1.png?v=1790837553,,,
womens-western-ankle-boots-with-low-heel-for-everyday-wear,,,Brown,,40,,,,0.0,shopify,99999,continue,manual,69.95,99.95,true,true,https://cdn.shopify.com/s/files/1/1074/0200/2757/files/Womens_Western_Ankle_Boots_with_Low_Heel_for_Everyday_Wear-1.png?v=1790837553,,,
womens-western-ankle-boots-with-low-heel-for-everyday-wear,,,Brown,,41,,,,0.0,shopify,99999,continue,manual,69.95,99.95,true,true,https://cdn.shopify.com/s/files/1/1074/0200/2757/files/Womens_Western_Ankle_Boots_with_Low_Heel_for_Everyday_Wear-1.png?v=1790837553,,,
womens-western-ankle-boots-with-low-heel-for-everyday-wear,,,Brown,,42,,,,0.0,shopify,99999,continue,manual,69.95,99.95,true,true,https://cdn.shopify.com/s/files/1/1074/0200/2757/files/Womens_Western_Ankle_Boots_with_Low_Heel_for_Everyday_Wear-1.png?v=1790837553,,,
womens-western-ankle-boots-with-low-heel-for-everyday-wear,,,Blue,,36,,,,0.0,shopify,99999,continue,manual,69.95,99.95,true,true,https://cdn.shopify.com/s/files/1/1074/0200/2757/files/Womens_Western_Ankle_Boots_with_Low_Heel_for_Everyday_Wear-3.png?v=1790837554,,,
womens-western-ankle-boots-with-low-heel-for-everyday-wear,,,Blue,,37,,,,0.0,shopify,99999,continue,manual,69.95,99.95,true,true,https://cdn.shopify.com/s/files/1/1074/0200/2757/files/Womens_Western_Ankle_Boots_with_Low_Heel_for_Everyday_Wear-3.png?v=1790837554,,,
womens-western-ankle-boots-with-low-heel-for-everyday-wear,,,Blue,,38,,,,0.0,shopify,99999,continue,manual,69.95,99.95,true,true,https://cdn.shopify.com/s/files/1/1074/0200/2757/files/Womens_Western_Ankle_Boots_with_Low_Heel_for_Everyday_Wear-3.png?v=1790837554,,,
womens-western-ankle-boots-with-low-heel-for-everyday-wear,,,Blue,,39,,,,0.0,shopify,99999,continue,manual,69.95,99.95,true,true,https://cdn.shopify.com/s/files/1/1074/0200/2757/files/Womens_Western_Ankle_Boots_with_Low_Heel_for_Everyday_Wear-3.png?v=1790837554,,,
womens-western-ankle-boots-with-low-heel-for-everyday-wear,,,Blue,,40,,,,0.0,shopify,99999,continue,manual,69.95,99.95,true,true,https://cdn.shopify.com/s/files/1/1074/0200/2757/files/Womens_Western_Ankle_Boots_with_Low_Heel_for_Everyday_Wear-3.png?v=1790837554,,,
womens-western-ankle-boots-with-low-heel-for-everyday-wear,,,Blue,,41,,,,0.0,shopify,99999,continue,manual,69.95,99.95,true,true,https://cdn.shopify.com/s/files/1/1074/0200/2757/files/Womens_Western_Ankle_Boots_with_Low_Heel_for_Everyday_Wear-3.png?v=1790837554,,,
womens-western-ankle-boots-with-low-heel-for-everyday-wear,,,Blue,,42,,,,0.0,shopify,99999,continue,manual,69.95,99.95,true,true,https://cdn.shopify.com/s/files/1/1074/0200/2757/files/Womens_Western_Ankle_Boots_with_Low_Heel_for_Everyday_Wear-3.png?v=1790837554,,,
womens-western-ankle-boots-with-low-heel-for-everyday-wear,,,Black,,36,,,,0.0,shopify,99999,continue,manual,69.95,99.95,true,true,https://cdn.shopify.com/s/files/1/1074/0200/2757/files/Womens_Western_Ankle_Boots_with_Low_Heel_for_Everyday_Wear-4.png?v=1790837553,,,
womens-western-ankle-boots-with-low-heel-for-everyday-wear,,,Black,,37,,,,0.0,shopify,99999,continue,manual,69.95,99.95,true,true,https://cdn.shopify.com/s/files/1/1074/0200/2757/files/Womens_Western_Ankle_Boots_with_Low_Heel_for_Everyday_Wear-4.png?v=1790837553,,,
womens-western-ankle-boots-with-low-heel-for-everyday-wear,,,Black,,38,,,,0.0,shopify,99999,continue,manual,69.95,99.95,true,true,https://cdn.shopify.com/s/files/1/1074/0200/2757/files/Womens_Western_Ankle_Boots_with_Low_Heel_for_Everyday_Wear-4.png?v=1790837553,,,
womens-western-ankle-boots-with-low-heel-for-everyday-wear,,,Black,,39,,,,0.0,shopify,99999,continue,manual,69.95,99.95,true,true,https://cdn.shopify.com/s/files/1/1074/0200/2757/files/Womens_Western_Ankle_Boots_with_Low_Heel_for_Everyday_Wear-4.png?v=1790837553,,,
womens-western-ankle-boots-with-low-heel-for-everyday-wear,,,Black,,40,,,,0.0,shopify,99999,continue,manual,69.95,99.95,true,true,https://cdn.shopify.com/s/files/1/1074/0200/2757/files/Womens_Western_Ankle_Boots_with_Low_Heel_for_Everyday_Wear-4.png?v=1790837553,,,
womens-western-ankle-boots-with-low-heel-for-everyday-wear,,,Black,,41,,,,0.0,shopify,99999,continue,manual,69.95,99.95,true,true,https://cdn.shopify.com/s/files/1/1074/0200/2757/files/Womens_Western_Ankle_Boots_with_Low_Heel_for_Everyday_Wear-4.png?v=1790837553,,,
womens-western-ankle-boots-with-low-heel-for-everyday-wear,,,Black,,42,,,,0.0,shopify,99999,continue,manual,69.95,99.95,true,true,https://cdn.shopify.com/s/files/1/1074/0200/2757/files/Womens_Western_Ankle_Boots_with_Low_Heel_for_Everyday_Wear-4.png?v=1790837553,,,
womens-western-ankle-boots-with-low-heel-for-everyday-wear,,,Gray,,36,,,,0.0,shopify,99999,continue,manual,69.95,99.95,true,true,https://cdn.shopify.com/s/files/1/1074/0200/2757/files/Womens_Western_Ankle_Boots_with_Low_Heel_for_Everyday_Wear-5.png?v=1790837553,,,
womens-western-ankle-boots-with-low-heel-for-everyday-wear,,,Gray,,37,,,,0.0,shopify,99999,continue,manual,69.95,99.95,true,true,https://cdn.shopify.com/s/files/1/1074/0200/2757/files/Womens_Western_Ankle_Boots_with_Low_Heel_for_Everyday_Wear-5.png?v=1790837553,,,
womens-western-ankle-boots-with-low-heel-for-everyday-wear,,,Gray,,38,,,,0.0,shopify,99999,continue,manual,69.95,99.95,true,true,https://cdn.shopify.com/s/files/1/1074/0200/2757/files/Womens_Western_Ankle_Boots_with_Low_Heel_for_Everyday_Wear-5.png?v=1790837553,,,
womens-western-ankle-boots-with-low-heel-for-everyday-wear,,,Gray,,39,,,,0.0,shopify,99999,continue,manual,69.95,99.95,true,true,https://cdn.shopify.com/s/files/1/1074/0200/2757/files/Womens_Western_Ankle_Boots_with_Low_Heel_for_Everyday_Wear-5.png?v=1790837553,,,
womens-western-ankle-boots-with-low-heel-for-everyday-wear,,,Gray,,40,,,,0.0,shopify,99999,continue,manual,69.95,99.95,true,true,https://cdn.shopify.com/s/files/1/1074/0200/2757/files/Womens_Western_Ankle_Boots_with_Low_Heel_for_Everyday_Wear-5.png?v=1790837553,,,
womens-western-ankle-boots-with-low-heel-for-everyday-wear,,,Gray,,41,,,,0.0,shopify,99999,continue,manual,69.95,99.95,true,true,https://cdn.shopify.com/s/files/1/1074/0200/2757/files/Womens_Western_Ankle_Boots_with_Low_Heel_for_Everyday_Wear-5.png?v=1790837553,,,
womens-western-ankle-boots-with-low-heel-for-everyday-wear,,,Gray,,42,,,,0.0,shopify,99999,continue,manual,69.95,99.95,true,true,https://cdn.shopify.com/s/files/1/1074/0200/2757/files/Womens_Western_Ankle_Boots_with_Low_Heel_for_Everyday_Wear-5.png?v=1790837553,,,
womens-western-ankle-boots-with-low-heel-for-everyday-wear,,,Pink,,36,,,,0.0,shopify,99999,continue,manual,69.95,99.95,true,true,https://cdn.shopify.com/s/files/1/1074/0200/2757/files/Womens_Western_Ankle_Boots_with_Low_Heel_for_Everyday_Wear-6.png?v=1790837553,,,
womens-western-ankle-boots-with-low-heel-for-everyday-wear,,,Pink,,37,,,,0.0,shopify,99999,continue,manual,69.95,99.95,true,true,https://cdn.shopify.com/s/files/1/1074/0200/2757/files/Womens_Western_Ankle_Boots_with_Low_Heel_for_Everyday_Wear-6.png?v=1790837553,,,
womens-western-ankle-boots-with-low-heel-for-everyday-wear,,,Pink,,38,,,,0.0,shopify,99999,continue,manual,69.95,99.95,true,true,https://cdn.shopify.com/s/files/1/1074/0200/2757/files/Womens_Western_Ankle_Boots_with_Low_Heel_for_Everyday_Wear-6.png?v=1790837553,,,
womens-western-ankle-boots-with-low-heel-for-everyday-wear,,,Pink,,39,,,,0.0,shopify,99999,continue,manual,69.95,99.95,true,true,https://cdn.shopify.com/s/files/1/1074/0200/2757/files/Womens_Western_Ankle_Boots_with_Low_Heel_for_Everyday_Wear-6.png?v=1790837553,,,
womens-western-ankle-boots-with-low-heel-for-everyday-wear,,,Pink,,40,,,,0.0,shopify,99999,continue,manual,69.95,99.95,true,true,https://cdn.shopify.com/s/files/1/1074/0200/2757/files/Womens_Western_Ankle_Boots_with_Low_Heel_for_Everyday_Wear-6.png?v=1790837553,,,
womens-western-ankle-boots-with-low-heel-for-everyday-wear,,,Pink,,41,,,,0.0,shopify,99999,continue,manual,69.95,99.95,true,true,https://cdn.shopify.com/s/files/1/1074/0200/2757/files/Womens_Western_Ankle_Boots_with_Low_Heel_for_Everyday_Wear-6.png?v=1790837553,,,
womens-western-ankle-boots-with-low-heel-for-everyday-wear,,,Pink,,42,,,,0.0,shopify,99999,continue,manual,69.95,99.95,true,true,https://cdn.shopify.com/s/files/1/1074/0200/2757/files/Womens_Western_Ankle_Boots_with_Low_Heel_for_Everyday_Wear-6.png?v=1790837553,,,
womens-western-ankle-boots-with-low-heel-for-everyday-wear,,,,,,,,,,,,,,,,,,,https://cdn.shopify.com/s/files/1/1074/0200/2757/files/Womens_Western_Ankle_Boots_with_Low_Heel_for_Everyday_Wear-1.png?v=1790837553,1,"Brown women's western ankle boots with stitched details, front view"
womens-western-ankle-boots-with-low-heel-for-everyday-wear,,,,,,,,,,,,,,,,,,,https://cdn.shopify.com/s/files/1/1074/0200/2757/files/Womens_Western_Ankle_Boots_with_Low_Heel_for_Everyday_Wear-2.png?v=1790837553,2,Brown western ankle boots with low heel worn with jeans
womens-western-ankle-boots-with-low-heel-for-everyday-wear,,,,,,,,,,,,,,,,,,,https://cdn.shopify.com/s/files/1/1074/0200/2757/files/Womens_Western_Ankle_Boots_with_Low_Heel_for_Everyday_Wear-3.png?v=1790837554,3,Blue women's western ankle boots with low heel
womens-western-ankle-boots-with-low-heel-for-everyday-wear,,,,,,,,,,,,,,,,,,,https://cdn.shopify.com/s/files/1/1074/0200/2757/files/Womens_Western_Ankle_Boots_with_Low_Heel_for_Everyday_Wear-4.png?v=1790837553,4,Black women's western ankle boots with stitching
womens-western-ankle-boots-with-low-heel-for-everyday-wear,,,,,,,,,,,,,,,,,,,https://cdn.shopify.com/s/files/1/1074/0200/2757/files/Womens_Western_Ankle_Boots_with_Low_Heel_for_Everyday_Wear-5.png?v=1790837553,5,"Gray women's western ankle boots, front view"
womens-western-ankle-boots-with-low-heel-for-everyday-wear,,,,,,,,,,,,,,,,,,,https://cdn.shopify.com/s/files/1/1074/0200/2757/files/Womens_Western_Ankle_Boots_with_Low_Heel_for_Everyday_Wear-6.png?v=1790837553,6,Pink women's western ankle boots with low heel
mens-vintage-buckle-ankle-boots-for-winter-wear,Men's Vintage Buckle Ankle Boots for Winter Wear,Colour,Brown,Size,39,,,,0.0,shopify,99999,continue,manual,79.95,114.95,true,false,https://cdn.shopify.com/s/files/1/1074/0200/2757/files/Men_s_Vintage_Buckle_Ankle_Boots_for_Everyday_Wearvddw.jpg?v=1790535630,,,
mens-vintage-buckle-ankle-boots-for-winter-wear,,,Brown,,40,,,,0.0,shopify,99999,continue,manual,79.95,114.95,true,false,https://cdn.shopify.com/s/files/1/1074/0200/2757/files/Men_s_Vintage_Buckle_Ankle_Boots_for_Everyday_Wearvddw.jpg?v=1790535630,,,
mens-vintage-buckle-ankle-boots-for-winter-wear,,,Brown,,41,,,,0.0,shopify,99999,continue,manual,79.95,114.95,true,false,https://cdn.shopify.com/s/files/1/1074/0200/2757/files/Men_s_Vintage_Buckle_Ankle_Boots_for_Everyday_Wearvddw.jpg?v=1790535630,,,
mens-vintage-buckle-ankle-boots-for-winter-wear,,,Brown,,42,,,,0.0,shopify,99999,continue,manual,79.95,114.95,true,false,https://cdn.shopify.com/s/files/1/1074/0200/2757/files/Men_s_Vintage_Buckle_Ankle_Boots_for_Everyday_Wearvddw.jpg?v=1790535630,,,
mens-vintage-buckle-ankle-boots-for-winter-wear,,,Brown,,43,,,,0.0,shopify,99999,continue,manual,79.95,114.95,true,false,https://cdn.shopify.com/s/files/1/1074/0200/2757/files/Men_s_Vintage_Buckle_Ankle_Boots_for_Everyday_Wearvddw.jpg?v=1790535630,,,
mens-vintage-buckle-ankle-boots-for-winter-wear,,,Brown,,44,,,,0.0,shopify,99999,continue,manual,79.95,114.95,true,false,https://cdn.shopify.com/s/files/1/1074/0200/2757/files/Men_s_Vintage_Buckle_Ankle_Boots_for_Everyday_Wearvddw.jpg?v=1790535630,,,
mens-vintage-buckle-ankle-boots-for-winter-wear,,,Dark Brown,,39,,,,0.0,shopify,99999,continue,manual,79.95,114.95,true,false,https://cdn.shopify.com/s/files/1/1074/0200/2757/files/Men_s_Vintage_Buckle_Ankle_Boots_for_Everyday_Wearvedw.jpg?v=1790535639,,,
mens-vintage-buckle-ankle-boots-for-winter-wear,,,Dark Brown,,40,,,,0.0,shopify,99999,continue,manual,79.95,114.95,true,false,https://cdn.shopify.com/s/files/1/1074/0200/2757/files/Men_s_Vintage_Buckle_Ankle_Boots_for_Everyday_Wearvedw.jpg?v=1790535639,,,
mens-vintage-buckle-ankle-boots-for-winter-wear,,,Dark Brown,,41,,,,0.0,shopify,99999,continue,manual,79.95,114.95,true,false,https://cdn.shopify.com/s/files/1/1074/0200/2757/files/Men_s_Vintage_Buckle_Ankle_Boots_for_Everyday_Wearvedw.jpg?v=1790535639,,,
mens-vintage-buckle-ankle-boots-for-winter-wear,,,Dark Brown,,42,,,,0.0,shopify,99999,continue,manual,79.95,114.95,true,false,https://cdn.shopify.com/s/files/1/1074/0200/2757/files/Men_s_Vintage_Buckle_Ankle_Boots_for_Everyday_Wearvedw.jpg?v=1790535639,,,
mens-vintage-buckle-ankle-boots-for-winter-wear,,,Dark Brown,,43,,,,0.0,shopify,99999,continue,manual,79.95,114.95,true,false,https://cdn.shopify.com/s/files/1/1074/0200/2757/files/Men_s_Vintage_Buckle_Ankle_Boots_for_Everyday_Wearvedw.jpg?v=1790535639,,,
mens-vintage-buckle-ankle-boots-for-winter-wear,,,Dark Brown,,44,,,,0.0,shopify,99999,continue,manual,79.95,114.95,true,false,https://cdn.shopify.com/s/files/1/1074/0200/2757/files/Men_s_Vintage_Buckle_Ankle_Boots_for_Everyday_Wearvedw.jpg?v=1790535639,,,
mens-vintage-buckle-ankle-boots-for-winter-wear,,,Black,,39,,,,0.0,shopify,99999,continue,manual,79.95,114.95,true,false,https://cdn.shopify.com/s/files/1/1074/0200/2757/files/Men_s_Vintage_Buckle_Ankle_Boots_for_Everyday_Wearve3e4.jpg?v=1790535653,,,
mens-vintage-buckle-ankle-boots-for-winter-wear,,,Black,,40,,,,0.0,shopify,99999,continue,manual,79.95,114.95,true,false,https://cdn.shopify.com/s/files/1/1074/0200/2757/files/Men_s_Vintage_Buckle_Ankle_Boots_for_Everyday_Wearve3e4.jpg?v=1790535653,,,
mens-vintage-buckle-ankle-boots-for-winter-wear,,,Black,,41,,,,0.0,shopify,99999,continue,manual,79.95,114.95,true,false,https://cdn.shopify.com/s/files/1/1074/0200/2757/files/Men_s_Vintage_Buckle_Ankle_Boots_for_Everyday_Wearve3e4.jpg?v=1790535653,,,
mens-vintage-buckle-ankle-boots-for-winter-wear,,,Black,,42,,,,0.0,shopify,99999,continue,manual,79.95,114.95,true,false,https://cdn.shopify.com/s/files/1/1074/0200/2757/files/Men_s_Vintage_Buckle_Ankle_Boots_for_Everyday_Wearve3e4.jpg?v=1790535653,,,
mens-vintage-buckle-ankle-boots-for-winter-wear,,,Black,,43,,,,0.0,shopify,99999,continue,manual,79.95,114.95,true,false,https://cdn.shopify.com/s/files/1/1074/0200/2757/files/Men_s_Vintage_Buckle_Ankle_Boots_for_Everyday_Wearve3e4.jpg?v=1790535653,,,
mens-vintage-buckle-ankle-boots-for-winter-wear,,,Black,,44,,,,0.0,shopify,99999,continue,manual,79.95,114.95,true,false,https://cdn.shopify.com/s/files/1/1074/0200/2757/files/Men_s_Vintage_Buckle_Ankle_Boots_for_Everyday_Wearve3e4.jpg?v=1790535653,,,
mens-vintage-buckle-ankle-boots-for-winter-wear,,,,,,,,,,,,,,,,,,,https://cdn.shopify.com/s/files/1/1074/0200/2757/files/Men_s_Vintage_Buckle_Ankle_Boots_for_Everyday_Wearvddw.jpg?v=1790535630,1,Men's Vintage Buckle Ankle Boots for Everyday Wear
mens-vintage-buckle-ankle-boots-for-winter-wear,,,,,,,,,,,,,,,,,,,https://cdn.shopify.com/s/files/1/1074/0200/2757/files/Men_s_Vintage_Buckle_Ankle_Boots_for_Everyday_Wearvedw.jpg?v=1790535639,2,Men's Vintage Buckle Ankle Boots for Everyday Wear
mens-vintage-buckle-ankle-boots-for-winter-wear,,,,,,,,,,,,,,,,,,,https://cdn.shopify.com/s/files/1/1074/0200/2757/files/Men_s_Vintage_Buckle_Ankle_Boots_for_Everyday_Wearve3e4.jpg?v=1790535653,3,Men's Vintage Buckle Ankle Boots for Everyday Wear
mens-vintage-buckle-ankle-boots-for-winter-wear,,,,,,,,,,,,,,,,,,,https://cdn.shopify.com/s/files/1/1074/0200/2757/files/Men_s_Vintage_Buckle_Ankle_Boots_for_Everyday_Weardf.jpg?v=1790535664,4,Men's Vintage Buckle Ankle Boots for Everyday Wear
mens-vintage-buckle-ankle-boots-for-winter-wear,,,,,,,,,,,,,,,,,,,https://cdn.shopify.com/s/files/1/1074/0200/2757/files/Men_s_Vintage_Buckle_Ankle_Boots_for_Everyday_Wearvd.jpg?v=1790535673,5,Men's Vintage Buckle Ankle Boots for Everyday Wear
womens-belted-longline-trench-coat-for-transitional-days,Women's Belted Longline Trench Coat for Transitional Days,Color,Black,Size,S,,,,0.0,shopify,99999,continue,manual,64.99,92.95,true,true,https://cdn.shopify.com/s/files/1/1074/0200/2757/files/Womens_Belted_Longline_Trench_Coat_for_Transitional_Days-1.jpg?v=1791212709,,,
womens-belted-longline-trench-coat-for-transitional-days,,,Black,,M,,,,0.0,shopify,99999,continue,manual,64.99,92.95,true,true,https://cdn.shopify.com/s/files/1/1074/0200/2757/files/Womens_Belted_Longline_Trench_Coat_for_Transitional_Days-1.jpg?v=1791212709,,,
womens-belted-longline-trench-coat-for-transitional-days,,,Black,,L,,,,0.0,shopify,99999,continue,manual,64.99,92.95,true,true,https://cdn.shopify.com/s/files/1/1074/0200/2757/files/Womens_Belted_Longline_Trench_Coat_for_Transitional_Days-1.jpg?v=1791212709,,,
womens-belted-longline-trench-coat-for-transitional-days,,,Black,,XL,,,,0.0,shopify,99999,continue,manual,64.99,92.95,true,true,https://cdn.shopify.com/s/files/1/1074/0200/2757/files/Womens_Belted_Longline_Trench_Coat_for_Transitional_Days-1.jpg?v=1791212709,,,
womens-belted-longline-trench-coat-for-transitional-days,,,Black,,2XL,,,,0.0,shopify,99999,continue,manual,64.99,92.95,true,true,https://cdn.shopify.com/s/files/1/1074/0200/2757/files/Womens_Belted_Longline_Trench_Coat_for_Transitional_Days-1.jpg?v=1791212709,,,
womens-belted-longline-trench-coat-for-transitional-days,,,Black,,3XL,,,,0.0,shopify,99999,continue,manual,64.99,92.95,true,true,https://cdn.shopify.com/s/files/1/1074/0200/2757/files/Womens_Belted_Longline_Trench_Coat_for_Transitional_Days-1.jpg?v=1791212709,,,
womens-belted-longline-trench-coat-for-transitional-days,,,Light Blue,,S,,,,0.0,shopify,99999,continue,manual,64.99,92.95,true,true,https://cdn.shopify.com/s/files/1/1074/0200/2757/files/Womens_Belted_Longline_Trench_Coat_for_Transitional_Days-2.jpg?v=1791212708,,,
womens-belted-longline-trench-coat-for-transitional-days,,,Light Blue,,M,,,,0.0,shopify,99999,continue,manual,64.99,92.95,true,true,https://cdn.shopify.com/s/files/1/1074/0200/2757/files/Womens_Belted_Longline_Trench_Coat_for_Transitional_Days-2.jpg?v=1791212708,,,
womens-belted-longline-trench-coat-for-transitional-days,,,Light Blue,,L,,,,0.0,shopify,99999,continue,manual,64.99,92.95,true,true,https://cdn.shopify.com/s/files/1/1074/0200/2757/files/Womens_Belted_Longline_Trench_Coat_for_Transitional_Days-2.jpg?v=1791212708,,,
womens-belted-longline-trench-coat-for-transitional-days,,,Light Blue,,XL,,,,0.0,shopify,99999,continue,manual,64.99,92.95,true,true,https://cdn.shopify.com/s/files/1/1074/0200/2757/files/Womens_Belted_Longline_Trench_Coat_for_Transitional_Days-2.jpg?v=1791212708,,,
womens-belted-longline-trench-coat-for-transitional-days,,,Light Blue,,2XL,,,,0.0,shopify,99999,continue,manual,64.99,92.95,true,true,https://cdn.shopify.com/s/files/1/1074/0200/2757/files/Womens_Belted_Longline_Trench_Coat_for_Transitional_Days-2.jpg?v=1791212708,,,
womens-belted-longline-trench-coat-for-transitional-days,,,Light Blue,,3XL,,,,0.0,shopify,99999,continue,manual,64.99,92.95,true,true,https://cdn.shopify.com/s/files/1/1074/0200/2757/files/Womens_Belted_Longline_Trench_Coat_for_Transitional_Days-2.jpg?v=1791212708,,,
womens-belted-longline-trench-coat-for-transitional-days,,,Gray,,S,,,,0.0,shopify,99999,continue,manual,64.99,92.95,true,true,https://cdn.shopify.com/s/files/1/1074/0200/2757/files/Womens_Belted_Longline_Trench_Coat_for_Transitional_Days-3.jpg?v=1791212708,,,
womens-belted-longline-trench-coat-for-transitional-days,,,Gray,,M,,,,0.0,shopify,99999,continue,manual,64.99,92.95,true,true,https://cdn.shopify.com/s/files/1/1074/0200/2757/files/Womens_Belted_Longline_Trench_Coat_for_Transitional_Days-3.jpg?v=1791212708,,,
womens-belted-longline-trench-coat-for-transitional-days,,,Gray,,L,,,,0.0,shopify,99999,continue,manual,64.99,92.95,true,true,https://cdn.shopify.com/s/files/1/1074/0200/2757/files/Womens_Belted_Longline_Trench_Coat_for_Transitional_Days-3.jpg?v=1791212708,,,
womens-belted-longline-trench-coat-for-transitional-days,,,Gray,,XL,,,,0.0,shopify,99999,continue,manual,64.99,92.95,true,true,https://cdn.shopify.com/s/files/1/1074/0200/2757/files/Womens_Belted_Longline_Trench_Coat_for_Transitional_Days-3.jpg?v=1791212708,,,
womens-belted-longline-trench-coat-for-transitional-days,,,Gray,,2XL,,,,0.0,shopify,99999,continue,manual,64.99,92.95,true,true,https://cdn.shopify.com/s/files/1/1074/0200/2757/files/Womens_Belted_Longline_Trench_Coat_for_Transitional_Days-3.jpg?v=1791212708,,,
womens-belted-longline-trench-coat-for-transitional-days,,,Gray,,3XL,,,,0.0,shopify,99999,continue,manual,64.99,92.95,true,true,https://cdn.shopify.com/s/files/1/1074/0200/2757/files/Womens_Belted_Longline_Trench_Coat_for_Transitional_Days-3.jpg?v=1791212708,,,
womens-belted-longline-trench-coat-for-transitional-days,,,Khaki,,S,,,,0.0,shopify,99999,continue,manual,64.99,92.95,true,true,https://cdn.shopify.com/s/files/1/1074/0200/2757/files/Womens_Belted_Longline_Trench_Coat_for_Transitional_Days-4.jpg?v=1791212709,,,
womens-belted-longline-trench-coat-for-transitional-days,,,Khaki,,M,,,,0.0,shopify,99999,continue,manual,64.99,92.95,true,true,https://cdn.shopify.com/s/files/1/1074/0200/2757/files/Womens_Belted_Longline_Trench_Coat_for_Transitional_Days-4.jpg?v=1791212709,,,
womens-belted-longline-trench-coat-for-transitional-days,,,Khaki,,L,,,,0.0,shopify,99999,continue,manual,64.99,92.95,true,true,https://cdn.shopify.com/s/files/1/1074/0200/2757/files/Womens_Belted_Longline_Trench_Coat_for_Transitional_Days-4.jpg?v=1791212709,,,
womens-belted-longline-trench-coat-for-transitional-days,,,Khaki,,XL,,,,0.0,shopify,99999,continue,manual,64.99,92.95,true,true,https://cdn.shopify.com/s/files/1/1074/0200/2757/files/Womens_Belted_Longline_Trench_Coat_for_Transitional_Days-4.jpg?v=1791212709,,,
womens-belted-longline-trench-coat-for-transitional-days,,,Khaki,,2XL,,,,0.0,shopify,99999,continue,manual,64.99,92.95,true,true,https://cdn.shopify.com/s/files/1/1074/0200/2757/files/Womens_Belted_Longline_Trench_Coat_for_Transitional_Days-4.jpg?v=1791212709,,,
womens-belted-longline-trench-coat-for-transitional-days,,,Khaki,,3XL,,,,0.0,shopify,99999,continue,manual,64.99,92.95,true,true,https://cdn.shopify.com/s/files/1/1074/0200/2757/files/Womens_Belted_Longline_Trench_Coat_for_Transitional_Days-4.jpg?v=1791212709,,,
womens-belted-longline-trench-coat-for-transitional-days,,,Pink,,S,,,,0.0,shopify,99999,continue,manual,64.99,92.95,true,true,https://cdn.shopify.com/s/files/1/1074/0200/2757/files/Womens_Belted_Longline_Trench_Coat_for_Transitional_Days-5.jpg?v=1791212708,,,
womens-belted-longline-trench-coat-for-transitional-days,,,Pink,,M,,,,0.0,shopify,99999,continue,manual,64.99,92.95,true,true,https://cdn.shopify.com/s/files/1/1074/0200/2757/files/Womens_Belted_Longline_Trench_Coat_for_Transitional_Days-5.jpg?v=1791212708,,,
womens-belted-longline-trench-coat-for-transitional-days,,,Pink,,L,,,,0.0,shopify,99999,continue,manual,64.99,92.95,true,true,https://cdn.shopify.com/s/files/1/1074/0200/2757/files/Womens_Belted_Longline_Trench_Coat_for_Transitional_Days-5.jpg?v=1791212708,,,
womens-belted-longline-trench-coat-for-transitional-days,,,Pink,,XL,,,,0.0,shopify,99999,continue,manual,64.99,92.95,true,true,https://cdn.shopify.com/s/files/1/1074/0200/2757/files/Womens_Belted_Longline_Trench_Coat_for_Transitional_Days-5.jpg?v=1791212708,,,
womens-belted-longline-trench-coat-for-transitional-days,,,Pink,,2XL,,,,0.0,shopify,99999,continue,manual,64.99,92.95,true,true,https://cdn.shopify.com/s/files/1/1074/0200/2757/files/Womens_Belted_Longline_Trench_Coat_for_Transitional_Days-5.jpg?v=1791212708,,,
womens-belted-longline-trench-coat-for-transitional-days,,,Pink,,3XL,,,,0.0,shopify,99999,continue,manual,64.99,92.95,true,true,https://cdn.shopify.com/s/files/1/1074/0200/2757/files/Womens_Belted_Longline_Trench_Coat_for_Transitional_Days-5.jpg?v=1791212708,,,
womens-belted-longline-trench-coat-for-transitional-days,,,White,,S,,,,0.0,shopify,99999,continue,manual,64.99,92.95,true,true,https://cdn.shopify.com/s/files/1/1074/0200/2757/files/Womens_Belted_Longline_Trench_Coat_for_Transitional_Days-6.jpg?v=1791212709,,,
womens-belted-longline-trench-coat-for-transitional-days,,,White,,M,,,,0.0,shopify,99999,continue,manual,64.99,92.95,true,true,https://cdn.shopify.com/s/files/1/1074/0200/2757/files/Womens_Belted_Longline_Trench_Coat_for_Transitional_Days-6.jpg?v=1791212709,,,
womens-belted-longline-trench-coat-for-transitional-days,,,White,,L,,,,0.0,shopify,99999,continue,manual,64.99,92.95,true,true,https://cdn.shopify.com/s/files/1/1074/0200/2757/files/Womens_Belted_Longline_Trench_Coat_for_Transitional_Days-6.jpg?v=1791212709,,,
womens-belted-longline-trench-coat-for-transitional-days,,,White,,XL,,,,0.0,shopify,99999,continue,manual,64.99,92.95,true,true,https://cdn.shopify.com/s/files/1/1074/0200/2757/files/Womens_Belted_Longline_Trench_Coat_for_Transitional_Days-6.jpg?v=1791212709,,,
womens-belted-longline-trench-coat-for-transitional-days,,,White,,2XL,,,,0.0,shopify,99999,continue,manual,64.99,92.95,true,true,https://cdn.shopify.com/s/files/1/1074/0200/2757/files/Womens_Belted_Longline_Trench_Coat_for_Transitional_Days-6.jpg?v=1791212709,,,
womens-belted-longline-trench-coat-for-transitional-days,,,White,,3XL,,,,0.0,shopify,99999,continue,manual,64.99,92.95,true,true,https://cdn.shopify.com/s/files/1/1074/0200/2757/files/Womens_Belted_Longline_Trench_Coat_for_Transitional_Days-6.jpg?v=1791212709,,,
womens-belted-longline-trench-coat-for-transitional-days,,,,,,,,,,,,,,,,,,,https://cdn.shopify.com/s/files/1/1074/0200/2757/files/Womens_Belted_Longline_Trench_Coat_for_Transitional_Days-1.jpg?v=1791212709,1,Women's Belted Longline Trench Coat in Black
womens-belted-longline-trench-coat-for-transitional-days,,,,,,,,,,,,,,,,,,,https://cdn.shopify.com/s/files/1/1074/0200/2757/files/Womens_Belted_Longline_Trench_Coat_for_Transitional_Days-2.jpg?v=1791212708,2,Women's Belted Longline Trench Coat in Light Blue
womens-belted-longline-trench-coat-for-transitional-days,,,,,,,,,,,,,,,,,,,https://cdn.shopify.com/s/files/1/1074/0200/2757/files/Womens_Belted_Longline_Trench_Coat_for_Transitional_Days-3.jpg?v=1791212708,3,Women's Belted Longline Trench Coat in Gray
womens-belted-longline-trench-coat-for-transitional-days,,,,,,,,,,,,,,,,,,,https://cdn.shopify.com/s/files/1/1074/0200/2757/files/Womens_Belted_Longline_Trench_Coat_for_Transitional_Days-4.jpg?v=1791212709,4,Women's Belted Longline Trench Coat in Khaki
womens-belted-longline-trench-coat-for-transitional-days,,,,,,,,,,,,,,,,,,,https://cdn.shopify.com/s/files/1/1074/0200/2757/files/Womens_Belted_Longline_Trench_Coat_for_Transitional_Days-5.jpg?v=1791212708,5,Women's Belted Longline Trench Coat in Pink
womens-belted-longline-trench-coat-for-transitional-days,,,,,,,,,,,,,,,,,,,https://cdn.shopify.com/s/files/1/1074/0200/2757/files/Womens_Belted_Longline_Trench_Coat_for_Transitional_Days-6.jpg?v=1791212709,6,Women's Belted Longline Trench Coat in White
mens-long-parka-jacket-for-autumn-winter-days,Men's Long Parka Jacket for Autumn Winter Days,Color,Black,Size,S,,,,0.0,shopify,99999,continue,manual,84.95,121.95,true,false,https://cdn.shopify.com/s/files/1/1074/0200/2757/files/Men_s_Long_Parka_Jacket_for_Autumn_Winter_Daysvsa.webp?v=1790713890,,,
mens-long-parka-jacket-for-autumn-winter-days,,,Black,,M,,,,0.0,shopify,99999,continue,manual,84.95,121.95,true,false,https://cdn.shopify.com/s/files/1/1074/0200/2757/files/Men_s_Long_Parka_Jacket_for_Autumn_Winter_Daysvsa.webp?v=1790713890,,,
mens-long-parka-jacket-for-autumn-winter-days,,,Black,,L,,,,0.0,shopify,99999,continue,manual,84.95,121.95,true,false,https://cdn.shopify.com/s/files/1/1074/0200/2757/files/Men_s_Long_Parka_Jacket_for_Autumn_Winter_Daysvsa.webp?v=1790713890,,,
mens-long-parka-jacket-for-autumn-winter-days,,,Black,,XL,,,,0.0,shopify,99999,continue,manual,84.95,121.95,true,false,https://cdn.shopify.com/s/files/1/1074/0200/2757/files/Men_s_Long_Parka_Jacket_for_Autumn_Winter_Daysvsa.webp?v=1790713890,,,
mens-long-parka-jacket-for-autumn-winter-days,,,Black,,2XL,,,,0.0,shopify,99999,continue,manual,84.95,121.95,true,false,https://cdn.shopify.com/s/files/1/1074/0200/2757/files/Men_s_Long_Parka_Jacket_for_Autumn_Winter_Daysvsa.webp?v=1790713890,,,
mens-long-parka-jacket-for-autumn-winter-days,,,Black,,3XL,,,,0.0,shopify,99999,continue,manual,84.95,121.95,true,false,https://cdn.shopify.com/s/files/1/1074/0200/2757/files/Men_s_Long_Parka_Jacket_for_Autumn_Winter_Daysvsa.webp?v=1790713890,,,
mens-long-parka-jacket-for-autumn-winter-days,,,Blue Green,,S,,,,0.0,shopify,99999,continue,manual,84.95,121.95,true,false,https://cdn.shopify.com/s/files/1/1074/0200/2757/files/Men_s_Long_Parka_Jacket_for_Autumn_Winter_Daysews.webp?v=1790713897,,,
mens-long-parka-jacket-for-autumn-winter-days,,,Blue Green,,M,,,,0.0,shopify,99999,continue,manual,84.95,121.95,true,false,https://cdn.shopify.com/s/files/1/1074/0200/2757/files/Men_s_Long_Parka_Jacket_for_Autumn_Winter_Daysews.webp?v=1790713897,,,
mens-long-parka-jacket-for-autumn-winter-days,,,Blue Green,,L,,,,0.0,shopify,99999,continue,manual,84.95,121.95,true,false,https://cdn.shopify.com/s/files/1/1074/0200/2757/files/Men_s_Long_Parka_Jacket_for_Autumn_Winter_Daysews.webp?v=1790713897,,,
mens-long-parka-jacket-for-autumn-winter-days,,,Blue Green,,XL,,,,0.0,shopify,99999,continue,manual,84.95,121.95,true,false,https://cdn.shopify.com/s/files/1/1074/0200/2757/files/Men_s_Long_Parka_Jacket_for_Autumn_Winter_Daysews.webp?v=1790713897,,,
mens-long-parka-jacket-for-autumn-winter-days,,,Blue Green,,2XL,,,,0.0,shopify,99999,continue,manual,84.95,121.95,true,false,https://cdn.shopify.com/s/files/1/1074/0200/2757/files/Men_s_Long_Parka_Jacket_for_Autumn_Winter_Daysews.webp?v=1790713897,,,
mens-long-parka-jacket-for-autumn-winter-days,,,Blue Green,,3XL,,,,0.0,shopify,99999,continue,manual,84.95,121.95,true,false,https://cdn.shopify.com/s/files/1/1074/0200/2757/files/Men_s_Long_Parka_Jacket_for_Autumn_Winter_Daysews.webp?v=1790713897,,,
mens-long-parka-jacket-for-autumn-winter-days,,,Dark Grey,,S,,,,0.0,shopify,99999,continue,manual,84.95,121.95,true,false,https://cdn.shopify.com/s/files/1/1074/0200/2757/files/Men_s_Long_Parka_Jacket_for_Autumn_Winter_Daysvsqa.webp?v=1790713905,,,
mens-long-parka-jacket-for-autumn-winter-days,,,Dark Grey,,M,,,,0.0,shopify,99999,continue,manual,84.95,121.95,true,false,https://cdn.shopify.com/s/files/1/1074/0200/2757/files/Men_s_Long_Parka_Jacket_for_Autumn_Winter_Daysvsqa.webp?v=1790713905,,,
mens-long-parka-jacket-for-autumn-winter-days,,,Dark Grey,,L,,,,0.0,shopify,99999,continue,manual,84.95,121.95,true,false,https://cdn.shopify.com/s/files/1/1074/0200/2757/files/Men_s_Long_Parka_Jacket_for_Autumn_Winter_Daysvsqa.webp?v=1790713905,,,
mens-long-parka-jacket-for-autumn-winter-days,,,Dark Grey,,XL,,,,0.0,shopify,99999,continue,manual,84.95,121.95,true,false,https://cdn.shopify.com/s/files/1/1074/0200/2757/files/Men_s_Long_Parka_Jacket_for_Autumn_Winter_Daysvsqa.webp?v=1790713905,,,
mens-long-parka-jacket-for-autumn-winter-days,,,Dark Grey,,2XL,,,,0.0,shopify,99999,continue,manual,84.95,121.95,true,false,https://cdn.shopify.com/s/files/1/1074/0200/2757/files/Men_s_Long_Parka_Jacket_for_Autumn_Winter_Daysvsqa.webp?v=1790713905,,,
mens-long-parka-jacket-for-autumn-winter-days,,,Dark Grey,,3XL,,,,0.0,shopify,99999,continue,manual,84.95,121.95,true,false,https://cdn.shopify.com/s/files/1/1074/0200/2757/files/Men_s_Long_Parka_Jacket_for_Autumn_Winter_Daysvsqa.webp?v=1790713905,,,
mens-long-parka-jacket-for-autumn-winter-days,,,,,,,,,,,,,,,,,,,https://cdn.shopify.com/s/files/1/1074/0200/2757/files/Men_s_Long_Parka_Jacket_for_Autumn_Winter_Daysvsas.webp?v=1790713883,1,Men's Long Parka Jacket for Autumn Winter Days
mens-long-parka-jacket-for-autumn-winter-days,,,,,,,,,,,,,,,,,,,https://cdn.shopify.com/s/files/1/1074/0200/2757/files/Men_s_Long_Parka_Jacket_for_Autumn_Winter_Daysvsa.webp?v=1790713890,2,Men's Long Parka Jacket for Autumn Winter Days
mens-long-parka-jacket-for-autumn-winter-days,,,,,,,,,,,,,,,,,,,https://cdn.shopify.com/s/files/1/1074/0200/2757/files/Men_s_Long_Parka_Jacket_for_Autumn_Winter_Daysews.webp?v=1790713897,3,Men's Long Parka Jacket for Autumn Winter Days
mens-long-parka-jacket-for-autumn-winter-days,,,,,,,,,,,,,,,,,,,https://cdn.shopify.com/s/files/1/1074/0200/2757/files/Men_s_Long_Parka_Jacket_for_Autumn_Winter_Daysvsqa.webp?v=1790713905,4,Men's Long Parka Jacket for Autumn Winter Days
mens-long-parka-jacket-for-autumn-winter-days,,,,,,,,,,,,,,,,,,,https://cdn.shopify.com/s/files/1/1074/0200/2757/files/Men_s_Long_Parka_Jacket_for_Autumn_Winter_Dayswv.webp?v=1790713913,5,Men's Long Parka Jacket for Autumn Winter Days
mens-long-parka-jacket-for-autumn-winter-days,,,,,,,,,,,,,,,,,,,https://cdn.shopify.com/s/files/1/1074/0200/2757/files/Men_s_Long_Parka_Jacket_for_Autumn_Winter_Daysw.webp?v=1790713920,6,Men's Long Parka Jacket for Autumn Winter Days
womens-oversized-hooded-teddy-jacket-with-knit-cuffs-for-winter,Women's Oversized Hooded Teddy Jacket with Knit Cuffs for Winter,Color,Light Brown,Size,S,,,,0.0,shopify,99999,continue,manual,69.95,99.95,true,true,https://cdn.shopify.com/s/files/1/1074/0200/2757/files/Womens_Oversized_Hooded_Teddy_Jacket_with_Knit_Cuffs_for_Winter-1.jpg?v=1791212385,,,
womens-oversized-hooded-teddy-jacket-with-knit-cuffs-for-winter,,,Light Brown,,M,,,,0.0,shopify,99999,continue,manual,69.95,99.95,true,true,https://cdn.shopify.com/s/files/1/1074/0200/2757/files/Womens_Oversized_Hooded_Teddy_Jacket_with_Knit_Cuffs_for_Winter-1.jpg?v=1791212385,,,
womens-oversized-hooded-teddy-jacket-with-knit-cuffs-for-winter,,,Light Brown,,L,,,,0.0,shopify,99999,continue,manual,69.95,99.95,true,true,https://cdn.shopify.com/s/files/1/1074/0200/2757/files/Womens_Oversized_Hooded_Teddy_Jacket_with_Knit_Cuffs_for_Winter-1.jpg?v=1791212385,,,
womens-oversized-hooded-teddy-jacket-with-knit-cuffs-for-winter,,,Light Brown,,XL,,,,0.0,shopify,99999,continue,manual,69.95,99.95,true,true,https://cdn.shopify.com/s/files/1/1074/0200/2757/files/Womens_Oversized_Hooded_Teddy_Jacket_with_Knit_Cuffs_for_Winter-1.jpg?v=1791212385,,,
womens-oversized-hooded-teddy-jacket-with-knit-cuffs-for-winter,,,Light Brown,,2XL,,,,0.0,shopify,99999,continue,manual,69.95,99.95,true,true,https://cdn.shopify.com/s/files/1/1074/0200/2757/files/Womens_Oversized_Hooded_Teddy_Jacket_with_Knit_Cuffs_for_Winter-1.jpg?v=1791212385,,,
womens-oversized-hooded-teddy-jacket-with-knit-cuffs-for-winter,,,Light Brown,,3XL,,,,0.0,shopify,99999,continue,manual,69.95,99.95,true,true,https://cdn.shopify.com/s/files/1/1074/0200/2757/files/Womens_Oversized_Hooded_Teddy_Jacket_with_Knit_Cuffs_for_Winter-1.jpg?v=1791212385,,,
womens-oversized-hooded-teddy-jacket-with-knit-cuffs-for-winter,,,Beige,,S,,,,0.0,shopify,99999,continue,manual,69.95,99.95,true,true,https://cdn.shopify.com/s/files/1/1074/0200/2757/files/Womens_Oversized_Hooded_Teddy_Jacket_with_Knit_Cuffs_for_Winter-2.webp?v=1791212385,,,
womens-oversized-hooded-teddy-jacket-with-knit-cuffs-for-winter,,,Beige,,M,,,,0.0,shopify,99999,continue,manual,69.95,99.95,true,true,https://cdn.shopify.com/s/files/1/1074/0200/2757/files/Womens_Oversized_Hooded_Teddy_Jacket_with_Knit_Cuffs_for_Winter-2.webp?v=1791212385,,,
womens-oversized-hooded-teddy-jacket-with-knit-cuffs-for-winter,,,Beige,,L,,,,0.0,shopify,99999,continue,manual,69.95,99.95,true,true,https://cdn.shopify.com/s/files/1/1074/0200/2757/files/Womens_Oversized_Hooded_Teddy_Jacket_with_Knit_Cuffs_for_Winter-2.webp?v=1791212385,,,
womens-oversized-hooded-teddy-jacket-with-knit-cuffs-for-winter,,,Beige,,XL,,,,0.0,shopify,99999,continue,manual,69.95,99.95,true,true,https://cdn.shopify.com/s/files/1/1074/0200/2757/files/Womens_Oversized_Hooded_Teddy_Jacket_with_Knit_Cuffs_for_Winter-2.webp?v=1791212385,,,
womens-oversized-hooded-teddy-jacket-with-knit-cuffs-for-winter,,,Beige,,2XL,,,,0.0,shopify,99999,continue,manual,69.95,99.95,true,true,https://cdn.shopify.com/s/files/1/1074/0200/2757/files/Womens_Oversized_Hooded_Teddy_Jacket_with_Knit_Cuffs_for_Winter-2.webp?v=1791212385,,,
womens-oversized-hooded-teddy-jacket-with-knit-cuffs-for-winter,,,Beige,,3XL,,,,0.0,shopify,99999,continue,manual,69.95,99.95,true,true,https://cdn.shopify.com/s/files/1/1074/0200/2757/files/Womens_Oversized_Hooded_Teddy_Jacket_with_Knit_Cuffs_for_Winter-2.webp?v=1791212385,,,
womens-oversized-hooded-teddy-jacket-with-knit-cuffs-for-winter,,,Black,,S,,,,0.0,shopify,99999,continue,manual,69.95,99.95,true,true,https://cdn.shopify.com/s/files/1/1074/0200/2757/files/Womens_Oversized_Hooded_Teddy_Jacket_with_Knit_Cuffs_for_Winter-3.webp?v=1791212385,,,
womens-oversized-hooded-teddy-jacket-with-knit-cuffs-for-winter,,,Black,,M,,,,0.0,shopify,99999,continue,manual,69.95,99.95,true,true,https://cdn.shopify.com/s/files/1/1074/0200/2757/files/Womens_Oversized_Hooded_Teddy_Jacket_with_Knit_Cuffs_for_Winter-3.webp?v=1791212385,,,
womens-oversized-hooded-teddy-jacket-with-knit-cuffs-for-winter,,,Black,,L,,,,0.0,shopify,99999,continue,manual,69.95,99.95,true,true,https://cdn.shopify.com/s/files/1/1074/0200/2757/files/Womens_Oversized_Hooded_Teddy_Jacket_with_Knit_Cuffs_for_Winter-3.webp?v=1791212385,,,
womens-oversized-hooded-teddy-jacket-with-knit-cuffs-for-winter,,,Black,,XL,,,,0.0,shopify,99999,continue,manual,69.95,99.95,true,true,https://cdn.shopify.com/s/files/1/1074/0200/2757/files/Womens_Oversized_Hooded_Teddy_Jacket_with_Knit_Cuffs_for_Winter-3.webp?v=1791212385,,,
womens-oversized-hooded-teddy-jacket-with-knit-cuffs-for-winter,,,Black,,2XL,,,,0.0,shopify,99999,continue,manual,69.95,99.95,true,true,https://cdn.shopify.com/s/files/1/1074/0200/2757/files/Womens_Oversized_Hooded_Teddy_Jacket_with_Knit_Cuffs_for_Winter-3.webp?v=1791212385,,,
womens-oversized-hooded-teddy-jacket-with-knit-cuffs-for-winter,,,Black,,3XL,,,,0.0,shopify,99999,continue,manual,69.95,99.95,true,true,https://cdn.shopify.com/s/files/1/1074/0200/2757/files/Womens_Oversized_Hooded_Teddy_Jacket_with_Knit_Cuffs_for_Winter-3.webp?v=1791212385,,,
womens-oversized-hooded-teddy-jacket-with-knit-cuffs-for-winter,,,Light Gray,,S,,,,0.0,shopify,99999,continue,manual,69.95,99.95,true,true,https://cdn.shopify.com/s/files/1/1074/0200/2757/files/Womens_Oversized_Hooded_Teddy_Jacket_with_Knit_Cuffs_for_Winter-4.webp?v=1791212385,,,
womens-oversized-hooded-teddy-jacket-with-knit-cuffs-for-winter,,,Light Gray,,M,,,,0.0,shopify,99999,continue,manual,69.95,99.95,true,true,https://cdn.shopify.com/s/files/1/1074/0200/2757/files/Womens_Oversized_Hooded_Teddy_Jacket_with_Knit_Cuffs_for_Winter-4.webp?v=1791212385,,,
womens-oversized-hooded-teddy-jacket-with-knit-cuffs-for-winter,,,Light Gray,,L,,,,0.0,shopify,99999,continue,manual,69.95,99.95,true,true,https://cdn.shopify.com/s/files/1/1074/0200/2757/files/Womens_Oversized_Hooded_Teddy_Jacket_with_Knit_Cuffs_for_Winter-4.webp?v=1791212385,,,
womens-oversized-hooded-teddy-jacket-with-knit-cuffs-for-winter,,,Light Gray,,XL,,,,0.0,shopify,99999,continue,manual,69.95,99.95,true,true,https://cdn.shopify.com/s/files/1/1074/0200/2757/files/Womens_Oversized_Hooded_Teddy_Jacket_with_Knit_Cuffs_for_Winter-4.webp?v=1791212385,,,
womens-oversized-hooded-teddy-jacket-with-knit-cuffs-for-winter,,,Light Gray,,2XL,,,,0.0,shopify,99999,continue,manual,69.95,99.95,true,true,https://cdn.shopify.com/s/files/1/1074/0200/2757/files/Womens_Oversized_Hooded_Teddy_Jacket_with_Knit_Cuffs_for_Winter-4.webp?v=1791212385,,,
womens-oversized-hooded-teddy-jacket-with-knit-cuffs-for-winter,,,Light Gray,,3XL,,,,0.0,shopify,99999,continue,manual,69.95,99.95,true,true,https://cdn.shopify.com/s/files/1/1074/0200/2757/files/Womens_Oversized_Hooded_Teddy_Jacket_with_Knit_Cuffs_for_Winter-4.webp?v=1791212385,,,
womens-oversized-hooded-teddy-jacket-with-knit-cuffs-for-winter,,,,,,,,,,,,,,,,,,,https://cdn.shopify.com/s/files/1/1074/0200/2757/files/Womens_Oversized_Hooded_Teddy_Jacket_with_Knit_Cuffs_for_Winter-1.jpg?v=1791212385,1,Women's Oversized Hooded Teddy Jacket in Light Brown
womens-oversized-hooded-teddy-jacket-with-knit-cuffs-for-winter,,,,,,,,,,,,,,,,,,,https://cdn.shopify.com/s/files/1/1074/0200/2757/files/Womens_Oversized_Hooded_Teddy_Jacket_with_Knit_Cuffs_for_Winter-2.webp?v=1791212385,2,Women's Oversized Hooded Teddy Jacket in Beige
womens-oversized-hooded-teddy-jacket-with-knit-cuffs-for-winter,,,,,,,,,,,,,,,,,,,https://cdn.shopify.com/s/files/1/1074/0200/2757/files/Womens_Oversized_Hooded_Teddy_Jacket_with_Knit_Cuffs_for_Winter-3.webp?v=1791212385,3,Women's Oversized Hooded Teddy Jacket in Black
womens-oversized-hooded-teddy-jacket-with-knit-cuffs-for-winter,,,,,,,,,,,,,,,,,,,https://cdn.shopify.com/s/files/1/1074/0200/2757/files/Womens_Oversized_Hooded_Teddy_Jacket_with_Knit_Cuffs_for_Winter-4.webp?v=1791212385,4,Women's Oversized Hooded Teddy Jacket in Light Gray
womens-oversized-hooded-teddy-jacket-with-knit-cuffs-for-winter,,,,,,,,,,,,,,,,,,,https://cdn.shopify.com/s/files/1/1074/0200/2757/files/Womens_Oversized_Hooded_Teddy_Jacket_with_Knit_Cuffs_for_Winter-5.jpg?v=1791212385,5,Women's Oversized Hooded Teddy Jacket – alternate view 1
womens-oversized-hooded-teddy-jacket-with-knit-cuffs-for-winter,,,,,,,,,,,,,,,,,,,https://cdn.shopify.com/s/files/1/1074/0200/2757/files/Womens_Oversized_Hooded_Teddy_Jacket_with_Knit_Cuffs_for_Winter-6.jpg?v=1791212385,6,Women's Oversized Hooded Teddy Jacket – alternate view 2
womens-oversized-hooded-teddy-jacket-with-knit-cuffs-for-winter,,,,,,,,,,,,,,,,,,,https://cdn.shopify.com/s/files/1/1074/0200/2757/files/Womens_Oversized_Hooded_Teddy_Jacket_with_Knit_Cuffs_for_Winter-7.webp?v=1791212385,7,Women's Oversized Hooded Teddy Jacket – alternate view 3
womens-oversized-hooded-teddy-jacket-with-knit-cuffs-for-winter,,,,,,,,,,,,,,,,,,,https://cdn.shopify.com/s/files/1/1074/0200/2757/files/Womens_Oversized_Hooded_Teddy_Jacket_with_Knit_Cuffs_for_Winter-8.jpg?v=1791212385,8,Women's Oversized Hooded Teddy Jacket – alternate view 4
womens-oversized-hooded-teddy-jacket-with-knit-cuffs-for-winter,,,,,,,,,,,,,,,,,,,https://cdn.shopify.com/s/files/1/1074/0200/2757/files/Womens_Oversized_Hooded_Teddy_Jacket_with_Knit_Cuffs_for_Winter-9.webp?v=1791212385,9,Women's Oversized Hooded Teddy Jacket – alternate view 5
womens-oversized-hooded-teddy-jacket-with-knit-cuffs-for-winter,,,,,,,,,,,,,,,,,,,https://cdn.shopify.com/s/files/1/1074/0200/2757/files/Womens_Oversized_Hooded_Teddy_Jacket_with_Knit_Cuffs_for_Winter-10.jpg?v=1791212385,10,Women's Oversized Hooded Teddy Jacket – alternate view 6
womens-crew-neck-knit-sweater-for-everyday-winter-wear,Women's Crew Neck Knit Sweater for Everyday Winter Wear,Color,Yellow,Size,S,,,,0.0,shopify,99999,continue,manual,53.95,77.95,true,true,https://cdn.shopify.com/s/files/1/1074/0200/2757/files/Womens_Crew_Neck_Knit_Sweater_for_Everyday_Winter_Wear-1.jpg?v=1791310219,,,
womens-crew-neck-knit-sweater-for-everyday-winter-wear,,,Yellow,,M,,,,0.0,shopify,99999,continue,manual,53.95,77.95,true,true,https://cdn.shopify.com/s/files/1/1074/0200/2757/files/Womens_Crew_Neck_Knit_Sweater_for_Everyday_Winter_Wear-1.jpg?v=1791310219,,,
womens-crew-neck-knit-sweater-for-everyday-winter-wear,,,Yellow,,L,,,,0.0,shopify,99999,continue,manual,53.95,77.95,true,true,https://cdn.shopify.com/s/files/1/1074/0200/2757/files/Womens_Crew_Neck_Knit_Sweater_for_Everyday_Winter_Wear-1.jpg?v=1791310219,,,
womens-crew-neck-knit-sweater-for-everyday-winter-wear,,,Yellow,,XL,,,,0.0,shopify,99999,continue,manual,53.95,77.95,true,true,https://cdn.shopify.com/s/files/1/1074/0200/2757/files/Womens_Crew_Neck_Knit_Sweater_for_Everyday_Winter_Wear-1.jpg?v=1791310219,,,
womens-crew-neck-knit-sweater-for-everyday-winter-wear,,,Yellow,,2XL,,,,0.0,shopify,99999,continue,manual,53.95,77.95,true,true,https://cdn.shopify.com/s/files/1/1074/0200/2757/files/Womens_Crew_Neck_Knit_Sweater_for_Everyday_Winter_Wear-1.jpg?v=1791310219,,,
womens-crew-neck-knit-sweater-for-everyday-winter-wear,,,Yellow,,3XL,,,,0.0,shopify,99999,continue,manual,53.95,77.95,true,true,https://cdn.shopify.com/s/files/1/1074/0200/2757/files/Womens_Crew_Neck_Knit_Sweater_for_Everyday_Winter_Wear-1.jpg?v=1791310219,,,
womens-crew-neck-knit-sweater-for-everyday-winter-wear,,,Blue,,S,,,,0.0,shopify,99999,continue,manual,53.95,77.95,true,true,https://cdn.shopify.com/s/files/1/1074/0200/2757/files/Womens_Crew_Neck_Knit_Sweater_for_Everyday_Winter_Wear-2.jpg?v=1791310219,,,
womens-crew-neck-knit-sweater-for-everyday-winter-wear,,,Blue,,M,,,,0.0,shopify,99999,continue,manual,53.95,77.95,true,true,https://cdn.shopify.com/s/files/1/1074/0200/2757/files/Womens_Crew_Neck_Knit_Sweater_for_Everyday_Winter_Wear-2.jpg?v=1791310219,,,
womens-crew-neck-knit-sweater-for-everyday-winter-wear,,,Blue,,L,,,,0.0,shopify,99999,continue,manual,53.95,77.95,true,true,https://cdn.shopify.com/s/files/1/1074/0200/2757/files/Womens_Crew_Neck_Knit_Sweater_for_Everyday_Winter_Wear-2.jpg?v=1791310219,,,
womens-crew-neck-knit-sweater-for-everyday-winter-wear,,,Blue,,XL,,,,0.0,shopify,99999,continue,manual,53.95,77.95,true,true,https://cdn.shopify.com/s/files/1/1074/0200/2757/files/Womens_Crew_Neck_Knit_Sweater_for_Everyday_Winter_Wear-2.jpg?v=1791310219,,,
womens-crew-neck-knit-sweater-for-everyday-winter-wear,,,Blue,,2XL,,,,0.0,shopify,99999,continue,manual,53.95,77.95,true,true,https://cdn.shopify.com/s/files/1/1074/0200/2757/files/Womens_Crew_Neck_Knit_Sweater_for_Everyday_Winter_Wear-2.jpg?v=1791310219,,,
womens-crew-neck-knit-sweater-for-everyday-winter-wear,,,Blue,,3XL,,,,0.0,shopify,99999,continue,manual,53.95,77.95,true,true,https://cdn.shopify.com/s/files/1/1074/0200/2757/files/Womens_Crew_Neck_Knit_Sweater_for_Everyday_Winter_Wear-2.jpg?v=1791310219,,,
womens-crew-neck-knit-sweater-for-everyday-winter-wear,,,Pink,,S,,,,0.0,shopify,99999,continue,manual,53.95,77.95,true,true,https://cdn.shopify.com/s/files/1/1074/0200/2757/files/Womens_Crew_Neck_Knit_Sweater_for_Everyday_Winter_Wear-3.jpg?v=1791310219,,,
womens-crew-neck-knit-sweater-for-everyday-winter-wear,,,Pink,,M,,,,0.0,shopify,99999,continue,manual,53.95,77.95,true,true,https://cdn.shopify.com/s/files/1/1074/0200/2757/files/Womens_Crew_Neck_Knit_Sweater_for_Everyday_Winter_Wear-3.jpg?v=1791310219,,,
womens-crew-neck-knit-sweater-for-everyday-winter-wear,,,Pink,,L,,,,0.0,shopify,99999,continue,manual,53.95,77.95,true,true,https://cdn.shopify.com/s/files/1/1074/0200/2757/files/Womens_Crew_Neck_Knit_Sweater_for_Everyday_Winter_Wear-3.jpg?v=1791310219,,,
womens-crew-neck-knit-sweater-for-everyday-winter-wear,,,Pink,,XL,,,,0.0,shopify,99999,continue,manual,53.95,77.95,true,true,https://cdn.shopify.com/s/files/1/1074/0200/2757/files/Womens_Crew_Neck_Knit_Sweater_for_Everyday_Winter_Wear-3.jpg?v=1791310219,,,
womens-crew-neck-knit-sweater-for-everyday-winter-wear,,,Pink,,2XL,,,,0.0,shopify,99999,continue,manual,53.95,77.95,true,true,https://cdn.shopify.com/s/files/1/1074/0200/2757/files/Womens_Crew_Neck_Knit_Sweater_for_Everyday_Winter_Wear-3.jpg?v=1791310219,,,
womens-crew-neck-knit-sweater-for-everyday-winter-wear,,,Pink,,3XL,,,,0.0,shopify,99999,continue,manual,53.95,77.95,true,true,https://cdn.shopify.com/s/files/1/1074/0200/2757/files/Womens_Crew_Neck_Knit_Sweater_for_Everyday_Winter_Wear-3.jpg?v=1791310219,,,
womens-crew-neck-knit-sweater-for-everyday-winter-wear,,,White,,S,,,,0.0,shopify,99999,continue,manual,53.95,77.95,true,true,https://cdn.shopify.com/s/files/1/1074/0200/2757/files/Womens_Crew_Neck_Knit_Sweater_for_Everyday_Winter_Wear-4.jpg?v=1791310219,,,
womens-crew-neck-knit-sweater-for-everyday-winter-wear,,,White,,M,,,,0.0,shopify,99999,continue,manual,53.95,77.95,true,true,https://cdn.shopify.com/s/files/1/1074/0200/2757/files/Womens_Crew_Neck_Knit_Sweater_for_Everyday_Winter_Wear-4.jpg?v=1791310219,,,
womens-crew-neck-knit-sweater-for-everyday-winter-wear,,,White,,L,,,,0.0,shopify,99999,continue,manual,53.95,77.95,true,true,https://cdn.shopify.com/s/files/1/1074/0200/2757/files/Womens_Crew_Neck_Knit_Sweater_for_Everyday_Winter_Wear-4.jpg?v=1791310219,,,
womens-crew-neck-knit-sweater-for-everyday-winter-wear,,,White,,XL,,,,0.0,shopify,99999,continue,manual,53.95,77.95,true,true,https://cdn.shopify.com/s/files/1/1074/0200/2757/files/Womens_Crew_Neck_Knit_Sweater_for_Everyday_Winter_Wear-4.jpg?v=1791310219,,,
womens-crew-neck-knit-sweater-for-everyday-winter-wear,,,White,,2XL,,,,0.0,shopify,99999,continue,manual,53.95,77.95,true,true,https://cdn.shopify.com/s/files/1/1074/0200/2757/files/Womens_Crew_Neck_Knit_Sweater_for_Everyday_Winter_Wear-4.jpg?v=1791310219,,,
womens-crew-neck-knit-sweater-for-everyday-winter-wear,,,White,,3XL,,,,0.0,shopify,99999,continue,manual,53.95,77.95,true,true,https://cdn.shopify.com/s/files/1/1074/0200/2757/files/Womens_Crew_Neck_Knit_Sweater_for_Everyday_Winter_Wear-4.jpg?v=1791310219,,,
womens-crew-neck-knit-sweater-for-everyday-winter-wear,,,Dark Blue,,S,,,,0.0,shopify,99999,continue,manual,53.95,77.95,true,true,https://cdn.shopify.com/s/files/1/1074/0200/2757/files/Womens_Crew_Neck_Knit_Sweater_for_Everyday_Winter_Wear-5.jpg?v=1791310218,,,
womens-crew-neck-knit-sweater-for-everyday-winter-wear,,,Dark Blue,,M,,,,0.0,shopify,99999,continue,manual,53.95,77.95,true,true,https://cdn.shopify.com/s/files/1/1074/0200/2757/files/Womens_Crew_Neck_Knit_Sweater_for_Everyday_Winter_Wear-5.jpg?v=1791310218,,,
womens-crew-neck-knit-sweater-for-everyday-winter-wear,,,Dark Blue,,L,,,,0.0,shopify,99999,continue,manual,53.95,77.95,true,true,https://cdn.shopify.com/s/files/1/1074/0200/2757/files/Womens_Crew_Neck_Knit_Sweater_for_Everyday_Winter_Wear-5.jpg?v=1791310218,,,
womens-crew-neck-knit-sweater-for-everyday-winter-wear,,,Dark Blue,,XL,,,,0.0,shopify,99999,continue,manual,53.95,77.95,true,true,https://cdn.shopify.com/s/files/1/1074/0200/2757/files/Womens_Crew_Neck_Knit_Sweater_for_Everyday_Winter_Wear-5.jpg?v=1791310218,,,
womens-crew-neck-knit-sweater-for-everyday-winter-wear,,,Dark Blue,,2XL,,,,0.0,shopify,99999,continue,manual,53.95,77.95,true,true,https://cdn.shopify.com/s/files/1/1074/0200/2757/files/Womens_Crew_Neck_Knit_Sweater_for_Everyday_Winter_Wear-5.jpg?v=1791310218,,,
womens-crew-neck-knit-sweater-for-everyday-winter-wear,,,Dark Blue,,3XL,,,,0.0,shopify,99999,continue,manual,53.95,77.95,true,true,https://cdn.shopify.com/s/files/1/1074/0200/2757/files/Womens_Crew_Neck_Knit_Sweater_for_Everyday_Winter_Wear-5.jpg?v=1791310218,,,
womens-crew-neck-knit-sweater-for-everyday-winter-wear,,,Khaki,,S,,,,0.0,shopify,99999,continue,manual,53.95,77.95,true,true,https://cdn.shopify.com/s/files/1/1074/0200/2757/files/Womens_Crew_Neck_Knit_Sweater_for_Everyday_Winter_Wear-6.jpg?v=1791310219,,,
womens-crew-neck-knit-sweater-for-everyday-winter-wear,,,Khaki,,M,,,,0.0,shopify,99999,continue,manual,53.95,77.95,true,true,https://cdn.shopify.com/s/files/1/1074/0200/2757/files/Womens_Crew_Neck_Knit_Sweater_for_Everyday_Winter_Wear-6.jpg?v=1791310219,,,
womens-crew-neck-knit-sweater-for-everyday-winter-wear,,,Khaki,,L,,,,0.0,shopify,99999,continue,manual,53.95,77.95,true,true,https://cdn.shopify.com/s/files/1/1074/0200/2757/files/Womens_Crew_Neck_Knit_Sweater_for_Everyday_Winter_Wear-6.jpg?v=1791310219,,,
womens-crew-neck-knit-sweater-for-everyday-winter-wear,,,Khaki,,XL,,,,0.0,shopify,99999,continue,manual,53.95,77.95,true,true,https://cdn.shopify.com/s/files/1/1074/0200/2757/files/Womens_Crew_Neck_Knit_Sweater_for_Everyday_Winter_Wear-6.jpg?v=1791310219,,,
womens-crew-neck-knit-sweater-for-everyday-winter-wear,,,Khaki,,2XL,,,,0.0,shopify,99999,continue,manual,53.95,77.95,true,true,https://cdn.shopify.com/s/files/1/1074/0200/2757/files/Womens_Crew_Neck_Knit_Sweater_for_Everyday_Winter_Wear-6.jpg?v=1791310219,,,
womens-crew-neck-knit-sweater-for-everyday-winter-wear,,,Khaki,,3XL,,,,0.0,shopify,99999,continue,manual,53.95,77.95,true,true,https://cdn.shopify.com/s/files/1/1074/0200/2757/files/Womens_Crew_Neck_Knit_Sweater_for_Everyday_Winter_Wear-6.jpg?v=1791310219,,,
womens-crew-neck-knit-sweater-for-everyday-winter-wear,,,Red,,S,,,,0.0,shopify,99999,continue,manual,53.95,77.95,true,true,https://cdn.shopify.com/s/files/1/1074/0200/2757/files/Womens_Crew_Neck_Knit_Sweater_for_Everyday_Winter_Wear-7.png?v=1791310219,,,
womens-crew-neck-knit-sweater-for-everyday-winter-wear,,,Red,,M,,,,0.0,shopify,99999,continue,manual,53.95,77.95,true,true,https://cdn.shopify.com/s/files/1/1074/0200/2757/files/Womens_Crew_Neck_Knit_Sweater_for_Everyday_Winter_Wear-7.png?v=1791310219,,,
womens-crew-neck-knit-sweater-for-everyday-winter-wear,,,Red,,L,,,,0.0,shopify,99999,continue,manual,53.95,77.95,true,true,https://cdn.shopify.com/s/files/1/1074/0200/2757/files/Womens_Crew_Neck_Knit_Sweater_for_Everyday_Winter_Wear-7.png?v=1791310219,,,
womens-crew-neck-knit-sweater-for-everyday-winter-wear,,,Red,,XL,,,,0.0,shopify,99999,continue,manual,53.95,77.95,true,true,https://cdn.shopify.com/s/files/1/1074/0200/2757/files/Womens_Crew_Neck_Knit_Sweater_for_Everyday_Winter_Wear-7.png?v=1791310219,,,
womens-crew-neck-knit-sweater-for-everyday-winter-wear,,,Red,,2XL,,,,0.0,shopify,99999,continue,manual,53.95,77.95,true,true,https://cdn.shopify.com/s/files/1/1074/0200/2757/files/Womens_Crew_Neck_Knit_Sweater_for_Everyday_Winter_Wear-7.png?v=1791310219,,,
womens-crew-neck-knit-sweater-for-everyday-winter-wear,,,Red,,3XL,,,,0.0,shopify,99999,continue,manual,53.95,77.95,true,true,https://cdn.shopify.com/s/files/1/1074/0200/2757/files/Womens_Crew_Neck_Knit_Sweater_for_Everyday_Winter_Wear-7.png?v=1791310219,,,
womens-crew-neck-knit-sweater-for-everyday-winter-wear,,,Apricot,,S,,,,0.0,shopify,99999,continue,manual,53.95,77.95,true,true,https://cdn.shopify.com/s/files/1/1074/0200/2757/files/Womens_Crew_Neck_Knit_Sweater_for_Everyday_Winter_Wear-8.jpg?v=1791310219,,,
womens-crew-neck-knit-sweater-for-everyday-winter-wear,,,Apricot,,M,,,,0.0,shopify,99999,continue,manual,53.95,77.95,true,true,https://cdn.shopify.com/s/files/1/1074/0200/2757/files/Womens_Crew_Neck_Knit_Sweater_for_Everyday_Winter_Wear-8.jpg?v=1791310219,,,
womens-crew-neck-knit-sweater-for-everyday-winter-wear,,,Apricot,,L,,,,0.0,shopify,99999,continue,manual,53.95,77.95,true,true,https://cdn.shopify.com/s/files/1/1074/0200/2757/files/Womens_Crew_Neck_Knit_Sweater_for_Everyday_Winter_Wear-8.jpg?v=1791310219,,,
womens-crew-neck-knit-sweater-for-everyday-winter-wear,,,Apricot,,XL,,,,0.0,shopify,99999,continue,manual,53.95,77.95,true,true,https://cdn.shopify.com/s/files/1/1074/0200/2757/files/Womens_Crew_Neck_Knit_Sweater_for_Everyday_Winter_Wear-8.jpg?v=1791310219,,,
womens-crew-neck-knit-sweater-for-everyday-winter-wear,,,Apricot,,2XL,,,,0.0,shopify,99999,continue,manual,53.95,77.95,true,true,https://cdn.shopify.com/s/files/1/1074/0200/2757/files/Womens_Crew_Neck_Knit_Sweater_for_Everyday_Winter_Wear-8.jpg?v=1791310219,,,
womens-crew-neck-knit-sweater-for-everyday-winter-wear,,,Apricot,,3XL,,,,0.0,shopify,99999,continue,manual,53.95,77.95,true,true,https://cdn.shopify.com/s/files/1/1074/0200/2757/files/Womens_Crew_Neck_Knit_Sweater_for_Everyday_Winter_Wear-8.jpg?v=1791310219,,,
womens-crew-neck-knit-sweater-for-everyday-winter-wear,,,Light Blue,,S,,,,0.0,shopify,99999,continue,manual,53.95,77.95,true,true,https://cdn.shopify.com/s/files/1/1074/0200/2757/files/Womens_Crew_Neck_Knit_Sweater_for_Everyday_Winter_Wear-9.png?v=1791310219,,,
womens-crew-neck-knit-sweater-for-everyday-winter-wear,,,Light Blue,,M,,,,0.0,shopify,99999,continue,manual,53.95,77.95,true,true,https://cdn.shopify.com/s/files/1/1074/0200/2757/files/Womens_Crew_Neck_Knit_Sweater_for_Everyday_Winter_Wear-9.png?v=1791310219,,,
womens-crew-neck-knit-sweater-for-everyday-winter-wear,,,Light Blue,,L,,,,0.0,shopify,99999,continue,manual,53.95,77.95,true,true,https://cdn.shopify.com/s/files/1/1074/0200/2757/files/Womens_Crew_Neck_Knit_Sweater_for_Everyday_Winter_Wear-9.png?v=1791310219,,,
womens-crew-neck-knit-sweater-for-everyday-winter-wear,,,Light Blue,,XL,,,,0.0,shopify,99999,continue,manual,53.95,77.95,true,true,https://cdn.shopify.com/s/files/1/1074/0200/2757/files/Womens_Crew_Neck_Knit_Sweater_for_Everyday_Winter_Wear-9.png?v=1791310219,,,
womens-crew-neck-knit-sweater-for-everyday-winter-wear,,,Light Blue,,2XL,,,,0.0,shopify,99999,continue,manual,53.95,77.95,true,true,https://cdn.shopify.com/s/files/1/1074/0200/2757/files/Womens_Crew_Neck_Knit_Sweater_for_Everyday_Winter_Wear-9.png?v=1791310219,,,
womens-crew-neck-knit-sweater-for-everyday-winter-wear,,,Light Blue,,3XL,,,,0.0,shopify,99999,continue,manual,53.95,77.95,true,true,https://cdn.shopify.com/s/files/1/1074/0200/2757/files/Womens_Crew_Neck_Knit_Sweater_for_Everyday_Winter_Wear-9.png?v=1791310219,,,
womens-crew-neck-knit-sweater-for-everyday-winter-wear,,,Light Green,,S,,,,0.0,shopify,99999,continue,manual,53.95,77.95,true,true,https://cdn.shopify.com/s/files/1/1074/0200/2757/files/Womens_Crew_Neck_Knit_Sweater_for_Everyday_Winter_Wear-10.jpg?v=1791310219,,,
womens-crew-neck-knit-sweater-for-everyday-winter-wear,,,Light Green,,M,,,,0.0,shopify,99999,continue,manual,53.95,77.95,true,true,https://cdn.shopify.com/s/files/1/1074/0200/2757/files/Womens_Crew_Neck_Knit_Sweater_for_Everyday_Winter_Wear-10.jpg?v=1791310219,,,
womens-crew-neck-knit-sweater-for-everyday-winter-wear,,,Light Green,,L,,,,0.0,shopify,99999,continue,manual,53.95,77.95,true,true,https://cdn.shopify.com/s/files/1/1074/0200/2757/files/Womens_Crew_Neck_Knit_Sweater_for_Everyday_Winter_Wear-10.jpg?v=1791310219,,,
womens-crew-neck-knit-sweater-for-everyday-winter-wear,,,Light Green,,XL,,,,0.0,shopify,99999,continue,manual,53.95,77.95,true,true,https://cdn.shopify.com/s/files/1/1074/0200/2757/files/Womens_Crew_Neck_Knit_Sweater_for_Everyday_Winter_Wear-10.jpg?v=1791310219,,,
womens-crew-neck-knit-sweater-for-everyday-winter-wear,,,Light Green,,2XL,,,,0.0,shopify,99999,continue,manual,53.95,77.95,true,true,https://cdn.shopify.com/s/files/1/1074/0200/2757/files/Womens_Crew_Neck_Knit_Sweater_for_Everyday_Winter_Wear-10.jpg?v=1791310219,,,
womens-crew-neck-knit-sweater-for-everyday-winter-wear,,,Light Green,,3XL,,,,0.0,shopify,99999,continue,manual,53.95,77.95,true,true,https://cdn.shopify.com/s/files/1/1074/0200/2757/files/Womens_Crew_Neck_Knit_Sweater_for_Everyday_Winter_Wear-10.jpg?v=1791310219,,,
womens-crew-neck-knit-sweater-for-everyday-winter-wear,,,Light Purple,,S,,,,0.0,shopify,99999,continue,manual,53.95,77.95,true,true,https://cdn.shopify.com/s/files/1/1074/0200/2757/files/Womens_Crew_Neck_Knit_Sweater_for_Everyday_Winter_Wear-11.jpg?v=1791310219,,,
womens-crew-neck-knit-sweater-for-everyday-winter-wear,,,Light Purple,,M,,,,0.0,shopify,99999,continue,manual,53.95,77.95,true,true,https://cdn.shopify.com/s/files/1/1074/0200/2757/files/Womens_Crew_Neck_Knit_Sweater_for_Everyday_Winter_Wear-11.jpg?v=1791310219,,,
womens-crew-neck-knit-sweater-for-everyday-winter-wear,,,Light Purple,,L,,,,0.0,shopify,99999,continue,manual,53.95,77.95,true,true,https://cdn.shopify.com/s/files/1/1074/0200/2757/files/Womens_Crew_Neck_Knit_Sweater_for_Everyday_Winter_Wear-11.jpg?v=1791310219,,,
womens-crew-neck-knit-sweater-for-everyday-winter-wear,,,Light Purple,,XL,,,,0.0,shopify,99999,continue,manual,53.95,77.95,true,true,https://cdn.shopify.com/s/files/1/1074/0200/2757/files/Womens_Crew_Neck_Knit_Sweater_for_Everyday_Winter_Wear-11.jpg?v=1791310219,,,
womens-crew-neck-knit-sweater-for-everyday-winter-wear,,,Light Purple,,2XL,,,,0.0,shopify,99999,continue,manual,53.95,77.95,true,true,https://cdn.shopify.com/s/files/1/1074/0200/2757/files/Womens_Crew_Neck_Knit_Sweater_for_Everyday_Winter_Wear-11.jpg?v=1791310219,,,
womens-crew-neck-knit-sweater-for-everyday-winter-wear,,,Light Purple,,3XL,,,,0.0,shopify,99999,continue,manual,53.95,77.95,true,true,https://cdn.shopify.com/s/files/1/1074/0200/2757/files/Womens_Crew_Neck_Knit_Sweater_for_Everyday_Winter_Wear-11.jpg?v=1791310219,,,
womens-crew-neck-knit-sweater-for-everyday-winter-wear,,,,,,,,,,,,,,,,,,,https://cdn.shopify.com/s/files/1/1074/0200/2757/files/Womens_Crew_Neck_Knit_Sweater_for_Everyday_Winter_Wear-1.jpg?v=1791310219,1,Women's Crew Neck Knit Sweater in Yellow
womens-crew-neck-knit-sweater-for-everyday-winter-wear,,,,,,,,,,,,,,,,,,,https://cdn.shopify.com/s/files/1/1074/0200/2757/files/Womens_Crew_Neck_Knit_Sweater_for_Everyday_Winter_Wear-2.jpg?v=1791310219,2,Women's Crew Neck Knit Sweater in Blue
womens-crew-neck-knit-sweater-for-everyday-winter-wear,,,,,,,,,,,,,,,,,,,https://cdn.shopify.com/s/files/1/1074/0200/2757/files/Womens_Crew_Neck_Knit_Sweater_for_Everyday_Winter_Wear-3.jpg?v=1791310219,3,Women's Crew Neck Knit Sweater in Pink
womens-crew-neck-knit-sweater-for-everyday-winter-wear,,,,,,,,,,,,,,,,,,,https://cdn.shopify.com/s/files/1/1074/0200/2757/files/Womens_Crew_Neck_Knit_Sweater_for_Everyday_Winter_Wear-4.jpg?v=1791310219,4,Women's Crew Neck Knit Sweater in White
womens-crew-neck-knit-sweater-for-everyday-winter-wear,,,,,,,,,,,,,,,,,,,https://cdn.shopify.com/s/files/1/1074/0200/2757/files/Womens_Crew_Neck_Knit_Sweater_for_Everyday_Winter_Wear-5.jpg?v=1791310218,5,Women's Crew Neck Knit Sweater in Dark Blue
womens-crew-neck-knit-sweater-for-everyday-winter-wear,,,,,,,,,,,,,,,,,,,https://cdn.shopify.com/s/files/1/1074/0200/2757/files/Womens_Crew_Neck_Knit_Sweater_for_Everyday_Winter_Wear-6.jpg?v=1791310219,6,Women's Crew Neck Knit Sweater in Khaki
womens-crew-neck-knit-sweater-for-everyday-winter-wear,,,,,,,,,,,,,,,,,,,https://cdn.shopify.com/s/files/1/1074/0200/2757/files/Womens_Crew_Neck_Knit_Sweater_for_Everyday_Winter_Wear-7.png?v=1791310219,7,Women's Crew Neck Knit Sweater in Red
womens-crew-neck-knit-sweater-for-everyday-winter-wear,,,,,,,,,,,,,,,,,,,https://cdn.shopify.com/s/files/1/1074/0200/2757/files/Womens_Crew_Neck_Knit_Sweater_for_Everyday_Winter_Wear-8.jpg?v=1791310219,8,Women's Crew Neck Knit Sweater in Apricot
womens-crew-neck-knit-sweater-for-everyday-winter-wear,,,,,,,,,,,,,,,,,,,https://cdn.shopify.com/s/files/1/1074/0200/2757/files/Womens_Crew_Neck_Knit_Sweater_for_Everyday_Winter_Wear-9.png?v=1791310219,9,Women's Crew Neck Knit Sweater in Light Blue
womens-crew-neck-knit-sweater-for-everyday-winter-wear,,,,,,,,,,,,,,,,,,,https://cdn.shopify.com/s/files/1/1074/0200/2757/files/Womens_Crew_Neck_Knit_Sweater_for_Everyday_Winter_Wear-10.jpg?v=1791310219,10,Women's Crew Neck Knit Sweater in Light Green
womens-crew-neck-knit-sweater-for-everyday-winter-wear,,,,,,,,,,,,,,,,,,,https://cdn.shopify.com/s/files/1/1074/0200/2757/files/Womens_Crew_Neck_Knit_Sweater_for_Everyday_Winter_Wear-11.jpg?v=1791310219,11,Women's Crew Neck Knit Sweater in Light Purple
womens-linen-shirt-with-cotton-blend-for-summer,Women's Linen Shirt with Cotton Blend for Summer,Color,Olive Green,Size,S,,,,0.0,shopify,99998,continue,manual,49.95,71.95,true,true,https://cdn.shopify.com/s/files/1/1074/0200/2757/files/Women_s_Linen_Shirt_with_Cotton_Blend_for_SummerVF.jpg?v=1789031465,,,
womens-linen-shirt-with-cotton-blend-for-summer,,,Olive Green,,M,,,,0.0,shopify,99999,continue,manual,49.95,71.95,true,true,https://cdn.shopify.com/s/files/1/1074/0200/2757/files/Women_s_Linen_Shirt_with_Cotton_Blend_for_SummerVF.jpg?v=1789031465,,,
womens-linen-shirt-with-cotton-blend-for-summer,,,Olive Green,,L,,,,0.0,shopify,99999,continue,manual,49.95,71.95,true,true,https://cdn.shopify.com/s/files/1/1074/0200/2757/files/Women_s_Linen_Shirt_with_Cotton_Blend_for_SummerVF.jpg?v=1789031465,,,
womens-linen-shirt-with-cotton-blend-for-summer,,,Olive Green,,XL,,,,0.0,shopify,99999,continue,manual,49.95,71.95,true,true,https://cdn.shopify.com/s/files/1/1074/0200/2757/files/Women_s_Linen_Shirt_with_Cotton_Blend_for_SummerVF.jpg?v=1789031465,,,
womens-linen-shirt-with-cotton-blend-for-summer,,,Olive Green,,2XL,,,,0.0,shopify,99999,continue,manual,49.95,71.95,true,true,https://cdn.shopify.com/s/files/1/1074/0200/2757/files/Women_s_Linen_Shirt_with_Cotton_Blend_for_SummerVF.jpg?v=1789031465,,,
womens-linen-shirt-with-cotton-blend-for-summer,,,Olive Green,,3XL,,,,0.0,shopify,99999,continue,manual,49.95,71.95,true,true,https://cdn.shopify.com/s/files/1/1074/0200/2757/files/Women_s_Linen_Shirt_with_Cotton_Blend_for_SummerVF.jpg?v=1789031465,,,
womens-linen-shirt-with-cotton-blend-for-summer,,,White,,S,,,,0.0,shopify,99998,continue,manual,49.95,71.95,true,true,https://cdn.shopify.com/s/files/1/1074/0200/2757/files/Women_s_Linen_Shirt_with_Cotton_Blend_for_SummerK.jpg?v=1789031475,,,
womens-linen-shirt-with-cotton-blend-for-summer,,,White,,M,,,,0.0,shopify,99999,continue,manual,49.95,71.95,true,true,https://cdn.shopify.com/s/files/1/1074/0200/2757/files/Women_s_Linen_Shirt_with_Cotton_Blend_for_SummerK.jpg?v=1789031475,,,
womens-linen-shirt-with-cotton-blend-for-summer,,,White,,L,,,,0.0,shopify,99999,continue,manual,49.95,71.95,true,true,https://cdn.shopify.com/s/files/1/1074/0200/2757/files/Women_s_Linen_Shirt_with_Cotton_Blend_for_SummerK.jpg?v=1789031475,,,
womens-linen-shirt-with-cotton-blend-for-summer,,,White,,XL,,,,0.0,shopify,99999,continue,manual,49.95,71.95,true,true,https://cdn.shopify.com/s/files/1/1074/0200/2757/files/Women_s_Linen_Shirt_with_Cotton_Blend_for_SummerK.jpg?v=1789031475,,,
womens-linen-shirt-with-cotton-blend-for-summer,,,White,,2XL,,,,0.0,shopify,99999,continue,manual,49.95,71.95,true,true,https://cdn.shopify.com/s/files/1/1074/0200/2757/files/Women_s_Linen_Shirt_with_Cotton_Blend_for_SummerK.jpg?v=1789031475,,,
womens-linen-shirt-with-cotton-blend-for-summer,,,White,,3XL,,,,0.0,shopify,99999,continue,manual,49.95,71.95,true,true,https://cdn.shopify.com/s/files/1/1074/0200/2757/files/Women_s_Linen_Shirt_with_Cotton_Blend_for_SummerK.jpg?v=1789031475,,,
womens-linen-shirt-with-cotton-blend-for-summer,,,Orange,,S,,,,0.0,shopify,99998,continue,manual,49.95,71.95,true,true,https://cdn.shopify.com/s/files/1/1074/0200/2757/files/Women_s_Linen_Shirt_with_Cotton_Blend_for_SummerXZA.jpg?v=1789031483,,,
womens-linen-shirt-with-cotton-blend-for-summer,,,Orange,,M,,,,0.0,shopify,99999,continue,manual,49.95,71.95,true,true,https://cdn.shopify.com/s/files/1/1074/0200/2757/files/Women_s_Linen_Shirt_with_Cotton_Blend_for_SummerXZA.jpg?v=1789031483,,,
womens-linen-shirt-with-cotton-blend-for-summer,,,Orange,,L,,,,0.0,shopify,99999,continue,manual,49.95,71.95,true,true,https://cdn.shopify.com/s/files/1/1074/0200/2757/files/Women_s_Linen_Shirt_with_Cotton_Blend_for_SummerXZA.jpg?v=1789031483,,,
womens-linen-shirt-with-cotton-blend-for-summer,,,Orange,,XL,,,,0.0,shopify,99999,continue,manual,49.95,71.95,true,true,https://cdn.shopify.com/s/files/1/1074/0200/2757/files/Women_s_Linen_Shirt_with_Cotton_Blend_for_SummerXZA.jpg?v=1789031483,,,
womens-linen-shirt-with-cotton-blend-for-summer,,,Orange,,2XL,,,,0.0,shopify,99999,continue,manual,49.95,71.95,true,true,https://cdn.shopify.com/s/files/1/1074/0200/2757/files/Women_s_Linen_Shirt_with_Cotton_Blend_for_SummerXZA.jpg?v=1789031483,,,
womens-linen-shirt-with-cotton-blend-for-summer,,,Orange,,3XL,,,,0.0,shopify,99999,continue,manual,49.95,71.95,true,true,https://cdn.shopify.com/s/files/1/1074/0200/2757/files/Women_s_Linen_Shirt_with_Cotton_Blend_for_SummerXZA.jpg?v=1789031483,,,
womens-linen-shirt-with-cotton-blend-for-summer,,,Malachite Green,,S,,,,0.0,shopify,99999,continue,manual,49.95,71.95,true,true,https://cdn.shopify.com/s/files/1/1074/0200/2757/files/Women_s_Linen_Shirt_with_Cotton_BGlend_for_SummerVF.jpg?v=1789031503,,,
womens-linen-shirt-with-cotton-blend-for-summer,,,Malachite Green,,M,,,,0.0,shopify,99999,continue,manual,49.95,71.95,true,true,https://cdn.shopify.com/s/files/1/1074/0200/2757/files/Women_s_Linen_Shirt_with_Cotton_BGlend_for_SummerVF.jpg?v=1789031503,,,
womens-linen-shirt-with-cotton-blend-for-summer,,,Malachite Green,,L,,,,0.0,shopify,99999,continue,manual,49.95,71.95,true,true,https://cdn.shopify.com/s/files/1/1074/0200/2757/files/Women_s_Linen_Shirt_with_Cotton_BGlend_for_SummerVF.jpg?v=1789031503,,,
womens-linen-shirt-with-cotton-blend-for-summer,,,Malachite Green,,XL,,,,0.0,shopify,99999,continue,manual,49.95,71.95,true,true,https://cdn.shopify.com/s/files/1/1074/0200/2757/files/Women_s_Linen_Shirt_with_Cotton_BGlend_for_SummerVF.jpg?v=1789031503,,,
womens-linen-shirt-with-cotton-blend-for-summer,,,Malachite Green,,2XL,,,,0.0,shopify,99999,continue,manual,49.95,71.95,true,true,https://cdn.shopify.com/s/files/1/1074/0200/2757/files/Women_s_Linen_Shirt_with_Cotton_BGlend_for_SummerVF.jpg?v=1789031503,,,
womens-linen-shirt-with-cotton-blend-for-summer,,,Malachite Green,,3XL,,,,0.0,shopify,99999,continue,manual,49.95,71.95,true,true,https://cdn.shopify.com/s/files/1/1074/0200/2757/files/Women_s_Linen_Shirt_with_Cotton_BGlend_for_SummerVF.jpg?v=1789031503,,,
womens-linen-shirt-with-cotton-blend-for-summer,,,Black,,S,,,,0.0,shopify,99999,continue,manual,49.95,71.95,true,true,https://cdn.shopify.com/s/files/1/1074/0200/2757/files/Women_s_Linen_Shirt_with_Cotton_Blend_for_SummerXSD.jpg?v=1789031513,,,
womens-linen-shirt-with-cotton-blend-for-summer,,,Black,,M,,,,0.0,shopify,99999,continue,manual,49.95,71.95,true,true,https://cdn.shopify.com/s/files/1/1074/0200/2757/files/Women_s_Linen_Shirt_with_Cotton_Blend_for_SummerXSD.jpg?v=1789031513,,,
womens-linen-shirt-with-cotton-blend-for-summer,,,Black,,L,,,,0.0,shopify,99999,continue,manual,49.95,71.95,true,true,https://cdn.shopify.com/s/files/1/1074/0200/2757/files/Women_s_Linen_Shirt_with_Cotton_Blend_for_SummerXSD.jpg?v=1789031513,,,
womens-linen-shirt-with-cotton-blend-for-summer,,,Black,,XL,,,,0.0,shopify,99999,continue,manual,49.95,71.95,true,true,https://cdn.shopify.com/s/files/1/1074/0200/2757/files/Women_s_Linen_Shirt_with_Cotton_Blend_for_SummerXSD.jpg?v=1789031513,,,
womens-linen-shirt-with-cotton-blend-for-summer,,,Black,,2XL,,,,0.0,shopify,99999,continue,manual,49.95,71.95,true,true,https://cdn.shopify.com/s/files/1/1074/0200/2757/files/Women_s_Linen_Shirt_with_Cotton_Blend_for_SummerXSD.jpg?v=1789031513,,,
womens-linen-shirt-with-cotton-blend-for-summer,,,Black,,3XL,,,,0.0,shopify,99999,continue,manual,49.95,71.95,true,true,https://cdn.shopify.com/s/files/1/1074/0200/2757/files/Women_s_Linen_Shirt_with_Cotton_Blend_for_SummerXSD.jpg?v=1789031513,,,
womens-linen-shirt-with-cotton-blend-for-summer,,,Yellow,,S,,,,0.0,shopify,99999,continue,manual,49.95,71.95,true,true,https://cdn.shopify.com/s/files/1/1074/0200/2757/files/Women_s_Linen_Shirt_with_Cotton_Blend_for_SummerMK.jpg?v=1789031520,,,
womens-linen-shirt-with-cotton-blend-for-summer,,,Yellow,,M,,,,0.0,shopify,99999,continue,manual,49.95,71.95,true,true,https://cdn.shopify.com/s/files/1/1074/0200/2757/files/Women_s_Linen_Shirt_with_Cotton_Blend_for_SummerMK.jpg?v=1789031520,,,
womens-linen-shirt-with-cotton-blend-for-summer,,,Yellow,,L,,,,0.0,shopify,99999,continue,manual,49.95,71.95,true,true,https://cdn.shopify.com/s/files/1/1074/0200/2757/files/Women_s_Linen_Shirt_with_Cotton_Blend_for_SummerMK.jpg?v=1789031520,,,
womens-linen-shirt-with-cotton-blend-for-summer,,,Yellow,,XL,,,,0.0,shopify,99999,continue,manual,49.95,71.95,true,true,https://cdn.shopify.com/s/files/1/1074/0200/2757/files/Women_s_Linen_Shirt_with_Cotton_Blend_for_SummerMK.jpg?v=1789031520,,,
womens-linen-shirt-with-cotton-blend-for-summer,,,Yellow,,2XL,,,,0.0,shopify,99999,continue,manual,49.95,71.95,true,true,https://cdn.shopify.com/s/files/1/1074/0200/2757/files/Women_s_Linen_Shirt_with_Cotton_Blend_for_SummerMK.jpg?v=1789031520,,,
womens-linen-shirt-with-cotton-blend-for-summer,,,Yellow,,3XL,,,,0.0,shopify,99999,continue,manual,49.95,71.95,true,true,https://cdn.shopify.com/s/files/1/1074/0200/2757/files/Women_s_Linen_Shirt_with_Cotton_Blend_for_SummerMK.jpg?v=1789031520,,,
womens-linen-shirt-with-cotton-blend-for-summer,,,Navy Blue,,S,,,,0.0,shopify,99999,continue,manual,49.95,71.95,true,true,https://cdn.shopify.com/s/files/1/1074/0200/2757/files/Women_s_Linen_Shirt_with_Cotton_Blend_for_SummerXS.jpg?v=1789031530,,,
womens-linen-shirt-with-cotton-blend-for-summer,,,Navy Blue,,M,,,,0.0,shopify,99999,continue,manual,49.95,71.95,true,true,https://cdn.shopify.com/s/files/1/1074/0200/2757/files/Women_s_Linen_Shirt_with_Cotton_Blend_for_SummerXS.jpg?v=1789031530,,,
womens-linen-shirt-with-cotton-blend-for-summer,,,Navy Blue,,L,,,,0.0,shopify,99999,continue,manual,49.95,71.95,true,true,https://cdn.shopify.com/s/files/1/1074/0200/2757/files/Women_s_Linen_Shirt_with_Cotton_Blend_for_SummerXS.jpg?v=1789031530,,,
womens-linen-shirt-with-cotton-blend-for-summer,,,Navy Blue,,XL,,,,0.0,shopify,99999,continue,manual,49.95,71.95,true,true,https://cdn.shopify.com/s/files/1/1074/0200/2757/files/Women_s_Linen_Shirt_with_Cotton_Blend_for_SummerXS.jpg?v=1789031530,,,
womens-linen-shirt-with-cotton-blend-for-summer,,,Navy Blue,,2XL,,,,0.0,shopify,99999,continue,manual,49.95,71.95,true,true,https://cdn.shopify.com/s/files/1/1074/0200/2757/files/Women_s_Linen_Shirt_with_Cotton_Blend_for_SummerXS.jpg?v=1789031530,,,
womens-linen-shirt-with-cotton-blend-for-summer,,,Navy Blue,,3XL,,,,0.0,shopify,99999,continue,manual,49.95,71.95,true,true,https://cdn.shopify.com/s/files/1/1074/0200/2757/files/Women_s_Linen_Shirt_with_Cotton_Blend_for_SummerXS.jpg?v=1789031530,,,
womens-linen-shirt-with-cotton-blend-for-summer,,,Pink,,S,,,,0.0,shopify,99999,continue,manual,49.95,71.95,true,true,https://cdn.shopify.com/s/files/1/1074/0200/2757/files/Women_s_Linen_Shirt_with_Cotton_Blend_for_SummerVG.jpg?v=1789031538,,,
womens-linen-shirt-with-cotton-blend-for-summer,,,Pink,,M,,,,0.0,shopify,99999,continue,manual,49.95,71.95,true,true,https://cdn.shopify.com/s/files/1/1074/0200/2757/files/Women_s_Linen_Shirt_with_Cotton_Blend_for_SummerVG.jpg?v=1789031538,,,
womens-linen-shirt-with-cotton-blend-for-summer,,,Pink,,L,,,,0.0,shopify,99999,continue,manual,49.95,71.95,true,true,https://cdn.shopify.com/s/files/1/1074/0200/2757/files/Women_s_Linen_Shirt_with_Cotton_Blend_for_SummerVG.jpg?v=1789031538,,,
womens-linen-shirt-with-cotton-blend-for-summer,,,Pink,,XL,,,,0.0,shopify,99999,continue,manual,49.95,71.95,true,true,https://cdn.shopify.com/s/files/1/1074/0200/2757/files/Women_s_Linen_Shirt_with_Cotton_Blend_for_SummerVG.jpg?v=1789031538,,,
womens-linen-shirt-with-cotton-blend-for-summer,,,Pink,,2XL,,,,0.0,shopify,99999,continue,manual,49.95,71.95,true,true,https://cdn.shopify.com/s/files/1/1074/0200/2757/files/Women_s_Linen_Shirt_with_Cotton_Blend_for_SummerVG.jpg?v=1789031538,,,
womens-linen-shirt-with-cotton-blend-for-summer,,,Pink,,3XL,,,,0.0,shopify,99999,continue,manual,49.95,71.95,true,true,https://cdn.shopify.com/s/files/1/1074/0200/2757/files/Women_s_Linen_Shirt_with_Cotton_Blend_for_SummerVG.jpg?v=1789031538,,,
womens-linen-shirt-with-cotton-blend-for-summer,,,Brown,,S,,,,0.0,shopify,99999,continue,manual,49.95,71.95,true,true,https://cdn.shopify.com/s/files/1/1074/0200/2757/files/Women_s_Linen_Shirt_with_Cotton_Blend_for_SummerVJ.jpg?v=1789031545,,,
womens-linen-shirt-with-cotton-blend-for-summer,,,Brown,,M,,,,0.0,shopify,99999,continue,manual,49.95,71.95,true,true,https://cdn.shopify.com/s/files/1/1074/0200/2757/files/Women_s_Linen_Shirt_with_Cotton_Blend_for_SummerVJ.jpg?v=1789031545,,,
womens-linen-shirt-with-cotton-blend-for-summer,,,Brown,,L,,,,0.0,shopify,99998,continue,manual,49.95,71.95,true,true,https://cdn.shopify.com/s/files/1/1074/0200/2757/files/Women_s_Linen_Shirt_with_Cotton_Blend_for_SummerVJ.jpg?v=1789031545,,,
womens-linen-shirt-with-cotton-blend-for-summer,,,Brown,,XL,,,,0.0,shopify,99999,continue,manual,49.95,71.95,true,true,https://cdn.shopify.com/s/files/1/1074/0200/2757/files/Women_s_Linen_Shirt_with_Cotton_Blend_for_SummerVJ.jpg?v=1789031545,,,
womens-linen-shirt-with-cotton-blend-for-summer,,,Brown,,2XL,,,,0.0,shopify,99999,continue,manual,49.95,71.95,true,true,https://cdn.shopify.com/s/files/1/1074/0200/2757/files/Women_s_Linen_Shirt_with_Cotton_Blend_for_SummerVJ.jpg?v=1789031545,,,
womens-linen-shirt-with-cotton-blend-for-summer,,,Brown,,3XL,,,,0.0,shopify,99999,continue,manual,49.95,71.95,true,true,https://cdn.shopify.com/s/files/1/1074/0200/2757/files/Women_s_Linen_Shirt_with_Cotton_Blend_for_SummerVJ.jpg?v=1789031545,,,
womens-linen-shirt-with-cotton-blend-for-summer,,,,,,,,,,,,,,,,,,,https://cdn.shopify.com/s/files/1/1074/0200/2757/files/Women_s_Linen_Shirt_with_Cotton_Blend_for_SummerVF.jpg?v=1789031465,1,Women's Linen Shirt with Cotton Blend for Summer
womens-linen-shirt-with-cotton-blend-for-summer,,,,,,,,,,,,,,,,,,,https://cdn.shopify.com/s/files/1/1074/0200/2757/files/Women_s_Linen_Shirt_with_Cotton_Blend_for_SummerK.jpg?v=1789031475,2,Women's Linen Shirt with Cotton Blend for Summer
womens-linen-shirt-with-cotton-blend-for-summer,,,,,,,,,,,,,,,,,,,https://cdn.shopify.com/s/files/1/1074/0200/2757/files/Women_s_Linen_Shirt_with_Cotton_Blend_for_SummerXZA.jpg?v=1789031483,3,Women's Linen Shirt with Cotton Blend for Summer
womens-linen-shirt-with-cotton-blend-for-summer,,,,,,,,,,,,,,,,,,,https://cdn.shopify.com/s/files/1/1074/0200/2757/files/Women_s_Linen_Shirt_with_Cotton_BGlend_for_SummerVF.jpg?v=1789031503,4,Women's Linen Shirt with Cotton Blend for Summer
womens-linen-shirt-with-cotton-blend-for-summer,,,,,,,,,,,,,,,,,,,https://cdn.shopify.com/s/files/1/1074/0200/2757/files/Women_s_Linen_Shirt_with_Cotton_Blend_for_SummerXSD.jpg?v=1789031513,5,Women's Linen Shirt with Cotton Blend for Summer
womens-linen-shirt-with-cotton-blend-for-summer,,,,,,,,,,,,,,,,,,,https://cdn.shopify.com/s/files/1/1074/0200/2757/files/Women_s_Linen_Shirt_with_Cotton_Blend_for_SummerMK.jpg?v=1789031520,6,Women's Linen Shirt with Cotton Blend for Summer
womens-linen-shirt-with-cotton-blend-for-summer,,,,,,,,,,,,,,,,,,,https://cdn.shopify.com/s/files/1/1074/0200/2757/files/Women_s_Linen_Shirt_with_Cotton_Blend_for_SummerXS.jpg?v=1789031530,7,Women's Linen Shirt with Cotton Blend for Summer
womens-linen-shirt-with-cotton-blend-for-summer,,,,,,,,,,,,,,,,,,,https://cdn.shopify.com/s/files/1/1074/0200/2757/files/Women_s_Linen_Shirt_with_Cotton_Blend_for_SummerVG.jpg?v=1789031538,8,Women's Linen Shirt with Cotton Blend for Summer
womens-linen-shirt-with-cotton-blend-for-summer,,,,,,,,,,,,,,,,,,,https://cdn.shopify.com/s/files/1/1074/0200/2757/files/Women_s_Linen_Shirt_with_Cotton_Blend_for_SummerVJ.jpg?v=1789031545,9,Women's Linen Shirt with Cotton Blend for Summer
womens-linen-blouse-with-linen-blend-elegant,Women's Linen Blouse with Linen Blend Elegant,Color,Blue,Size,S,,,,0.0,shopify,99999,continue,manual,34.95,49.95,true,true,https://cdn.shopify.com/s/files/1/1074/0200/2757/files/Women_s_Linen_Blouse_with_Linen_Blend_Elegantsw.png?v=1788951507,,,
womens-linen-blouse-with-linen-blend-elegant,,,Blue,,M,,,,0.0,shopify,99999,continue,manual,34.95,49.95,true,true,https://cdn.shopify.com/s/files/1/1074/0200/2757/files/Women_s_Linen_Blouse_with_Linen_Blend_Elegantsw.png?v=1788951507,,,
womens-linen-blouse-with-linen-blend-elegant,,,Blue,,L,,,,0.0,shopify,99999,continue,manual,34.95,49.95,true,true,https://cdn.shopify.com/s/files/1/1074/0200/2757/files/Women_s_Linen_Blouse_with_Linen_Blend_Elegantsw.png?v=1788951507,,,
womens-linen-blouse-with-linen-blend-elegant,,,Blue,,XL,,,,0.0,shopify,99999,continue,manual,34.95,49.95,true,true,https://cdn.shopify.com/s/files/1/1074/0200/2757/files/Women_s_Linen_Blouse_with_Linen_Blend_Elegantsw.png?v=1788951507,,,
womens-linen-blouse-with-linen-blend-elegant,,,Blue,,2XL,,,,0.0,shopify,99999,continue,manual,34.95,49.95,true,true,https://cdn.shopify.com/s/files/1/1074/0200/2757/files/Women_s_Linen_Blouse_with_Linen_Blend_Elegantsw.png?v=1788951507,,,
womens-linen-blouse-with-linen-blend-elegant,,,Blue,,3XL,,,,0.0,shopify,99999,continue,manual,34.95,49.95,true,true,https://cdn.shopify.com/s/files/1/1074/0200/2757/files/Women_s_Linen_Blouse_with_Linen_Blend_Elegantsw.png?v=1788951507,,,
womens-linen-blouse-with-linen-blend-elegant,,,Pink,,S,,,,0.0,shopify,99999,continue,manual,34.95,49.95,true,true,https://cdn.shopify.com/s/files/1/1074/0200/2757/files/Women_s_Linen_Blouse_with_Linen_Blend_Elegantdf.png?v=1788951498,,,
womens-linen-blouse-with-linen-blend-elegant,,,Pink,,M,,,,0.0,shopify,99998,continue,manual,34.95,49.95,true,true,https://cdn.shopify.com/s/files/1/1074/0200/2757/files/Women_s_Linen_Blouse_with_Linen_Blend_Elegantdf.png?v=1788951498,,,
womens-linen-blouse-with-linen-blend-elegant,,,Pink,,L,,,,0.0,shopify,99999,continue,manual,34.95,49.95,true,true,https://cdn.shopify.com/s/files/1/1074/0200/2757/files/Women_s_Linen_Blouse_with_Linen_Blend_Elegantdf.png?v=1788951498,,,
womens-linen-blouse-with-linen-blend-elegant,,,Pink,,XL,,,,0.0,shopify,99999,continue,manual,34.95,49.95,true,true,https://cdn.shopify.com/s/files/1/1074/0200/2757/files/Women_s_Linen_Blouse_with_Linen_Blend_Elegantdf.png?v=1788951498,,,
womens-linen-blouse-with-linen-blend-elegant,,,Pink,,2XL,,,,0.0,shopify,99999,continue,manual,34.95,49.95,true,true,https://cdn.shopify.com/s/files/1/1074/0200/2757/files/Women_s_Linen_Blouse_with_Linen_Blend_Elegantdf.png?v=1788951498,,,
womens-linen-blouse-with-linen-blend-elegant,,,Pink,,3XL,,,,0.0,shopify,99999,continue,manual,34.95,49.95,true,true,https://cdn.shopify.com/s/files/1/1074/0200/2757/files/Women_s_Linen_Blouse_with_Linen_Blend_Elegantdf.png?v=1788951498,,,
womens-linen-blouse-with-linen-blend-elegant,,,White,,S,,,,0.0,shopify,99999,continue,manual,34.95,49.95,true,true,https://cdn.shopify.com/s/files/1/1074/0200/2757/files/Women_s_Linen_Blouse_with_Linen_Blend_Elegantcb.png?v=1788951517,,,
womens-linen-blouse-with-linen-blend-elegant,,,White,,M,,,,0.0,shopify,99999,continue,manual,34.95,49.95,true,true,https://cdn.shopify.com/s/files/1/1074/0200/2757/files/Women_s_Linen_Blouse_with_Linen_Blend_Elegantcb.png?v=1788951517,,,
womens-linen-blouse-with-linen-blend-elegant,,,White,,L,,,,0.0,shopify,99999,continue,manual,34.95,49.95,true,true,https://cdn.shopify.com/s/files/1/1074/0200/2757/files/Women_s_Linen_Blouse_with_Linen_Blend_Elegantcb.png?v=1788951517,,,
womens-linen-blouse-with-linen-blend-elegant,,,White,,XL,,,,0.0,shopify,99999,continue,manual,34.95,49.95,true,true,https://cdn.shopify.com/s/files/1/1074/0200/2757/files/Women_s_Linen_Blouse_with_Linen_Blend_Elegantcb.png?v=1788951517,,,
womens-linen-blouse-with-linen-blend-elegant,,,White,,2XL,,,,0.0,shopify,99999,continue,manual,34.95,49.95,true,true,https://cdn.shopify.com/s/files/1/1074/0200/2757/files/Women_s_Linen_Blouse_with_Linen_Blend_Elegantcb.png?v=1788951517,,,
womens-linen-blouse-with-linen-blend-elegant,,,White,,3XL,,,,0.0,shopify,99999,continue,manual,34.95,49.95,true,true,https://cdn.shopify.com/s/files/1/1074/0200/2757/files/Women_s_Linen_Blouse_with_Linen_Blend_Elegantcb.png?v=1788951517,,,
womens-linen-blouse-with-linen-blend-elegant,,,Brown,,S,,,,0.0,shopify,99999,continue,manual,34.95,49.95,true,true,https://cdn.shopify.com/s/files/1/1074/0200/2757/files/Women_s_Linen_Blouse_with_Linen_Blend_Elegantsd.png?v=1788951542,,,
womens-linen-blouse-with-linen-blend-elegant,,,Brown,,M,,,,0.0,shopify,99999,continue,manual,34.95,49.95,true,true,https://cdn.shopify.com/s/files/1/1074/0200/2757/files/Women_s_Linen_Blouse_with_Linen_Blend_Elegantsd.png?v=1788951542,,,
womens-linen-blouse-with-linen-blend-elegant,,,Brown,,L,,,,0.0,shopify,99999,continue,manual,34.95,49.95,true,true,https://cdn.shopify.com/s/files/1/1074/0200/2757/files/Women_s_Linen_Blouse_with_Linen_Blend_Elegantsd.png?v=1788951542,,,
womens-linen-blouse-with-linen-blend-elegant,,,Brown,,XL,,,,0.0,shopify,99999,continue,manual,34.95,49.95,true,true,https://cdn.shopify.com/s/files/1/1074/0200/2757/files/Women_s_Linen_Blouse_with_Linen_Blend_Elegantsd.png?v=1788951542,,,
womens-linen-blouse-with-linen-blend-elegant,,,Brown,,2XL,,,,0.0,shopify,99999,continue,manual,34.95,49.95,true,true,https://cdn.shopify.com/s/files/1/1074/0200/2757/files/Women_s_Linen_Blouse_with_Linen_Blend_Elegantsd.png?v=1788951542,,,
womens-linen-blouse-with-linen-blend-elegant,,,Brown,,3XL,,,,0.0,shopify,99999,continue,manual,34.95,49.95,true,true,https://cdn.shopify.com/s/files/1/1074/0200/2757/files/Women_s_Linen_Blouse_with_Linen_Blend_Elegantsd.png?v=1788951542,,,
womens-linen-blouse-with-linen-blend-elegant,,,Green,,S,,,,0.0,shopify,99999,continue,manual,34.95,49.95,true,true,https://cdn.shopify.com/s/files/1/1074/0200/2757/files/Women_s_Linen_Blouse_with_Linen_Blend_Elegantdc.png?v=1788951526,,,
womens-linen-blouse-with-linen-blend-elegant,,,Green,,M,,,,0.0,shopify,99999,continue,manual,34.95,49.95,true,true,https://cdn.shopify.com/s/files/1/1074/0200/2757/files/Women_s_Linen_Blouse_with_Linen_Blend_Elegantdc.png?v=1788951526,,,
womens-linen-blouse-with-linen-blend-elegant,,,Green,,L,,,,0.0,shopify,99999,continue,manual,34.95,49.95,true,true,https://cdn.shopify.com/s/files/1/1074/0200/2757/files/Women_s_Linen_Blouse_with_Linen_Blend_Elegantdc.png?v=1788951526,,,
womens-linen-blouse-with-linen-blend-elegant,,,Green,,XL,,,,0.0,shopify,99999,continue,manual,34.95,49.95,true,true,https://cdn.shopify.com/s/files/1/1074/0200/2757/files/Women_s_Linen_Blouse_with_Linen_Blend_Elegantdc.png?v=1788951526,,,
womens-linen-blouse-with-linen-blend-elegant,,,Green,,2XL,,,,0.0,shopify,99999,continue,manual,34.95,49.95,true,true,https://cdn.shopify.com/s/files/1/1074/0200/2757/files/Women_s_Linen_Blouse_with_Linen_Blend_Elegantdc.png?v=1788951526,,,
womens-linen-blouse-with-linen-blend-elegant,,,Green,,3XL,,,,0.0,shopify,99999,continue,manual,34.95,49.95,true,true,https://cdn.shopify.com/s/files/1/1074/0200/2757/files/Women_s_Linen_Blouse_with_Linen_Blend_Elegantdc.png?v=1788951526,,,
womens-linen-blouse-with-linen-blend-elegant,,,Yellow,,S,,,,0.0,shopify,99999,continue,manual,34.95,49.95,true,true,https://cdn.shopify.com/s/files/1/1074/0200/2757/files/Women_s_Linen_Blouse_with_Linen_Blend_Elegantse.png?v=1788951534,,,
womens-linen-blouse-with-linen-blend-elegant,,,Yellow,,M,,,,0.0,shopify,99998,continue,manual,34.95,49.95,true,true,https://cdn.shopify.com/s/files/1/1074/0200/2757/files/Women_s_Linen_Blouse_with_Linen_Blend_Elegantse.png?v=1788951534,,,
womens-linen-blouse-with-linen-blend-elegant,,,Yellow,,L,,,,0.0,shopify,99999,continue,manual,34.95,49.95,true,true,https://cdn.shopify.com/s/files/1/1074/0200/2757/files/Women_s_Linen_Blouse_with_Linen_Blend_Elegantse.png?v=1788951534,,,
womens-linen-blouse-with-linen-blend-elegant,,,Yellow,,XL,,,,0.0,shopify,99999,continue,manual,34.95,49.95,true,true,https://cdn.shopify.com/s/files/1/1074/0200/2757/files/Women_s_Linen_Blouse_with_Linen_Blend_Elegantse.png?v=1788951534,,,
womens-linen-blouse-with-linen-blend-elegant,,,Yellow,,2XL,,,,0.0,shopify,99999,continue,manual,34.95,49.95,true,true,https://cdn.shopify.com/s/files/1/1074/0200/2757/files/Women_s_Linen_Blouse_with_Linen_Blend_Elegantse.png?v=1788951534,,,
womens-linen-blouse-with-linen-blend-elegant,,,Yellow,,3XL,,,,0.0,shopify,99999,continue,manual,34.95,49.95,true,true,https://cdn.shopify.com/s/files/1/1074/0200/2757/files/Women_s_Linen_Blouse_with_Linen_Blend_Elegantse.png?v=1788951534,,,
womens-linen-blouse-with-linen-blend-elegant,,,,,,,,,,,,,,,,,,,https://cdn.shopify.com/s/files/1/1074/0200/2757/files/Women_s_Linen_Blouse_with_Linen_Blend_Elegantdf.png?v=1788951498,1,Women's Linen Blouse with Linen Blend Elegant
womens-linen-blouse-with-linen-blend-elegant,,,,,,,,,,,,,,,,,,,https://cdn.shopify.com/s/files/1/1074/0200/2757/files/Women_s_Linen_Blouse_with_Linen_Blend_Elegantsw.png?v=1788951507,2,Women's Linen Blouse with Linen Blend Elegant
womens-linen-blouse-with-linen-blend-elegant,,,,,,,,,,,,,,,,,,,https://cdn.shopify.com/s/files/1/1074/0200/2757/files/Women_s_Linen_Blouse_with_Linen_Blend_Elegantcb.png?v=1788951517,3,Women's Linen Blouse with Linen Blend Elegant
womens-linen-blouse-with-linen-blend-elegant,,,,,,,,,,,,,,,,,,,https://cdn.shopify.com/s/files/1/1074/0200/2757/files/Women_s_Linen_Blouse_with_Linen_Blend_Elegantdc.png?v=1788951526,4,Women's Linen Blouse with Linen Blend Elegant
womens-linen-blouse-with-linen-blend-elegant,,,,,,,,,,,,,,,,,,,https://cdn.shopify.com/s/files/1/1074/0200/2757/files/Women_s_Linen_Blouse_with_Linen_Blend_Elegantse.png?v=1788951534,5,Women's Linen Blouse with Linen Blend Elegant
womens-linen-blouse-with-linen-blend-elegant,,,,,,,,,,,,,,,,,,,https://cdn.shopify.com/s/files/1/1074/0200/2757/files/Women_s_Linen_Blouse_with_Linen_Blend_Elegantsd.png?v=1788951542,6,Women's Linen Blouse with Linen Blend Elegant
womens-linen-blouse-with-linen-blend-elegant,,,,,,,,,,,,,,,,,,,https://cdn.shopify.com/s/files/1/1074/0200/2757/files/Women_s_Linen_Blouse_with_Linen_Blend_Elegantza.png?v=1788951552,7,Women's Linen Blouse with Linen Blend Elegant
