Handle,Title,Option1 Name,Option1 Value,Option2 Name,Option2 Value,Option3 Name,Option3 Value,SKU,HS Code,COO,Location,Bin name,Incoming (not editable),Unavailable (not editable),Committed (not editable),Available (not editable),On hand (current),On hand (new)
damskie-wysokie-kozaki-z-paskiem-i-klamra,Damskie wysokie kozaki z paskiem i klamrą,Kolor,Ciemnobrązowy,Rozmiar,36,,,,,,Merseloseweg 62-A,,,,,,,9999
damskie-wysokie-kozaki-z-paskiem-i-klamra,Damskie wysokie kozaki z paskiem i klamrą,Kolor,Ciemnobrązowy,Rozmiar,37,,,,,,Merseloseweg 62-A,,,,,,,9999
damskie-wysokie-kozaki-z-paskiem-i-klamra,Damskie wysokie kozaki z paskiem i klamrą,Kolor,Ciemnobrązowy,Rozmiar,38,,,,,,Merseloseweg 62-A,,,,,,,9999
damskie-wysokie-kozaki-z-paskiem-i-klamra,Damskie wysokie kozaki z paskiem i klamrą,Kolor,Ciemnobrązowy,Rozmiar,39,,,,,,Merseloseweg 62-A,,,,,,,9999
damskie-wysokie-kozaki-z-paskiem-i-klamra,Damskie wysokie kozaki z paskiem i klamrą,Kolor,Ciemnobrązowy,Rozmiar,40,,,,,,Merseloseweg 62-A,,,,,,,9999
damskie-wysokie-kozaki-z-paskiem-i-klamra,Damskie wysokie kozaki z paskiem i klamrą,Kolor,Ciemnobrązowy,Rozmiar,41,,,,,,Merseloseweg 62-A,,,,,,,9999
damskie-wysokie-kozaki-z-paskiem-i-klamra,Damskie wysokie kozaki z paskiem i klamrą,Kolor,Ciemnobrązowy,Rozmiar,42,,,,,,Merseloseweg 62-A,,,,,,,9999
damskie-wysokie-kozaki-z-paskiem-i-klamra,Damskie wysokie kozaki z paskiem i klamrą,Kolor,Czarny,Rozmiar,36,,,,,,Merseloseweg 62-A,,,,,,,9999
damskie-wysokie-kozaki-z-paskiem-i-klamra,Damskie wysokie kozaki z paskiem i klamrą,Kolor,Czarny,Rozmiar,37,,,,,,Merseloseweg 62-A,,,,,,,9999
damskie-wysokie-kozaki-z-paskiem-i-klamra,Damskie wysokie kozaki z paskiem i klamrą,Kolor,Czarny,Rozmiar,38,,,,,,Merseloseweg 62-A,,,,,,,9999
damskie-wysokie-kozaki-z-paskiem-i-klamra,Damskie wysokie kozaki z paskiem i klamrą,Kolor,Czarny,Rozmiar,39,,,,,,Merseloseweg 62-A,,,,,,,9999
damskie-wysokie-kozaki-z-paskiem-i-klamra,Damskie wysokie kozaki z paskiem i klamrą,Kolor,Czarny,Rozmiar,40,,,,,,Merseloseweg 62-A,,,,,,,9999
damskie-wysokie-kozaki-z-paskiem-i-klamra,Damskie wysokie kozaki z paskiem i klamrą,Kolor,Czarny,Rozmiar,41,,,,,,Merseloseweg 62-A,,,,,,,9999
damskie-wysokie-kozaki-z-paskiem-i-klamra,Damskie wysokie kozaki z paskiem i klamrą,Kolor,Czarny,Rozmiar,42,,,,,,Merseloseweg 62-A,,,,,,,9999
damskie-wysokie-kozaki-z-paskiem-i-klamra,Damskie wysokie kozaki z paskiem i klamrą,Kolor,Granatowy,Rozmiar,36,,,,,,Merseloseweg 62-A,,,,,,,9999
damskie-wysokie-kozaki-z-paskiem-i-klamra,Damskie wysokie kozaki z paskiem i klamrą,Kolor,Granatowy,Rozmiar,37,,,,,,Merseloseweg 62-A,,,,,,,9999
damskie-wysokie-kozaki-z-paskiem-i-klamra,Damskie wysokie kozaki z paskiem i klamrą,Kolor,Granatowy,Rozmiar,38,,,,,,Merseloseweg 62-A,,,,,,,9999
damskie-wysokie-kozaki-z-paskiem-i-klamra,Damskie wysokie kozaki z paskiem i klamrą,Kolor,Granatowy,Rozmiar,39,,,,,,Merseloseweg 62-A,,,,,,,9999
damskie-wysokie-kozaki-z-paskiem-i-klamra,Damskie wysokie kozaki z paskiem i klamrą,Kolor,Granatowy,Rozmiar,40,,,,,,Merseloseweg 62-A,,,,,,,9999
damskie-wysokie-kozaki-z-paskiem-i-klamra,Damskie wysokie kozaki z paskiem i klamrą,Kolor,Granatowy,Rozmiar,41,,,,,,Merseloseweg 62-A,,,,,,,9999
damskie-wysokie-kozaki-z-paskiem-i-klamra,Damskie wysokie kozaki z paskiem i klamrą,Kolor,Granatowy,Rozmiar,42,,,,,,Merseloseweg 62-A,,,,,,,9999
damskie-wysokie-kozaki-z-paskiem-i-klamra,Damskie wysokie kozaki z paskiem i klamrą,Kolor,Zielony,Rozmiar,36,,,,,,Merseloseweg 62-A,,,,,,,9999
damskie-wysokie-kozaki-z-paskiem-i-klamra,Damskie wysokie kozaki z paskiem i klamrą,Kolor,Zielony,Rozmiar,37,,,,,,Merseloseweg 62-A,,,,,,,9999
damskie-wysokie-kozaki-z-paskiem-i-klamra,Damskie wysokie kozaki z paskiem i klamrą,Kolor,Zielony,Rozmiar,38,,,,,,Merseloseweg 62-A,,,,,,,9999
damskie-wysokie-kozaki-z-paskiem-i-klamra,Damskie wysokie kozaki z paskiem i klamrą,Kolor,Zielony,Rozmiar,39,,,,,,Merseloseweg 62-A,,,,,,,9999
damskie-wysokie-kozaki-z-paskiem-i-klamra,Damskie wysokie kozaki z paskiem i klamrą,Kolor,Zielony,Rozmiar,40,,,,,,Merseloseweg 62-A,,,,,,,9999
damskie-wysokie-kozaki-z-paskiem-i-klamra,Damskie wysokie kozaki z paskiem i klamrą,Kolor,Zielony,Rozmiar,41,,,,,,Merseloseweg 62-A,,,,,,,9999
damskie-wysokie-kozaki-z-paskiem-i-klamra,Damskie wysokie kozaki z paskiem i klamrą,Kolor,Zielony,Rozmiar,42,,,,,,Merseloseweg 62-A,,,,,,,9999
damskie-wysokie-kozaki-z-paskiem-i-klamra,Damskie wysokie kozaki z paskiem i klamrą,Kolor,Ciemnobrązowy,Rozmiar,43,,,,,,Merseloseweg 62-A,,,,,,,9999
damskie-wysokie-kozaki-z-paskiem-i-klamra,Damskie wysokie kozaki z paskiem i klamrą,Kolor,Czarny,Rozmiar,43,,,,,,Merseloseweg 62-A,,,,,,,9999
damskie-wysokie-kozaki-z-paskiem-i-klamra,Damskie wysokie kozaki z paskiem i klamrą,Kolor,Granatowy,Rozmiar,43,,,,,,Merseloseweg 62-A,,,,,,,9999
damskie-wysokie-kozaki-z-paskiem-i-klamra,Damskie wysokie kozaki z paskiem i klamrą,Kolor,Zielony,Rozmiar,43,,,,,,Merseloseweg 62-A,,,,,,,9999
damskie-botki-sznurowane-na-slupku-z-klamra,Damskie botki sznurowane na słupku z klamrą,Kolor,Czarny,Rozmiar,36,,,,,,Merseloseweg 62-A,,,,,,,9999
damskie-botki-sznurowane-na-slupku-z-klamra,Damskie botki sznurowane na słupku z klamrą,Kolor,Czarny,Rozmiar,37,,,,,,Merseloseweg 62-A,,,,,,,9999
damskie-botki-sznurowane-na-slupku-z-klamra,Damskie botki sznurowane na słupku z klamrą,Kolor,Czarny,Rozmiar,38,,,,,,Merseloseweg 62-A,,,,,,,9999
damskie-botki-sznurowane-na-slupku-z-klamra,Damskie botki sznurowane na słupku z klamrą,Kolor,Czarny,Rozmiar,39,,,,,,Merseloseweg 62-A,,,,,,,9999
damskie-botki-sznurowane-na-slupku-z-klamra,Damskie botki sznurowane na słupku z klamrą,Kolor,Czarny,Rozmiar,40,,,,,,Merseloseweg 62-A,,,,,,,9999
damskie-botki-sznurowane-na-slupku-z-klamra,Damskie botki sznurowane na słupku z klamrą,Kolor,Czarny,Rozmiar,41,,,,,,Merseloseweg 62-A,,,,,,,9999
damskie-botki-sznurowane-na-slupku-z-klamra,Damskie botki sznurowane na słupku z klamrą,Kolor,Czarny,Rozmiar,42,,,,,,Merseloseweg 62-A,,,,,,,9999
damskie-botki-sznurowane-na-slupku-z-klamra,Damskie botki sznurowane na słupku z klamrą,Kolor,Brązowy,Rozmiar,36,,,,,,Merseloseweg 62-A,,,,,,,9999
damskie-botki-sznurowane-na-slupku-z-klamra,Damskie botki sznurowane na słupku z klamrą,Kolor,Brązowy,Rozmiar,37,,,,,,Merseloseweg 62-A,,,,,,,9999
damskie-botki-sznurowane-na-slupku-z-klamra,Damskie botki sznurowane na słupku z klamrą,Kolor,Brązowy,Rozmiar,38,,,,,,Merseloseweg 62-A,,,,,,,9999
damskie-botki-sznurowane-na-slupku-z-klamra,Damskie botki sznurowane na słupku z klamrą,Kolor,Brązowy,Rozmiar,39,,,,,,Merseloseweg 62-A,,,,,,,9999
damskie-botki-sznurowane-na-slupku-z-klamra,Damskie botki sznurowane na słupku z klamrą,Kolor,Brązowy,Rozmiar,40,,,,,,Merseloseweg 62-A,,,,,,,9999
damskie-botki-sznurowane-na-slupku-z-klamra,Damskie botki sznurowane na słupku z klamrą,Kolor,Brązowy,Rozmiar,41,,,,,,Merseloseweg 62-A,,,,,,,9999
damskie-botki-sznurowane-na-slupku-z-klamra,Damskie botki sznurowane na słupku z klamrą,Kolor,Brązowy,Rozmiar,42,,,,,,Merseloseweg 62-A,,,,,,,9999
damskie-botki-sznurowane-na-slupku-z-klamra,Damskie botki sznurowane na słupku z klamrą,Kolor,Zielony wojskowy,Rozmiar,36,,,,,,Merseloseweg 62-A,,,,,,,9999
damskie-botki-sznurowane-na-slupku-z-klamra,Damskie botki sznurowane na słupku z klamrą,Kolor,Zielony wojskowy,Rozmiar,37,,,,,,Merseloseweg 62-A,,,,,,,9999
damskie-botki-sznurowane-na-slupku-z-klamra,Damskie botki sznurowane na słupku z klamrą,Kolor,Zielony wojskowy,Rozmiar,38,,,,,,Merseloseweg 62-A,,,,,,,9999
damskie-botki-sznurowane-na-slupku-z-klamra,Damskie botki sznurowane na słupku z klamrą,Kolor,Zielony wojskowy,Rozmiar,39,,,,,,Merseloseweg 62-A,,,,,,,9999
damskie-botki-sznurowane-na-slupku-z-klamra,Damskie botki sznurowane na słupku z klamrą,Kolor,Zielony wojskowy,Rozmiar,40,,,,,,Merseloseweg 62-A,,,,,,,9999
damskie-botki-sznurowane-na-slupku-z-klamra,Damskie botki sznurowane na słupku z klamrą,Kolor,Zielony wojskowy,Rozmiar,41,,,,,,Merseloseweg 62-A,,,,,,,9999
damskie-botki-sznurowane-na-slupku-z-klamra,Damskie botki sznurowane na słupku z klamrą,Kolor,Zielony wojskowy,Rozmiar,42,,,,,,Merseloseweg 62-A,,,,,,,9999
damskie-botki-sznurowane-na-slupku-z-klamra,Damskie botki sznurowane na słupku z klamrą,Kolor,Granatowy,Rozmiar,36,,,,,,Merseloseweg 62-A,,,,,,,9999
damskie-botki-sznurowane-na-slupku-z-klamra,Damskie botki sznurowane na słupku z klamrą,Kolor,Granatowy,Rozmiar,37,,,,,,Merseloseweg 62-A,,,,,,,9999
damskie-botki-sznurowane-na-slupku-z-klamra,Damskie botki sznurowane na słupku z klamrą,Kolor,Granatowy,Rozmiar,38,,,,,,Merseloseweg 62-A,,,,,,,9999
damskie-botki-sznurowane-na-slupku-z-klamra,Damskie botki sznurowane na słupku z klamrą,Kolor,Granatowy,Rozmiar,39,,,,,,Merseloseweg 62-A,,,,,,,9999
damskie-botki-sznurowane-na-slupku-z-klamra,Damskie botki sznurowane na słupku z klamrą,Kolor,Granatowy,Rozmiar,40,,,,,,Merseloseweg 62-A,,,,,,,9999
damskie-botki-sznurowane-na-slupku-z-klamra,Damskie botki sznurowane na słupku z klamrą,Kolor,Granatowy,Rozmiar,41,,,,,,Merseloseweg 62-A,,,,,,,9999
damskie-botki-sznurowane-na-slupku-z-klamra,Damskie botki sznurowane na słupku z klamrą,Kolor,Granatowy,Rozmiar,42,,,,,,Merseloseweg 62-A,,,,,,,9999
damskie-botki-sznurowane-na-slupku-z-klamra,Damskie botki sznurowane na słupku z klamrą,Kolor,Biały,Rozmiar,36,,,,,,Merseloseweg 62-A,,,,,,,9999
damskie-botki-sznurowane-na-slupku-z-klamra,Damskie botki sznurowane na słupku z klamrą,Kolor,Biały,Rozmiar,37,,,,,,Merseloseweg 62-A,,,,,,,9999
damskie-botki-sznurowane-na-slupku-z-klamra,Damskie botki sznurowane na słupku z klamrą,Kolor,Biały,Rozmiar,38,,,,,,Merseloseweg 62-A,,,,,,,9999
damskie-botki-sznurowane-na-slupku-z-klamra,Damskie botki sznurowane na słupku z klamrą,Kolor,Biały,Rozmiar,39,,,,,,Merseloseweg 62-A,,,,,,,9999
damskie-botki-sznurowane-na-slupku-z-klamra,Damskie botki sznurowane na słupku z klamrą,Kolor,Biały,Rozmiar,40,,,,,,Merseloseweg 62-A,,,,,,,9999
damskie-botki-sznurowane-na-slupku-z-klamra,Damskie botki sznurowane na słupku z klamrą,Kolor,Biały,Rozmiar,41,,,,,,Merseloseweg 62-A,,,,,,,9999
damskie-botki-sznurowane-na-slupku-z-klamra,Damskie botki sznurowane na słupku z klamrą,Kolor,Biały,Rozmiar,42,,,,,,Merseloseweg 62-A,,,,,,,9999
damskie-botki-sznurowane-na-slupku-z-klamra,Damskie botki sznurowane na słupku z klamrą,Kolor,Czarny,Rozmiar,43,,,,,,Merseloseweg 62-A,,,,,,,9999
damskie-botki-sznurowane-na-slupku-z-klamra,Damskie botki sznurowane na słupku z klamrą,Kolor,Brązowy,Rozmiar,43,,,,,,Merseloseweg 62-A,,,,,,,9999
damskie-botki-sznurowane-na-slupku-z-klamra,Damskie botki sznurowane na słupku z klamrą,Kolor,Zielony wojskowy,Rozmiar,43,,,,,,Merseloseweg 62-A,,,,,,,9999
damskie-botki-sznurowane-na-slupku-z-klamra,Damskie botki sznurowane na słupku z klamrą,Kolor,Granatowy,Rozmiar,43,,,,,,Merseloseweg 62-A,,,,,,,9999
damskie-botki-sznurowane-na-slupku-z-klamra,Damskie botki sznurowane na słupku z klamrą,Kolor,Biały,Rozmiar,43,,,,,,Merseloseweg 62-A,,,,,,,9999
damskie-sneakersy-sznurowane-na-grubszej-podeszwie,Damskie sneakersy sznurowane na grubszej podeszwie,Kolor,Biały,Rozmiar,36,,,,,,Merseloseweg 62-A,,,,,,,9999
damskie-sneakersy-sznurowane-na-grubszej-podeszwie,Damskie sneakersy sznurowane na grubszej podeszwie,Kolor,Biały,Rozmiar,37,,,,,,Merseloseweg 62-A,,,,,,,9999
damskie-sneakersy-sznurowane-na-grubszej-podeszwie,Damskie sneakersy sznurowane na grubszej podeszwie,Kolor,Biały,Rozmiar,38,,,,,,Merseloseweg 62-A,,,,,,,9999
damskie-sneakersy-sznurowane-na-grubszej-podeszwie,Damskie sneakersy sznurowane na grubszej podeszwie,Kolor,Biały,Rozmiar,39,,,,,,Merseloseweg 62-A,,,,,,,9999
damskie-sneakersy-sznurowane-na-grubszej-podeszwie,Damskie sneakersy sznurowane na grubszej podeszwie,Kolor,Biały,Rozmiar,40,,,,,,Merseloseweg 62-A,,,,,,,9999
damskie-sneakersy-sznurowane-na-grubszej-podeszwie,Damskie sneakersy sznurowane na grubszej podeszwie,Kolor,Biały,Rozmiar,41,,,,,,Merseloseweg 62-A,,,,,,,9999
damskie-sneakersy-sznurowane-na-grubszej-podeszwie,Damskie sneakersy sznurowane na grubszej podeszwie,Kolor,Biały,Rozmiar,42,,,,,,Merseloseweg 62-A,,,,,,,9999
damskie-sneakersy-sznurowane-na-grubszej-podeszwie,Damskie sneakersy sznurowane na grubszej podeszwie,Kolor,Czarny,Rozmiar,36,,,,,,Merseloseweg 62-A,,,,,,,9999
damskie-sneakersy-sznurowane-na-grubszej-podeszwie,Damskie sneakersy sznurowane na grubszej podeszwie,Kolor,Czarny,Rozmiar,37,,,,,,Merseloseweg 62-A,,,,,,,9999
damskie-sneakersy-sznurowane-na-grubszej-podeszwie,Damskie sneakersy sznurowane na grubszej podeszwie,Kolor,Czarny,Rozmiar,38,,,,,,Merseloseweg 62-A,,,,,,,9999
damskie-sneakersy-sznurowane-na-grubszej-podeszwie,Damskie sneakersy sznurowane na grubszej podeszwie,Kolor,Czarny,Rozmiar,39,,,,,,Merseloseweg 62-A,,,,,,,9999
damskie-sneakersy-sznurowane-na-grubszej-podeszwie,Damskie sneakersy sznurowane na grubszej podeszwie,Kolor,Czarny,Rozmiar,40,,,,,,Merseloseweg 62-A,,,,,,,9999
damskie-sneakersy-sznurowane-na-grubszej-podeszwie,Damskie sneakersy sznurowane na grubszej podeszwie,Kolor,Czarny,Rozmiar,41,,,,,,Merseloseweg 62-A,,,,,,,9999
damskie-sneakersy-sznurowane-na-grubszej-podeszwie,Damskie sneakersy sznurowane na grubszej podeszwie,Kolor,Czarny,Rozmiar,42,,,,,,Merseloseweg 62-A,,,,,,,9999
damskie-sneakersy-sznurowane-na-grubszej-podeszwie,Damskie sneakersy sznurowane na grubszej podeszwie,Kolor,Biały,Rozmiar,43,,,,,,Merseloseweg 62-A,,,,,,,9999
damskie-sneakersy-sznurowane-na-grubszej-podeszwie,Damskie sneakersy sznurowane na grubszej podeszwie,Kolor,Czarny,Rozmiar,43,,,,,,Merseloseweg 62-A,,,,,,,9999
damskie-wysokie-kozaki-z-klamra-w-stylu-jezdzieckim,Damskie wysokie kozaki z klamrą w stylu jeździeckim,Kolor,Ciemnobrązowy,Rozmiar,36,,,,,,Merseloseweg 62-A,,,,,,,9999
damskie-wysokie-kozaki-z-klamra-w-stylu-jezdzieckim,Damskie wysokie kozaki z klamrą w stylu jeździeckim,Kolor,Ciemnobrązowy,Rozmiar,37,,,,,,Merseloseweg 62-A,,,,,,,9999
damskie-wysokie-kozaki-z-klamra-w-stylu-jezdzieckim,Damskie wysokie kozaki z klamrą w stylu jeździeckim,Kolor,Ciemnobrązowy,Rozmiar,38,,,,,,Merseloseweg 62-A,,,,,,,9999
damskie-wysokie-kozaki-z-klamra-w-stylu-jezdzieckim,Damskie wysokie kozaki z klamrą w stylu jeździeckim,Kolor,Ciemnobrązowy,Rozmiar,39,,,,,,Merseloseweg 62-A,,,,,,,9999
damskie-wysokie-kozaki-z-klamra-w-stylu-jezdzieckim,Damskie wysokie kozaki z klamrą w stylu jeździeckim,Kolor,Ciemnobrązowy,Rozmiar,40,,,,,,Merseloseweg 62-A,,,,,,,9999
damskie-wysokie-kozaki-z-klamra-w-stylu-jezdzieckim,Damskie wysokie kozaki z klamrą w stylu jeździeckim,Kolor,Ciemnobrązowy,Rozmiar,41,,,,,,Merseloseweg 62-A,,,,,,,9999
damskie-wysokie-kozaki-z-klamra-w-stylu-jezdzieckim,Damskie wysokie kozaki z klamrą w stylu jeździeckim,Kolor,Ciemnobrązowy,Rozmiar,42,,,,,,Merseloseweg 62-A,,,,,,,9999
damskie-wysokie-kozaki-z-klamra-w-stylu-jezdzieckim,Damskie wysokie kozaki z klamrą w stylu jeździeckim,Kolor,Czarny,Rozmiar,36,,,,,,Merseloseweg 62-A,,,,,,,9999
damskie-wysokie-kozaki-z-klamra-w-stylu-jezdzieckim,Damskie wysokie kozaki z klamrą w stylu jeździeckim,Kolor,Czarny,Rozmiar,37,,,,,,Merseloseweg 62-A,,,,,,,9999
damskie-wysokie-kozaki-z-klamra-w-stylu-jezdzieckim,Damskie wysokie kozaki z klamrą w stylu jeździeckim,Kolor,Czarny,Rozmiar,38,,,,,,Merseloseweg 62-A,,,,,,,9999
damskie-wysokie-kozaki-z-klamra-w-stylu-jezdzieckim,Damskie wysokie kozaki z klamrą w stylu jeździeckim,Kolor,Czarny,Rozmiar,39,,,,,,Merseloseweg 62-A,,,,,,,9999
damskie-wysokie-kozaki-z-klamra-w-stylu-jezdzieckim,Damskie wysokie kozaki z klamrą w stylu jeździeckim,Kolor,Czarny,Rozmiar,40,,,,,,Merseloseweg 62-A,,,,,,,9999
damskie-wysokie-kozaki-z-klamra-w-stylu-jezdzieckim,Damskie wysokie kozaki z klamrą w stylu jeździeckim,Kolor,Czarny,Rozmiar,41,,,,,,Merseloseweg 62-A,,,,,,,9999
damskie-wysokie-kozaki-z-klamra-w-stylu-jezdzieckim,Damskie wysokie kozaki z klamrą w stylu jeździeckim,Kolor,Czarny,Rozmiar,42,,,,,,Merseloseweg 62-A,,,,,,,9999
damskie-wysokie-kozaki-z-klamra-w-stylu-jezdzieckim,Damskie wysokie kozaki z klamrą w stylu jeździeckim,Kolor,Brązowy,Rozmiar,36,,,,,,Merseloseweg 62-A,,,,,,,9999
damskie-wysokie-kozaki-z-klamra-w-stylu-jezdzieckim,Damskie wysokie kozaki z klamrą w stylu jeździeckim,Kolor,Brązowy,Rozmiar,37,,,,,,Merseloseweg 62-A,,,,,,,9999
damskie-wysokie-kozaki-z-klamra-w-stylu-jezdzieckim,Damskie wysokie kozaki z klamrą w stylu jeździeckim,Kolor,Brązowy,Rozmiar,38,,,,,,Merseloseweg 62-A,,,,,,,9999
damskie-wysokie-kozaki-z-klamra-w-stylu-jezdzieckim,Damskie wysokie kozaki z klamrą w stylu jeździeckim,Kolor,Brązowy,Rozmiar,39,,,,,,Merseloseweg 62-A,,,,,,,9999
damskie-wysokie-kozaki-z-klamra-w-stylu-jezdzieckim,Damskie wysokie kozaki z klamrą w stylu jeździeckim,Kolor,Brązowy,Rozmiar,40,,,,,,Merseloseweg 62-A,,,,,,,9999
damskie-wysokie-kozaki-z-klamra-w-stylu-jezdzieckim,Damskie wysokie kozaki z klamrą w stylu jeździeckim,Kolor,Brązowy,Rozmiar,41,,,,,,Merseloseweg 62-A,,,,,,,9999
damskie-wysokie-kozaki-z-klamra-w-stylu-jezdzieckim,Damskie wysokie kozaki z klamrą w stylu jeździeckim,Kolor,Brązowy,Rozmiar,42,,,,,,Merseloseweg 62-A,,,,,,,9999
damskie-wysokie-kozaki-z-klamra-w-stylu-jezdzieckim,Damskie wysokie kozaki z klamrą w stylu jeździeckim,Kolor,Zielony,Rozmiar,36,,,,,,Merseloseweg 62-A,,,,,,,9999
damskie-wysokie-kozaki-z-klamra-w-stylu-jezdzieckim,Damskie wysokie kozaki z klamrą w stylu jeździeckim,Kolor,Zielony,Rozmiar,37,,,,,,Merseloseweg 62-A,,,,,,,9999
damskie-wysokie-kozaki-z-klamra-w-stylu-jezdzieckim,Damskie wysokie kozaki z klamrą w stylu jeździeckim,Kolor,Zielony,Rozmiar,38,,,,,,Merseloseweg 62-A,,,,,,,9999
damskie-wysokie-kozaki-z-klamra-w-stylu-jezdzieckim,Damskie wysokie kozaki z klamrą w stylu jeździeckim,Kolor,Zielony,Rozmiar,39,,,,,,Merseloseweg 62-A,,,,,,,9999
damskie-wysokie-kozaki-z-klamra-w-stylu-jezdzieckim,Damskie wysokie kozaki z klamrą w stylu jeździeckim,Kolor,Zielony,Rozmiar,40,,,,,,Merseloseweg 62-A,,,,,,,9999
damskie-wysokie-kozaki-z-klamra-w-stylu-jezdzieckim,Damskie wysokie kozaki z klamrą w stylu jeździeckim,Kolor,Zielony,Rozmiar,41,,,,,,Merseloseweg 62-A,,,,,,,9999
damskie-wysokie-kozaki-z-klamra-w-stylu-jezdzieckim,Damskie wysokie kozaki z klamrą w stylu jeździeckim,Kolor,Zielony,Rozmiar,42,,,,,,Merseloseweg 62-A,,,,,,,9999
damskie-wysokie-kozaki-z-klamra-w-stylu-jezdzieckim,Damskie wysokie kozaki z klamrą w stylu jeździeckim,Kolor,Niebieski,Rozmiar,36,,,,,,Merseloseweg 62-A,,,,,,,9999
damskie-wysokie-kozaki-z-klamra-w-stylu-jezdzieckim,Damskie wysokie kozaki z klamrą w stylu jeździeckim,Kolor,Niebieski,Rozmiar,37,,,,,,Merseloseweg 62-A,,,,,,,9999
damskie-wysokie-kozaki-z-klamra-w-stylu-jezdzieckim,Damskie wysokie kozaki z klamrą w stylu jeździeckim,Kolor,Niebieski,Rozmiar,38,,,,,,Merseloseweg 62-A,,,,,,,9999
damskie-wysokie-kozaki-z-klamra-w-stylu-jezdzieckim,Damskie wysokie kozaki z klamrą w stylu jeździeckim,Kolor,Niebieski,Rozmiar,39,,,,,,Merseloseweg 62-A,,,,,,,9999
damskie-wysokie-kozaki-z-klamra-w-stylu-jezdzieckim,Damskie wysokie kozaki z klamrą w stylu jeździeckim,Kolor,Niebieski,Rozmiar,40,,,,,,Merseloseweg 62-A,,,,,,,9999
damskie-wysokie-kozaki-z-klamra-w-stylu-jezdzieckim,Damskie wysokie kozaki z klamrą w stylu jeździeckim,Kolor,Niebieski,Rozmiar,41,,,,,,Merseloseweg 62-A,,,,,,,9999
damskie-wysokie-kozaki-z-klamra-w-stylu-jezdzieckim,Damskie wysokie kozaki z klamrą w stylu jeździeckim,Kolor,Niebieski,Rozmiar,42,,,,,,Merseloseweg 62-A,,,,,,,9999
damskie-wysokie-kozaki-z-klamra-w-stylu-jezdzieckim,Damskie wysokie kozaki z klamrą w stylu jeździeckim,Kolor,Ciemnobrązowy,Rozmiar,43,,,,,,Merseloseweg 62-A,,,,,,,9999
damskie-wysokie-kozaki-z-klamra-w-stylu-jezdzieckim,Damskie wysokie kozaki z klamrą w stylu jeździeckim,Kolor,Czarny,Rozmiar,43,,,,,,Merseloseweg 62-A,,,,,,,9999
damskie-wysokie-kozaki-z-klamra-w-stylu-jezdzieckim,Damskie wysokie kozaki z klamrą w stylu jeździeckim,Kolor,Brązowy,Rozmiar,43,,,,,,Merseloseweg 62-A,,,,,,,9999
damskie-wysokie-kozaki-z-klamra-w-stylu-jezdzieckim,Damskie wysokie kozaki z klamrą w stylu jeździeckim,Kolor,Zielony,Rozmiar,43,,,,,,Merseloseweg 62-A,,,,,,,9999
damskie-wysokie-kozaki-z-klamra-w-stylu-jezdzieckim,Damskie wysokie kozaki z klamrą w stylu jeździeckim,Kolor,Niebieski,Rozmiar,43,,,,,,Merseloseweg 62-A,,,,,,,9999
damskie-sznurowane-botki-z-nadrukiem-kota,Damskie sznurowane botki z nadrukiem kota,Kolor,Pomarańczowy,Rozmiar,36,,,,,,Merseloseweg 62-A,,,,,,,9999
damskie-sznurowane-botki-z-nadrukiem-kota,Damskie sznurowane botki z nadrukiem kota,Kolor,Pomarańczowy,Rozmiar,37,,,,,,Merseloseweg 62-A,,,,,,,9999
damskie-sznurowane-botki-z-nadrukiem-kota,Damskie sznurowane botki z nadrukiem kota,Kolor,Pomarańczowy,Rozmiar,38,,,,,,Merseloseweg 62-A,,,,,,,9999
damskie-sznurowane-botki-z-nadrukiem-kota,Damskie sznurowane botki z nadrukiem kota,Kolor,Pomarańczowy,Rozmiar,39,,,,,,Merseloseweg 62-A,,,,,,,9999
damskie-sznurowane-botki-z-nadrukiem-kota,Damskie sznurowane botki z nadrukiem kota,Kolor,Pomarańczowy,Rozmiar,40,,,,,,Merseloseweg 62-A,,,,,,,9999
damskie-sznurowane-botki-z-nadrukiem-kota,Damskie sznurowane botki z nadrukiem kota,Kolor,Pomarańczowy,Rozmiar,41,,,,,,Merseloseweg 62-A,,,,,,,9999
damskie-sznurowane-botki-z-nadrukiem-kota,Damskie sznurowane botki z nadrukiem kota,Kolor,Pomarańczowy,Rozmiar,42,,,,,,Merseloseweg 62-A,,,,,,,9999
damskie-sznurowane-botki-z-nadrukiem-kota,Damskie sznurowane botki z nadrukiem kota,Kolor,Żółty,Rozmiar,36,,,,,,Merseloseweg 62-A,,,,,,,9999
damskie-sznurowane-botki-z-nadrukiem-kota,Damskie sznurowane botki z nadrukiem kota,Kolor,Żółty,Rozmiar,37,,,,,,Merseloseweg 62-A,,,,,,,9999
damskie-sznurowane-botki-z-nadrukiem-kota,Damskie sznurowane botki z nadrukiem kota,Kolor,Żółty,Rozmiar,38,,,,,,Merseloseweg 62-A,,,,,,,9999
damskie-sznurowane-botki-z-nadrukiem-kota,Damskie sznurowane botki z nadrukiem kota,Kolor,Żółty,Rozmiar,39,,,,,,Merseloseweg 62-A,,,,,,,9999
damskie-sznurowane-botki-z-nadrukiem-kota,Damskie sznurowane botki z nadrukiem kota,Kolor,Żółty,Rozmiar,40,,,,,,Merseloseweg 62-A,,,,,,,9999
damskie-sznurowane-botki-z-nadrukiem-kota,Damskie sznurowane botki z nadrukiem kota,Kolor,Żółty,Rozmiar,41,,,,,,Merseloseweg 62-A,,,,,,,9999
damskie-sznurowane-botki-z-nadrukiem-kota,Damskie sznurowane botki z nadrukiem kota,Kolor,Żółty,Rozmiar,42,,,,,,Merseloseweg 62-A,,,,,,,9999
damskie-sznurowane-botki-z-nadrukiem-kota,Damskie sznurowane botki z nadrukiem kota,Kolor,Szary,Rozmiar,36,,,,,,Merseloseweg 62-A,,,,,,,9999
damskie-sznurowane-botki-z-nadrukiem-kota,Damskie sznurowane botki z nadrukiem kota,Kolor,Szary,Rozmiar,37,,,,,,Merseloseweg 62-A,,,,,,,9999
damskie-sznurowane-botki-z-nadrukiem-kota,Damskie sznurowane botki z nadrukiem kota,Kolor,Szary,Rozmiar,38,,,,,,Merseloseweg 62-A,,,,,,,9999
damskie-sznurowane-botki-z-nadrukiem-kota,Damskie sznurowane botki z nadrukiem kota,Kolor,Szary,Rozmiar,39,,,,,,Merseloseweg 62-A,,,,,,,9999
damskie-sznurowane-botki-z-nadrukiem-kota,Damskie sznurowane botki z nadrukiem kota,Kolor,Szary,Rozmiar,40,,,,,,Merseloseweg 62-A,,,,,,,9999
damskie-sznurowane-botki-z-nadrukiem-kota,Damskie sznurowane botki z nadrukiem kota,Kolor,Szary,Rozmiar,41,,,,,,Merseloseweg 62-A,,,,,,,9999
damskie-sznurowane-botki-z-nadrukiem-kota,Damskie sznurowane botki z nadrukiem kota,Kolor,Szary,Rozmiar,42,,,,,,Merseloseweg 62-A,,,,,,,9999
damskie-sznurowane-botki-z-nadrukiem-kota,Damskie sznurowane botki z nadrukiem kota,Kolor,Niebieski,Rozmiar,36,,,,,,Merseloseweg 62-A,,,,,,,9999
damskie-sznurowane-botki-z-nadrukiem-kota,Damskie sznurowane botki z nadrukiem kota,Kolor,Niebieski,Rozmiar,37,,,,,,Merseloseweg 62-A,,,,,,,9999
damskie-sznurowane-botki-z-nadrukiem-kota,Damskie sznurowane botki z nadrukiem kota,Kolor,Niebieski,Rozmiar,38,,,,,,Merseloseweg 62-A,,,,,,,9999
damskie-sznurowane-botki-z-nadrukiem-kota,Damskie sznurowane botki z nadrukiem kota,Kolor,Niebieski,Rozmiar,39,,,,,,Merseloseweg 62-A,,,,,,,9999
damskie-sznurowane-botki-z-nadrukiem-kota,Damskie sznurowane botki z nadrukiem kota,Kolor,Niebieski,Rozmiar,40,,,,,,Merseloseweg 62-A,,,,,,,9999
damskie-sznurowane-botki-z-nadrukiem-kota,Damskie sznurowane botki z nadrukiem kota,Kolor,Niebieski,Rozmiar,41,,,,,,Merseloseweg 62-A,,,,,,,9999
damskie-sznurowane-botki-z-nadrukiem-kota,Damskie sznurowane botki z nadrukiem kota,Kolor,Niebieski,Rozmiar,42,,,,,,Merseloseweg 62-A,,,,,,,9999
damskie-sznurowane-botki-z-nadrukiem-kota,Damskie sznurowane botki z nadrukiem kota,Kolor,Czerwony,Rozmiar,36,,,,,,Merseloseweg 62-A,,,,,,,9999
damskie-sznurowane-botki-z-nadrukiem-kota,Damskie sznurowane botki z nadrukiem kota,Kolor,Czerwony,Rozmiar,37,,,,,,Merseloseweg 62-A,,,,,,,9999
damskie-sznurowane-botki-z-nadrukiem-kota,Damskie sznurowane botki z nadrukiem kota,Kolor,Czerwony,Rozmiar,38,,,,,,Merseloseweg 62-A,,,,,,,9999
damskie-sznurowane-botki-z-nadrukiem-kota,Damskie sznurowane botki z nadrukiem kota,Kolor,Czerwony,Rozmiar,39,,,,,,Merseloseweg 62-A,,,,,,,9999
damskie-sznurowane-botki-z-nadrukiem-kota,Damskie sznurowane botki z nadrukiem kota,Kolor,Czerwony,Rozmiar,40,,,,,,Merseloseweg 62-A,,,,,,,9999
damskie-sznurowane-botki-z-nadrukiem-kota,Damskie sznurowane botki z nadrukiem kota,Kolor,Czerwony,Rozmiar,41,,,,,,Merseloseweg 62-A,,,,,,,9999
damskie-sznurowane-botki-z-nadrukiem-kota,Damskie sznurowane botki z nadrukiem kota,Kolor,Czerwony,Rozmiar,42,,,,,,Merseloseweg 62-A,,,,,,,9999
damskie-sznurowane-botki-z-nadrukiem-kota,Damskie sznurowane botki z nadrukiem kota,Kolor,Pomarańczowy,Rozmiar,43,,,,,,Merseloseweg 62-A,,,,,,,9999
damskie-sznurowane-botki-z-nadrukiem-kota,Damskie sznurowane botki z nadrukiem kota,Kolor,Żółty,Rozmiar,43,,,,,,Merseloseweg 62-A,,,,,,,9999
damskie-sznurowane-botki-z-nadrukiem-kota,Damskie sznurowane botki z nadrukiem kota,Kolor,Szary,Rozmiar,43,,,,,,Merseloseweg 62-A,,,,,,,9999
damskie-sznurowane-botki-z-nadrukiem-kota,Damskie sznurowane botki z nadrukiem kota,Kolor,Niebieski,Rozmiar,43,,,,,,Merseloseweg 62-A,,,,,,,9999
damskie-sznurowane-botki-z-nadrukiem-kota,Damskie sznurowane botki z nadrukiem kota,Kolor,Czerwony,Rozmiar,43,,,,,,Merseloseweg 62-A,,,,,,,9999
damskie-botki-zimowe-z-zamkiem-i-ociepleniem,Damskie botki zimowe z zamkiem i ociepleniem,Kolor,Bordowy,Rozmiar,36,,,,,,Merseloseweg 62-A,,,,,,,9999
damskie-botki-zimowe-z-zamkiem-i-ociepleniem,Damskie botki zimowe z zamkiem i ociepleniem,Kolor,Bordowy,Rozmiar,37,,,,,,Merseloseweg 62-A,,,,,,,9999
damskie-botki-zimowe-z-zamkiem-i-ociepleniem,Damskie botki zimowe z zamkiem i ociepleniem,Kolor,Bordowy,Rozmiar,38,,,,,,Merseloseweg 62-A,,,,,,,9999
damskie-botki-zimowe-z-zamkiem-i-ociepleniem,Damskie botki zimowe z zamkiem i ociepleniem,Kolor,Bordowy,Rozmiar,39,,,,,,Merseloseweg 62-A,,,,,,,9999
damskie-botki-zimowe-z-zamkiem-i-ociepleniem,Damskie botki zimowe z zamkiem i ociepleniem,Kolor,Bordowy,Rozmiar,40,,,,,,Merseloseweg 62-A,,,,,,,9999
damskie-botki-zimowe-z-zamkiem-i-ociepleniem,Damskie botki zimowe z zamkiem i ociepleniem,Kolor,Bordowy,Rozmiar,41,,,,,,Merseloseweg 62-A,,,,,,,9999
damskie-botki-zimowe-z-zamkiem-i-ociepleniem,Damskie botki zimowe z zamkiem i ociepleniem,Kolor,Bordowy,Rozmiar,42,,,,,,Merseloseweg 62-A,,,,,,,9999
damskie-botki-zimowe-z-zamkiem-i-ociepleniem,Damskie botki zimowe z zamkiem i ociepleniem,Kolor,Czarny,Rozmiar,36,,,,,,Merseloseweg 62-A,,,,,,,9999
damskie-botki-zimowe-z-zamkiem-i-ociepleniem,Damskie botki zimowe z zamkiem i ociepleniem,Kolor,Czarny,Rozmiar,37,,,,,,Merseloseweg 62-A,,,,,,,9999
damskie-botki-zimowe-z-zamkiem-i-ociepleniem,Damskie botki zimowe z zamkiem i ociepleniem,Kolor,Czarny,Rozmiar,38,,,,,,Merseloseweg 62-A,,,,,,,9999
damskie-botki-zimowe-z-zamkiem-i-ociepleniem,Damskie botki zimowe z zamkiem i ociepleniem,Kolor,Czarny,Rozmiar,39,,,,,,Merseloseweg 62-A,,,,,,,9999
damskie-botki-zimowe-z-zamkiem-i-ociepleniem,Damskie botki zimowe z zamkiem i ociepleniem,Kolor,Czarny,Rozmiar,40,,,,,,Merseloseweg 62-A,,,,,,,9999
damskie-botki-zimowe-z-zamkiem-i-ociepleniem,Damskie botki zimowe z zamkiem i ociepleniem,Kolor,Czarny,Rozmiar,41,,,,,,Merseloseweg 62-A,,,,,,,9999
damskie-botki-zimowe-z-zamkiem-i-ociepleniem,Damskie botki zimowe z zamkiem i ociepleniem,Kolor,Czarny,Rozmiar,42,,,,,,Merseloseweg 62-A,,,,,,,9999
damskie-botki-zimowe-z-zamkiem-i-ociepleniem,Damskie botki zimowe z zamkiem i ociepleniem,Kolor,Bordowy,Rozmiar,43,,,,,,Merseloseweg 62-A,,,,,,,9999
damskie-botki-zimowe-z-zamkiem-i-ociepleniem,Damskie botki zimowe z zamkiem i ociepleniem,Kolor,Czarny,Rozmiar,43,,,,,,Merseloseweg 62-A,,,,,,,9999
damskie-botki-kowbojskie-z-fredzlami,Damskie botki kowbojskie z frędzlami,Kolor,Biały,Rozmiar,36,,,,,,Merseloseweg 62-A,,,,,,,9999
damskie-botki-kowbojskie-z-fredzlami,Damskie botki kowbojskie z frędzlami,Kolor,Biały,Rozmiar,37,,,,,,Merseloseweg 62-A,,,,,,,9999
damskie-botki-kowbojskie-z-fredzlami,Damskie botki kowbojskie z frędzlami,Kolor,Biały,Rozmiar,38,,,,,,Merseloseweg 62-A,,,,,,,9999
damskie-botki-kowbojskie-z-fredzlami,Damskie botki kowbojskie z frędzlami,Kolor,Biały,Rozmiar,39,,,,,,Merseloseweg 62-A,,,,,,,9999
damskie-botki-kowbojskie-z-fredzlami,Damskie botki kowbojskie z frędzlami,Kolor,Biały,Rozmiar,40,,,,,,Merseloseweg 62-A,,,,,,,9999
damskie-botki-kowbojskie-z-fredzlami,Damskie botki kowbojskie z frędzlami,Kolor,Biały,Rozmiar,41,,,,,,Merseloseweg 62-A,,,,,,,9999
damskie-botki-kowbojskie-z-fredzlami,Damskie botki kowbojskie z frędzlami,Kolor,Biały,Rozmiar,42,,,,,,Merseloseweg 62-A,,,,,,,9999
damskie-botki-kowbojskie-z-fredzlami,Damskie botki kowbojskie z frędzlami,Kolor,Miętowy,Rozmiar,36,,,,,,Merseloseweg 62-A,,,,,,,9999
damskie-botki-kowbojskie-z-fredzlami,Damskie botki kowbojskie z frędzlami,Kolor,Miętowy,Rozmiar,37,,,,,,Merseloseweg 62-A,,,,,,,9999
damskie-botki-kowbojskie-z-fredzlami,Damskie botki kowbojskie z frędzlami,Kolor,Miętowy,Rozmiar,38,,,,,,Merseloseweg 62-A,,,,,,,9999
damskie-botki-kowbojskie-z-fredzlami,Damskie botki kowbojskie z frędzlami,Kolor,Miętowy,Rozmiar,39,,,,,,Merseloseweg 62-A,,,,,,,9999
damskie-botki-kowbojskie-z-fredzlami,Damskie botki kowbojskie z frędzlami,Kolor,Miętowy,Rozmiar,40,,,,,,Merseloseweg 62-A,,,,,,,9999
damskie-botki-kowbojskie-z-fredzlami,Damskie botki kowbojskie z frędzlami,Kolor,Miętowy,Rozmiar,41,,,,,,Merseloseweg 62-A,,,,,,,9999
damskie-botki-kowbojskie-z-fredzlami,Damskie botki kowbojskie z frędzlami,Kolor,Miętowy,Rozmiar,42,,,,,,Merseloseweg 62-A,,,,,,,9999
damskie-botki-kowbojskie-z-fredzlami,Damskie botki kowbojskie z frędzlami,Kolor,Biały,Rozmiar,43,,,,,,Merseloseweg 62-A,,,,,,,9999
damskie-botki-kowbojskie-z-fredzlami,Damskie botki kowbojskie z frędzlami,Kolor,Miętowy,Rozmiar,43,,,,,,Merseloseweg 62-A,,,,,,,9999
damskie-klapki-japonki-na-niskim-obcasie,Damskie klapki japonki na niskim obcasie,Kolor,Czarny,Rozmiar,36,,,,,,Merseloseweg 62-A,,,,,,,9999
damskie-klapki-japonki-na-niskim-obcasie,Damskie klapki japonki na niskim obcasie,Kolor,Czarny,Rozmiar,37,,,,,,Merseloseweg 62-A,,,,,,,9999
damskie-klapki-japonki-na-niskim-obcasie,Damskie klapki japonki na niskim obcasie,Kolor,Czarny,Rozmiar,38,,,,,,Merseloseweg 62-A,,,,,,,9999
damskie-klapki-japonki-na-niskim-obcasie,Damskie klapki japonki na niskim obcasie,Kolor,Czarny,Rozmiar,39,,,,,,Merseloseweg 62-A,,,,,,,9999
damskie-klapki-japonki-na-niskim-obcasie,Damskie klapki japonki na niskim obcasie,Kolor,Czarny,Rozmiar,40,,,,,,Merseloseweg 62-A,,,,,,,9999
damskie-klapki-japonki-na-niskim-obcasie,Damskie klapki japonki na niskim obcasie,Kolor,Czarny,Rozmiar,41,,,,,,Merseloseweg 62-A,,,,,,,9999
damskie-klapki-japonki-na-niskim-obcasie,Damskie klapki japonki na niskim obcasie,Kolor,Czarny,Rozmiar,42,,,,,,Merseloseweg 62-A,,,,,,,9999
damskie-klapki-japonki-na-niskim-obcasie,Damskie klapki japonki na niskim obcasie,Kolor,Złoty,Rozmiar,36,,,,,,Merseloseweg 62-A,,,,,,,9999
damskie-klapki-japonki-na-niskim-obcasie,Damskie klapki japonki na niskim obcasie,Kolor,Złoty,Rozmiar,37,,,,,,Merseloseweg 62-A,,,,,,,9999
damskie-klapki-japonki-na-niskim-obcasie,Damskie klapki japonki na niskim obcasie,Kolor,Złoty,Rozmiar,38,,,,,,Merseloseweg 62-A,,,,,,,9999
damskie-klapki-japonki-na-niskim-obcasie,Damskie klapki japonki na niskim obcasie,Kolor,Złoty,Rozmiar,39,,,,,,Merseloseweg 62-A,,,,,,,9999
damskie-klapki-japonki-na-niskim-obcasie,Damskie klapki japonki na niskim obcasie,Kolor,Złoty,Rozmiar,40,,,,,,Merseloseweg 62-A,,,,,,,9999
damskie-klapki-japonki-na-niskim-obcasie,Damskie klapki japonki na niskim obcasie,Kolor,Złoty,Rozmiar,41,,,,,,Merseloseweg 62-A,,,,,,,9999
damskie-klapki-japonki-na-niskim-obcasie,Damskie klapki japonki na niskim obcasie,Kolor,Złoty,Rozmiar,42,,,,,,Merseloseweg 62-A,,,,,,,9999
damskie-klapki-japonki-na-niskim-obcasie,Damskie klapki japonki na niskim obcasie,Kolor,Beżowy,Rozmiar,36,,,,,,Merseloseweg 62-A,,,,,,,9999
damskie-klapki-japonki-na-niskim-obcasie,Damskie klapki japonki na niskim obcasie,Kolor,Beżowy,Rozmiar,37,,,,,,Merseloseweg 62-A,,,,,,,9999
damskie-klapki-japonki-na-niskim-obcasie,Damskie klapki japonki na niskim obcasie,Kolor,Beżowy,Rozmiar,38,,,,,,Merseloseweg 62-A,,,,,,,9999
damskie-klapki-japonki-na-niskim-obcasie,Damskie klapki japonki na niskim obcasie,Kolor,Beżowy,Rozmiar,39,,,,,,Merseloseweg 62-A,,,,,,,9999
damskie-klapki-japonki-na-niskim-obcasie,Damskie klapki japonki na niskim obcasie,Kolor,Beżowy,Rozmiar,40,,,,,,Merseloseweg 62-A,,,,,,,9999
damskie-klapki-japonki-na-niskim-obcasie,Damskie klapki japonki na niskim obcasie,Kolor,Beżowy,Rozmiar,41,,,,,,Merseloseweg 62-A,,,,,,,9999
damskie-klapki-japonki-na-niskim-obcasie,Damskie klapki japonki na niskim obcasie,Kolor,Beżowy,Rozmiar,42,,,,,,Merseloseweg 62-A,,,,,,,9999
damskie-klapki-japonki-na-niskim-obcasie,Damskie klapki japonki na niskim obcasie,Kolor,Biały,Rozmiar,36,,,,,,Merseloseweg 62-A,,,,,,,9999
damskie-klapki-japonki-na-niskim-obcasie,Damskie klapki japonki na niskim obcasie,Kolor,Biały,Rozmiar,37,,,,,,Merseloseweg 62-A,,,,,,,9999
damskie-klapki-japonki-na-niskim-obcasie,Damskie klapki japonki na niskim obcasie,Kolor,Biały,Rozmiar,38,,,,,,Merseloseweg 62-A,,,,,,,9999
damskie-klapki-japonki-na-niskim-obcasie,Damskie klapki japonki na niskim obcasie,Kolor,Biały,Rozmiar,39,,,,,,Merseloseweg 62-A,,,,,,,9999
damskie-klapki-japonki-na-niskim-obcasie,Damskie klapki japonki na niskim obcasie,Kolor,Biały,Rozmiar,40,,,,,,Merseloseweg 62-A,,,,,,,9999
damskie-klapki-japonki-na-niskim-obcasie,Damskie klapki japonki na niskim obcasie,Kolor,Biały,Rozmiar,41,,,,,,Merseloseweg 62-A,,,,,,,9999
damskie-klapki-japonki-na-niskim-obcasie,Damskie klapki japonki na niskim obcasie,Kolor,Biały,Rozmiar,42,,,,,,Merseloseweg 62-A,,,,,,,9999
damskie-klapki-japonki-na-niskim-obcasie,Damskie klapki japonki na niskim obcasie,Kolor,Brązowy,Rozmiar,36,,,,,,Merseloseweg 62-A,,,,,,,9999
damskie-klapki-japonki-na-niskim-obcasie,Damskie klapki japonki na niskim obcasie,Kolor,Brązowy,Rozmiar,37,,,,,,Merseloseweg 62-A,,,,,,,9999
damskie-klapki-japonki-na-niskim-obcasie,Damskie klapki japonki na niskim obcasie,Kolor,Brązowy,Rozmiar,38,,,,,,Merseloseweg 62-A,,,,,,,9999
damskie-klapki-japonki-na-niskim-obcasie,Damskie klapki japonki na niskim obcasie,Kolor,Brązowy,Rozmiar,39,,,,,,Merseloseweg 62-A,,,,,,,9999
damskie-klapki-japonki-na-niskim-obcasie,Damskie klapki japonki na niskim obcasie,Kolor,Brązowy,Rozmiar,40,,,,,,Merseloseweg 62-A,,,,,,,9999
damskie-klapki-japonki-na-niskim-obcasie,Damskie klapki japonki na niskim obcasie,Kolor,Brązowy,Rozmiar,41,,,,,,Merseloseweg 62-A,,,,,,,9999
damskie-klapki-japonki-na-niskim-obcasie,Damskie klapki japonki na niskim obcasie,Kolor,Brązowy,Rozmiar,42,,,,,,Merseloseweg 62-A,,,,,,,9999
damskie-klapki-japonki-na-niskim-obcasie,Damskie klapki japonki na niskim obcasie,Kolor,Czarny,Rozmiar,43,,,,,,Merseloseweg 62-A,,,,,,,9999
damskie-klapki-japonki-na-niskim-obcasie,Damskie klapki japonki na niskim obcasie,Kolor,Złoty,Rozmiar,43,,,,,,Merseloseweg 62-A,,,,,,,9999
damskie-klapki-japonki-na-niskim-obcasie,Damskie klapki japonki na niskim obcasie,Kolor,Beżowy,Rozmiar,43,,,,,,Merseloseweg 62-A,,,,,,,9999
damskie-klapki-japonki-na-niskim-obcasie,Damskie klapki japonki na niskim obcasie,Kolor,Biały,Rozmiar,43,,,,,,Merseloseweg 62-A,,,,,,,9999
damskie-klapki-japonki-na-niskim-obcasie,Damskie klapki japonki na niskim obcasie,Kolor,Brązowy,Rozmiar,43,,,,,,Merseloseweg 62-A,,,,,,,9999
meskie-botki-sznurowane-z-zamkiem-i-klamra,Męskie botki sznurowane z zamkiem i klamrą,Kolor,Czarny,Rozmiar,39,,,,,,Merseloseweg 62-A,,,,,,,9999
meskie-botki-sznurowane-z-zamkiem-i-klamra,Męskie botki sznurowane z zamkiem i klamrą,Kolor,Czarny,Rozmiar,40,,,,,,Merseloseweg 62-A,,,,,,,9999
meskie-botki-sznurowane-z-zamkiem-i-klamra,Męskie botki sznurowane z zamkiem i klamrą,Kolor,Czarny,Rozmiar,41,,,,,,Merseloseweg 62-A,,,,,,,9999
meskie-botki-sznurowane-z-zamkiem-i-klamra,Męskie botki sznurowane z zamkiem i klamrą,Kolor,Czarny,Rozmiar,42,,,,,,Merseloseweg 62-A,,,,,,,9999
meskie-botki-sznurowane-z-zamkiem-i-klamra,Męskie botki sznurowane z zamkiem i klamrą,Kolor,Czarny,Rozmiar,43,,,,,,Merseloseweg 62-A,,,,,,,9999
meskie-botki-sznurowane-z-zamkiem-i-klamra,Męskie botki sznurowane z zamkiem i klamrą,Kolor,Czarny,Rozmiar,44,,,,,,Merseloseweg 62-A,,,,,,,9999
meskie-botki-sznurowane-z-zamkiem-i-klamra,Męskie botki sznurowane z zamkiem i klamrą,Kolor,Ciemnobrązowy,Rozmiar,39,,,,,,Merseloseweg 62-A,,,,,,,9999
meskie-botki-sznurowane-z-zamkiem-i-klamra,Męskie botki sznurowane z zamkiem i klamrą,Kolor,Ciemnobrązowy,Rozmiar,40,,,,,,Merseloseweg 62-A,,,,,,,9999
meskie-botki-sznurowane-z-zamkiem-i-klamra,Męskie botki sznurowane z zamkiem i klamrą,Kolor,Ciemnobrązowy,Rozmiar,41,,,,,,Merseloseweg 62-A,,,,,,,9999
meskie-botki-sznurowane-z-zamkiem-i-klamra,Męskie botki sznurowane z zamkiem i klamrą,Kolor,Ciemnobrązowy,Rozmiar,42,,,,,,Merseloseweg 62-A,,,,,,,9999
meskie-botki-sznurowane-z-zamkiem-i-klamra,Męskie botki sznurowane z zamkiem i klamrą,Kolor,Ciemnobrązowy,Rozmiar,43,,,,,,Merseloseweg 62-A,,,,,,,9999
meskie-botki-sznurowane-z-zamkiem-i-klamra,Męskie botki sznurowane z zamkiem i klamrą,Kolor,Ciemnobrązowy,Rozmiar,44,,,,,,Merseloseweg 62-A,,,,,,,9999
meskie-botki-sznurowane-z-zamkiem-i-klamra,Męskie botki sznurowane z zamkiem i klamrą,Kolor,Brązowy,Rozmiar,39,,,,,,Merseloseweg 62-A,,,,,,,9999
meskie-botki-sznurowane-z-zamkiem-i-klamra,Męskie botki sznurowane z zamkiem i klamrą,Kolor,Brązowy,Rozmiar,40,,,,,,Merseloseweg 62-A,,,,,,,9999
meskie-botki-sznurowane-z-zamkiem-i-klamra,Męskie botki sznurowane z zamkiem i klamrą,Kolor,Brązowy,Rozmiar,41,,,,,,Merseloseweg 62-A,,,,,,,9999
meskie-botki-sznurowane-z-zamkiem-i-klamra,Męskie botki sznurowane z zamkiem i klamrą,Kolor,Brązowy,Rozmiar,42,,,,,,Merseloseweg 62-A,,,,,,,9999
meskie-botki-sznurowane-z-zamkiem-i-klamra,Męskie botki sznurowane z zamkiem i klamrą,Kolor,Brązowy,Rozmiar,43,,,,,,Merseloseweg 62-A,,,,,,,9999
meskie-botki-sznurowane-z-zamkiem-i-klamra,Męskie botki sznurowane z zamkiem i klamrą,Kolor,Brązowy,Rozmiar,44,,,,,,Merseloseweg 62-A,,,,,,,9999
meskie-botki-sznurowane-z-zamkiem-i-klamra,Męskie botki sznurowane z zamkiem i klamrą,Kolor,Czarny,Rozmiar,45,,,,,,Merseloseweg 62-A,,,,,,,9999
meskie-botki-sznurowane-z-zamkiem-i-klamra,Męskie botki sznurowane z zamkiem i klamrą,Kolor,Czarny,Rozmiar,46,,,,,,Merseloseweg 62-A,,,,,,,9999
meskie-botki-sznurowane-z-zamkiem-i-klamra,Męskie botki sznurowane z zamkiem i klamrą,Kolor,Ciemnobrązowy,Rozmiar,45,,,,,,Merseloseweg 62-A,,,,,,,9999
meskie-botki-sznurowane-z-zamkiem-i-klamra,Męskie botki sznurowane z zamkiem i klamrą,Kolor,Ciemnobrązowy,Rozmiar,46,,,,,,Merseloseweg 62-A,,,,,,,9999
meskie-botki-sznurowane-z-zamkiem-i-klamra,Męskie botki sznurowane z zamkiem i klamrą,Kolor,Brązowy,Rozmiar,45,,,,,,Merseloseweg 62-A,,,,,,,9999
meskie-botki-sznurowane-z-zamkiem-i-klamra,Męskie botki sznurowane z zamkiem i klamrą,Kolor,Brązowy,Rozmiar,46,,,,,,Merseloseweg 62-A,,,,,,,9999
damskie-botki-z-zamkiem-i-ozdobnym-sznurowaniem,Damskie botki z zamkiem i ozdobnym sznurowaniem,Kolor,Brązowy,Rozmiar,36,,,,,,Merseloseweg 62-A,,,,,,,9999
damskie-botki-z-zamkiem-i-ozdobnym-sznurowaniem,Damskie botki z zamkiem i ozdobnym sznurowaniem,Kolor,Brązowy,Rozmiar,37,,,,,,Merseloseweg 62-A,,,,,,,9999
damskie-botki-z-zamkiem-i-ozdobnym-sznurowaniem,Damskie botki z zamkiem i ozdobnym sznurowaniem,Kolor,Brązowy,Rozmiar,38,,,,,,Merseloseweg 62-A,,,,,,,9999
damskie-botki-z-zamkiem-i-ozdobnym-sznurowaniem,Damskie botki z zamkiem i ozdobnym sznurowaniem,Kolor,Brązowy,Rozmiar,39,,,,,,Merseloseweg 62-A,,,,,,,9999
damskie-botki-z-zamkiem-i-ozdobnym-sznurowaniem,Damskie botki z zamkiem i ozdobnym sznurowaniem,Kolor,Brązowy,Rozmiar,40,,,,,,Merseloseweg 62-A,,,,,,,9999
damskie-botki-z-zamkiem-i-ozdobnym-sznurowaniem,Damskie botki z zamkiem i ozdobnym sznurowaniem,Kolor,Brązowy,Rozmiar,41,,,,,,Merseloseweg 62-A,,,,,,,9999
damskie-botki-z-zamkiem-i-ozdobnym-sznurowaniem,Damskie botki z zamkiem i ozdobnym sznurowaniem,Kolor,Brązowy,Rozmiar,42,,,,,,Merseloseweg 62-A,,,,,,,9999
damskie-botki-z-zamkiem-i-ozdobnym-sznurowaniem,Damskie botki z zamkiem i ozdobnym sznurowaniem,Kolor,Czerwony,Rozmiar,36,,,,,,Merseloseweg 62-A,,,,,,,9999
damskie-botki-z-zamkiem-i-ozdobnym-sznurowaniem,Damskie botki z zamkiem i ozdobnym sznurowaniem,Kolor,Czerwony,Rozmiar,37,,,,,,Merseloseweg 62-A,,,,,,,9999
damskie-botki-z-zamkiem-i-ozdobnym-sznurowaniem,Damskie botki z zamkiem i ozdobnym sznurowaniem,Kolor,Czerwony,Rozmiar,38,,,,,,Merseloseweg 62-A,,,,,,,9999
damskie-botki-z-zamkiem-i-ozdobnym-sznurowaniem,Damskie botki z zamkiem i ozdobnym sznurowaniem,Kolor,Czerwony,Rozmiar,39,,,,,,Merseloseweg 62-A,,,,,,,9999
damskie-botki-z-zamkiem-i-ozdobnym-sznurowaniem,Damskie botki z zamkiem i ozdobnym sznurowaniem,Kolor,Czerwony,Rozmiar,40,,,,,,Merseloseweg 62-A,,,,,,,9999
damskie-botki-z-zamkiem-i-ozdobnym-sznurowaniem,Damskie botki z zamkiem i ozdobnym sznurowaniem,Kolor,Czerwony,Rozmiar,41,,,,,,Merseloseweg 62-A,,,,,,,9999
damskie-botki-z-zamkiem-i-ozdobnym-sznurowaniem,Damskie botki z zamkiem i ozdobnym sznurowaniem,Kolor,Czerwony,Rozmiar,42,,,,,,Merseloseweg 62-A,,,,,,,9999
damskie-botki-z-zamkiem-i-ozdobnym-sznurowaniem,Damskie botki z zamkiem i ozdobnym sznurowaniem,Kolor,Czarny,Rozmiar,36,,,,,,Merseloseweg 62-A,,,,,,,9999
damskie-botki-z-zamkiem-i-ozdobnym-sznurowaniem,Damskie botki z zamkiem i ozdobnym sznurowaniem,Kolor,Czarny,Rozmiar,37,,,,,,Merseloseweg 62-A,,,,,,,9999
damskie-botki-z-zamkiem-i-ozdobnym-sznurowaniem,Damskie botki z zamkiem i ozdobnym sznurowaniem,Kolor,Czarny,Rozmiar,38,,,,,,Merseloseweg 62-A,,,,,,,9999
damskie-botki-z-zamkiem-i-ozdobnym-sznurowaniem,Damskie botki z zamkiem i ozdobnym sznurowaniem,Kolor,Czarny,Rozmiar,39,,,,,,Merseloseweg 62-A,,,,,,,9999
damskie-botki-z-zamkiem-i-ozdobnym-sznurowaniem,Damskie botki z zamkiem i ozdobnym sznurowaniem,Kolor,Czarny,Rozmiar,40,,,,,,Merseloseweg 62-A,,,,,,,9999
damskie-botki-z-zamkiem-i-ozdobnym-sznurowaniem,Damskie botki z zamkiem i ozdobnym sznurowaniem,Kolor,Czarny,Rozmiar,41,,,,,,Merseloseweg 62-A,,,,,,,9999
damskie-botki-z-zamkiem-i-ozdobnym-sznurowaniem,Damskie botki z zamkiem i ozdobnym sznurowaniem,Kolor,Czarny,Rozmiar,42,,,,,,Merseloseweg 62-A,,,,,,,9999
damskie-botki-z-zamkiem-i-ozdobnym-sznurowaniem,Damskie botki z zamkiem i ozdobnym sznurowaniem,Kolor,Szary,Rozmiar,36,,,,,,Merseloseweg 62-A,,,,,,,9999
damskie-botki-z-zamkiem-i-ozdobnym-sznurowaniem,Damskie botki z zamkiem i ozdobnym sznurowaniem,Kolor,Szary,Rozmiar,37,,,,,,Merseloseweg 62-A,,,,,,,9999
damskie-botki-z-zamkiem-i-ozdobnym-sznurowaniem,Damskie botki z zamkiem i ozdobnym sznurowaniem,Kolor,Szary,Rozmiar,38,,,,,,Merseloseweg 62-A,,,,,,,9999
damskie-botki-z-zamkiem-i-ozdobnym-sznurowaniem,Damskie botki z zamkiem i ozdobnym sznurowaniem,Kolor,Szary,Rozmiar,39,,,,,,Merseloseweg 62-A,,,,,,,9999
damskie-botki-z-zamkiem-i-ozdobnym-sznurowaniem,Damskie botki z zamkiem i ozdobnym sznurowaniem,Kolor,Szary,Rozmiar,40,,,,,,Merseloseweg 62-A,,,,,,,9999
damskie-botki-z-zamkiem-i-ozdobnym-sznurowaniem,Damskie botki z zamkiem i ozdobnym sznurowaniem,Kolor,Szary,Rozmiar,41,,,,,,Merseloseweg 62-A,,,,,,,9999
damskie-botki-z-zamkiem-i-ozdobnym-sznurowaniem,Damskie botki z zamkiem i ozdobnym sznurowaniem,Kolor,Szary,Rozmiar,42,,,,,,Merseloseweg 62-A,,,,,,,9999
damskie-botki-z-zamkiem-i-ozdobnym-sznurowaniem,Damskie botki z zamkiem i ozdobnym sznurowaniem,Kolor,Niebieski,Rozmiar,36,,,,,,Merseloseweg 62-A,,,,,,,9999
damskie-botki-z-zamkiem-i-ozdobnym-sznurowaniem,Damskie botki z zamkiem i ozdobnym sznurowaniem,Kolor,Niebieski,Rozmiar,37,,,,,,Merseloseweg 62-A,,,,,,,9999
damskie-botki-z-zamkiem-i-ozdobnym-sznurowaniem,Damskie botki z zamkiem i ozdobnym sznurowaniem,Kolor,Niebieski,Rozmiar,38,,,,,,Merseloseweg 62-A,,,,,,,9999
damskie-botki-z-zamkiem-i-ozdobnym-sznurowaniem,Damskie botki z zamkiem i ozdobnym sznurowaniem,Kolor,Niebieski,Rozmiar,39,,,,,,Merseloseweg 62-A,,,,,,,9999
damskie-botki-z-zamkiem-i-ozdobnym-sznurowaniem,Damskie botki z zamkiem i ozdobnym sznurowaniem,Kolor,Niebieski,Rozmiar,40,,,,,,Merseloseweg 62-A,,,,,,,9999
damskie-botki-z-zamkiem-i-ozdobnym-sznurowaniem,Damskie botki z zamkiem i ozdobnym sznurowaniem,Kolor,Niebieski,Rozmiar,41,,,,,,Merseloseweg 62-A,,,,,,,9999
damskie-botki-z-zamkiem-i-ozdobnym-sznurowaniem,Damskie botki z zamkiem i ozdobnym sznurowaniem,Kolor,Niebieski,Rozmiar,42,,,,,,Merseloseweg 62-A,,,,,,,9999
damskie-botki-z-zamkiem-i-ozdobnym-sznurowaniem,Damskie botki z zamkiem i ozdobnym sznurowaniem,Kolor,Zielony,Rozmiar,36,,,,,,Merseloseweg 62-A,,,,,,,9999
damskie-botki-z-zamkiem-i-ozdobnym-sznurowaniem,Damskie botki z zamkiem i ozdobnym sznurowaniem,Kolor,Zielony,Rozmiar,37,,,,,,Merseloseweg 62-A,,,,,,,9999
damskie-botki-z-zamkiem-i-ozdobnym-sznurowaniem,Damskie botki z zamkiem i ozdobnym sznurowaniem,Kolor,Zielony,Rozmiar,38,,,,,,Merseloseweg 62-A,,,,,,,9999
damskie-botki-z-zamkiem-i-ozdobnym-sznurowaniem,Damskie botki z zamkiem i ozdobnym sznurowaniem,Kolor,Zielony,Rozmiar,39,,,,,,Merseloseweg 62-A,,,,,,,9999
damskie-botki-z-zamkiem-i-ozdobnym-sznurowaniem,Damskie botki z zamkiem i ozdobnym sznurowaniem,Kolor,Zielony,Rozmiar,40,,,,,,Merseloseweg 62-A,,,,,,,9999
damskie-botki-z-zamkiem-i-ozdobnym-sznurowaniem,Damskie botki z zamkiem i ozdobnym sznurowaniem,Kolor,Zielony,Rozmiar,41,,,,,,Merseloseweg 62-A,,,,,,,9999
damskie-botki-z-zamkiem-i-ozdobnym-sznurowaniem,Damskie botki z zamkiem i ozdobnym sznurowaniem,Kolor,Zielony,Rozmiar,42,,,,,,Merseloseweg 62-A,,,,,,,9999
damskie-botki-z-zamkiem-i-ozdobnym-sznurowaniem,Damskie botki z zamkiem i ozdobnym sznurowaniem,Kolor,Brązowy,Rozmiar,43,,,,,,Merseloseweg 62-A,,,,,,,9999
damskie-botki-z-zamkiem-i-ozdobnym-sznurowaniem,Damskie botki z zamkiem i ozdobnym sznurowaniem,Kolor,Czerwony,Rozmiar,43,,,,,,Merseloseweg 62-A,,,,,,,9999
damskie-botki-z-zamkiem-i-ozdobnym-sznurowaniem,Damskie botki z zamkiem i ozdobnym sznurowaniem,Kolor,Czarny,Rozmiar,43,,,,,,Merseloseweg 62-A,,,,,,,9999
damskie-botki-z-zamkiem-i-ozdobnym-sznurowaniem,Damskie botki z zamkiem i ozdobnym sznurowaniem,Kolor,Szary,Rozmiar,43,,,,,,Merseloseweg 62-A,,,,,,,9999
damskie-botki-z-zamkiem-i-ozdobnym-sznurowaniem,Damskie botki z zamkiem i ozdobnym sznurowaniem,Kolor,Niebieski,Rozmiar,43,,,,,,Merseloseweg 62-A,,,,,,,9999
damskie-botki-z-zamkiem-i-ozdobnym-sznurowaniem,Damskie botki z zamkiem i ozdobnym sznurowaniem,Kolor,Zielony,Rozmiar,43,,,,,,Merseloseweg 62-A,,,,,,,9999
meskie-zamszowe-mokasyny-wsuwane-na-co-dzien,Męskie zamszowe mokasyny wsuwane na co dzień,Kolor,Brązowy,Rozmiar,39,,,,,,Merseloseweg 62-A,,,,,,,9999
meskie-zamszowe-mokasyny-wsuwane-na-co-dzien,Męskie zamszowe mokasyny wsuwane na co dzień,Kolor,Brązowy,Rozmiar,40,,,,,,Merseloseweg 62-A,,,,,,,9999
meskie-zamszowe-mokasyny-wsuwane-na-co-dzien,Męskie zamszowe mokasyny wsuwane na co dzień,Kolor,Brązowy,Rozmiar,41,,,,,,Merseloseweg 62-A,,,,,,,9999
meskie-zamszowe-mokasyny-wsuwane-na-co-dzien,Męskie zamszowe mokasyny wsuwane na co dzień,Kolor,Brązowy,Rozmiar,42,,,,,,Merseloseweg 62-A,,,,,,,9999
meskie-zamszowe-mokasyny-wsuwane-na-co-dzien,Męskie zamszowe mokasyny wsuwane na co dzień,Kolor,Brązowy,Rozmiar,43,,,,,,Merseloseweg 62-A,,,,,,,9999
meskie-zamszowe-mokasyny-wsuwane-na-co-dzien,Męskie zamszowe mokasyny wsuwane na co dzień,Kolor,Brązowy,Rozmiar,44,,,,,,Merseloseweg 62-A,,,,,,,9999
meskie-zamszowe-mokasyny-wsuwane-na-co-dzien,Męskie zamszowe mokasyny wsuwane na co dzień,Kolor,Czarny,Rozmiar,39,,,,,,Merseloseweg 62-A,,,,,,,9999
meskie-zamszowe-mokasyny-wsuwane-na-co-dzien,Męskie zamszowe mokasyny wsuwane na co dzień,Kolor,Czarny,Rozmiar,40,,,,,,Merseloseweg 62-A,,,,,,,9999
meskie-zamszowe-mokasyny-wsuwane-na-co-dzien,Męskie zamszowe mokasyny wsuwane na co dzień,Kolor,Czarny,Rozmiar,41,,,,,,Merseloseweg 62-A,,,,,,,9999
meskie-zamszowe-mokasyny-wsuwane-na-co-dzien,Męskie zamszowe mokasyny wsuwane na co dzień,Kolor,Czarny,Rozmiar,42,,,,,,Merseloseweg 62-A,,,,,,,9999
meskie-zamszowe-mokasyny-wsuwane-na-co-dzien,Męskie zamszowe mokasyny wsuwane na co dzień,Kolor,Czarny,Rozmiar,43,,,,,,Merseloseweg 62-A,,,,,,,9999
meskie-zamszowe-mokasyny-wsuwane-na-co-dzien,Męskie zamszowe mokasyny wsuwane na co dzień,Kolor,Czarny,Rozmiar,44,,,,,,Merseloseweg 62-A,,,,,,,9999
meskie-zamszowe-mokasyny-wsuwane-na-co-dzien,Męskie zamszowe mokasyny wsuwane na co dzień,Kolor,Granatowy,Rozmiar,39,,,,,,Merseloseweg 62-A,,,,,,,9999
meskie-zamszowe-mokasyny-wsuwane-na-co-dzien,Męskie zamszowe mokasyny wsuwane na co dzień,Kolor,Granatowy,Rozmiar,40,,,,,,Merseloseweg 62-A,,,,,,,9999
meskie-zamszowe-mokasyny-wsuwane-na-co-dzien,Męskie zamszowe mokasyny wsuwane na co dzień,Kolor,Granatowy,Rozmiar,41,,,,,,Merseloseweg 62-A,,,,,,,9999
meskie-zamszowe-mokasyny-wsuwane-na-co-dzien,Męskie zamszowe mokasyny wsuwane na co dzień,Kolor,Granatowy,Rozmiar,42,,,,,,Merseloseweg 62-A,,,,,,,9999
meskie-zamszowe-mokasyny-wsuwane-na-co-dzien,Męskie zamszowe mokasyny wsuwane na co dzień,Kolor,Granatowy,Rozmiar,43,,,,,,Merseloseweg 62-A,,,,,,,9999
meskie-zamszowe-mokasyny-wsuwane-na-co-dzien,Męskie zamszowe mokasyny wsuwane na co dzień,Kolor,Granatowy,Rozmiar,44,,,,,,Merseloseweg 62-A,,,,,,,9999
meskie-zamszowe-mokasyny-wsuwane-na-co-dzien,Męskie zamszowe mokasyny wsuwane na co dzień,Kolor,Jasnobrązowy,Rozmiar,39,,,,,,Merseloseweg 62-A,,,,,,,9999
meskie-zamszowe-mokasyny-wsuwane-na-co-dzien,Męskie zamszowe mokasyny wsuwane na co dzień,Kolor,Jasnobrązowy,Rozmiar,40,,,,,,Merseloseweg 62-A,,,,,,,9999
meskie-zamszowe-mokasyny-wsuwane-na-co-dzien,Męskie zamszowe mokasyny wsuwane na co dzień,Kolor,Jasnobrązowy,Rozmiar,41,,,,,,Merseloseweg 62-A,,,,,,,9999
meskie-zamszowe-mokasyny-wsuwane-na-co-dzien,Męskie zamszowe mokasyny wsuwane na co dzień,Kolor,Jasnobrązowy,Rozmiar,42,,,,,,Merseloseweg 62-A,,,,,,,9999
meskie-zamszowe-mokasyny-wsuwane-na-co-dzien,Męskie zamszowe mokasyny wsuwane na co dzień,Kolor,Jasnobrązowy,Rozmiar,43,,,,,,Merseloseweg 62-A,,,,,,,9999
meskie-zamszowe-mokasyny-wsuwane-na-co-dzien,Męskie zamszowe mokasyny wsuwane na co dzień,Kolor,Jasnobrązowy,Rozmiar,44,,,,,,Merseloseweg 62-A,,,,,,,9999
meskie-zamszowe-mokasyny-wsuwane-na-co-dzien,Męskie zamszowe mokasyny wsuwane na co dzień,Kolor,Szary,Rozmiar,39,,,,,,Merseloseweg 62-A,,,,,,,9999
meskie-zamszowe-mokasyny-wsuwane-na-co-dzien,Męskie zamszowe mokasyny wsuwane na co dzień,Kolor,Szary,Rozmiar,40,,,,,,Merseloseweg 62-A,,,,,,,9999
meskie-zamszowe-mokasyny-wsuwane-na-co-dzien,Męskie zamszowe mokasyny wsuwane na co dzień,Kolor,Szary,Rozmiar,41,,,,,,Merseloseweg 62-A,,,,,,,9999
meskie-zamszowe-mokasyny-wsuwane-na-co-dzien,Męskie zamszowe mokasyny wsuwane na co dzień,Kolor,Szary,Rozmiar,42,,,,,,Merseloseweg 62-A,,,,,,,9999
meskie-zamszowe-mokasyny-wsuwane-na-co-dzien,Męskie zamszowe mokasyny wsuwane na co dzień,Kolor,Szary,Rozmiar,43,,,,,,Merseloseweg 62-A,,,,,,,9999
meskie-zamszowe-mokasyny-wsuwane-na-co-dzien,Męskie zamszowe mokasyny wsuwane na co dzień,Kolor,Szary,Rozmiar,44,,,,,,Merseloseweg 62-A,,,,,,,9999
meskie-zamszowe-mokasyny-wsuwane-na-co-dzien,Męskie zamszowe mokasyny wsuwane na co dzień,Kolor,Zielony,Rozmiar,39,,,,,,Merseloseweg 62-A,,,,,,,9999
meskie-zamszowe-mokasyny-wsuwane-na-co-dzien,Męskie zamszowe mokasyny wsuwane na co dzień,Kolor,Zielony,Rozmiar,40,,,,,,Merseloseweg 62-A,,,,,,,9999
meskie-zamszowe-mokasyny-wsuwane-na-co-dzien,Męskie zamszowe mokasyny wsuwane na co dzień,Kolor,Zielony,Rozmiar,41,,,,,,Merseloseweg 62-A,,,,,,,9999
meskie-zamszowe-mokasyny-wsuwane-na-co-dzien,Męskie zamszowe mokasyny wsuwane na co dzień,Kolor,Zielony,Rozmiar,42,,,,,,Merseloseweg 62-A,,,,,,,9999
meskie-zamszowe-mokasyny-wsuwane-na-co-dzien,Męskie zamszowe mokasyny wsuwane na co dzień,Kolor,Zielony,Rozmiar,43,,,,,,Merseloseweg 62-A,,,,,,,9999
meskie-zamszowe-mokasyny-wsuwane-na-co-dzien,Męskie zamszowe mokasyny wsuwane na co dzień,Kolor,Zielony,Rozmiar,44,,,,,,Merseloseweg 62-A,,,,,,,9999
meskie-zamszowe-mokasyny-wsuwane-na-co-dzien,Męskie zamszowe mokasyny wsuwane na co dzień,Kolor,Pomarańczowy,Rozmiar,39,,,,,,Merseloseweg 62-A,,,,,,,9999
meskie-zamszowe-mokasyny-wsuwane-na-co-dzien,Męskie zamszowe mokasyny wsuwane na co dzień,Kolor,Pomarańczowy,Rozmiar,40,,,,,,Merseloseweg 62-A,,,,,,,9999
meskie-zamszowe-mokasyny-wsuwane-na-co-dzien,Męskie zamszowe mokasyny wsuwane na co dzień,Kolor,Pomarańczowy,Rozmiar,41,,,,,,Merseloseweg 62-A,,,,,,,9999
meskie-zamszowe-mokasyny-wsuwane-na-co-dzien,Męskie zamszowe mokasyny wsuwane na co dzień,Kolor,Pomarańczowy,Rozmiar,42,,,,,,Merseloseweg 62-A,,,,,,,9999
meskie-zamszowe-mokasyny-wsuwane-na-co-dzien,Męskie zamszowe mokasyny wsuwane na co dzień,Kolor,Pomarańczowy,Rozmiar,43,,,,,,Merseloseweg 62-A,,,,,,,9999
meskie-zamszowe-mokasyny-wsuwane-na-co-dzien,Męskie zamszowe mokasyny wsuwane na co dzień,Kolor,Pomarańczowy,Rozmiar,44,,,,,,Merseloseweg 62-A,,,,,,,9999
meskie-zamszowe-mokasyny-wsuwane-na-co-dzien,Męskie zamszowe mokasyny wsuwane na co dzień,Kolor,Bordowy,Rozmiar,39,,,,,,Merseloseweg 62-A,,,,,,,9999
meskie-zamszowe-mokasyny-wsuwane-na-co-dzien,Męskie zamszowe mokasyny wsuwane na co dzień,Kolor,Bordowy,Rozmiar,40,,,,,,Merseloseweg 62-A,,,,,,,9999
meskie-zamszowe-mokasyny-wsuwane-na-co-dzien,Męskie zamszowe mokasyny wsuwane na co dzień,Kolor,Bordowy,Rozmiar,41,,,,,,Merseloseweg 62-A,,,,,,,9999
meskie-zamszowe-mokasyny-wsuwane-na-co-dzien,Męskie zamszowe mokasyny wsuwane na co dzień,Kolor,Bordowy,Rozmiar,42,,,,,,Merseloseweg 62-A,,,,,,,9999
meskie-zamszowe-mokasyny-wsuwane-na-co-dzien,Męskie zamszowe mokasyny wsuwane na co dzień,Kolor,Bordowy,Rozmiar,43,,,,,,Merseloseweg 62-A,,,,,,,9999
meskie-zamszowe-mokasyny-wsuwane-na-co-dzien,Męskie zamszowe mokasyny wsuwane na co dzień,Kolor,Bordowy,Rozmiar,44,,,,,,Merseloseweg 62-A,,,,,,,9999
meskie-zamszowe-mokasyny-wsuwane-na-co-dzien,Męskie zamszowe mokasyny wsuwane na co dzień,Kolor,Brązowy,Rozmiar,45,,,,,,Merseloseweg 62-A,,,,,,,9999
meskie-zamszowe-mokasyny-wsuwane-na-co-dzien,Męskie zamszowe mokasyny wsuwane na co dzień,Kolor,Brązowy,Rozmiar,46,,,,,,Merseloseweg 62-A,,,,,,,9999
meskie-zamszowe-mokasyny-wsuwane-na-co-dzien,Męskie zamszowe mokasyny wsuwane na co dzień,Kolor,Czarny,Rozmiar,45,,,,,,Merseloseweg 62-A,,,,,,,9999
meskie-zamszowe-mokasyny-wsuwane-na-co-dzien,Męskie zamszowe mokasyny wsuwane na co dzień,Kolor,Czarny,Rozmiar,46,,,,,,Merseloseweg 62-A,,,,,,,9999
meskie-zamszowe-mokasyny-wsuwane-na-co-dzien,Męskie zamszowe mokasyny wsuwane na co dzień,Kolor,Granatowy,Rozmiar,45,,,,,,Merseloseweg 62-A,,,,,,,9999
meskie-zamszowe-mokasyny-wsuwane-na-co-dzien,Męskie zamszowe mokasyny wsuwane na co dzień,Kolor,Granatowy,Rozmiar,46,,,,,,Merseloseweg 62-A,,,,,,,9999
meskie-zamszowe-mokasyny-wsuwane-na-co-dzien,Męskie zamszowe mokasyny wsuwane na co dzień,Kolor,Jasnobrązowy,Rozmiar,45,,,,,,Merseloseweg 62-A,,,,,,,9999
meskie-zamszowe-mokasyny-wsuwane-na-co-dzien,Męskie zamszowe mokasyny wsuwane na co dzień,Kolor,Jasnobrązowy,Rozmiar,46,,,,,,Merseloseweg 62-A,,,,,,,9999
meskie-zamszowe-mokasyny-wsuwane-na-co-dzien,Męskie zamszowe mokasyny wsuwane na co dzień,Kolor,Szary,Rozmiar,45,,,,,,Merseloseweg 62-A,,,,,,,9999
meskie-zamszowe-mokasyny-wsuwane-na-co-dzien,Męskie zamszowe mokasyny wsuwane na co dzień,Kolor,Szary,Rozmiar,46,,,,,,Merseloseweg 62-A,,,,,,,9999
meskie-zamszowe-mokasyny-wsuwane-na-co-dzien,Męskie zamszowe mokasyny wsuwane na co dzień,Kolor,Zielony,Rozmiar,45,,,,,,Merseloseweg 62-A,,,,,,,9999
meskie-zamszowe-mokasyny-wsuwane-na-co-dzien,Męskie zamszowe mokasyny wsuwane na co dzień,Kolor,Zielony,Rozmiar,46,,,,,,Merseloseweg 62-A,,,,,,,9999
meskie-zamszowe-mokasyny-wsuwane-na-co-dzien,Męskie zamszowe mokasyny wsuwane na co dzień,Kolor,Pomarańczowy,Rozmiar,45,,,,,,Merseloseweg 62-A,,,,,,,9999
meskie-zamszowe-mokasyny-wsuwane-na-co-dzien,Męskie zamszowe mokasyny wsuwane na co dzień,Kolor,Pomarańczowy,Rozmiar,46,,,,,,Merseloseweg 62-A,,,,,,,9999
meskie-zamszowe-mokasyny-wsuwane-na-co-dzien,Męskie zamszowe mokasyny wsuwane na co dzień,Kolor,Bordowy,Rozmiar,45,,,,,,Merseloseweg 62-A,,,,,,,9999
meskie-zamszowe-mokasyny-wsuwane-na-co-dzien,Męskie zamszowe mokasyny wsuwane na co dzień,Kolor,Bordowy,Rozmiar,46,,,,,,Merseloseweg 62-A,,,,,,,9999
meskie-kapcie-z-puszysta-wysciolka-do-domu,Męskie kapcie z puszystą wyściółką do domu,Kolor,Czarny,Rozmiar,39,,,,,,Merseloseweg 62-A,,,,,,,9999
meskie-kapcie-z-puszysta-wysciolka-do-domu,Męskie kapcie z puszystą wyściółką do domu,Kolor,Czarny,Rozmiar,40,,,,,,Merseloseweg 62-A,,,,,,,9999
meskie-kapcie-z-puszysta-wysciolka-do-domu,Męskie kapcie z puszystą wyściółką do domu,Kolor,Czarny,Rozmiar,41,,,,,,Merseloseweg 62-A,,,,,,,9999
meskie-kapcie-z-puszysta-wysciolka-do-domu,Męskie kapcie z puszystą wyściółką do domu,Kolor,Czarny,Rozmiar,42,,,,,,Merseloseweg 62-A,,,,,,,9999
meskie-kapcie-z-puszysta-wysciolka-do-domu,Męskie kapcie z puszystą wyściółką do domu,Kolor,Czarny,Rozmiar,43,,,,,,Merseloseweg 62-A,,,,,,,9999
meskie-kapcie-z-puszysta-wysciolka-do-domu,Męskie kapcie z puszystą wyściółką do domu,Kolor,Czarny,Rozmiar,44,,,,,,Merseloseweg 62-A,,,,,,,9999
meskie-kapcie-z-puszysta-wysciolka-do-domu,Męskie kapcie z puszystą wyściółką do domu,Kolor,Brązowy,Rozmiar,39,,,,,,Merseloseweg 62-A,,,,,,,9999
meskie-kapcie-z-puszysta-wysciolka-do-domu,Męskie kapcie z puszystą wyściółką do domu,Kolor,Brązowy,Rozmiar,40,,,,,,Merseloseweg 62-A,,,,,,,9999
meskie-kapcie-z-puszysta-wysciolka-do-domu,Męskie kapcie z puszystą wyściółką do domu,Kolor,Brązowy,Rozmiar,41,,,,,,Merseloseweg 62-A,,,,,,,9999
meskie-kapcie-z-puszysta-wysciolka-do-domu,Męskie kapcie z puszystą wyściółką do domu,Kolor,Brązowy,Rozmiar,42,,,,,,Merseloseweg 62-A,,,,,,,9999
meskie-kapcie-z-puszysta-wysciolka-do-domu,Męskie kapcie z puszystą wyściółką do domu,Kolor,Brązowy,Rozmiar,43,,,,,,Merseloseweg 62-A,,,,,,,9999
meskie-kapcie-z-puszysta-wysciolka-do-domu,Męskie kapcie z puszystą wyściółką do domu,Kolor,Brązowy,Rozmiar,44,,,,,,Merseloseweg 62-A,,,,,,,9999
meskie-kapcie-z-puszysta-wysciolka-do-domu,Męskie kapcie z puszystą wyściółką do domu,Kolor,Kawowy,Rozmiar,39,,,,,,Merseloseweg 62-A,,,,,,,9999
meskie-kapcie-z-puszysta-wysciolka-do-domu,Męskie kapcie z puszystą wyściółką do domu,Kolor,Kawowy,Rozmiar,40,,,,,,Merseloseweg 62-A,,,,,,,9999
meskie-kapcie-z-puszysta-wysciolka-do-domu,Męskie kapcie z puszystą wyściółką do domu,Kolor,Kawowy,Rozmiar,41,,,,,,Merseloseweg 62-A,,,,,,,9999
meskie-kapcie-z-puszysta-wysciolka-do-domu,Męskie kapcie z puszystą wyściółką do domu,Kolor,Kawowy,Rozmiar,42,,,,,,Merseloseweg 62-A,,,,,,,9999
meskie-kapcie-z-puszysta-wysciolka-do-domu,Męskie kapcie z puszystą wyściółką do domu,Kolor,Kawowy,Rozmiar,43,,,,,,Merseloseweg 62-A,,,,,,,9999
meskie-kapcie-z-puszysta-wysciolka-do-domu,Męskie kapcie z puszystą wyściółką do domu,Kolor,Kawowy,Rozmiar,44,,,,,,Merseloseweg 62-A,,,,,,,9999
meskie-kapcie-z-puszysta-wysciolka-do-domu,Męskie kapcie z puszystą wyściółką do domu,Kolor,Szary,Rozmiar,39,,,,,,Merseloseweg 62-A,,,,,,,9999
meskie-kapcie-z-puszysta-wysciolka-do-domu,Męskie kapcie z puszystą wyściółką do domu,Kolor,Szary,Rozmiar,40,,,,,,Merseloseweg 62-A,,,,,,,9999
meskie-kapcie-z-puszysta-wysciolka-do-domu,Męskie kapcie z puszystą wyściółką do domu,Kolor,Szary,Rozmiar,41,,,,,,Merseloseweg 62-A,,,,,,,9999
meskie-kapcie-z-puszysta-wysciolka-do-domu,Męskie kapcie z puszystą wyściółką do domu,Kolor,Szary,Rozmiar,42,,,,,,Merseloseweg 62-A,,,,,,,9999
meskie-kapcie-z-puszysta-wysciolka-do-domu,Męskie kapcie z puszystą wyściółką do domu,Kolor,Szary,Rozmiar,43,,,,,,Merseloseweg 62-A,,,,,,,9999
meskie-kapcie-z-puszysta-wysciolka-do-domu,Męskie kapcie z puszystą wyściółką do domu,Kolor,Szary,Rozmiar,44,,,,,,Merseloseweg 62-A,,,,,,,9999
meskie-kapcie-z-puszysta-wysciolka-do-domu,Męskie kapcie z puszystą wyściółką do domu,Kolor,Szaro-czarny,Rozmiar,39,,,,,,Merseloseweg 62-A,,,,,,,9999
meskie-kapcie-z-puszysta-wysciolka-do-domu,Męskie kapcie z puszystą wyściółką do domu,Kolor,Szaro-czarny,Rozmiar,40,,,,,,Merseloseweg 62-A,,,,,,,9999
meskie-kapcie-z-puszysta-wysciolka-do-domu,Męskie kapcie z puszystą wyściółką do domu,Kolor,Szaro-czarny,Rozmiar,41,,,,,,Merseloseweg 62-A,,,,,,,9999
meskie-kapcie-z-puszysta-wysciolka-do-domu,Męskie kapcie z puszystą wyściółką do domu,Kolor,Szaro-czarny,Rozmiar,42,,,,,,Merseloseweg 62-A,,,,,,,9999
meskie-kapcie-z-puszysta-wysciolka-do-domu,Męskie kapcie z puszystą wyściółką do domu,Kolor,Szaro-czarny,Rozmiar,43,,,,,,Merseloseweg 62-A,,,,,,,9999
meskie-kapcie-z-puszysta-wysciolka-do-domu,Męskie kapcie z puszystą wyściółką do domu,Kolor,Szaro-czarny,Rozmiar,44,,,,,,Merseloseweg 62-A,,,,,,,9999
meskie-kapcie-z-puszysta-wysciolka-do-domu,Męskie kapcie z puszystą wyściółką do domu,Kolor,Czarny,Rozmiar,45,,,,,,Merseloseweg 62-A,,,,,,,9999
meskie-kapcie-z-puszysta-wysciolka-do-domu,Męskie kapcie z puszystą wyściółką do domu,Kolor,Czarny,Rozmiar,46,,,,,,Merseloseweg 62-A,,,,,,,9999
meskie-kapcie-z-puszysta-wysciolka-do-domu,Męskie kapcie z puszystą wyściółką do domu,Kolor,Brązowy,Rozmiar,45,,,,,,Merseloseweg 62-A,,,,,,,9999
meskie-kapcie-z-puszysta-wysciolka-do-domu,Męskie kapcie z puszystą wyściółką do domu,Kolor,Brązowy,Rozmiar,46,,,,,,Merseloseweg 62-A,,,,,,,9999
meskie-kapcie-z-puszysta-wysciolka-do-domu,Męskie kapcie z puszystą wyściółką do domu,Kolor,Kawowy,Rozmiar,45,,,,,,Merseloseweg 62-A,,,,,,,9999
meskie-kapcie-z-puszysta-wysciolka-do-domu,Męskie kapcie z puszystą wyściółką do domu,Kolor,Kawowy,Rozmiar,46,,,,,,Merseloseweg 62-A,,,,,,,9999
meskie-kapcie-z-puszysta-wysciolka-do-domu,Męskie kapcie z puszystą wyściółką do domu,Kolor,Szary,Rozmiar,45,,,,,,Merseloseweg 62-A,,,,,,,9999
meskie-kapcie-z-puszysta-wysciolka-do-domu,Męskie kapcie z puszystą wyściółką do domu,Kolor,Szary,Rozmiar,46,,,,,,Merseloseweg 62-A,,,,,,,9999
meskie-kapcie-z-puszysta-wysciolka-do-domu,Męskie kapcie z puszystą wyściółką do domu,Kolor,Szaro-czarny,Rozmiar,45,,,,,,Merseloseweg 62-A,,,,,,,9999
meskie-kapcie-z-puszysta-wysciolka-do-domu,Męskie kapcie z puszystą wyściółką do domu,Kolor,Szaro-czarny,Rozmiar,46,,,,,,Merseloseweg 62-A,,,,,,,9999
damskie-wysokie-kozaki-z-klamra-na-zime,Damskie wysokie kozaki z klamrą na zimę,Kolor,Ciemnobrązowy,Rozmiar,36,,,,,,Merseloseweg 62-A,,,,,,,9999
damskie-wysokie-kozaki-z-klamra-na-zime,Damskie wysokie kozaki z klamrą na zimę,Kolor,Ciemnobrązowy,Rozmiar,37,,,,,,Merseloseweg 62-A,,,,,,,9999
damskie-wysokie-kozaki-z-klamra-na-zime,Damskie wysokie kozaki z klamrą na zimę,Kolor,Ciemnobrązowy,Rozmiar,38,,,,,,Merseloseweg 62-A,,,,,,,9999
damskie-wysokie-kozaki-z-klamra-na-zime,Damskie wysokie kozaki z klamrą na zimę,Kolor,Ciemnobrązowy,Rozmiar,39,,,,,,Merseloseweg 62-A,,,,,,,9999
damskie-wysokie-kozaki-z-klamra-na-zime,Damskie wysokie kozaki z klamrą na zimę,Kolor,Ciemnobrązowy,Rozmiar,40,,,,,,Merseloseweg 62-A,,,,,,,9999
damskie-wysokie-kozaki-z-klamra-na-zime,Damskie wysokie kozaki z klamrą na zimę,Kolor,Ciemnobrązowy,Rozmiar,41,,,,,,Merseloseweg 62-A,,,,,,,9999
damskie-wysokie-kozaki-z-klamra-na-zime,Damskie wysokie kozaki z klamrą na zimę,Kolor,Ciemnobrązowy,Rozmiar,42,,,,,,Merseloseweg 62-A,,,,,,,9999
damskie-wysokie-kozaki-z-klamra-na-zime,Damskie wysokie kozaki z klamrą na zimę,Kolor,Czarny,Rozmiar,36,,,,,,Merseloseweg 62-A,,,,,,,9999
damskie-wysokie-kozaki-z-klamra-na-zime,Damskie wysokie kozaki z klamrą na zimę,Kolor,Czarny,Rozmiar,37,,,,,,Merseloseweg 62-A,,,,,,,9999
damskie-wysokie-kozaki-z-klamra-na-zime,Damskie wysokie kozaki z klamrą na zimę,Kolor,Czarny,Rozmiar,38,,,,,,Merseloseweg 62-A,,,,,,,9999
damskie-wysokie-kozaki-z-klamra-na-zime,Damskie wysokie kozaki z klamrą na zimę,Kolor,Czarny,Rozmiar,39,,,,,,Merseloseweg 62-A,,,,,,,9999
damskie-wysokie-kozaki-z-klamra-na-zime,Damskie wysokie kozaki z klamrą na zimę,Kolor,Czarny,Rozmiar,40,,,,,,Merseloseweg 62-A,,,,,,,9999
damskie-wysokie-kozaki-z-klamra-na-zime,Damskie wysokie kozaki z klamrą na zimę,Kolor,Czarny,Rozmiar,41,,,,,,Merseloseweg 62-A,,,,,,,9999
damskie-wysokie-kozaki-z-klamra-na-zime,Damskie wysokie kozaki z klamrą na zimę,Kolor,Czarny,Rozmiar,42,,,,,,Merseloseweg 62-A,,,,,,,9999
damskie-wysokie-kozaki-z-klamra-na-zime,Damskie wysokie kozaki z klamrą na zimę,Kolor,Fioletowy,Rozmiar,36,,,,,,Merseloseweg 62-A,,,,,,,9999
damskie-wysokie-kozaki-z-klamra-na-zime,Damskie wysokie kozaki z klamrą na zimę,Kolor,Fioletowy,Rozmiar,37,,,,,,Merseloseweg 62-A,,,,,,,9999
damskie-wysokie-kozaki-z-klamra-na-zime,Damskie wysokie kozaki z klamrą na zimę,Kolor,Fioletowy,Rozmiar,38,,,,,,Merseloseweg 62-A,,,,,,,9999
damskie-wysokie-kozaki-z-klamra-na-zime,Damskie wysokie kozaki z klamrą na zimę,Kolor,Fioletowy,Rozmiar,39,,,,,,Merseloseweg 62-A,,,,,,,9999
damskie-wysokie-kozaki-z-klamra-na-zime,Damskie wysokie kozaki z klamrą na zimę,Kolor,Fioletowy,Rozmiar,40,,,,,,Merseloseweg 62-A,,,,,,,9999
damskie-wysokie-kozaki-z-klamra-na-zime,Damskie wysokie kozaki z klamrą na zimę,Kolor,Fioletowy,Rozmiar,41,,,,,,Merseloseweg 62-A,,,,,,,9999
damskie-wysokie-kozaki-z-klamra-na-zime,Damskie wysokie kozaki z klamrą na zimę,Kolor,Fioletowy,Rozmiar,42,,,,,,Merseloseweg 62-A,,,,,,,9999
damskie-wysokie-kozaki-z-klamra-na-zime,Damskie wysokie kozaki z klamrą na zimę,Kolor,Zielony,Rozmiar,36,,,,,,Merseloseweg 62-A,,,,,,,9999
damskie-wysokie-kozaki-z-klamra-na-zime,Damskie wysokie kozaki z klamrą na zimę,Kolor,Zielony,Rozmiar,37,,,,,,Merseloseweg 62-A,,,,,,,9999
damskie-wysokie-kozaki-z-klamra-na-zime,Damskie wysokie kozaki z klamrą na zimę,Kolor,Zielony,Rozmiar,38,,,,,,Merseloseweg 62-A,,,,,,,9999
damskie-wysokie-kozaki-z-klamra-na-zime,Damskie wysokie kozaki z klamrą na zimę,Kolor,Zielony,Rozmiar,39,,,,,,Merseloseweg 62-A,,,,,,,9999
damskie-wysokie-kozaki-z-klamra-na-zime,Damskie wysokie kozaki z klamrą na zimę,Kolor,Zielony,Rozmiar,40,,,,,,Merseloseweg 62-A,,,,,,,9999
damskie-wysokie-kozaki-z-klamra-na-zime,Damskie wysokie kozaki z klamrą na zimę,Kolor,Zielony,Rozmiar,41,,,,,,Merseloseweg 62-A,,,,,,,9999
damskie-wysokie-kozaki-z-klamra-na-zime,Damskie wysokie kozaki z klamrą na zimę,Kolor,Zielony,Rozmiar,42,,,,,,Merseloseweg 62-A,,,,,,,9999
damskie-wysokie-kozaki-z-klamra-na-zime,Damskie wysokie kozaki z klamrą na zimę,Kolor,Ciemnobrązowy,Rozmiar,43,,,,,,Merseloseweg 62-A,,,,,,,9999
damskie-wysokie-kozaki-z-klamra-na-zime,Damskie wysokie kozaki z klamrą na zimę,Kolor,Czarny,Rozmiar,43,,,,,,Merseloseweg 62-A,,,,,,,9999
damskie-wysokie-kozaki-z-klamra-na-zime,Damskie wysokie kozaki z klamrą na zimę,Kolor,Fioletowy,Rozmiar,43,,,,,,Merseloseweg 62-A,,,,,,,9999
damskie-wysokie-kozaki-z-klamra-na-zime,Damskie wysokie kozaki z klamrą na zimę,Kolor,Zielony,Rozmiar,43,,,,,,Merseloseweg 62-A,,,,,,,9999
meskie-eleganckie-polbuty-sznurowane-na-wesela-i-uroczystosci,Męskie eleganckie półbuty sznurowane na wesela i uroczystości,Kolor,Czarny,Rozmiar,39,,,,,,Merseloseweg 62-A,,,,,,,9999
meskie-eleganckie-polbuty-sznurowane-na-wesela-i-uroczystosci,Męskie eleganckie półbuty sznurowane na wesela i uroczystości,Kolor,Czarny,Rozmiar,40,,,,,,Merseloseweg 62-A,,,,,,,9999
meskie-eleganckie-polbuty-sznurowane-na-wesela-i-uroczystosci,Męskie eleganckie półbuty sznurowane na wesela i uroczystości,Kolor,Czarny,Rozmiar,41,,,,,,Merseloseweg 62-A,,,,,,,9999
meskie-eleganckie-polbuty-sznurowane-na-wesela-i-uroczystosci,Męskie eleganckie półbuty sznurowane na wesela i uroczystości,Kolor,Czarny,Rozmiar,42,,,,,,Merseloseweg 62-A,,,,,,,9999
meskie-eleganckie-polbuty-sznurowane-na-wesela-i-uroczystosci,Męskie eleganckie półbuty sznurowane na wesela i uroczystości,Kolor,Czarny,Rozmiar,43,,,,,,Merseloseweg 62-A,,,,,,,9999
meskie-eleganckie-polbuty-sznurowane-na-wesela-i-uroczystosci,Męskie eleganckie półbuty sznurowane na wesela i uroczystości,Kolor,Czarny,Rozmiar,44,,,,,,Merseloseweg 62-A,,,,,,,9999
meskie-eleganckie-polbuty-sznurowane-na-wesela-i-uroczystosci,Męskie eleganckie półbuty sznurowane na wesela i uroczystości,Kolor,Brązowy,Rozmiar,39,,,,,,Merseloseweg 62-A,,,,,,,9999
meskie-eleganckie-polbuty-sznurowane-na-wesela-i-uroczystosci,Męskie eleganckie półbuty sznurowane na wesela i uroczystości,Kolor,Brązowy,Rozmiar,40,,,,,,Merseloseweg 62-A,,,,,,,9999
meskie-eleganckie-polbuty-sznurowane-na-wesela-i-uroczystosci,Męskie eleganckie półbuty sznurowane na wesela i uroczystości,Kolor,Brązowy,Rozmiar,41,,,,,,Merseloseweg 62-A,,,,,,,9999
meskie-eleganckie-polbuty-sznurowane-na-wesela-i-uroczystosci,Męskie eleganckie półbuty sznurowane na wesela i uroczystości,Kolor,Brązowy,Rozmiar,42,,,,,,Merseloseweg 62-A,,,,,,,9999
meskie-eleganckie-polbuty-sznurowane-na-wesela-i-uroczystosci,Męskie eleganckie półbuty sznurowane na wesela i uroczystości,Kolor,Brązowy,Rozmiar,43,,,,,,Merseloseweg 62-A,,,,,,,9999
meskie-eleganckie-polbuty-sznurowane-na-wesela-i-uroczystosci,Męskie eleganckie półbuty sznurowane na wesela i uroczystości,Kolor,Brązowy,Rozmiar,44,,,,,,Merseloseweg 62-A,,,,,,,9999
meskie-eleganckie-polbuty-sznurowane-na-wesela-i-uroczystosci,Męskie eleganckie półbuty sznurowane na wesela i uroczystości,Kolor,Czarny,Rozmiar,45,,,,,,Merseloseweg 62-A,,,,,,,9999
meskie-eleganckie-polbuty-sznurowane-na-wesela-i-uroczystosci,Męskie eleganckie półbuty sznurowane na wesela i uroczystości,Kolor,Czarny,Rozmiar,46,,,,,,Merseloseweg 62-A,,,,,,,9999
meskie-eleganckie-polbuty-sznurowane-na-wesela-i-uroczystosci,Męskie eleganckie półbuty sznurowane na wesela i uroczystości,Kolor,Brązowy,Rozmiar,45,,,,,,Merseloseweg 62-A,,,,,,,9999
meskie-eleganckie-polbuty-sznurowane-na-wesela-i-uroczystosci,Męskie eleganckie półbuty sznurowane na wesela i uroczystości,Kolor,Brązowy,Rozmiar,46,,,,,,Merseloseweg 62-A,,,,,,,9999
meskie-eleganckie-polbuty-sznurowane-do-codziennych-stylizacji,Męskie eleganckie półbuty sznurowane do codziennych stylizacji,Kolor,Brązowy,Rozmiar,39,,,,,,Merseloseweg 62-A,,,,,,,9999
meskie-eleganckie-polbuty-sznurowane-do-codziennych-stylizacji,Męskie eleganckie półbuty sznurowane do codziennych stylizacji,Kolor,Brązowy,Rozmiar,40,,,,,,Merseloseweg 62-A,,,,,,,9999
meskie-eleganckie-polbuty-sznurowane-do-codziennych-stylizacji,Męskie eleganckie półbuty sznurowane do codziennych stylizacji,Kolor,Brązowy,Rozmiar,41,,,,,,Merseloseweg 62-A,,,,,,,9999
meskie-eleganckie-polbuty-sznurowane-do-codziennych-stylizacji,Męskie eleganckie półbuty sznurowane do codziennych stylizacji,Kolor,Brązowy,Rozmiar,42,,,,,,Merseloseweg 62-A,,,,,,,9999
meskie-eleganckie-polbuty-sznurowane-do-codziennych-stylizacji,Męskie eleganckie półbuty sznurowane do codziennych stylizacji,Kolor,Brązowy,Rozmiar,43,,,,,,Merseloseweg 62-A,,,,,,,9999
meskie-eleganckie-polbuty-sznurowane-do-codziennych-stylizacji,Męskie eleganckie półbuty sznurowane do codziennych stylizacji,Kolor,Brązowy,Rozmiar,44,,,,,,Merseloseweg 62-A,,,,,,,9999
meskie-eleganckie-polbuty-sznurowane-do-codziennych-stylizacji,Męskie eleganckie półbuty sznurowane do codziennych stylizacji,Kolor,Khaki,Rozmiar,39,,,,,,Merseloseweg 62-A,,,,,,,9999
meskie-eleganckie-polbuty-sznurowane-do-codziennych-stylizacji,Męskie eleganckie półbuty sznurowane do codziennych stylizacji,Kolor,Khaki,Rozmiar,40,,,,,,Merseloseweg 62-A,,,,,,,9999
meskie-eleganckie-polbuty-sznurowane-do-codziennych-stylizacji,Męskie eleganckie półbuty sznurowane do codziennych stylizacji,Kolor,Khaki,Rozmiar,41,,,,,,Merseloseweg 62-A,,,,,,,9999
meskie-eleganckie-polbuty-sznurowane-do-codziennych-stylizacji,Męskie eleganckie półbuty sznurowane do codziennych stylizacji,Kolor,Khaki,Rozmiar,42,,,,,,Merseloseweg 62-A,,,,,,,9999
meskie-eleganckie-polbuty-sznurowane-do-codziennych-stylizacji,Męskie eleganckie półbuty sznurowane do codziennych stylizacji,Kolor,Khaki,Rozmiar,43,,,,,,Merseloseweg 62-A,,,,,,,9999
meskie-eleganckie-polbuty-sznurowane-do-codziennych-stylizacji,Męskie eleganckie półbuty sznurowane do codziennych stylizacji,Kolor,Khaki,Rozmiar,44,,,,,,Merseloseweg 62-A,,,,,,,9999
meskie-eleganckie-polbuty-sznurowane-do-codziennych-stylizacji,Męskie eleganckie półbuty sznurowane do codziennych stylizacji,Kolor,Czarny,Rozmiar,39,,,,,,Merseloseweg 62-A,,,,,,,9999
meskie-eleganckie-polbuty-sznurowane-do-codziennych-stylizacji,Męskie eleganckie półbuty sznurowane do codziennych stylizacji,Kolor,Czarny,Rozmiar,40,,,,,,Merseloseweg 62-A,,,,,,,9999
meskie-eleganckie-polbuty-sznurowane-do-codziennych-stylizacji,Męskie eleganckie półbuty sznurowane do codziennych stylizacji,Kolor,Czarny,Rozmiar,41,,,,,,Merseloseweg 62-A,,,,,,,9999
meskie-eleganckie-polbuty-sznurowane-do-codziennych-stylizacji,Męskie eleganckie półbuty sznurowane do codziennych stylizacji,Kolor,Czarny,Rozmiar,42,,,,,,Merseloseweg 62-A,,,,,,,9999
meskie-eleganckie-polbuty-sznurowane-do-codziennych-stylizacji,Męskie eleganckie półbuty sznurowane do codziennych stylizacji,Kolor,Czarny,Rozmiar,43,,,,,,Merseloseweg 62-A,,,,,,,9999
meskie-eleganckie-polbuty-sznurowane-do-codziennych-stylizacji,Męskie eleganckie półbuty sznurowane do codziennych stylizacji,Kolor,Czarny,Rozmiar,44,,,,,,Merseloseweg 62-A,,,,,,,9999
meskie-eleganckie-polbuty-sznurowane-do-codziennych-stylizacji,Męskie eleganckie półbuty sznurowane do codziennych stylizacji,Kolor,Brązowy,Rozmiar,45,,,,,,Merseloseweg 62-A,,,,,,,9999
meskie-eleganckie-polbuty-sznurowane-do-codziennych-stylizacji,Męskie eleganckie półbuty sznurowane do codziennych stylizacji,Kolor,Brązowy,Rozmiar,46,,,,,,Merseloseweg 62-A,,,,,,,9999
meskie-eleganckie-polbuty-sznurowane-do-codziennych-stylizacji,Męskie eleganckie półbuty sznurowane do codziennych stylizacji,Kolor,Khaki,Rozmiar,45,,,,,,Merseloseweg 62-A,,,,,,,9999
meskie-eleganckie-polbuty-sznurowane-do-codziennych-stylizacji,Męskie eleganckie półbuty sznurowane do codziennych stylizacji,Kolor,Khaki,Rozmiar,46,,,,,,Merseloseweg 62-A,,,,,,,9999
meskie-eleganckie-polbuty-sznurowane-do-codziennych-stylizacji,Męskie eleganckie półbuty sznurowane do codziennych stylizacji,Kolor,Czarny,Rozmiar,45,,,,,,Merseloseweg 62-A,,,,,,,9999
meskie-eleganckie-polbuty-sznurowane-do-codziennych-stylizacji,Męskie eleganckie półbuty sznurowane do codziennych stylizacji,Kolor,Czarny,Rozmiar,46,,,,,,Merseloseweg 62-A,,,,,,,9999
meskie-sneakersy-sportowe-z-wygodna-podeszwa-na-co-dzien,Męskie sneakersy sportowe z wygodną podeszwą na co dzień,Kolor,Czarny,Rozmiar,39,,,,,,Merseloseweg 62-A,,,,,,,9999
meskie-sneakersy-sportowe-z-wygodna-podeszwa-na-co-dzien,Męskie sneakersy sportowe z wygodną podeszwą na co dzień,Kolor,Czarny,Rozmiar,40,,,,,,Merseloseweg 62-A,,,,,,,9999
meskie-sneakersy-sportowe-z-wygodna-podeszwa-na-co-dzien,Męskie sneakersy sportowe z wygodną podeszwą na co dzień,Kolor,Czarny,Rozmiar,41,,,,,,Merseloseweg 62-A,,,,,,,9999
meskie-sneakersy-sportowe-z-wygodna-podeszwa-na-co-dzien,Męskie sneakersy sportowe z wygodną podeszwą na co dzień,Kolor,Czarny,Rozmiar,42,,,,,,Merseloseweg 62-A,,,,,,,9999
meskie-sneakersy-sportowe-z-wygodna-podeszwa-na-co-dzien,Męskie sneakersy sportowe z wygodną podeszwą na co dzień,Kolor,Czarny,Rozmiar,43,,,,,,Merseloseweg 62-A,,,,,,,9999
meskie-sneakersy-sportowe-z-wygodna-podeszwa-na-co-dzien,Męskie sneakersy sportowe z wygodną podeszwą na co dzień,Kolor,Czarny,Rozmiar,44,,,,,,Merseloseweg 62-A,,,,,,,9999
meskie-sneakersy-sportowe-z-wygodna-podeszwa-na-co-dzien,Męskie sneakersy sportowe z wygodną podeszwą na co dzień,Kolor,Brązowy,Rozmiar,39,,,,,,Merseloseweg 62-A,,,,,,,9999
meskie-sneakersy-sportowe-z-wygodna-podeszwa-na-co-dzien,Męskie sneakersy sportowe z wygodną podeszwą na co dzień,Kolor,Brązowy,Rozmiar,40,,,,,,Merseloseweg 62-A,,,,,,,9999
meskie-sneakersy-sportowe-z-wygodna-podeszwa-na-co-dzien,Męskie sneakersy sportowe z wygodną podeszwą na co dzień,Kolor,Brązowy,Rozmiar,41,,,,,,Merseloseweg 62-A,,,,,,,9999
meskie-sneakersy-sportowe-z-wygodna-podeszwa-na-co-dzien,Męskie sneakersy sportowe z wygodną podeszwą na co dzień,Kolor,Brązowy,Rozmiar,42,,,,,,Merseloseweg 62-A,,,,,,,9999
meskie-sneakersy-sportowe-z-wygodna-podeszwa-na-co-dzien,Męskie sneakersy sportowe z wygodną podeszwą na co dzień,Kolor,Brązowy,Rozmiar,43,,,,,,Merseloseweg 62-A,,,,,,,9999
meskie-sneakersy-sportowe-z-wygodna-podeszwa-na-co-dzien,Męskie sneakersy sportowe z wygodną podeszwą na co dzień,Kolor,Brązowy,Rozmiar,44,,,,,,Merseloseweg 62-A,,,,,,,9999
meskie-sneakersy-sportowe-z-wygodna-podeszwa-na-co-dzien,Męskie sneakersy sportowe z wygodną podeszwą na co dzień,Kolor,Czarny,Rozmiar,45,,,,,,Merseloseweg 62-A,,,,,,,9999
meskie-sneakersy-sportowe-z-wygodna-podeszwa-na-co-dzien,Męskie sneakersy sportowe z wygodną podeszwą na co dzień,Kolor,Czarny,Rozmiar,46,,,,,,Merseloseweg 62-A,,,,,,,9999
meskie-sneakersy-sportowe-z-wygodna-podeszwa-na-co-dzien,Męskie sneakersy sportowe z wygodną podeszwą na co dzień,Kolor,Brązowy,Rozmiar,45,,,,,,Merseloseweg 62-A,,,,,,,9999
meskie-sneakersy-sportowe-z-wygodna-podeszwa-na-co-dzien,Męskie sneakersy sportowe z wygodną podeszwą na co dzień,Kolor,Brązowy,Rozmiar,46,,,,,,Merseloseweg 62-A,,,,,,,9999
damskie-brazowe-polbuty-wsuwane-z-przeszyciami,Damskie brązowe półbuty wsuwane z przeszyciami,Kolor,Brązowy,Rozmiar,36,,,,,,Merseloseweg 62-A,,,,,,,9999
damskie-brazowe-polbuty-wsuwane-z-przeszyciami,Damskie brązowe półbuty wsuwane z przeszyciami,Kolor,Brązowy,Rozmiar,37,,,,,,Merseloseweg 62-A,,,,,,,9999
damskie-brazowe-polbuty-wsuwane-z-przeszyciami,Damskie brązowe półbuty wsuwane z przeszyciami,Kolor,Brązowy,Rozmiar,38,,,,,,Merseloseweg 62-A,,,,,,,9999
damskie-brazowe-polbuty-wsuwane-z-przeszyciami,Damskie brązowe półbuty wsuwane z przeszyciami,Kolor,Brązowy,Rozmiar,39,,,,,,Merseloseweg 62-A,,,,,,,9999
damskie-brazowe-polbuty-wsuwane-z-przeszyciami,Damskie brązowe półbuty wsuwane z przeszyciami,Kolor,Brązowy,Rozmiar,40,,,,,,Merseloseweg 62-A,,,,,,,9999
damskie-brazowe-polbuty-wsuwane-z-przeszyciami,Damskie brązowe półbuty wsuwane z przeszyciami,Kolor,Brązowy,Rozmiar,41,,,,,,Merseloseweg 62-A,,,,,,,9999
damskie-brazowe-polbuty-wsuwane-z-przeszyciami,Damskie brązowe półbuty wsuwane z przeszyciami,Kolor,Brązowy,Rozmiar,42,,,,,,Merseloseweg 62-A,,,,,,,9999
damskie-brazowe-polbuty-wsuwane-z-przeszyciami,Damskie brązowe półbuty wsuwane z przeszyciami,Kolor,Beżowy,Rozmiar,36,,,,,,Merseloseweg 62-A,,,,,,,9999
damskie-brazowe-polbuty-wsuwane-z-przeszyciami,Damskie brązowe półbuty wsuwane z przeszyciami,Kolor,Beżowy,Rozmiar,37,,,,,,Merseloseweg 62-A,,,,,,,9999
damskie-brazowe-polbuty-wsuwane-z-przeszyciami,Damskie brązowe półbuty wsuwane z przeszyciami,Kolor,Beżowy,Rozmiar,38,,,,,,Merseloseweg 62-A,,,,,,,9999
damskie-brazowe-polbuty-wsuwane-z-przeszyciami,Damskie brązowe półbuty wsuwane z przeszyciami,Kolor,Beżowy,Rozmiar,39,,,,,,Merseloseweg 62-A,,,,,,,9999
damskie-brazowe-polbuty-wsuwane-z-przeszyciami,Damskie brązowe półbuty wsuwane z przeszyciami,Kolor,Beżowy,Rozmiar,40,,,,,,Merseloseweg 62-A,,,,,,,9999
damskie-brazowe-polbuty-wsuwane-z-przeszyciami,Damskie brązowe półbuty wsuwane z przeszyciami,Kolor,Beżowy,Rozmiar,41,,,,,,Merseloseweg 62-A,,,,,,,9999
damskie-brazowe-polbuty-wsuwane-z-przeszyciami,Damskie brązowe półbuty wsuwane z przeszyciami,Kolor,Beżowy,Rozmiar,42,,,,,,Merseloseweg 62-A,,,,,,,9999
damskie-brazowe-polbuty-wsuwane-z-przeszyciami,Damskie brązowe półbuty wsuwane z przeszyciami,Kolor,Czarny,Rozmiar,36,,,,,,Merseloseweg 62-A,,,,,,,9999
damskie-brazowe-polbuty-wsuwane-z-przeszyciami,Damskie brązowe półbuty wsuwane z przeszyciami,Kolor,Czarny,Rozmiar,37,,,,,,Merseloseweg 62-A,,,,,,,9999
damskie-brazowe-polbuty-wsuwane-z-przeszyciami,Damskie brązowe półbuty wsuwane z przeszyciami,Kolor,Czarny,Rozmiar,38,,,,,,Merseloseweg 62-A,,,,,,,9999
damskie-brazowe-polbuty-wsuwane-z-przeszyciami,Damskie brązowe półbuty wsuwane z przeszyciami,Kolor,Czarny,Rozmiar,39,,,,,,Merseloseweg 62-A,,,,,,,9999
damskie-brazowe-polbuty-wsuwane-z-przeszyciami,Damskie brązowe półbuty wsuwane z przeszyciami,Kolor,Czarny,Rozmiar,40,,,,,,Merseloseweg 62-A,,,,,,,9999
damskie-brazowe-polbuty-wsuwane-z-przeszyciami,Damskie brązowe półbuty wsuwane z przeszyciami,Kolor,Czarny,Rozmiar,41,,,,,,Merseloseweg 62-A,,,,,,,9999
damskie-brazowe-polbuty-wsuwane-z-przeszyciami,Damskie brązowe półbuty wsuwane z przeszyciami,Kolor,Czarny,Rozmiar,42,,,,,,Merseloseweg 62-A,,,,,,,9999
damskie-brazowe-polbuty-wsuwane-z-przeszyciami,Damskie brązowe półbuty wsuwane z przeszyciami,Kolor,Brązowy,Rozmiar,43,,,,,,Merseloseweg 62-A,,,,,,,9999
damskie-brazowe-polbuty-wsuwane-z-przeszyciami,Damskie brązowe półbuty wsuwane z przeszyciami,Kolor,Beżowy,Rozmiar,43,,,,,,Merseloseweg 62-A,,,,,,,9999
damskie-brazowe-polbuty-wsuwane-z-przeszyciami,Damskie brązowe półbuty wsuwane z przeszyciami,Kolor,Czarny,Rozmiar,43,,,,,,Merseloseweg 62-A,,,,,,,9999
meskie-kapcie-zimowe-za-kostke-z-szerokim-zapieciem,Męskie kapcie zimowe za kostkę z szerokim zapięciem,Kolor,szary,Rozmiar,39,,,,,,Merseloseweg 62-A,,,,,,,9999
meskie-kapcie-zimowe-za-kostke-z-szerokim-zapieciem,Męskie kapcie zimowe za kostkę z szerokim zapięciem,Kolor,szary,Rozmiar,40,,,,,,Merseloseweg 62-A,,,,,,,9999
meskie-kapcie-zimowe-za-kostke-z-szerokim-zapieciem,Męskie kapcie zimowe za kostkę z szerokim zapięciem,Kolor,szary,Rozmiar,41,,,,,,Merseloseweg 62-A,,,,,,,9999
meskie-kapcie-zimowe-za-kostke-z-szerokim-zapieciem,Męskie kapcie zimowe za kostkę z szerokim zapięciem,Kolor,szary,Rozmiar,42,,,,,,Merseloseweg 62-A,,,,,,,9999
meskie-kapcie-zimowe-za-kostke-z-szerokim-zapieciem,Męskie kapcie zimowe za kostkę z szerokim zapięciem,Kolor,szary,Rozmiar,43,,,,,,Merseloseweg 62-A,,,,,,,9999
meskie-kapcie-zimowe-za-kostke-z-szerokim-zapieciem,Męskie kapcie zimowe za kostkę z szerokim zapięciem,Kolor,szary,Rozmiar,44,,,,,,Merseloseweg 62-A,,,,,,,9999
meskie-kapcie-zimowe-za-kostke-z-szerokim-zapieciem,Męskie kapcie zimowe za kostkę z szerokim zapięciem,Kolor,szary,Rozmiar,45,,,,,,Merseloseweg 62-A,,,,,,,9999
meskie-kapcie-zimowe-za-kostke-z-szerokim-zapieciem,Męskie kapcie zimowe za kostkę z szerokim zapięciem,Kolor,szary,Rozmiar,46,,,,,,Merseloseweg 62-A,,,,,,,9999
damskie-botki-na-chlodniejsze-dni-jesienia,Damskie botki na chłodniejsze dni jesienią,Kolor,Brązowy,Rozmiar,36,,,,,,Merseloseweg 62-A,,,,,,,9999
damskie-botki-na-chlodniejsze-dni-jesienia,Damskie botki na chłodniejsze dni jesienią,Kolor,Brązowy,Rozmiar,37,,,,,,Merseloseweg 62-A,,,,,,,9999
damskie-botki-na-chlodniejsze-dni-jesienia,Damskie botki na chłodniejsze dni jesienią,Kolor,Brązowy,Rozmiar,38,,,,,,Merseloseweg 62-A,,,,,,,9999
damskie-botki-na-chlodniejsze-dni-jesienia,Damskie botki na chłodniejsze dni jesienią,Kolor,Brązowy,Rozmiar,39,,,,,,Merseloseweg 62-A,,,,,,,9999
damskie-botki-na-chlodniejsze-dni-jesienia,Damskie botki na chłodniejsze dni jesienią,Kolor,Brązowy,Rozmiar,40,,,,,,Merseloseweg 62-A,,,,,,,9999
damskie-botki-na-chlodniejsze-dni-jesienia,Damskie botki na chłodniejsze dni jesienią,Kolor,Brązowy,Rozmiar,41,,,,,,Merseloseweg 62-A,,,,,,,9999
damskie-botki-na-chlodniejsze-dni-jesienia,Damskie botki na chłodniejsze dni jesienią,Kolor,Brązowy,Rozmiar,42,,,,,,Merseloseweg 62-A,,,,,,,9999
damskie-botki-na-chlodniejsze-dni-jesienia,Damskie botki na chłodniejsze dni jesienią,Kolor,Niebieski,Rozmiar,36,,,,,,Merseloseweg 62-A,,,,,,,9999
damskie-botki-na-chlodniejsze-dni-jesienia,Damskie botki na chłodniejsze dni jesienią,Kolor,Niebieski,Rozmiar,37,,,,,,Merseloseweg 62-A,,,,,,,9999
damskie-botki-na-chlodniejsze-dni-jesienia,Damskie botki na chłodniejsze dni jesienią,Kolor,Niebieski,Rozmiar,38,,,,,,Merseloseweg 62-A,,,,,,,9999
damskie-botki-na-chlodniejsze-dni-jesienia,Damskie botki na chłodniejsze dni jesienią,Kolor,Niebieski,Rozmiar,39,,,,,,Merseloseweg 62-A,,,,,,,9999
damskie-botki-na-chlodniejsze-dni-jesienia,Damskie botki na chłodniejsze dni jesienią,Kolor,Niebieski,Rozmiar,40,,,,,,Merseloseweg 62-A,,,,,,,9999
damskie-botki-na-chlodniejsze-dni-jesienia,Damskie botki na chłodniejsze dni jesienią,Kolor,Niebieski,Rozmiar,41,,,,,,Merseloseweg 62-A,,,,,,,9999
damskie-botki-na-chlodniejsze-dni-jesienia,Damskie botki na chłodniejsze dni jesienią,Kolor,Niebieski,Rozmiar,42,,,,,,Merseloseweg 62-A,,,,,,,9999
damskie-botki-na-chlodniejsze-dni-jesienia,Damskie botki na chłodniejsze dni jesienią,Kolor,Czarny,Rozmiar,36,,,,,,Merseloseweg 62-A,,,,,,,9999
damskie-botki-na-chlodniejsze-dni-jesienia,Damskie botki na chłodniejsze dni jesienią,Kolor,Czarny,Rozmiar,37,,,,,,Merseloseweg 62-A,,,,,,,9999
damskie-botki-na-chlodniejsze-dni-jesienia,Damskie botki na chłodniejsze dni jesienią,Kolor,Czarny,Rozmiar,38,,,,,,Merseloseweg 62-A,,,,,,,9999
damskie-botki-na-chlodniejsze-dni-jesienia,Damskie botki na chłodniejsze dni jesienią,Kolor,Czarny,Rozmiar,39,,,,,,Merseloseweg 62-A,,,,,,,9999
damskie-botki-na-chlodniejsze-dni-jesienia,Damskie botki na chłodniejsze dni jesienią,Kolor,Czarny,Rozmiar,40,,,,,,Merseloseweg 62-A,,,,,,,9999
damskie-botki-na-chlodniejsze-dni-jesienia,Damskie botki na chłodniejsze dni jesienią,Kolor,Czarny,Rozmiar,41,,,,,,Merseloseweg 62-A,,,,,,,9999
damskie-botki-na-chlodniejsze-dni-jesienia,Damskie botki na chłodniejsze dni jesienią,Kolor,Czarny,Rozmiar,42,,,,,,Merseloseweg 62-A,,,,,,,9999
damskie-botki-na-chlodniejsze-dni-jesienia,Damskie botki na chłodniejsze dni jesienią,Kolor,Szary,Rozmiar,36,,,,,,Merseloseweg 62-A,,,,,,,9999
damskie-botki-na-chlodniejsze-dni-jesienia,Damskie botki na chłodniejsze dni jesienią,Kolor,Szary,Rozmiar,37,,,,,,Merseloseweg 62-A,,,,,,,9999
damskie-botki-na-chlodniejsze-dni-jesienia,Damskie botki na chłodniejsze dni jesienią,Kolor,Szary,Rozmiar,38,,,,,,Merseloseweg 62-A,,,,,,,9999
damskie-botki-na-chlodniejsze-dni-jesienia,Damskie botki na chłodniejsze dni jesienią,Kolor,Szary,Rozmiar,39,,,,,,Merseloseweg 62-A,,,,,,,9999
damskie-botki-na-chlodniejsze-dni-jesienia,Damskie botki na chłodniejsze dni jesienią,Kolor,Szary,Rozmiar,40,,,,,,Merseloseweg 62-A,,,,,,,9999
damskie-botki-na-chlodniejsze-dni-jesienia,Damskie botki na chłodniejsze dni jesienią,Kolor,Szary,Rozmiar,41,,,,,,Merseloseweg 62-A,,,,,,,9999
damskie-botki-na-chlodniejsze-dni-jesienia,Damskie botki na chłodniejsze dni jesienią,Kolor,Szary,Rozmiar,42,,,,,,Merseloseweg 62-A,,,,,,,9999
damskie-botki-na-chlodniejsze-dni-jesienia,Damskie botki na chłodniejsze dni jesienią,Kolor,Różowy,Rozmiar,36,,,,,,Merseloseweg 62-A,,,,,,,9999
damskie-botki-na-chlodniejsze-dni-jesienia,Damskie botki na chłodniejsze dni jesienią,Kolor,Różowy,Rozmiar,37,,,,,,Merseloseweg 62-A,,,,,,,9999
damskie-botki-na-chlodniejsze-dni-jesienia,Damskie botki na chłodniejsze dni jesienią,Kolor,Różowy,Rozmiar,38,,,,,,Merseloseweg 62-A,,,,,,,9999
damskie-botki-na-chlodniejsze-dni-jesienia,Damskie botki na chłodniejsze dni jesienią,Kolor,Różowy,Rozmiar,39,,,,,,Merseloseweg 62-A,,,,,,,9999
damskie-botki-na-chlodniejsze-dni-jesienia,Damskie botki na chłodniejsze dni jesienią,Kolor,Różowy,Rozmiar,40,,,,,,Merseloseweg 62-A,,,,,,,9999
damskie-botki-na-chlodniejsze-dni-jesienia,Damskie botki na chłodniejsze dni jesienią,Kolor,Różowy,Rozmiar,41,,,,,,Merseloseweg 62-A,,,,,,,9999
damskie-botki-na-chlodniejsze-dni-jesienia,Damskie botki na chłodniejsze dni jesienią,Kolor,Różowy,Rozmiar,42,,,,,,Merseloseweg 62-A,,,,,,,9999
damskie-botki-na-chlodniejsze-dni-jesienia,Damskie botki na chłodniejsze dni jesienią,Kolor,Brązowy,Rozmiar,43,,,,,,Merseloseweg 62-A,,,,,,,9999
damskie-botki-na-chlodniejsze-dni-jesienia,Damskie botki na chłodniejsze dni jesienią,Kolor,Niebieski,Rozmiar,43,,,,,,Merseloseweg 62-A,,,,,,,9999
damskie-botki-na-chlodniejsze-dni-jesienia,Damskie botki na chłodniejsze dni jesienią,Kolor,Czarny,Rozmiar,43,,,,,,Merseloseweg 62-A,,,,,,,9999
damskie-botki-na-chlodniejsze-dni-jesienia,Damskie botki na chłodniejsze dni jesienią,Kolor,Szary,Rozmiar,43,,,,,,Merseloseweg 62-A,,,,,,,9999
damskie-botki-na-chlodniejsze-dni-jesienia,Damskie botki na chłodniejsze dni jesienią,Kolor,Różowy,Rozmiar,43,,,,,,Merseloseweg 62-A,,,,,,,9999
meskie-sneakersy-sportowe-z-elastyczna-cholewka,Męskie sneakersy sportowe z elastyczną cholewką,Kolor,Beżowy,Rozmiar,39,,,,,,Merseloseweg 62-A,,,,,,,9999
meskie-sneakersy-sportowe-z-elastyczna-cholewka,Męskie sneakersy sportowe z elastyczną cholewką,Kolor,Beżowy,Rozmiar,40,,,,,,Merseloseweg 62-A,,,,,,,9999
meskie-sneakersy-sportowe-z-elastyczna-cholewka,Męskie sneakersy sportowe z elastyczną cholewką,Kolor,Beżowy,Rozmiar,41,,,,,,Merseloseweg 62-A,,,,,,,9999
meskie-sneakersy-sportowe-z-elastyczna-cholewka,Męskie sneakersy sportowe z elastyczną cholewką,Kolor,Beżowy,Rozmiar,42,,,,,,Merseloseweg 62-A,,,,,,,9999
meskie-sneakersy-sportowe-z-elastyczna-cholewka,Męskie sneakersy sportowe z elastyczną cholewką,Kolor,Beżowy,Rozmiar,43,,,,,,Merseloseweg 62-A,,,,,,,9999
meskie-sneakersy-sportowe-z-elastyczna-cholewka,Męskie sneakersy sportowe z elastyczną cholewką,Kolor,Beżowy,Rozmiar,44,,,,,,Merseloseweg 62-A,,,,,,,9999
meskie-sneakersy-sportowe-z-elastyczna-cholewka,Męskie sneakersy sportowe z elastyczną cholewką,Kolor,Biały,Rozmiar,39,,,,,,Merseloseweg 62-A,,,,,,,9999
meskie-sneakersy-sportowe-z-elastyczna-cholewka,Męskie sneakersy sportowe z elastyczną cholewką,Kolor,Biały,Rozmiar,40,,,,,,Merseloseweg 62-A,,,,,,,9999
meskie-sneakersy-sportowe-z-elastyczna-cholewka,Męskie sneakersy sportowe z elastyczną cholewką,Kolor,Biały,Rozmiar,41,,,,,,Merseloseweg 62-A,,,,,,,9999
meskie-sneakersy-sportowe-z-elastyczna-cholewka,Męskie sneakersy sportowe z elastyczną cholewką,Kolor,Biały,Rozmiar,42,,,,,,Merseloseweg 62-A,,,,,,,9999
meskie-sneakersy-sportowe-z-elastyczna-cholewka,Męskie sneakersy sportowe z elastyczną cholewką,Kolor,Biały,Rozmiar,43,,,,,,Merseloseweg 62-A,,,,,,,9999
meskie-sneakersy-sportowe-z-elastyczna-cholewka,Męskie sneakersy sportowe z elastyczną cholewką,Kolor,Biały,Rozmiar,44,,,,,,Merseloseweg 62-A,,,,,,,9999
meskie-sneakersy-sportowe-z-elastyczna-cholewka,Męskie sneakersy sportowe z elastyczną cholewką,Kolor,Czarny,Rozmiar,39,,,,,,Merseloseweg 62-A,,,,,,,9999
meskie-sneakersy-sportowe-z-elastyczna-cholewka,Męskie sneakersy sportowe z elastyczną cholewką,Kolor,Czarny,Rozmiar,40,,,,,,Merseloseweg 62-A,,,,,,,9999
meskie-sneakersy-sportowe-z-elastyczna-cholewka,Męskie sneakersy sportowe z elastyczną cholewką,Kolor,Czarny,Rozmiar,41,,,,,,Merseloseweg 62-A,,,,,,,9999
meskie-sneakersy-sportowe-z-elastyczna-cholewka,Męskie sneakersy sportowe z elastyczną cholewką,Kolor,Czarny,Rozmiar,42,,,,,,Merseloseweg 62-A,,,,,,,9999
meskie-sneakersy-sportowe-z-elastyczna-cholewka,Męskie sneakersy sportowe z elastyczną cholewką,Kolor,Czarny,Rozmiar,43,,,,,,Merseloseweg 62-A,,,,,,,9999
meskie-sneakersy-sportowe-z-elastyczna-cholewka,Męskie sneakersy sportowe z elastyczną cholewką,Kolor,Czarny,Rozmiar,44,,,,,,Merseloseweg 62-A,,,,,,,9999
meskie-sneakersy-sportowe-z-elastyczna-cholewka,Męskie sneakersy sportowe z elastyczną cholewką,Kolor,Niebieski,Rozmiar,39,,,,,,Merseloseweg 62-A,,,,,,,9999
meskie-sneakersy-sportowe-z-elastyczna-cholewka,Męskie sneakersy sportowe z elastyczną cholewką,Kolor,Niebieski,Rozmiar,40,,,,,,Merseloseweg 62-A,,,,,,,9999
meskie-sneakersy-sportowe-z-elastyczna-cholewka,Męskie sneakersy sportowe z elastyczną cholewką,Kolor,Niebieski,Rozmiar,41,,,,,,Merseloseweg 62-A,,,,,,,9999
meskie-sneakersy-sportowe-z-elastyczna-cholewka,Męskie sneakersy sportowe z elastyczną cholewką,Kolor,Niebieski,Rozmiar,42,,,,,,Merseloseweg 62-A,,,,,,,9999
meskie-sneakersy-sportowe-z-elastyczna-cholewka,Męskie sneakersy sportowe z elastyczną cholewką,Kolor,Niebieski,Rozmiar,43,,,,,,Merseloseweg 62-A,,,,,,,9999
meskie-sneakersy-sportowe-z-elastyczna-cholewka,Męskie sneakersy sportowe z elastyczną cholewką,Kolor,Niebieski,Rozmiar,44,,,,,,Merseloseweg 62-A,,,,,,,9999
meskie-sneakersy-sportowe-z-elastyczna-cholewka,Męskie sneakersy sportowe z elastyczną cholewką,Kolor,Beżowy,Rozmiar,45,,,,,,Merseloseweg 62-A,,,,,,,9999
meskie-sneakersy-sportowe-z-elastyczna-cholewka,Męskie sneakersy sportowe z elastyczną cholewką,Kolor,Beżowy,Rozmiar,46,,,,,,Merseloseweg 62-A,,,,,,,9999
meskie-sneakersy-sportowe-z-elastyczna-cholewka,Męskie sneakersy sportowe z elastyczną cholewką,Kolor,Biały,Rozmiar,45,,,,,,Merseloseweg 62-A,,,,,,,9999
meskie-sneakersy-sportowe-z-elastyczna-cholewka,Męskie sneakersy sportowe z elastyczną cholewką,Kolor,Biały,Rozmiar,46,,,,,,Merseloseweg 62-A,,,,,,,9999
meskie-sneakersy-sportowe-z-elastyczna-cholewka,Męskie sneakersy sportowe z elastyczną cholewką,Kolor,Czarny,Rozmiar,45,,,,,,Merseloseweg 62-A,,,,,,,9999
meskie-sneakersy-sportowe-z-elastyczna-cholewka,Męskie sneakersy sportowe z elastyczną cholewką,Kolor,Czarny,Rozmiar,46,,,,,,Merseloseweg 62-A,,,,,,,9999
meskie-sneakersy-sportowe-z-elastyczna-cholewka,Męskie sneakersy sportowe z elastyczną cholewką,Kolor,Niebieski,Rozmiar,45,,,,,,Merseloseweg 62-A,,,,,,,9999
meskie-sneakersy-sportowe-z-elastyczna-cholewka,Męskie sneakersy sportowe z elastyczną cholewką,Kolor,Niebieski,Rozmiar,46,,,,,,Merseloseweg 62-A,,,,,,,9999
meskie-zimowe-buty-za-kostke-na-sniezne-dni,Męskie zimowe buty za kostkę na śnieżne dni,Kolor,Czarny,Rozmiar,36,,,,,,Merseloseweg 62-A,,,,,,,9999
meskie-zimowe-buty-za-kostke-na-sniezne-dni,Męskie zimowe buty za kostkę na śnieżne dni,Kolor,Czarny,Rozmiar,37,,,,,,Merseloseweg 62-A,,,,,,,9999
meskie-zimowe-buty-za-kostke-na-sniezne-dni,Męskie zimowe buty za kostkę na śnieżne dni,Kolor,Czarny,Rozmiar,38,,,,,,Merseloseweg 62-A,,,,,,,9999
meskie-zimowe-buty-za-kostke-na-sniezne-dni,Męskie zimowe buty za kostkę na śnieżne dni,Kolor,Czarny,Rozmiar,39,,,,,,Merseloseweg 62-A,,,,,,,9999
meskie-zimowe-buty-za-kostke-na-sniezne-dni,Męskie zimowe buty za kostkę na śnieżne dni,Kolor,Czarny,Rozmiar,40,,,,,,Merseloseweg 62-A,,,,,,,9999
meskie-zimowe-buty-za-kostke-na-sniezne-dni,Męskie zimowe buty za kostkę na śnieżne dni,Kolor,Czarny,Rozmiar,41,,,,,,Merseloseweg 62-A,,,,,,,9999
meskie-zimowe-buty-za-kostke-na-sniezne-dni,Męskie zimowe buty za kostkę na śnieżne dni,Kolor,Czarny,Rozmiar,42,,,,,,Merseloseweg 62-A,,,,,,,9999
meskie-zimowe-buty-za-kostke-na-sniezne-dni,Męskie zimowe buty za kostkę na śnieżne dni,Kolor,Biały,Rozmiar,36,,,,,,Merseloseweg 62-A,,,,,,,9999
meskie-zimowe-buty-za-kostke-na-sniezne-dni,Męskie zimowe buty za kostkę na śnieżne dni,Kolor,Biały,Rozmiar,37,,,,,,Merseloseweg 62-A,,,,,,,9999
meskie-zimowe-buty-za-kostke-na-sniezne-dni,Męskie zimowe buty za kostkę na śnieżne dni,Kolor,Biały,Rozmiar,38,,,,,,Merseloseweg 62-A,,,,,,,9999
meskie-zimowe-buty-za-kostke-na-sniezne-dni,Męskie zimowe buty za kostkę na śnieżne dni,Kolor,Biały,Rozmiar,39,,,,,,Merseloseweg 62-A,,,,,,,9999
meskie-zimowe-buty-za-kostke-na-sniezne-dni,Męskie zimowe buty za kostkę na śnieżne dni,Kolor,Biały,Rozmiar,40,,,,,,Merseloseweg 62-A,,,,,,,9999
meskie-zimowe-buty-za-kostke-na-sniezne-dni,Męskie zimowe buty za kostkę na śnieżne dni,Kolor,Biały,Rozmiar,41,,,,,,Merseloseweg 62-A,,,,,,,9999
meskie-zimowe-buty-za-kostke-na-sniezne-dni,Męskie zimowe buty za kostkę na śnieżne dni,Kolor,Biały,Rozmiar,42,,,,,,Merseloseweg 62-A,,,,,,,9999
meskie-zimowe-buty-za-kostke-na-sniezne-dni,Męskie zimowe buty za kostkę na śnieżne dni,Kolor,Granatowy,Rozmiar,36,,,,,,Merseloseweg 62-A,,,,,,,9999
meskie-zimowe-buty-za-kostke-na-sniezne-dni,Męskie zimowe buty za kostkę na śnieżne dni,Kolor,Granatowy,Rozmiar,37,,,,,,Merseloseweg 62-A,,,,,,,9999
meskie-zimowe-buty-za-kostke-na-sniezne-dni,Męskie zimowe buty za kostkę na śnieżne dni,Kolor,Granatowy,Rozmiar,38,,,,,,Merseloseweg 62-A,,,,,,,9999
meskie-zimowe-buty-za-kostke-na-sniezne-dni,Męskie zimowe buty za kostkę na śnieżne dni,Kolor,Granatowy,Rozmiar,39,,,,,,Merseloseweg 62-A,,,,,,,9999
meskie-zimowe-buty-za-kostke-na-sniezne-dni,Męskie zimowe buty za kostkę na śnieżne dni,Kolor,Granatowy,Rozmiar,40,,,,,,Merseloseweg 62-A,,,,,,,9999
meskie-zimowe-buty-za-kostke-na-sniezne-dni,Męskie zimowe buty za kostkę na śnieżne dni,Kolor,Granatowy,Rozmiar,41,,,,,,Merseloseweg 62-A,,,,,,,9999
meskie-zimowe-buty-za-kostke-na-sniezne-dni,Męskie zimowe buty za kostkę na śnieżne dni,Kolor,Granatowy,Rozmiar,42,,,,,,Merseloseweg 62-A,,,,,,,9999
meskie-zimowe-buty-za-kostke-na-sniezne-dni,Męskie zimowe buty za kostkę na śnieżne dni,Kolor,Czarny,Rozmiar,43,,,,,,Merseloseweg 62-A,,,,,,,9999
meskie-zimowe-buty-za-kostke-na-sniezne-dni,Męskie zimowe buty za kostkę na śnieżne dni,Kolor,Czarny,Rozmiar,44,,,,,,Merseloseweg 62-A,,,,,,,9999
meskie-zimowe-buty-za-kostke-na-sniezne-dni,Męskie zimowe buty za kostkę na śnieżne dni,Kolor,Czarny,Rozmiar,45,,,,,,Merseloseweg 62-A,,,,,,,9999
meskie-zimowe-buty-za-kostke-na-sniezne-dni,Męskie zimowe buty za kostkę na śnieżne dni,Kolor,Czarny,Rozmiar,46,,,,,,Merseloseweg 62-A,,,,,,,9999
meskie-zimowe-buty-za-kostke-na-sniezne-dni,Męskie zimowe buty za kostkę na śnieżne dni,Kolor,Biały,Rozmiar,43,,,,,,Merseloseweg 62-A,,,,,,,9999
meskie-zimowe-buty-za-kostke-na-sniezne-dni,Męskie zimowe buty za kostkę na śnieżne dni,Kolor,Biały,Rozmiar,44,,,,,,Merseloseweg 62-A,,,,,,,9999
meskie-zimowe-buty-za-kostke-na-sniezne-dni,Męskie zimowe buty za kostkę na śnieżne dni,Kolor,Biały,Rozmiar,45,,,,,,Merseloseweg 62-A,,,,,,,9999
meskie-zimowe-buty-za-kostke-na-sniezne-dni,Męskie zimowe buty za kostkę na śnieżne dni,Kolor,Biały,Rozmiar,46,,,,,,Merseloseweg 62-A,,,,,,,9999
meskie-zimowe-buty-za-kostke-na-sniezne-dni,Męskie zimowe buty za kostkę na śnieżne dni,Kolor,Granatowy,Rozmiar,43,,,,,,Merseloseweg 62-A,,,,,,,9999
meskie-zimowe-buty-za-kostke-na-sniezne-dni,Męskie zimowe buty za kostkę na śnieżne dni,Kolor,Granatowy,Rozmiar,44,,,,,,Merseloseweg 62-A,,,,,,,9999
meskie-zimowe-buty-za-kostke-na-sniezne-dni,Męskie zimowe buty za kostkę na śnieżne dni,Kolor,Granatowy,Rozmiar,45,,,,,,Merseloseweg 62-A,,,,,,,9999
meskie-zimowe-buty-za-kostke-na-sniezne-dni,Męskie zimowe buty za kostkę na śnieżne dni,Kolor,Granatowy,Rozmiar,46,,,,,,Merseloseweg 62-A,,,,,,,9999
meskie-buty-za-kostke-na-chlodniejsze-dni,Męskie buty za kostkę na chłodniejsze dni,Kolor,Czarny,Rozmiar,39,,,,,,Merseloseweg 62-A,,,,,,,9999
meskie-buty-za-kostke-na-chlodniejsze-dni,Męskie buty za kostkę na chłodniejsze dni,Kolor,Czarny,Rozmiar,40,,,,,,Merseloseweg 62-A,,,,,,,9999
meskie-buty-za-kostke-na-chlodniejsze-dni,Męskie buty za kostkę na chłodniejsze dni,Kolor,Czarny,Rozmiar,41,,,,,,Merseloseweg 62-A,,,,,,,9999
meskie-buty-za-kostke-na-chlodniejsze-dni,Męskie buty za kostkę na chłodniejsze dni,Kolor,Czarny,Rozmiar,42,,,,,,Merseloseweg 62-A,,,,,,,9999
meskie-buty-za-kostke-na-chlodniejsze-dni,Męskie buty za kostkę na chłodniejsze dni,Kolor,Czarny,Rozmiar,43,,,,,,Merseloseweg 62-A,,,,,,,9999
meskie-buty-za-kostke-na-chlodniejsze-dni,Męskie buty za kostkę na chłodniejsze dni,Kolor,Czarny,Rozmiar,44,,,,,,Merseloseweg 62-A,,,,,,,9999
meskie-buty-za-kostke-na-chlodniejsze-dni,Męskie buty za kostkę na chłodniejsze dni,Kolor,Ciemnobrązowy,Rozmiar,39,,,,,,Merseloseweg 62-A,,,,,,,9999
meskie-buty-za-kostke-na-chlodniejsze-dni,Męskie buty za kostkę na chłodniejsze dni,Kolor,Ciemnobrązowy,Rozmiar,40,,,,,,Merseloseweg 62-A,,,,,,,9999
meskie-buty-za-kostke-na-chlodniejsze-dni,Męskie buty za kostkę na chłodniejsze dni,Kolor,Ciemnobrązowy,Rozmiar,41,,,,,,Merseloseweg 62-A,,,,,,,9999
meskie-buty-za-kostke-na-chlodniejsze-dni,Męskie buty za kostkę na chłodniejsze dni,Kolor,Ciemnobrązowy,Rozmiar,42,,,,,,Merseloseweg 62-A,,,,,,,9999
meskie-buty-za-kostke-na-chlodniejsze-dni,Męskie buty za kostkę na chłodniejsze dni,Kolor,Ciemnobrązowy,Rozmiar,43,,,,,,Merseloseweg 62-A,,,,,,,9999
meskie-buty-za-kostke-na-chlodniejsze-dni,Męskie buty za kostkę na chłodniejsze dni,Kolor,Ciemnobrązowy,Rozmiar,44,,,,,,Merseloseweg 62-A,,,,,,,9999
meskie-buty-za-kostke-na-chlodniejsze-dni,Męskie buty za kostkę na chłodniejsze dni,Kolor,Czarny,Rozmiar,45,,,,,,Merseloseweg 62-A,,,,,,,9999
meskie-buty-za-kostke-na-chlodniejsze-dni,Męskie buty za kostkę na chłodniejsze dni,Kolor,Czarny,Rozmiar,46,,,,,,Merseloseweg 62-A,,,,,,,9999
meskie-buty-za-kostke-na-chlodniejsze-dni,Męskie buty za kostkę na chłodniejsze dni,Kolor,Ciemnobrązowy,Rozmiar,45,,,,,,Merseloseweg 62-A,,,,,,,9999
meskie-buty-za-kostke-na-chlodniejsze-dni,Męskie buty za kostkę na chłodniejsze dni,Kolor,Ciemnobrązowy,Rozmiar,46,,,,,,Merseloseweg 62-A,,,,,,,9999
damskie-chodaki-na-codzienne-wiosenne-i-letnie-zestawy,Damskie chodaki na codzienne wiosenne i letnie zestawy,Kolor,Czarny,Rozmiar,36,,,,,,Merseloseweg 62-A,,,,,,,9999
damskie-chodaki-na-codzienne-wiosenne-i-letnie-zestawy,Damskie chodaki na codzienne wiosenne i letnie zestawy,Kolor,Czarny,Rozmiar,37,,,,,,Merseloseweg 62-A,,,,,,,9999
damskie-chodaki-na-codzienne-wiosenne-i-letnie-zestawy,Damskie chodaki na codzienne wiosenne i letnie zestawy,Kolor,Czarny,Rozmiar,38,,,,,,Merseloseweg 62-A,,,,,,,9999
damskie-chodaki-na-codzienne-wiosenne-i-letnie-zestawy,Damskie chodaki na codzienne wiosenne i letnie zestawy,Kolor,Czarny,Rozmiar,39,,,,,,Merseloseweg 62-A,,,,,,,9999
damskie-chodaki-na-codzienne-wiosenne-i-letnie-zestawy,Damskie chodaki na codzienne wiosenne i letnie zestawy,Kolor,Czarny,Rozmiar,40,,,,,,Merseloseweg 62-A,,,,,,,9999
damskie-chodaki-na-codzienne-wiosenne-i-letnie-zestawy,Damskie chodaki na codzienne wiosenne i letnie zestawy,Kolor,Czarny,Rozmiar,41,,,,,,Merseloseweg 62-A,,,,,,,9999
damskie-chodaki-na-codzienne-wiosenne-i-letnie-zestawy,Damskie chodaki na codzienne wiosenne i letnie zestawy,Kolor,Czarny,Rozmiar,42,,,,,,Merseloseweg 62-A,,,,,,,9999
damskie-chodaki-na-codzienne-wiosenne-i-letnie-zestawy,Damskie chodaki na codzienne wiosenne i letnie zestawy,Kolor,Biały,Rozmiar,36,,,,,,Merseloseweg 62-A,,,,,,,9999
damskie-chodaki-na-codzienne-wiosenne-i-letnie-zestawy,Damskie chodaki na codzienne wiosenne i letnie zestawy,Kolor,Biały,Rozmiar,37,,,,,,Merseloseweg 62-A,,,,,,,9999
damskie-chodaki-na-codzienne-wiosenne-i-letnie-zestawy,Damskie chodaki na codzienne wiosenne i letnie zestawy,Kolor,Biały,Rozmiar,38,,,,,,Merseloseweg 62-A,,,,,,,9999
damskie-chodaki-na-codzienne-wiosenne-i-letnie-zestawy,Damskie chodaki na codzienne wiosenne i letnie zestawy,Kolor,Biały,Rozmiar,39,,,,,,Merseloseweg 62-A,,,,,,,9999
damskie-chodaki-na-codzienne-wiosenne-i-letnie-zestawy,Damskie chodaki na codzienne wiosenne i letnie zestawy,Kolor,Biały,Rozmiar,40,,,,,,Merseloseweg 62-A,,,,,,,9999
damskie-chodaki-na-codzienne-wiosenne-i-letnie-zestawy,Damskie chodaki na codzienne wiosenne i letnie zestawy,Kolor,Biały,Rozmiar,41,,,,,,Merseloseweg 62-A,,,,,,,9999
damskie-chodaki-na-codzienne-wiosenne-i-letnie-zestawy,Damskie chodaki na codzienne wiosenne i letnie zestawy,Kolor,Biały,Rozmiar,42,,,,,,Merseloseweg 62-A,,,,,,,9999
damskie-chodaki-na-codzienne-wiosenne-i-letnie-zestawy,Damskie chodaki na codzienne wiosenne i letnie zestawy,Kolor,Bordowy,Rozmiar,36,,,,,,Merseloseweg 62-A,,,,,,,9999
damskie-chodaki-na-codzienne-wiosenne-i-letnie-zestawy,Damskie chodaki na codzienne wiosenne i letnie zestawy,Kolor,Bordowy,Rozmiar,37,,,,,,Merseloseweg 62-A,,,,,,,9999
damskie-chodaki-na-codzienne-wiosenne-i-letnie-zestawy,Damskie chodaki na codzienne wiosenne i letnie zestawy,Kolor,Bordowy,Rozmiar,38,,,,,,Merseloseweg 62-A,,,,,,,9999
damskie-chodaki-na-codzienne-wiosenne-i-letnie-zestawy,Damskie chodaki na codzienne wiosenne i letnie zestawy,Kolor,Bordowy,Rozmiar,39,,,,,,Merseloseweg 62-A,,,,,,,9999
damskie-chodaki-na-codzienne-wiosenne-i-letnie-zestawy,Damskie chodaki na codzienne wiosenne i letnie zestawy,Kolor,Bordowy,Rozmiar,40,,,,,,Merseloseweg 62-A,,,,,,,9999
damskie-chodaki-na-codzienne-wiosenne-i-letnie-zestawy,Damskie chodaki na codzienne wiosenne i letnie zestawy,Kolor,Bordowy,Rozmiar,41,,,,,,Merseloseweg 62-A,,,,,,,9999
damskie-chodaki-na-codzienne-wiosenne-i-letnie-zestawy,Damskie chodaki na codzienne wiosenne i letnie zestawy,Kolor,Bordowy,Rozmiar,42,,,,,,Merseloseweg 62-A,,,,,,,9999
damskie-chodaki-na-codzienne-wiosenne-i-letnie-zestawy,Damskie chodaki na codzienne wiosenne i letnie zestawy,Kolor,Granatowy,Rozmiar,36,,,,,,Merseloseweg 62-A,,,,,,,9999
damskie-chodaki-na-codzienne-wiosenne-i-letnie-zestawy,Damskie chodaki na codzienne wiosenne i letnie zestawy,Kolor,Granatowy,Rozmiar,37,,,,,,Merseloseweg 62-A,,,,,,,9999
damskie-chodaki-na-codzienne-wiosenne-i-letnie-zestawy,Damskie chodaki na codzienne wiosenne i letnie zestawy,Kolor,Granatowy,Rozmiar,38,,,,,,Merseloseweg 62-A,,,,,,,9999
damskie-chodaki-na-codzienne-wiosenne-i-letnie-zestawy,Damskie chodaki na codzienne wiosenne i letnie zestawy,Kolor,Granatowy,Rozmiar,39,,,,,,Merseloseweg 62-A,,,,,,,9999
damskie-chodaki-na-codzienne-wiosenne-i-letnie-zestawy,Damskie chodaki na codzienne wiosenne i letnie zestawy,Kolor,Granatowy,Rozmiar,40,,,,,,Merseloseweg 62-A,,,,,,,9999
damskie-chodaki-na-codzienne-wiosenne-i-letnie-zestawy,Damskie chodaki na codzienne wiosenne i letnie zestawy,Kolor,Granatowy,Rozmiar,41,,,,,,Merseloseweg 62-A,,,,,,,9999
damskie-chodaki-na-codzienne-wiosenne-i-letnie-zestawy,Damskie chodaki na codzienne wiosenne i letnie zestawy,Kolor,Granatowy,Rozmiar,42,,,,,,Merseloseweg 62-A,,,,,,,9999
damskie-chodaki-na-codzienne-wiosenne-i-letnie-zestawy,Damskie chodaki na codzienne wiosenne i letnie zestawy,Kolor,Beżowy,Rozmiar,36,,,,,,Merseloseweg 62-A,,,,,,,9999
damskie-chodaki-na-codzienne-wiosenne-i-letnie-zestawy,Damskie chodaki na codzienne wiosenne i letnie zestawy,Kolor,Beżowy,Rozmiar,37,,,,,,Merseloseweg 62-A,,,,,,,9999
damskie-chodaki-na-codzienne-wiosenne-i-letnie-zestawy,Damskie chodaki na codzienne wiosenne i letnie zestawy,Kolor,Beżowy,Rozmiar,38,,,,,,Merseloseweg 62-A,,,,,,,9999
damskie-chodaki-na-codzienne-wiosenne-i-letnie-zestawy,Damskie chodaki na codzienne wiosenne i letnie zestawy,Kolor,Beżowy,Rozmiar,39,,,,,,Merseloseweg 62-A,,,,,,,9999
damskie-chodaki-na-codzienne-wiosenne-i-letnie-zestawy,Damskie chodaki na codzienne wiosenne i letnie zestawy,Kolor,Beżowy,Rozmiar,40,,,,,,Merseloseweg 62-A,,,,,,,9999
damskie-chodaki-na-codzienne-wiosenne-i-letnie-zestawy,Damskie chodaki na codzienne wiosenne i letnie zestawy,Kolor,Beżowy,Rozmiar,41,,,,,,Merseloseweg 62-A,,,,,,,9999
damskie-chodaki-na-codzienne-wiosenne-i-letnie-zestawy,Damskie chodaki na codzienne wiosenne i letnie zestawy,Kolor,Beżowy,Rozmiar,42,,,,,,Merseloseweg 62-A,,,,,,,9999
damskie-chodaki-na-codzienne-wiosenne-i-letnie-zestawy,Damskie chodaki na codzienne wiosenne i letnie zestawy,Kolor,Czarny,Rozmiar,43,,,,,,Merseloseweg 62-A,,,,,,,9999
damskie-chodaki-na-codzienne-wiosenne-i-letnie-zestawy,Damskie chodaki na codzienne wiosenne i letnie zestawy,Kolor,Biały,Rozmiar,43,,,,,,Merseloseweg 62-A,,,,,,,9999
damskie-chodaki-na-codzienne-wiosenne-i-letnie-zestawy,Damskie chodaki na codzienne wiosenne i letnie zestawy,Kolor,Bordowy,Rozmiar,43,,,,,,Merseloseweg 62-A,,,,,,,9999
damskie-chodaki-na-codzienne-wiosenne-i-letnie-zestawy,Damskie chodaki na codzienne wiosenne i letnie zestawy,Kolor,Granatowy,Rozmiar,43,,,,,,Merseloseweg 62-A,,,,,,,9999
damskie-chodaki-na-codzienne-wiosenne-i-letnie-zestawy,Damskie chodaki na codzienne wiosenne i letnie zestawy,Kolor,Beżowy,Rozmiar,43,,,,,,Merseloseweg 62-A,,,,,,,9999
meskie-botki-z-ozdobnymi-paskami-na-zime,Męskie botki z ozdobnymi paskami na zimę,Kolor,Brązowy,Rozmiar,39,,,,,,Merseloseweg 62-A,,,,,,,9999
meskie-botki-z-ozdobnymi-paskami-na-zime,Męskie botki z ozdobnymi paskami na zimę,Kolor,Brązowy,Rozmiar,40,,,,,,Merseloseweg 62-A,,,,,,,9999
meskie-botki-z-ozdobnymi-paskami-na-zime,Męskie botki z ozdobnymi paskami na zimę,Kolor,Brązowy,Rozmiar,41,,,,,,Merseloseweg 62-A,,,,,,,9999
meskie-botki-z-ozdobnymi-paskami-na-zime,Męskie botki z ozdobnymi paskami na zimę,Kolor,Brązowy,Rozmiar,42,,,,,,Merseloseweg 62-A,,,,,,,9999
meskie-botki-z-ozdobnymi-paskami-na-zime,Męskie botki z ozdobnymi paskami na zimę,Kolor,Brązowy,Rozmiar,43,,,,,,Merseloseweg 62-A,,,,,,,9999
meskie-botki-z-ozdobnymi-paskami-na-zime,Męskie botki z ozdobnymi paskami na zimę,Kolor,Brązowy,Rozmiar,44,,,,,,Merseloseweg 62-A,,,,,,,9999
meskie-botki-z-ozdobnymi-paskami-na-zime,Męskie botki z ozdobnymi paskami na zimę,Kolor,Ciemnobrązowy,Rozmiar,39,,,,,,Merseloseweg 62-A,,,,,,,9999
meskie-botki-z-ozdobnymi-paskami-na-zime,Męskie botki z ozdobnymi paskami na zimę,Kolor,Ciemnobrązowy,Rozmiar,40,,,,,,Merseloseweg 62-A,,,,,,,9999
meskie-botki-z-ozdobnymi-paskami-na-zime,Męskie botki z ozdobnymi paskami na zimę,Kolor,Ciemnobrązowy,Rozmiar,41,,,,,,Merseloseweg 62-A,,,,,,,9999
meskie-botki-z-ozdobnymi-paskami-na-zime,Męskie botki z ozdobnymi paskami na zimę,Kolor,Ciemnobrązowy,Rozmiar,42,,,,,,Merseloseweg 62-A,,,,,,,9999
meskie-botki-z-ozdobnymi-paskami-na-zime,Męskie botki z ozdobnymi paskami na zimę,Kolor,Ciemnobrązowy,Rozmiar,43,,,,,,Merseloseweg 62-A,,,,,,,9999
meskie-botki-z-ozdobnymi-paskami-na-zime,Męskie botki z ozdobnymi paskami na zimę,Kolor,Ciemnobrązowy,Rozmiar,44,,,,,,Merseloseweg 62-A,,,,,,,9999
meskie-botki-z-ozdobnymi-paskami-na-zime,Męskie botki z ozdobnymi paskami na zimę,Kolor,Czarny,Rozmiar,39,,,,,,Merseloseweg 62-A,,,,,,,9999
meskie-botki-z-ozdobnymi-paskami-na-zime,Męskie botki z ozdobnymi paskami na zimę,Kolor,Czarny,Rozmiar,40,,,,,,Merseloseweg 62-A,,,,,,,9999
meskie-botki-z-ozdobnymi-paskami-na-zime,Męskie botki z ozdobnymi paskami na zimę,Kolor,Czarny,Rozmiar,41,,,,,,Merseloseweg 62-A,,,,,,,9999
meskie-botki-z-ozdobnymi-paskami-na-zime,Męskie botki z ozdobnymi paskami na zimę,Kolor,Czarny,Rozmiar,42,,,,,,Merseloseweg 62-A,,,,,,,9999
meskie-botki-z-ozdobnymi-paskami-na-zime,Męskie botki z ozdobnymi paskami na zimę,Kolor,Czarny,Rozmiar,43,,,,,,Merseloseweg 62-A,,,,,,,9999
meskie-botki-z-ozdobnymi-paskami-na-zime,Męskie botki z ozdobnymi paskami na zimę,Kolor,Czarny,Rozmiar,44,,,,,,Merseloseweg 62-A,,,,,,,9999
meskie-botki-z-ozdobnymi-paskami-na-zime,Męskie botki z ozdobnymi paskami na zimę,Kolor,Brązowy,Rozmiar,45,,,,,,Merseloseweg 62-A,,,,,,,9999
meskie-botki-z-ozdobnymi-paskami-na-zime,Męskie botki z ozdobnymi paskami na zimę,Kolor,Brązowy,Rozmiar,46,,,,,,Merseloseweg 62-A,,,,,,,9999
meskie-botki-z-ozdobnymi-paskami-na-zime,Męskie botki z ozdobnymi paskami na zimę,Kolor,Ciemnobrązowy,Rozmiar,45,,,,,,Merseloseweg 62-A,,,,,,,9999
meskie-botki-z-ozdobnymi-paskami-na-zime,Męskie botki z ozdobnymi paskami na zimę,Kolor,Ciemnobrązowy,Rozmiar,46,,,,,,Merseloseweg 62-A,,,,,,,9999
meskie-botki-z-ozdobnymi-paskami-na-zime,Męskie botki z ozdobnymi paskami na zimę,Kolor,Czarny,Rozmiar,45,,,,,,Merseloseweg 62-A,,,,,,,9999
meskie-botki-z-ozdobnymi-paskami-na-zime,Męskie botki z ozdobnymi paskami na zimę,Kolor,Czarny,Rozmiar,46,,,,,,Merseloseweg 62-A,,,,,,,9999
meskie-wysokie-botki-z-paskami-na-jesien,Męskie wysokie botki z paskami na jesień,Kolor,Brązowy,Rozmiar,39,,,,,,Merseloseweg 62-A,,,,,,,9999
meskie-wysokie-botki-z-paskami-na-jesien,Męskie wysokie botki z paskami na jesień,Kolor,Brązowy,Rozmiar,40,,,,,,Merseloseweg 62-A,,,,,,,9999
meskie-wysokie-botki-z-paskami-na-jesien,Męskie wysokie botki z paskami na jesień,Kolor,Brązowy,Rozmiar,41,,,,,,Merseloseweg 62-A,,,,,,,9999
meskie-wysokie-botki-z-paskami-na-jesien,Męskie wysokie botki z paskami na jesień,Kolor,Brązowy,Rozmiar,42,,,,,,Merseloseweg 62-A,,,,,,,9999
meskie-wysokie-botki-z-paskami-na-jesien,Męskie wysokie botki z paskami na jesień,Kolor,Brązowy,Rozmiar,43,,,,,,Merseloseweg 62-A,,,,,,,9999
meskie-wysokie-botki-z-paskami-na-jesien,Męskie wysokie botki z paskami na jesień,Kolor,Brązowy,Rozmiar,44,,,,,,Merseloseweg 62-A,,,,,,,9999
meskie-wysokie-botki-z-paskami-na-jesien,Męskie wysokie botki z paskami na jesień,Kolor,Czerwony Wino,Rozmiar,39,,,,,,Merseloseweg 62-A,,,,,,,9999
meskie-wysokie-botki-z-paskami-na-jesien,Męskie wysokie botki z paskami na jesień,Kolor,Czerwony Wino,Rozmiar,40,,,,,,Merseloseweg 62-A,,,,,,,9999
meskie-wysokie-botki-z-paskami-na-jesien,Męskie wysokie botki z paskami na jesień,Kolor,Czerwony Wino,Rozmiar,41,,,,,,Merseloseweg 62-A,,,,,,,9999
meskie-wysokie-botki-z-paskami-na-jesien,Męskie wysokie botki z paskami na jesień,Kolor,Czerwony Wino,Rozmiar,42,,,,,,Merseloseweg 62-A,,,,,,,9999
meskie-wysokie-botki-z-paskami-na-jesien,Męskie wysokie botki z paskami na jesień,Kolor,Czerwony Wino,Rozmiar,43,,,,,,Merseloseweg 62-A,,,,,,,9999
meskie-wysokie-botki-z-paskami-na-jesien,Męskie wysokie botki z paskami na jesień,Kolor,Czerwony Wino,Rozmiar,44,,,,,,Merseloseweg 62-A,,,,,,,9999
meskie-wysokie-botki-z-paskami-na-jesien,Męskie wysokie botki z paskami na jesień,Kolor,Czarny,Rozmiar,39,,,,,,Merseloseweg 62-A,,,,,,,9999
meskie-wysokie-botki-z-paskami-na-jesien,Męskie wysokie botki z paskami na jesień,Kolor,Czarny,Rozmiar,40,,,,,,Merseloseweg 62-A,,,,,,,9999
meskie-wysokie-botki-z-paskami-na-jesien,Męskie wysokie botki z paskami na jesień,Kolor,Czarny,Rozmiar,41,,,,,,Merseloseweg 62-A,,,,,,,9999
meskie-wysokie-botki-z-paskami-na-jesien,Męskie wysokie botki z paskami na jesień,Kolor,Czarny,Rozmiar,42,,,,,,Merseloseweg 62-A,,,,,,,9999
meskie-wysokie-botki-z-paskami-na-jesien,Męskie wysokie botki z paskami na jesień,Kolor,Czarny,Rozmiar,43,,,,,,Merseloseweg 62-A,,,,,,,9999
meskie-wysokie-botki-z-paskami-na-jesien,Męskie wysokie botki z paskami na jesień,Kolor,Czarny,Rozmiar,44,,,,,,Merseloseweg 62-A,,,,,,,9999
meskie-wysokie-botki-z-paskami-na-jesien,Męskie wysokie botki z paskami na jesień,Kolor,Ciemnobrązowy,Rozmiar,39,,,,,,Merseloseweg 62-A,,,,,,,9999
meskie-wysokie-botki-z-paskami-na-jesien,Męskie wysokie botki z paskami na jesień,Kolor,Ciemnobrązowy,Rozmiar,40,,,,,,Merseloseweg 62-A,,,,,,,9999
meskie-wysokie-botki-z-paskami-na-jesien,Męskie wysokie botki z paskami na jesień,Kolor,Ciemnobrązowy,Rozmiar,41,,,,,,Merseloseweg 62-A,,,,,,,9999
meskie-wysokie-botki-z-paskami-na-jesien,Męskie wysokie botki z paskami na jesień,Kolor,Ciemnobrązowy,Rozmiar,42,,,,,,Merseloseweg 62-A,,,,,,,9999
meskie-wysokie-botki-z-paskami-na-jesien,Męskie wysokie botki z paskami na jesień,Kolor,Ciemnobrązowy,Rozmiar,43,,,,,,Merseloseweg 62-A,,,,,,,9999
meskie-wysokie-botki-z-paskami-na-jesien,Męskie wysokie botki z paskami na jesień,Kolor,Ciemnobrązowy,Rozmiar,44,,,,,,Merseloseweg 62-A,,,,,,,9999
meskie-wysokie-botki-z-paskami-na-jesien,Męskie wysokie botki z paskami na jesień,Kolor,Brązowy,Rozmiar,45,,,,,,Merseloseweg 62-A,,,,,,,9999
meskie-wysokie-botki-z-paskami-na-jesien,Męskie wysokie botki z paskami na jesień,Kolor,Brązowy,Rozmiar,46,,,,,,Merseloseweg 62-A,,,,,,,9999
meskie-wysokie-botki-z-paskami-na-jesien,Męskie wysokie botki z paskami na jesień,Kolor,Czerwony Wino,Rozmiar,45,,,,,,Merseloseweg 62-A,,,,,,,9999
meskie-wysokie-botki-z-paskami-na-jesien,Męskie wysokie botki z paskami na jesień,Kolor,Czerwony Wino,Rozmiar,46,,,,,,Merseloseweg 62-A,,,,,,,9999
meskie-wysokie-botki-z-paskami-na-jesien,Męskie wysokie botki z paskami na jesień,Kolor,Czarny,Rozmiar,45,,,,,,Merseloseweg 62-A,,,,,,,9999
meskie-wysokie-botki-z-paskami-na-jesien,Męskie wysokie botki z paskami na jesień,Kolor,Czarny,Rozmiar,46,,,,,,Merseloseweg 62-A,,,,,,,9999
meskie-wysokie-botki-z-paskami-na-jesien,Męskie wysokie botki z paskami na jesień,Kolor,Ciemnobrązowy,Rozmiar,45,,,,,,Merseloseweg 62-A,,,,,,,9999
meskie-wysokie-botki-z-paskami-na-jesien,Męskie wysokie botki z paskami na jesień,Kolor,Ciemnobrązowy,Rozmiar,46,,,,,,Merseloseweg 62-A,,,,,,,9999
meskie-botki-sznurowane-na-chlodniejsze-dni-jesienia,Męskie botki sznurowane na chłodniejsze dni jesienią,Kolor,Brązowy,Rozmiar,39,,,,,,Merseloseweg 62-A,,,,,,,9999
meskie-botki-sznurowane-na-chlodniejsze-dni-jesienia,Męskie botki sznurowane na chłodniejsze dni jesienią,Kolor,Brązowy,Rozmiar,40,,,,,,Merseloseweg 62-A,,,,,,,9999
meskie-botki-sznurowane-na-chlodniejsze-dni-jesienia,Męskie botki sznurowane na chłodniejsze dni jesienią,Kolor,Brązowy,Rozmiar,41,,,,,,Merseloseweg 62-A,,,,,,,9999
meskie-botki-sznurowane-na-chlodniejsze-dni-jesienia,Męskie botki sznurowane na chłodniejsze dni jesienią,Kolor,Brązowy,Rozmiar,42,,,,,,Merseloseweg 62-A,,,,,,,9999
meskie-botki-sznurowane-na-chlodniejsze-dni-jesienia,Męskie botki sznurowane na chłodniejsze dni jesienią,Kolor,Brązowy,Rozmiar,43,,,,,,Merseloseweg 62-A,,,,,,,9999
meskie-botki-sznurowane-na-chlodniejsze-dni-jesienia,Męskie botki sznurowane na chłodniejsze dni jesienią,Kolor,Brązowy,Rozmiar,44,,,,,,Merseloseweg 62-A,,,,,,,9999
meskie-botki-sznurowane-na-chlodniejsze-dni-jesienia,Męskie botki sznurowane na chłodniejsze dni jesienią,Kolor,Czarny,Rozmiar,39,,,,,,Merseloseweg 62-A,,,,,,,9999
meskie-botki-sznurowane-na-chlodniejsze-dni-jesienia,Męskie botki sznurowane na chłodniejsze dni jesienią,Kolor,Czarny,Rozmiar,40,,,,,,Merseloseweg 62-A,,,,,,,9999
meskie-botki-sznurowane-na-chlodniejsze-dni-jesienia,Męskie botki sznurowane na chłodniejsze dni jesienią,Kolor,Czarny,Rozmiar,41,,,,,,Merseloseweg 62-A,,,,,,,9999
meskie-botki-sznurowane-na-chlodniejsze-dni-jesienia,Męskie botki sznurowane na chłodniejsze dni jesienią,Kolor,Czarny,Rozmiar,42,,,,,,Merseloseweg 62-A,,,,,,,9999
meskie-botki-sznurowane-na-chlodniejsze-dni-jesienia,Męskie botki sznurowane na chłodniejsze dni jesienią,Kolor,Czarny,Rozmiar,43,,,,,,Merseloseweg 62-A,,,,,,,9999
meskie-botki-sznurowane-na-chlodniejsze-dni-jesienia,Męskie botki sznurowane na chłodniejsze dni jesienią,Kolor,Czarny,Rozmiar,44,,,,,,Merseloseweg 62-A,,,,,,,9999
meskie-botki-sznurowane-na-chlodniejsze-dni-jesienia,Męskie botki sznurowane na chłodniejsze dni jesienią,Kolor,Brązowy,Rozmiar,45,,,,,,Merseloseweg 62-A,,,,,,,9999
meskie-botki-sznurowane-na-chlodniejsze-dni-jesienia,Męskie botki sznurowane na chłodniejsze dni jesienią,Kolor,Brązowy,Rozmiar,46,,,,,,Merseloseweg 62-A,,,,,,,9999
meskie-botki-sznurowane-na-chlodniejsze-dni-jesienia,Męskie botki sznurowane na chłodniejsze dni jesienią,Kolor,Czarny,Rozmiar,45,,,,,,Merseloseweg 62-A,,,,,,,9999
meskie-botki-sznurowane-na-chlodniejsze-dni-jesienia,Męskie botki sznurowane na chłodniejsze dni jesienią,Kolor,Czarny,Rozmiar,46,,,,,,Merseloseweg 62-A,,,,,,,9999
meskie-botki-sznurowane-na-chlodniejsze-dni-jesieni,Męskie botki sznurowane na chłodniejsze dni jesieni,Kolor,Brązowy,Rozmiar,39,,,,,,Merseloseweg 62-A,,,,,,,9999
meskie-botki-sznurowane-na-chlodniejsze-dni-jesieni,Męskie botki sznurowane na chłodniejsze dni jesieni,Kolor,Brązowy,Rozmiar,40,,,,,,Merseloseweg 62-A,,,,,,,9999
meskie-botki-sznurowane-na-chlodniejsze-dni-jesieni,Męskie botki sznurowane na chłodniejsze dni jesieni,Kolor,Brązowy,Rozmiar,41,,,,,,Merseloseweg 62-A,,,,,,,9999
meskie-botki-sznurowane-na-chlodniejsze-dni-jesieni,Męskie botki sznurowane na chłodniejsze dni jesieni,Kolor,Brązowy,Rozmiar,42,,,,,,Merseloseweg 62-A,,,,,,,9999
meskie-botki-sznurowane-na-chlodniejsze-dni-jesieni,Męskie botki sznurowane na chłodniejsze dni jesieni,Kolor,Brązowy,Rozmiar,43,,,,,,Merseloseweg 62-A,,,,,,,9999
meskie-botki-sznurowane-na-chlodniejsze-dni-jesieni,Męskie botki sznurowane na chłodniejsze dni jesieni,Kolor,Brązowy,Rozmiar,44,,,,,,Merseloseweg 62-A,,,,,,,9999
meskie-botki-sznurowane-na-chlodniejsze-dni-jesieni,Męskie botki sznurowane na chłodniejsze dni jesieni,Kolor,Ciemnobrązowy,Rozmiar,39,,,,,,Merseloseweg 62-A,,,,,,,9999
meskie-botki-sznurowane-na-chlodniejsze-dni-jesieni,Męskie botki sznurowane na chłodniejsze dni jesieni,Kolor,Ciemnobrązowy,Rozmiar,40,,,,,,Merseloseweg 62-A,,,,,,,9999
meskie-botki-sznurowane-na-chlodniejsze-dni-jesieni,Męskie botki sznurowane na chłodniejsze dni jesieni,Kolor,Ciemnobrązowy,Rozmiar,41,,,,,,Merseloseweg 62-A,,,,,,,9999
meskie-botki-sznurowane-na-chlodniejsze-dni-jesieni,Męskie botki sznurowane na chłodniejsze dni jesieni,Kolor,Ciemnobrązowy,Rozmiar,42,,,,,,Merseloseweg 62-A,,,,,,,9999
meskie-botki-sznurowane-na-chlodniejsze-dni-jesieni,Męskie botki sznurowane na chłodniejsze dni jesieni,Kolor,Ciemnobrązowy,Rozmiar,43,,,,,,Merseloseweg 62-A,,,,,,,9999
meskie-botki-sznurowane-na-chlodniejsze-dni-jesieni,Męskie botki sznurowane na chłodniejsze dni jesieni,Kolor,Ciemnobrązowy,Rozmiar,44,,,,,,Merseloseweg 62-A,,,,,,,9999
meskie-botki-sznurowane-na-chlodniejsze-dni-jesieni,Męskie botki sznurowane na chłodniejsze dni jesieni,Kolor,Czarny,Rozmiar,39,,,,,,Merseloseweg 62-A,,,,,,,9999
meskie-botki-sznurowane-na-chlodniejsze-dni-jesieni,Męskie botki sznurowane na chłodniejsze dni jesieni,Kolor,Czarny,Rozmiar,40,,,,,,Merseloseweg 62-A,,,,,,,9999
meskie-botki-sznurowane-na-chlodniejsze-dni-jesieni,Męskie botki sznurowane na chłodniejsze dni jesieni,Kolor,Czarny,Rozmiar,41,,,,,,Merseloseweg 62-A,,,,,,,9999
meskie-botki-sznurowane-na-chlodniejsze-dni-jesieni,Męskie botki sznurowane na chłodniejsze dni jesieni,Kolor,Czarny,Rozmiar,42,,,,,,Merseloseweg 62-A,,,,,,,9999
meskie-botki-sznurowane-na-chlodniejsze-dni-jesieni,Męskie botki sznurowane na chłodniejsze dni jesieni,Kolor,Czarny,Rozmiar,43,,,,,,Merseloseweg 62-A,,,,,,,9999
meskie-botki-sznurowane-na-chlodniejsze-dni-jesieni,Męskie botki sznurowane na chłodniejsze dni jesieni,Kolor,Czarny,Rozmiar,44,,,,,,Merseloseweg 62-A,,,,,,,9999
meskie-botki-sznurowane-na-chlodniejsze-dni-jesieni,Męskie botki sznurowane na chłodniejsze dni jesieni,Kolor,Brązowy,Rozmiar,45,,,,,,Merseloseweg 62-A,,,,,,,9999
meskie-botki-sznurowane-na-chlodniejsze-dni-jesieni,Męskie botki sznurowane na chłodniejsze dni jesieni,Kolor,Brązowy,Rozmiar,46,,,,,,Merseloseweg 62-A,,,,,,,9999
meskie-botki-sznurowane-na-chlodniejsze-dni-jesieni,Męskie botki sznurowane na chłodniejsze dni jesieni,Kolor,Ciemnobrązowy,Rozmiar,45,,,,,,Merseloseweg 62-A,,,,,,,9999
meskie-botki-sznurowane-na-chlodniejsze-dni-jesieni,Męskie botki sznurowane na chłodniejsze dni jesieni,Kolor,Ciemnobrązowy,Rozmiar,46,,,,,,Merseloseweg 62-A,,,,,,,9999
meskie-botki-sznurowane-na-chlodniejsze-dni-jesieni,Męskie botki sznurowane na chłodniejsze dni jesieni,Kolor,Czarny,Rozmiar,45,,,,,,Merseloseweg 62-A,,,,,,,9999
meskie-botki-sznurowane-na-chlodniejsze-dni-jesieni,Męskie botki sznurowane na chłodniejsze dni jesieni,Kolor,Czarny,Rozmiar,46,,,,,,Merseloseweg 62-A,,,,,,,9999
meskie-mokasyny-z-eleganckim-charakterem-na-rozne-okazje,Męskie mokasyny z eleganckim charakterem na różne okazje,Kolor,Granatowy,Rozmiar,39,,,,,,Merseloseweg 62-A,,,,,,,9999
meskie-mokasyny-z-eleganckim-charakterem-na-rozne-okazje,Męskie mokasyny z eleganckim charakterem na różne okazje,Kolor,Granatowy,Rozmiar,40,,,,,,Merseloseweg 62-A,,,,,,,9999
meskie-mokasyny-z-eleganckim-charakterem-na-rozne-okazje,Męskie mokasyny z eleganckim charakterem na różne okazje,Kolor,Granatowy,Rozmiar,41,,,,,,Merseloseweg 62-A,,,,,,,9999
meskie-mokasyny-z-eleganckim-charakterem-na-rozne-okazje,Męskie mokasyny z eleganckim charakterem na różne okazje,Kolor,Granatowy,Rozmiar,42,,,,,,Merseloseweg 62-A,,,,,,,9999
meskie-mokasyny-z-eleganckim-charakterem-na-rozne-okazje,Męskie mokasyny z eleganckim charakterem na różne okazje,Kolor,Granatowy,Rozmiar,43,,,,,,Merseloseweg 62-A,,,,,,,9999
meskie-mokasyny-z-eleganckim-charakterem-na-rozne-okazje,Męskie mokasyny z eleganckim charakterem na różne okazje,Kolor,Granatowy,Rozmiar,44,,,,,,Merseloseweg 62-A,,,,,,,9999
meskie-mokasyny-z-eleganckim-charakterem-na-rozne-okazje,Męskie mokasyny z eleganckim charakterem na różne okazje,Kolor,Czarny,Rozmiar,39,,,,,,Merseloseweg 62-A,,,,,,,9999
meskie-mokasyny-z-eleganckim-charakterem-na-rozne-okazje,Męskie mokasyny z eleganckim charakterem na różne okazje,Kolor,Czarny,Rozmiar,40,,,,,,Merseloseweg 62-A,,,,,,,9999
meskie-mokasyny-z-eleganckim-charakterem-na-rozne-okazje,Męskie mokasyny z eleganckim charakterem na różne okazje,Kolor,Czarny,Rozmiar,41,,,,,,Merseloseweg 62-A,,,,,,,9999
meskie-mokasyny-z-eleganckim-charakterem-na-rozne-okazje,Męskie mokasyny z eleganckim charakterem na różne okazje,Kolor,Czarny,Rozmiar,42,,,,,,Merseloseweg 62-A,,,,,,,9999
meskie-mokasyny-z-eleganckim-charakterem-na-rozne-okazje,Męskie mokasyny z eleganckim charakterem na różne okazje,Kolor,Czarny,Rozmiar,43,,,,,,Merseloseweg 62-A,,,,,,,9999
meskie-mokasyny-z-eleganckim-charakterem-na-rozne-okazje,Męskie mokasyny z eleganckim charakterem na różne okazje,Kolor,Czarny,Rozmiar,44,,,,,,Merseloseweg 62-A,,,,,,,9999
meskie-mokasyny-z-eleganckim-charakterem-na-rozne-okazje,Męskie mokasyny z eleganckim charakterem na różne okazje,Kolor,Brązowy,Rozmiar,39,,,,,,Merseloseweg 62-A,,,,,,,9999
meskie-mokasyny-z-eleganckim-charakterem-na-rozne-okazje,Męskie mokasyny z eleganckim charakterem na różne okazje,Kolor,Brązowy,Rozmiar,40,,,,,,Merseloseweg 62-A,,,,,,,9999
meskie-mokasyny-z-eleganckim-charakterem-na-rozne-okazje,Męskie mokasyny z eleganckim charakterem na różne okazje,Kolor,Brązowy,Rozmiar,41,,,,,,Merseloseweg 62-A,,,,,,,9999
meskie-mokasyny-z-eleganckim-charakterem-na-rozne-okazje,Męskie mokasyny z eleganckim charakterem na różne okazje,Kolor,Brązowy,Rozmiar,42,,,,,,Merseloseweg 62-A,,,,,,,9999
meskie-mokasyny-z-eleganckim-charakterem-na-rozne-okazje,Męskie mokasyny z eleganckim charakterem na różne okazje,Kolor,Brązowy,Rozmiar,43,,,,,,Merseloseweg 62-A,,,,,,,9999
meskie-mokasyny-z-eleganckim-charakterem-na-rozne-okazje,Męskie mokasyny z eleganckim charakterem na różne okazje,Kolor,Brązowy,Rozmiar,44,,,,,,Merseloseweg 62-A,,,,,,,9999
meskie-mokasyny-z-eleganckim-charakterem-na-rozne-okazje,Męskie mokasyny z eleganckim charakterem na różne okazje,Kolor,Granatowy,Rozmiar,45,,,,,,Merseloseweg 62-A,,,,,,,9999
meskie-mokasyny-z-eleganckim-charakterem-na-rozne-okazje,Męskie mokasyny z eleganckim charakterem na różne okazje,Kolor,Granatowy,Rozmiar,46,,,,,,Merseloseweg 62-A,,,,,,,9999
meskie-mokasyny-z-eleganckim-charakterem-na-rozne-okazje,Męskie mokasyny z eleganckim charakterem na różne okazje,Kolor,Czarny,Rozmiar,45,,,,,,Merseloseweg 62-A,,,,,,,9999
meskie-mokasyny-z-eleganckim-charakterem-na-rozne-okazje,Męskie mokasyny z eleganckim charakterem na różne okazje,Kolor,Czarny,Rozmiar,46,,,,,,Merseloseweg 62-A,,,,,,,9999
meskie-mokasyny-z-eleganckim-charakterem-na-rozne-okazje,Męskie mokasyny z eleganckim charakterem na różne okazje,Kolor,Brązowy,Rozmiar,45,,,,,,Merseloseweg 62-A,,,,,,,9999
meskie-mokasyny-z-eleganckim-charakterem-na-rozne-okazje,Męskie mokasyny z eleganckim charakterem na różne okazje,Kolor,Brązowy,Rozmiar,46,,,,,,Merseloseweg 62-A,,,,,,,9999
meskie-botki-o-eleganckim-charakterze-na-jesien,Męskie botki o eleganckim charakterze na jesień,Kolor,Brązowy,Rozmiar,39,,,,,,Merseloseweg 62-A,,,,,,,9999
meskie-botki-o-eleganckim-charakterze-na-jesien,Męskie botki o eleganckim charakterze na jesień,Kolor,Brązowy,Rozmiar,40,,,,,,Merseloseweg 62-A,,,,,,,9999
meskie-botki-o-eleganckim-charakterze-na-jesien,Męskie botki o eleganckim charakterze na jesień,Kolor,Brązowy,Rozmiar,41,,,,,,Merseloseweg 62-A,,,,,,,9999
meskie-botki-o-eleganckim-charakterze-na-jesien,Męskie botki o eleganckim charakterze na jesień,Kolor,Brązowy,Rozmiar,42,,,,,,Merseloseweg 62-A,,,,,,,9999
meskie-botki-o-eleganckim-charakterze-na-jesien,Męskie botki o eleganckim charakterze na jesień,Kolor,Brązowy,Rozmiar,43,,,,,,Merseloseweg 62-A,,,,,,,9999
meskie-botki-o-eleganckim-charakterze-na-jesien,Męskie botki o eleganckim charakterze na jesień,Kolor,Brązowy,Rozmiar,44,,,,,,Merseloseweg 62-A,,,,,,,9999
meskie-botki-o-eleganckim-charakterze-na-jesien,Męskie botki o eleganckim charakterze na jesień,Kolor,Czarny,Rozmiar,39,,,,,,Merseloseweg 62-A,,,,,,,9999
meskie-botki-o-eleganckim-charakterze-na-jesien,Męskie botki o eleganckim charakterze na jesień,Kolor,Czarny,Rozmiar,40,,,,,,Merseloseweg 62-A,,,,,,,9999
meskie-botki-o-eleganckim-charakterze-na-jesien,Męskie botki o eleganckim charakterze na jesień,Kolor,Czarny,Rozmiar,41,,,,,,Merseloseweg 62-A,,,,,,,9999
meskie-botki-o-eleganckim-charakterze-na-jesien,Męskie botki o eleganckim charakterze na jesień,Kolor,Czarny,Rozmiar,42,,,,,,Merseloseweg 62-A,,,,,,,9999
meskie-botki-o-eleganckim-charakterze-na-jesien,Męskie botki o eleganckim charakterze na jesień,Kolor,Czarny,Rozmiar,43,,,,,,Merseloseweg 62-A,,,,,,,9999
meskie-botki-o-eleganckim-charakterze-na-jesien,Męskie botki o eleganckim charakterze na jesień,Kolor,Czarny,Rozmiar,44,,,,,,Merseloseweg 62-A,,,,,,,9999
meskie-botki-o-eleganckim-charakterze-na-jesien,Męskie botki o eleganckim charakterze na jesień,Kolor,Brązowy,Rozmiar,45,,,,,,Merseloseweg 62-A,,,,,,,9999
meskie-botki-o-eleganckim-charakterze-na-jesien,Męskie botki o eleganckim charakterze na jesień,Kolor,Brązowy,Rozmiar,46,,,,,,Merseloseweg 62-A,,,,,,,9999
meskie-botki-o-eleganckim-charakterze-na-jesien,Męskie botki o eleganckim charakterze na jesień,Kolor,Czarny,Rozmiar,45,,,,,,Merseloseweg 62-A,,,,,,,9999
meskie-botki-o-eleganckim-charakterze-na-jesien,Męskie botki o eleganckim charakterze na jesień,Kolor,Czarny,Rozmiar,46,,,,,,Merseloseweg 62-A,,,,,,,9999
meskie-botki-kowbojskie-do-wyrazistych-zestawow,Męskie botki kowbojskie do wyrazistych zestawów,Kolor,Czarny,Rozmiar,39,,,,,,Merseloseweg 62-A,,,,,,,9999
meskie-botki-kowbojskie-do-wyrazistych-zestawow,Męskie botki kowbojskie do wyrazistych zestawów,Kolor,Czarny,Rozmiar,40,,,,,,Merseloseweg 62-A,,,,,,,9999
meskie-botki-kowbojskie-do-wyrazistych-zestawow,Męskie botki kowbojskie do wyrazistych zestawów,Kolor,Czarny,Rozmiar,41,,,,,,Merseloseweg 62-A,,,,,,,9999
meskie-botki-kowbojskie-do-wyrazistych-zestawow,Męskie botki kowbojskie do wyrazistych zestawów,Kolor,Czarny,Rozmiar,42,,,,,,Merseloseweg 62-A,,,,,,,9999
meskie-botki-kowbojskie-do-wyrazistych-zestawow,Męskie botki kowbojskie do wyrazistych zestawów,Kolor,Czarny,Rozmiar,43,,,,,,Merseloseweg 62-A,,,,,,,9999
meskie-botki-kowbojskie-do-wyrazistych-zestawow,Męskie botki kowbojskie do wyrazistych zestawów,Kolor,Czarny,Rozmiar,44,,,,,,Merseloseweg 62-A,,,,,,,9999
meskie-botki-kowbojskie-do-wyrazistych-zestawow,Męskie botki kowbojskie do wyrazistych zestawów,Kolor,Brązowy,Rozmiar,39,,,,,,Merseloseweg 62-A,,,,,,,9999
meskie-botki-kowbojskie-do-wyrazistych-zestawow,Męskie botki kowbojskie do wyrazistych zestawów,Kolor,Brązowy,Rozmiar,40,,,,,,Merseloseweg 62-A,,,,,,,9999
meskie-botki-kowbojskie-do-wyrazistych-zestawow,Męskie botki kowbojskie do wyrazistych zestawów,Kolor,Brązowy,Rozmiar,41,,,,,,Merseloseweg 62-A,,,,,,,9999
meskie-botki-kowbojskie-do-wyrazistych-zestawow,Męskie botki kowbojskie do wyrazistych zestawów,Kolor,Brązowy,Rozmiar,42,,,,,,Merseloseweg 62-A,,,,,,,9999
meskie-botki-kowbojskie-do-wyrazistych-zestawow,Męskie botki kowbojskie do wyrazistych zestawów,Kolor,Brązowy,Rozmiar,43,,,,,,Merseloseweg 62-A,,,,,,,9999
meskie-botki-kowbojskie-do-wyrazistych-zestawow,Męskie botki kowbojskie do wyrazistych zestawów,Kolor,Brązowy,Rozmiar,44,,,,,,Merseloseweg 62-A,,,,,,,9999
meskie-botki-kowbojskie-do-wyrazistych-zestawow,Męskie botki kowbojskie do wyrazistych zestawów,Kolor,Czarny,Rozmiar,45,,,,,,Merseloseweg 62-A,,,,,,,9999
meskie-botki-kowbojskie-do-wyrazistych-zestawow,Męskie botki kowbojskie do wyrazistych zestawów,Kolor,Czarny,Rozmiar,46,,,,,,Merseloseweg 62-A,,,,,,,9999
meskie-botki-kowbojskie-do-wyrazistych-zestawow,Męskie botki kowbojskie do wyrazistych zestawów,Kolor,Brązowy,Rozmiar,45,,,,,,Merseloseweg 62-A,,,,,,,9999
meskie-botki-kowbojskie-do-wyrazistych-zestawow,Męskie botki kowbojskie do wyrazistych zestawów,Kolor,Brązowy,Rozmiar,46,,,,,,Merseloseweg 62-A,,,,,,,9999
meskie-sneakersy-do-miejskich-zestawien-przez-caly-rok,Męskie sneakersy do miejskich zestawień przez cały rok,Kolor,Biały,Rozmiar,39,,,,,,Merseloseweg 62-A,,,,,,,9999
meskie-sneakersy-do-miejskich-zestawien-przez-caly-rok,Męskie sneakersy do miejskich zestawień przez cały rok,Kolor,Biały,Rozmiar,40,,,,,,Merseloseweg 62-A,,,,,,,9999
meskie-sneakersy-do-miejskich-zestawien-przez-caly-rok,Męskie sneakersy do miejskich zestawień przez cały rok,Kolor,Biały,Rozmiar,41,,,,,,Merseloseweg 62-A,,,,,,,9999
meskie-sneakersy-do-miejskich-zestawien-przez-caly-rok,Męskie sneakersy do miejskich zestawień przez cały rok,Kolor,Biały,Rozmiar,42,,,,,,Merseloseweg 62-A,,,,,,,9999
meskie-sneakersy-do-miejskich-zestawien-przez-caly-rok,Męskie sneakersy do miejskich zestawień przez cały rok,Kolor,Biały,Rozmiar,43,,,,,,Merseloseweg 62-A,,,,,,,9999
meskie-sneakersy-do-miejskich-zestawien-przez-caly-rok,Męskie sneakersy do miejskich zestawień przez cały rok,Kolor,Biały,Rozmiar,44,,,,,,Merseloseweg 62-A,,,,,,,9999
meskie-sneakersy-do-miejskich-zestawien-przez-caly-rok,Męskie sneakersy do miejskich zestawień przez cały rok,Kolor,Czarny,Rozmiar,39,,,,,,Merseloseweg 62-A,,,,,,,9999
meskie-sneakersy-do-miejskich-zestawien-przez-caly-rok,Męskie sneakersy do miejskich zestawień przez cały rok,Kolor,Czarny,Rozmiar,40,,,,,,Merseloseweg 62-A,,,,,,,9999
meskie-sneakersy-do-miejskich-zestawien-przez-caly-rok,Męskie sneakersy do miejskich zestawień przez cały rok,Kolor,Czarny,Rozmiar,41,,,,,,Merseloseweg 62-A,,,,,,,9999
meskie-sneakersy-do-miejskich-zestawien-przez-caly-rok,Męskie sneakersy do miejskich zestawień przez cały rok,Kolor,Czarny,Rozmiar,42,,,,,,Merseloseweg 62-A,,,,,,,9999
meskie-sneakersy-do-miejskich-zestawien-przez-caly-rok,Męskie sneakersy do miejskich zestawień przez cały rok,Kolor,Czarny,Rozmiar,43,,,,,,Merseloseweg 62-A,,,,,,,9999
meskie-sneakersy-do-miejskich-zestawien-przez-caly-rok,Męskie sneakersy do miejskich zestawień przez cały rok,Kolor,Czarny,Rozmiar,44,,,,,,Merseloseweg 62-A,,,,,,,9999
meskie-sneakersy-do-miejskich-zestawien-przez-caly-rok,Męskie sneakersy do miejskich zestawień przez cały rok,Kolor,Biały,Rozmiar,45,,,,,,Merseloseweg 62-A,,,,,,,9999
meskie-sneakersy-do-miejskich-zestawien-przez-caly-rok,Męskie sneakersy do miejskich zestawień przez cały rok,Kolor,Biały,Rozmiar,46,,,,,,Merseloseweg 62-A,,,,,,,9999
meskie-sneakersy-do-miejskich-zestawien-przez-caly-rok,Męskie sneakersy do miejskich zestawień przez cały rok,Kolor,Czarny,Rozmiar,45,,,,,,Merseloseweg 62-A,,,,,,,9999
meskie-sneakersy-do-miejskich-zestawien-przez-caly-rok,Męskie sneakersy do miejskich zestawień przez cały rok,Kolor,Czarny,Rozmiar,46,,,,,,Merseloseweg 62-A,,,,,,,9999
meskie-mokasyny-wsuwane-do-codziennych-stylizacji,Męskie mokasyny wsuwane do codziennych stylizacji,Kolor,Beżowy,Rozmiar,39,,,,,,Merseloseweg 62-A,,,,,,,9999
meskie-mokasyny-wsuwane-do-codziennych-stylizacji,Męskie mokasyny wsuwane do codziennych stylizacji,Kolor,Beżowy,Rozmiar,40,,,,,,Merseloseweg 62-A,,,,,,,9999
meskie-mokasyny-wsuwane-do-codziennych-stylizacji,Męskie mokasyny wsuwane do codziennych stylizacji,Kolor,Beżowy,Rozmiar,41,,,,,,Merseloseweg 62-A,,,,,,,9999
meskie-mokasyny-wsuwane-do-codziennych-stylizacji,Męskie mokasyny wsuwane do codziennych stylizacji,Kolor,Beżowy,Rozmiar,42,,,,,,Merseloseweg 62-A,,,,,,,9999
meskie-mokasyny-wsuwane-do-codziennych-stylizacji,Męskie mokasyny wsuwane do codziennych stylizacji,Kolor,Beżowy,Rozmiar,43,,,,,,Merseloseweg 62-A,,,,,,,9999
meskie-mokasyny-wsuwane-do-codziennych-stylizacji,Męskie mokasyny wsuwane do codziennych stylizacji,Kolor,Beżowy,Rozmiar,44,,,,,,Merseloseweg 62-A,,,,,,,9999
meskie-mokasyny-wsuwane-do-codziennych-stylizacji,Męskie mokasyny wsuwane do codziennych stylizacji,Kolor,Granatowy,Rozmiar,39,,,,,,Merseloseweg 62-A,,,,,,,9999
meskie-mokasyny-wsuwane-do-codziennych-stylizacji,Męskie mokasyny wsuwane do codziennych stylizacji,Kolor,Granatowy,Rozmiar,40,,,,,,Merseloseweg 62-A,,,,,,,9999
meskie-mokasyny-wsuwane-do-codziennych-stylizacji,Męskie mokasyny wsuwane do codziennych stylizacji,Kolor,Granatowy,Rozmiar,41,,,,,,Merseloseweg 62-A,,,,,,,9999
meskie-mokasyny-wsuwane-do-codziennych-stylizacji,Męskie mokasyny wsuwane do codziennych stylizacji,Kolor,Granatowy,Rozmiar,42,,,,,,Merseloseweg 62-A,,,,,,,9999
meskie-mokasyny-wsuwane-do-codziennych-stylizacji,Męskie mokasyny wsuwane do codziennych stylizacji,Kolor,Granatowy,Rozmiar,43,,,,,,Merseloseweg 62-A,,,,,,,9999
meskie-mokasyny-wsuwane-do-codziennych-stylizacji,Męskie mokasyny wsuwane do codziennych stylizacji,Kolor,Granatowy,Rozmiar,44,,,,,,Merseloseweg 62-A,,,,,,,9999
meskie-mokasyny-wsuwane-do-codziennych-stylizacji,Męskie mokasyny wsuwane do codziennych stylizacji,Kolor,Brązowy,Rozmiar,39,,,,,,Merseloseweg 62-A,,,,,,,9999
meskie-mokasyny-wsuwane-do-codziennych-stylizacji,Męskie mokasyny wsuwane do codziennych stylizacji,Kolor,Brązowy,Rozmiar,40,,,,,,Merseloseweg 62-A,,,,,,,9999
meskie-mokasyny-wsuwane-do-codziennych-stylizacji,Męskie mokasyny wsuwane do codziennych stylizacji,Kolor,Brązowy,Rozmiar,41,,,,,,Merseloseweg 62-A,,,,,,,9999
meskie-mokasyny-wsuwane-do-codziennych-stylizacji,Męskie mokasyny wsuwane do codziennych stylizacji,Kolor,Brązowy,Rozmiar,42,,,,,,Merseloseweg 62-A,,,,,,,9999
meskie-mokasyny-wsuwane-do-codziennych-stylizacji,Męskie mokasyny wsuwane do codziennych stylizacji,Kolor,Brązowy,Rozmiar,43,,,,,,Merseloseweg 62-A,,,,,,,9999
meskie-mokasyny-wsuwane-do-codziennych-stylizacji,Męskie mokasyny wsuwane do codziennych stylizacji,Kolor,Brązowy,Rozmiar,44,,,,,,Merseloseweg 62-A,,,,,,,9999
meskie-mokasyny-wsuwane-do-codziennych-stylizacji,Męskie mokasyny wsuwane do codziennych stylizacji,Kolor,Jasnoniebieski,Rozmiar,39,,,,,,Merseloseweg 62-A,,,,,,,9999
meskie-mokasyny-wsuwane-do-codziennych-stylizacji,Męskie mokasyny wsuwane do codziennych stylizacji,Kolor,Jasnoniebieski,Rozmiar,40,,,,,,Merseloseweg 62-A,,,,,,,9999
meskie-mokasyny-wsuwane-do-codziennych-stylizacji,Męskie mokasyny wsuwane do codziennych stylizacji,Kolor,Jasnoniebieski,Rozmiar,41,,,,,,Merseloseweg 62-A,,,,,,,9999
meskie-mokasyny-wsuwane-do-codziennych-stylizacji,Męskie mokasyny wsuwane do codziennych stylizacji,Kolor,Jasnoniebieski,Rozmiar,42,,,,,,Merseloseweg 62-A,,,,,,,9999
meskie-mokasyny-wsuwane-do-codziennych-stylizacji,Męskie mokasyny wsuwane do codziennych stylizacji,Kolor,Jasnoniebieski,Rozmiar,43,,,,,,Merseloseweg 62-A,,,,,,,9999
meskie-mokasyny-wsuwane-do-codziennych-stylizacji,Męskie mokasyny wsuwane do codziennych stylizacji,Kolor,Jasnoniebieski,Rozmiar,44,,,,,,Merseloseweg 62-A,,,,,,,9999
meskie-mokasyny-wsuwane-do-codziennych-stylizacji,Męskie mokasyny wsuwane do codziennych stylizacji,Kolor,Beżowy,Rozmiar,45,,,,,,Merseloseweg 62-A,,,,,,,9999
meskie-mokasyny-wsuwane-do-codziennych-stylizacji,Męskie mokasyny wsuwane do codziennych stylizacji,Kolor,Beżowy,Rozmiar,46,,,,,,Merseloseweg 62-A,,,,,,,9999
meskie-mokasyny-wsuwane-do-codziennych-stylizacji,Męskie mokasyny wsuwane do codziennych stylizacji,Kolor,Granatowy,Rozmiar,45,,,,,,Merseloseweg 62-A,,,,,,,9999
meskie-mokasyny-wsuwane-do-codziennych-stylizacji,Męskie mokasyny wsuwane do codziennych stylizacji,Kolor,Granatowy,Rozmiar,46,,,,,,Merseloseweg 62-A,,,,,,,9999
meskie-mokasyny-wsuwane-do-codziennych-stylizacji,Męskie mokasyny wsuwane do codziennych stylizacji,Kolor,Brązowy,Rozmiar,45,,,,,,Merseloseweg 62-A,,,,,,,9999
meskie-mokasyny-wsuwane-do-codziennych-stylizacji,Męskie mokasyny wsuwane do codziennych stylizacji,Kolor,Brązowy,Rozmiar,46,,,,,,Merseloseweg 62-A,,,,,,,9999
meskie-mokasyny-wsuwane-do-codziennych-stylizacji,Męskie mokasyny wsuwane do codziennych stylizacji,Kolor,Jasnoniebieski,Rozmiar,45,,,,,,Merseloseweg 62-A,,,,,,,9999
meskie-mokasyny-wsuwane-do-codziennych-stylizacji,Męskie mokasyny wsuwane do codziennych stylizacji,Kolor,Jasnoniebieski,Rozmiar,46,,,,,,Merseloseweg 62-A,,,,,,,9999
damskie-sneakersy-z-ozdobnymi-detalami-na-co-dzien,Damskie sneakersy z ozdobnymi detalami na co dzień,Kolor,Beżowy,Rozmiar,36,,,,,,Merseloseweg 62-A,,,,,,,9999
damskie-sneakersy-z-ozdobnymi-detalami-na-co-dzien,Damskie sneakersy z ozdobnymi detalami na co dzień,Kolor,Beżowy,Rozmiar,37,,,,,,Merseloseweg 62-A,,,,,,,9999
damskie-sneakersy-z-ozdobnymi-detalami-na-co-dzien,Damskie sneakersy z ozdobnymi detalami na co dzień,Kolor,Beżowy,Rozmiar,38,,,,,,Merseloseweg 62-A,,,,,,,9999
damskie-sneakersy-z-ozdobnymi-detalami-na-co-dzien,Damskie sneakersy z ozdobnymi detalami na co dzień,Kolor,Beżowy,Rozmiar,39,,,,,,Merseloseweg 62-A,,,,,,,9999
damskie-sneakersy-z-ozdobnymi-detalami-na-co-dzien,Damskie sneakersy z ozdobnymi detalami na co dzień,Kolor,Beżowy,Rozmiar,40,,,,,,Merseloseweg 62-A,,,,,,,9999
damskie-sneakersy-z-ozdobnymi-detalami-na-co-dzien,Damskie sneakersy z ozdobnymi detalami na co dzień,Kolor,Beżowy,Rozmiar,41,,,,,,Merseloseweg 62-A,,,,,,,9999
damskie-sneakersy-z-ozdobnymi-detalami-na-co-dzien,Damskie sneakersy z ozdobnymi detalami na co dzień,Kolor,Beżowy,Rozmiar,42,,,,,,Merseloseweg 62-A,,,,,,,9999
damskie-sneakersy-z-ozdobnymi-detalami-na-co-dzien,Damskie sneakersy z ozdobnymi detalami na co dzień,Kolor,Brązowy,Rozmiar,36,,,,,,Merseloseweg 62-A,,,,,,,9999
damskie-sneakersy-z-ozdobnymi-detalami-na-co-dzien,Damskie sneakersy z ozdobnymi detalami na co dzień,Kolor,Brązowy,Rozmiar,37,,,,,,Merseloseweg 62-A,,,,,,,9999
damskie-sneakersy-z-ozdobnymi-detalami-na-co-dzien,Damskie sneakersy z ozdobnymi detalami na co dzień,Kolor,Brązowy,Rozmiar,38,,,,,,Merseloseweg 62-A,,,,,,,9999
damskie-sneakersy-z-ozdobnymi-detalami-na-co-dzien,Damskie sneakersy z ozdobnymi detalami na co dzień,Kolor,Brązowy,Rozmiar,39,,,,,,Merseloseweg 62-A,,,,,,,9999
damskie-sneakersy-z-ozdobnymi-detalami-na-co-dzien,Damskie sneakersy z ozdobnymi detalami na co dzień,Kolor,Brązowy,Rozmiar,40,,,,,,Merseloseweg 62-A,,,,,,,9999
damskie-sneakersy-z-ozdobnymi-detalami-na-co-dzien,Damskie sneakersy z ozdobnymi detalami na co dzień,Kolor,Brązowy,Rozmiar,41,,,,,,Merseloseweg 62-A,,,,,,,9999
damskie-sneakersy-z-ozdobnymi-detalami-na-co-dzien,Damskie sneakersy z ozdobnymi detalami na co dzień,Kolor,Brązowy,Rozmiar,42,,,,,,Merseloseweg 62-A,,,,,,,9999
damskie-sneakersy-z-ozdobnymi-detalami-na-co-dzien,Damskie sneakersy z ozdobnymi detalami na co dzień,Kolor,Czarny,Rozmiar,36,,,,,,Merseloseweg 62-A,,,,,,,9999
damskie-sneakersy-z-ozdobnymi-detalami-na-co-dzien,Damskie sneakersy z ozdobnymi detalami na co dzień,Kolor,Czarny,Rozmiar,37,,,,,,Merseloseweg 62-A,,,,,,,9999
damskie-sneakersy-z-ozdobnymi-detalami-na-co-dzien,Damskie sneakersy z ozdobnymi detalami na co dzień,Kolor,Czarny,Rozmiar,38,,,,,,Merseloseweg 62-A,,,,,,,9999
damskie-sneakersy-z-ozdobnymi-detalami-na-co-dzien,Damskie sneakersy z ozdobnymi detalami na co dzień,Kolor,Czarny,Rozmiar,39,,,,,,Merseloseweg 62-A,,,,,,,9999
damskie-sneakersy-z-ozdobnymi-detalami-na-co-dzien,Damskie sneakersy z ozdobnymi detalami na co dzień,Kolor,Czarny,Rozmiar,40,,,,,,Merseloseweg 62-A,,,,,,,9999
damskie-sneakersy-z-ozdobnymi-detalami-na-co-dzien,Damskie sneakersy z ozdobnymi detalami na co dzień,Kolor,Czarny,Rozmiar,41,,,,,,Merseloseweg 62-A,,,,,,,9999
damskie-sneakersy-z-ozdobnymi-detalami-na-co-dzien,Damskie sneakersy z ozdobnymi detalami na co dzień,Kolor,Czarny,Rozmiar,42,,,,,,Merseloseweg 62-A,,,,,,,9999
damskie-sneakersy-z-ozdobnymi-detalami-na-co-dzien,Damskie sneakersy z ozdobnymi detalami na co dzień,Kolor,Beżowy,Rozmiar,43,,,,,,Merseloseweg 62-A,,,,,,,9999
damskie-sneakersy-z-ozdobnymi-detalami-na-co-dzien,Damskie sneakersy z ozdobnymi detalami na co dzień,Kolor,Brązowy,Rozmiar,43,,,,,,Merseloseweg 62-A,,,,,,,9999
damskie-sneakersy-z-ozdobnymi-detalami-na-co-dzien,Damskie sneakersy z ozdobnymi detalami na co dzień,Kolor,Czarny,Rozmiar,43,,,,,,Merseloseweg 62-A,,,,,,,9999
damskie-chodaki-z-paskiem-na-co-dzien,Damskie chodaki z paskiem na co dzień,Kolor,Brązowy,Rozmiar,36,,,,,,Merseloseweg 62-A,,,,,,,9999
damskie-chodaki-z-paskiem-na-co-dzien,Damskie chodaki z paskiem na co dzień,Kolor,Brązowy,Rozmiar,37,,,,,,Merseloseweg 62-A,,,,,,,9999
damskie-chodaki-z-paskiem-na-co-dzien,Damskie chodaki z paskiem na co dzień,Kolor,Brązowy,Rozmiar,38,,,,,,Merseloseweg 62-A,,,,,,,9999
damskie-chodaki-z-paskiem-na-co-dzien,Damskie chodaki z paskiem na co dzień,Kolor,Brązowy,Rozmiar,39,,,,,,Merseloseweg 62-A,,,,,,,9999
damskie-chodaki-z-paskiem-na-co-dzien,Damskie chodaki z paskiem na co dzień,Kolor,Brązowy,Rozmiar,40,,,,,,Merseloseweg 62-A,,,,,,,9999
damskie-chodaki-z-paskiem-na-co-dzien,Damskie chodaki z paskiem na co dzień,Kolor,Brązowy,Rozmiar,41,,,,,,Merseloseweg 62-A,,,,,,,9999
damskie-chodaki-z-paskiem-na-co-dzien,Damskie chodaki z paskiem na co dzień,Kolor,Brązowy,Rozmiar,42,,,,,,Merseloseweg 62-A,,,,,,,9999
damskie-chodaki-z-paskiem-na-co-dzien,Damskie chodaki z paskiem na co dzień,Kolor,Czarny,Rozmiar,36,,,,,,Merseloseweg 62-A,,,,,,,9999
damskie-chodaki-z-paskiem-na-co-dzien,Damskie chodaki z paskiem na co dzień,Kolor,Czarny,Rozmiar,37,,,,,,Merseloseweg 62-A,,,,,,,9999
damskie-chodaki-z-paskiem-na-co-dzien,Damskie chodaki z paskiem na co dzień,Kolor,Czarny,Rozmiar,38,,,,,,Merseloseweg 62-A,,,,,,,9999
damskie-chodaki-z-paskiem-na-co-dzien,Damskie chodaki z paskiem na co dzień,Kolor,Czarny,Rozmiar,39,,,,,,Merseloseweg 62-A,,,,,,,9999
damskie-chodaki-z-paskiem-na-co-dzien,Damskie chodaki z paskiem na co dzień,Kolor,Czarny,Rozmiar,40,,,,,,Merseloseweg 62-A,,,,,,,9999
damskie-chodaki-z-paskiem-na-co-dzien,Damskie chodaki z paskiem na co dzień,Kolor,Czarny,Rozmiar,41,,,,,,Merseloseweg 62-A,,,,,,,9999
damskie-chodaki-z-paskiem-na-co-dzien,Damskie chodaki z paskiem na co dzień,Kolor,Czarny,Rozmiar,42,,,,,,Merseloseweg 62-A,,,,,,,9999
damskie-chodaki-z-paskiem-na-co-dzien,Damskie chodaki z paskiem na co dzień,Kolor,Zielony,Rozmiar,36,,,,,,Merseloseweg 62-A,,,,,,,9999
damskie-chodaki-z-paskiem-na-co-dzien,Damskie chodaki z paskiem na co dzień,Kolor,Zielony,Rozmiar,37,,,,,,Merseloseweg 62-A,,,,,,,9999
damskie-chodaki-z-paskiem-na-co-dzien,Damskie chodaki z paskiem na co dzień,Kolor,Zielony,Rozmiar,38,,,,,,Merseloseweg 62-A,,,,,,,9999
damskie-chodaki-z-paskiem-na-co-dzien,Damskie chodaki z paskiem na co dzień,Kolor,Zielony,Rozmiar,39,,,,,,Merseloseweg 62-A,,,,,,,9999
damskie-chodaki-z-paskiem-na-co-dzien,Damskie chodaki z paskiem na co dzień,Kolor,Zielony,Rozmiar,40,,,,,,Merseloseweg 62-A,,,,,,,9999
damskie-chodaki-z-paskiem-na-co-dzien,Damskie chodaki z paskiem na co dzień,Kolor,Zielony,Rozmiar,41,,,,,,Merseloseweg 62-A,,,,,,,9999
damskie-chodaki-z-paskiem-na-co-dzien,Damskie chodaki z paskiem na co dzień,Kolor,Zielony,Rozmiar,42,,,,,,Merseloseweg 62-A,,,,,,,9999
damskie-chodaki-z-paskiem-na-co-dzien,Damskie chodaki z paskiem na co dzień,Kolor,Czerwony,Rozmiar,36,,,,,,Merseloseweg 62-A,,,,,,,9999
damskie-chodaki-z-paskiem-na-co-dzien,Damskie chodaki z paskiem na co dzień,Kolor,Czerwony,Rozmiar,37,,,,,,Merseloseweg 62-A,,,,,,,9999
damskie-chodaki-z-paskiem-na-co-dzien,Damskie chodaki z paskiem na co dzień,Kolor,Czerwony,Rozmiar,38,,,,,,Merseloseweg 62-A,,,,,,,9999
damskie-chodaki-z-paskiem-na-co-dzien,Damskie chodaki z paskiem na co dzień,Kolor,Czerwony,Rozmiar,39,,,,,,Merseloseweg 62-A,,,,,,,9999
damskie-chodaki-z-paskiem-na-co-dzien,Damskie chodaki z paskiem na co dzień,Kolor,Czerwony,Rozmiar,40,,,,,,Merseloseweg 62-A,,,,,,,9999
damskie-chodaki-z-paskiem-na-co-dzien,Damskie chodaki z paskiem na co dzień,Kolor,Czerwony,Rozmiar,41,,,,,,Merseloseweg 62-A,,,,,,,9999
damskie-chodaki-z-paskiem-na-co-dzien,Damskie chodaki z paskiem na co dzień,Kolor,Czerwony,Rozmiar,42,,,,,,Merseloseweg 62-A,,,,,,,9999
damskie-chodaki-z-paskiem-na-co-dzien,Damskie chodaki z paskiem na co dzień,Kolor,Niebieski,Rozmiar,36,,,,,,Merseloseweg 62-A,,,,,,,9999
damskie-chodaki-z-paskiem-na-co-dzien,Damskie chodaki z paskiem na co dzień,Kolor,Niebieski,Rozmiar,37,,,,,,Merseloseweg 62-A,,,,,,,9999
damskie-chodaki-z-paskiem-na-co-dzien,Damskie chodaki z paskiem na co dzień,Kolor,Niebieski,Rozmiar,38,,,,,,Merseloseweg 62-A,,,,,,,9999
damskie-chodaki-z-paskiem-na-co-dzien,Damskie chodaki z paskiem na co dzień,Kolor,Niebieski,Rozmiar,39,,,,,,Merseloseweg 62-A,,,,,,,9999
damskie-chodaki-z-paskiem-na-co-dzien,Damskie chodaki z paskiem na co dzień,Kolor,Niebieski,Rozmiar,40,,,,,,Merseloseweg 62-A,,,,,,,9999
damskie-chodaki-z-paskiem-na-co-dzien,Damskie chodaki z paskiem na co dzień,Kolor,Niebieski,Rozmiar,41,,,,,,Merseloseweg 62-A,,,,,,,9999
damskie-chodaki-z-paskiem-na-co-dzien,Damskie chodaki z paskiem na co dzień,Kolor,Niebieski,Rozmiar,42,,,,,,Merseloseweg 62-A,,,,,,,9999
damskie-chodaki-z-paskiem-na-co-dzien,Damskie chodaki z paskiem na co dzień,Kolor,Brązowy,Rozmiar,43,,,,,,Merseloseweg 62-A,,,,,,,9999
damskie-chodaki-z-paskiem-na-co-dzien,Damskie chodaki z paskiem na co dzień,Kolor,Czarny,Rozmiar,43,,,,,,Merseloseweg 62-A,,,,,,,9999
damskie-chodaki-z-paskiem-na-co-dzien,Damskie chodaki z paskiem na co dzień,Kolor,Zielony,Rozmiar,43,,,,,,Merseloseweg 62-A,,,,,,,9999
damskie-chodaki-z-paskiem-na-co-dzien,Damskie chodaki z paskiem na co dzień,Kolor,Czerwony,Rozmiar,43,,,,,,Merseloseweg 62-A,,,,,,,9999
damskie-chodaki-z-paskiem-na-co-dzien,Damskie chodaki z paskiem na co dzień,Kolor,Niebieski,Rozmiar,43,,,,,,Merseloseweg 62-A,,,,,,,9999
damskie-kozaki-sznurowane-na-chlodniejsze-dni,Damskie kozaki sznurowane na chłodniejsze dni,Kolor,Beżowy,Rozmiar,36,,,,,,Merseloseweg 62-A,,,,,,,9999
damskie-kozaki-sznurowane-na-chlodniejsze-dni,Damskie kozaki sznurowane na chłodniejsze dni,Kolor,Beżowy,Rozmiar,37,,,,,,Merseloseweg 62-A,,,,,,,9999
damskie-kozaki-sznurowane-na-chlodniejsze-dni,Damskie kozaki sznurowane na chłodniejsze dni,Kolor,Beżowy,Rozmiar,38,,,,,,Merseloseweg 62-A,,,,,,,9999
damskie-kozaki-sznurowane-na-chlodniejsze-dni,Damskie kozaki sznurowane na chłodniejsze dni,Kolor,Beżowy,Rozmiar,39,,,,,,Merseloseweg 62-A,,,,,,,9999
damskie-kozaki-sznurowane-na-chlodniejsze-dni,Damskie kozaki sznurowane na chłodniejsze dni,Kolor,Beżowy,Rozmiar,40,,,,,,Merseloseweg 62-A,,,,,,,9999
damskie-kozaki-sznurowane-na-chlodniejsze-dni,Damskie kozaki sznurowane na chłodniejsze dni,Kolor,Beżowy,Rozmiar,41,,,,,,Merseloseweg 62-A,,,,,,,9999
damskie-kozaki-sznurowane-na-chlodniejsze-dni,Damskie kozaki sznurowane na chłodniejsze dni,Kolor,Beżowy,Rozmiar,42,,,,,,Merseloseweg 62-A,,,,,,,9999
damskie-kozaki-sznurowane-na-chlodniejsze-dni,Damskie kozaki sznurowane na chłodniejsze dni,Kolor,Czarny,Rozmiar,36,,,,,,Merseloseweg 62-A,,,,,,,9999
damskie-kozaki-sznurowane-na-chlodniejsze-dni,Damskie kozaki sznurowane na chłodniejsze dni,Kolor,Czarny,Rozmiar,37,,,,,,Merseloseweg 62-A,,,,,,,9999
damskie-kozaki-sznurowane-na-chlodniejsze-dni,Damskie kozaki sznurowane na chłodniejsze dni,Kolor,Czarny,Rozmiar,38,,,,,,Merseloseweg 62-A,,,,,,,9999
damskie-kozaki-sznurowane-na-chlodniejsze-dni,Damskie kozaki sznurowane na chłodniejsze dni,Kolor,Czarny,Rozmiar,39,,,,,,Merseloseweg 62-A,,,,,,,9999
damskie-kozaki-sznurowane-na-chlodniejsze-dni,Damskie kozaki sznurowane na chłodniejsze dni,Kolor,Czarny,Rozmiar,40,,,,,,Merseloseweg 62-A,,,,,,,9999
damskie-kozaki-sznurowane-na-chlodniejsze-dni,Damskie kozaki sznurowane na chłodniejsze dni,Kolor,Czarny,Rozmiar,41,,,,,,Merseloseweg 62-A,,,,,,,9999
damskie-kozaki-sznurowane-na-chlodniejsze-dni,Damskie kozaki sznurowane na chłodniejsze dni,Kolor,Czarny,Rozmiar,42,,,,,,Merseloseweg 62-A,,,,,,,9999
damskie-kozaki-sznurowane-na-chlodniejsze-dni,Damskie kozaki sznurowane na chłodniejsze dni,Kolor,Brązowy,Rozmiar,36,,,,,,Merseloseweg 62-A,,,,,,,9999
damskie-kozaki-sznurowane-na-chlodniejsze-dni,Damskie kozaki sznurowane na chłodniejsze dni,Kolor,Brązowy,Rozmiar,37,,,,,,Merseloseweg 62-A,,,,,,,9999
damskie-kozaki-sznurowane-na-chlodniejsze-dni,Damskie kozaki sznurowane na chłodniejsze dni,Kolor,Brązowy,Rozmiar,38,,,,,,Merseloseweg 62-A,,,,,,,9999
damskie-kozaki-sznurowane-na-chlodniejsze-dni,Damskie kozaki sznurowane na chłodniejsze dni,Kolor,Brązowy,Rozmiar,39,,,,,,Merseloseweg 62-A,,,,,,,9999
damskie-kozaki-sznurowane-na-chlodniejsze-dni,Damskie kozaki sznurowane na chłodniejsze dni,Kolor,Brązowy,Rozmiar,40,,,,,,Merseloseweg 62-A,,,,,,,9999
damskie-kozaki-sznurowane-na-chlodniejsze-dni,Damskie kozaki sznurowane na chłodniejsze dni,Kolor,Brązowy,Rozmiar,41,,,,,,Merseloseweg 62-A,,,,,,,9999
damskie-kozaki-sznurowane-na-chlodniejsze-dni,Damskie kozaki sznurowane na chłodniejsze dni,Kolor,Brązowy,Rozmiar,42,,,,,,Merseloseweg 62-A,,,,,,,9999
damskie-kozaki-sznurowane-na-chlodniejsze-dni,Damskie kozaki sznurowane na chłodniejsze dni,Kolor,Fioletowy,Rozmiar,36,,,,,,Merseloseweg 62-A,,,,,,,9999
damskie-kozaki-sznurowane-na-chlodniejsze-dni,Damskie kozaki sznurowane na chłodniejsze dni,Kolor,Fioletowy,Rozmiar,37,,,,,,Merseloseweg 62-A,,,,,,,9999
damskie-kozaki-sznurowane-na-chlodniejsze-dni,Damskie kozaki sznurowane na chłodniejsze dni,Kolor,Fioletowy,Rozmiar,38,,,,,,Merseloseweg 62-A,,,,,,,9999
damskie-kozaki-sznurowane-na-chlodniejsze-dni,Damskie kozaki sznurowane na chłodniejsze dni,Kolor,Fioletowy,Rozmiar,39,,,,,,Merseloseweg 62-A,,,,,,,9999
damskie-kozaki-sznurowane-na-chlodniejsze-dni,Damskie kozaki sznurowane na chłodniejsze dni,Kolor,Fioletowy,Rozmiar,40,,,,,,Merseloseweg 62-A,,,,,,,9999
damskie-kozaki-sznurowane-na-chlodniejsze-dni,Damskie kozaki sznurowane na chłodniejsze dni,Kolor,Fioletowy,Rozmiar,41,,,,,,Merseloseweg 62-A,,,,,,,9999
damskie-kozaki-sznurowane-na-chlodniejsze-dni,Damskie kozaki sznurowane na chłodniejsze dni,Kolor,Fioletowy,Rozmiar,42,,,,,,Merseloseweg 62-A,,,,,,,9999
damskie-kozaki-sznurowane-na-chlodniejsze-dni,Damskie kozaki sznurowane na chłodniejsze dni,Kolor,Beżowy,Rozmiar,43,,,,,,Merseloseweg 62-A,,,,,,,9999
damskie-kozaki-sznurowane-na-chlodniejsze-dni,Damskie kozaki sznurowane na chłodniejsze dni,Kolor,Czarny,Rozmiar,43,,,,,,Merseloseweg 62-A,,,,,,,9999
damskie-kozaki-sznurowane-na-chlodniejsze-dni,Damskie kozaki sznurowane na chłodniejsze dni,Kolor,Brązowy,Rozmiar,43,,,,,,Merseloseweg 62-A,,,,,,,9999
damskie-kozaki-sznurowane-na-chlodniejsze-dni,Damskie kozaki sznurowane na chłodniejsze dni,Kolor,Fioletowy,Rozmiar,43,,,,,,Merseloseweg 62-A,,,,,,,9999
damskie-botki-na-chlodniejsze-dni,Damskie botki na chłodniejsze dni,Kolor,Beżowy,Rozmiar,36,,,,,,Merseloseweg 62-A,,,,,,,9999
damskie-botki-na-chlodniejsze-dni,Damskie botki na chłodniejsze dni,Kolor,Beżowy,Rozmiar,37,,,,,,Merseloseweg 62-A,,,,,,,9999
damskie-botki-na-chlodniejsze-dni,Damskie botki na chłodniejsze dni,Kolor,Beżowy,Rozmiar,38,,,,,,Merseloseweg 62-A,,,,,,,9999
damskie-botki-na-chlodniejsze-dni,Damskie botki na chłodniejsze dni,Kolor,Beżowy,Rozmiar,39,,,,,,Merseloseweg 62-A,,,,,,,9999
damskie-botki-na-chlodniejsze-dni,Damskie botki na chłodniejsze dni,Kolor,Beżowy,Rozmiar,40,,,,,,Merseloseweg 62-A,,,,,,,9999
damskie-botki-na-chlodniejsze-dni,Damskie botki na chłodniejsze dni,Kolor,Beżowy,Rozmiar,41,,,,,,Merseloseweg 62-A,,,,,,,9999
damskie-botki-na-chlodniejsze-dni,Damskie botki na chłodniejsze dni,Kolor,Beżowy,Rozmiar,42,,,,,,Merseloseweg 62-A,,,,,,,9999
damskie-botki-na-chlodniejsze-dni,Damskie botki na chłodniejsze dni,Kolor,Czarny,Rozmiar,36,,,,,,Merseloseweg 62-A,,,,,,,9999
damskie-botki-na-chlodniejsze-dni,Damskie botki na chłodniejsze dni,Kolor,Czarny,Rozmiar,37,,,,,,Merseloseweg 62-A,,,,,,,9999
damskie-botki-na-chlodniejsze-dni,Damskie botki na chłodniejsze dni,Kolor,Czarny,Rozmiar,38,,,,,,Merseloseweg 62-A,,,,,,,9999
damskie-botki-na-chlodniejsze-dni,Damskie botki na chłodniejsze dni,Kolor,Czarny,Rozmiar,39,,,,,,Merseloseweg 62-A,,,,,,,9999
damskie-botki-na-chlodniejsze-dni,Damskie botki na chłodniejsze dni,Kolor,Czarny,Rozmiar,40,,,,,,Merseloseweg 62-A,,,,,,,9999
damskie-botki-na-chlodniejsze-dni,Damskie botki na chłodniejsze dni,Kolor,Czarny,Rozmiar,41,,,,,,Merseloseweg 62-A,,,,,,,9999
damskie-botki-na-chlodniejsze-dni,Damskie botki na chłodniejsze dni,Kolor,Czarny,Rozmiar,42,,,,,,Merseloseweg 62-A,,,,,,,9999
damskie-botki-na-chlodniejsze-dni,Damskie botki na chłodniejsze dni,Kolor,Beżowy,Rozmiar,43,,,,,,Merseloseweg 62-A,,,,,,,9999
damskie-botki-na-chlodniejsze-dni,Damskie botki na chłodniejsze dni,Kolor,Czarny,Rozmiar,43,,,,,,Merseloseweg 62-A,,,,,,,9999
damskie-wsuwane-polbuty-na-co-dzien,Damskie wsuwane półbuty na co dzień,Kolor,Czarny,Rozmiar,36,,,,,,Merseloseweg 62-A,,,,,,,9999
damskie-wsuwane-polbuty-na-co-dzien,Damskie wsuwane półbuty na co dzień,Kolor,Czarny,Rozmiar,37,,,,,,Merseloseweg 62-A,,,,,,,9999
damskie-wsuwane-polbuty-na-co-dzien,Damskie wsuwane półbuty na co dzień,Kolor,Czarny,Rozmiar,38,,,,,,Merseloseweg 62-A,,,,,,,9999
damskie-wsuwane-polbuty-na-co-dzien,Damskie wsuwane półbuty na co dzień,Kolor,Czarny,Rozmiar,39,,,,,,Merseloseweg 62-A,,,,,,,9999
damskie-wsuwane-polbuty-na-co-dzien,Damskie wsuwane półbuty na co dzień,Kolor,Czarny,Rozmiar,40,,,,,,Merseloseweg 62-A,,,,,,,9999
damskie-wsuwane-polbuty-na-co-dzien,Damskie wsuwane półbuty na co dzień,Kolor,Czarny,Rozmiar,41,,,,,,Merseloseweg 62-A,,,,,,,9999
damskie-wsuwane-polbuty-na-co-dzien,Damskie wsuwane półbuty na co dzień,Kolor,Czarny,Rozmiar,42,,,,,,Merseloseweg 62-A,,,,,,,9999
damskie-wsuwane-polbuty-na-co-dzien,Damskie wsuwane półbuty na co dzień,Kolor,Szary,Rozmiar,36,,,,,,Merseloseweg 62-A,,,,,,,9999
damskie-wsuwane-polbuty-na-co-dzien,Damskie wsuwane półbuty na co dzień,Kolor,Szary,Rozmiar,37,,,,,,Merseloseweg 62-A,,,,,,,9999
damskie-wsuwane-polbuty-na-co-dzien,Damskie wsuwane półbuty na co dzień,Kolor,Szary,Rozmiar,38,,,,,,Merseloseweg 62-A,,,,,,,9999
damskie-wsuwane-polbuty-na-co-dzien,Damskie wsuwane półbuty na co dzień,Kolor,Szary,Rozmiar,39,,,,,,Merseloseweg 62-A,,,,,,,9999
damskie-wsuwane-polbuty-na-co-dzien,Damskie wsuwane półbuty na co dzień,Kolor,Szary,Rozmiar,40,,,,,,Merseloseweg 62-A,,,,,,,9999
damskie-wsuwane-polbuty-na-co-dzien,Damskie wsuwane półbuty na co dzień,Kolor,Szary,Rozmiar,41,,,,,,Merseloseweg 62-A,,,,,,,9999
damskie-wsuwane-polbuty-na-co-dzien,Damskie wsuwane półbuty na co dzień,Kolor,Szary,Rozmiar,42,,,,,,Merseloseweg 62-A,,,,,,,9999
damskie-wsuwane-polbuty-na-co-dzien,Damskie wsuwane półbuty na co dzień,Kolor,Niebieski,Rozmiar,36,,,,,,Merseloseweg 62-A,,,,,,,9999
damskie-wsuwane-polbuty-na-co-dzien,Damskie wsuwane półbuty na co dzień,Kolor,Niebieski,Rozmiar,37,,,,,,Merseloseweg 62-A,,,,,,,9999
damskie-wsuwane-polbuty-na-co-dzien,Damskie wsuwane półbuty na co dzień,Kolor,Niebieski,Rozmiar,38,,,,,,Merseloseweg 62-A,,,,,,,9999
damskie-wsuwane-polbuty-na-co-dzien,Damskie wsuwane półbuty na co dzień,Kolor,Niebieski,Rozmiar,39,,,,,,Merseloseweg 62-A,,,,,,,9999
damskie-wsuwane-polbuty-na-co-dzien,Damskie wsuwane półbuty na co dzień,Kolor,Niebieski,Rozmiar,40,,,,,,Merseloseweg 62-A,,,,,,,9999
damskie-wsuwane-polbuty-na-co-dzien,Damskie wsuwane półbuty na co dzień,Kolor,Niebieski,Rozmiar,41,,,,,,Merseloseweg 62-A,,,,,,,9999
damskie-wsuwane-polbuty-na-co-dzien,Damskie wsuwane półbuty na co dzień,Kolor,Niebieski,Rozmiar,42,,,,,,Merseloseweg 62-A,,,,,,,9999
damskie-wsuwane-polbuty-na-co-dzien,Damskie wsuwane półbuty na co dzień,Kolor,Czarny,Rozmiar,43,,,,,,Merseloseweg 62-A,,,,,,,9999
damskie-wsuwane-polbuty-na-co-dzien,Damskie wsuwane półbuty na co dzień,Kolor,Szary,Rozmiar,43,,,,,,Merseloseweg 62-A,,,,,,,9999
damskie-wsuwane-polbuty-na-co-dzien,Damskie wsuwane półbuty na co dzień,Kolor,Niebieski,Rozmiar,43,,,,,,Merseloseweg 62-A,,,,,,,9999
damskie-sneakersy-idealne-na-co-dzien,Damskie sneakersy idealne na co dzień,Kolor,Jasnoszary,Rozmiar,36,,,,,,Merseloseweg 62-A,,,,,,,9999
damskie-sneakersy-idealne-na-co-dzien,Damskie sneakersy idealne na co dzień,Kolor,Jasnoszary,Rozmiar,37,,,,,,Merseloseweg 62-A,,,,,,,9999
damskie-sneakersy-idealne-na-co-dzien,Damskie sneakersy idealne na co dzień,Kolor,Jasnoszary,Rozmiar,38,,,,,,Merseloseweg 62-A,,,,,,,9999
damskie-sneakersy-idealne-na-co-dzien,Damskie sneakersy idealne na co dzień,Kolor,Jasnoszary,Rozmiar,39,,,,,,Merseloseweg 62-A,,,,,,,9999
damskie-sneakersy-idealne-na-co-dzien,Damskie sneakersy idealne na co dzień,Kolor,Jasnoszary,Rozmiar,40,,,,,,Merseloseweg 62-A,,,,,,,9999
damskie-sneakersy-idealne-na-co-dzien,Damskie sneakersy idealne na co dzień,Kolor,Jasnoszary,Rozmiar,41,,,,,,Merseloseweg 62-A,,,,,,,9999
damskie-sneakersy-idealne-na-co-dzien,Damskie sneakersy idealne na co dzień,Kolor,Jasnoszary,Rozmiar,42,,,,,,Merseloseweg 62-A,,,,,,,9999
damskie-sneakersy-idealne-na-co-dzien,Damskie sneakersy idealne na co dzień,Kolor,Szary,Rozmiar,36,,,,,,Merseloseweg 62-A,,,,,,,9999
damskie-sneakersy-idealne-na-co-dzien,Damskie sneakersy idealne na co dzień,Kolor,Szary,Rozmiar,37,,,,,,Merseloseweg 62-A,,,,,,,9999
damskie-sneakersy-idealne-na-co-dzien,Damskie sneakersy idealne na co dzień,Kolor,Szary,Rozmiar,38,,,,,,Merseloseweg 62-A,,,,,,,9999
damskie-sneakersy-idealne-na-co-dzien,Damskie sneakersy idealne na co dzień,Kolor,Szary,Rozmiar,39,,,,,,Merseloseweg 62-A,,,,,,,9999
damskie-sneakersy-idealne-na-co-dzien,Damskie sneakersy idealne na co dzień,Kolor,Szary,Rozmiar,40,,,,,,Merseloseweg 62-A,,,,,,,9999
damskie-sneakersy-idealne-na-co-dzien,Damskie sneakersy idealne na co dzień,Kolor,Szary,Rozmiar,41,,,,,,Merseloseweg 62-A,,,,,,,9999
damskie-sneakersy-idealne-na-co-dzien,Damskie sneakersy idealne na co dzień,Kolor,Szary,Rozmiar,42,,,,,,Merseloseweg 62-A,,,,,,,9999
damskie-sneakersy-idealne-na-co-dzien,Damskie sneakersy idealne na co dzień,Kolor,Czarny,Rozmiar,36,,,,,,Merseloseweg 62-A,,,,,,,9999
damskie-sneakersy-idealne-na-co-dzien,Damskie sneakersy idealne na co dzień,Kolor,Czarny,Rozmiar,37,,,,,,Merseloseweg 62-A,,,,,,,9999
damskie-sneakersy-idealne-na-co-dzien,Damskie sneakersy idealne na co dzień,Kolor,Czarny,Rozmiar,38,,,,,,Merseloseweg 62-A,,,,,,,9999
damskie-sneakersy-idealne-na-co-dzien,Damskie sneakersy idealne na co dzień,Kolor,Czarny,Rozmiar,39,,,,,,Merseloseweg 62-A,,,,,,,9999
damskie-sneakersy-idealne-na-co-dzien,Damskie sneakersy idealne na co dzień,Kolor,Czarny,Rozmiar,40,,,,,,Merseloseweg 62-A,,,,,,,9999
damskie-sneakersy-idealne-na-co-dzien,Damskie sneakersy idealne na co dzień,Kolor,Czarny,Rozmiar,41,,,,,,Merseloseweg 62-A,,,,,,,9999
damskie-sneakersy-idealne-na-co-dzien,Damskie sneakersy idealne na co dzień,Kolor,Czarny,Rozmiar,42,,,,,,Merseloseweg 62-A,,,,,,,9999
damskie-sneakersy-idealne-na-co-dzien,Damskie sneakersy idealne na co dzień,Kolor,Czerwony,Rozmiar,36,,,,,,Merseloseweg 62-A,,,,,,,9999
damskie-sneakersy-idealne-na-co-dzien,Damskie sneakersy idealne na co dzień,Kolor,Czerwony,Rozmiar,37,,,,,,Merseloseweg 62-A,,,,,,,9999
damskie-sneakersy-idealne-na-co-dzien,Damskie sneakersy idealne na co dzień,Kolor,Czerwony,Rozmiar,38,,,,,,Merseloseweg 62-A,,,,,,,9999
damskie-sneakersy-idealne-na-co-dzien,Damskie sneakersy idealne na co dzień,Kolor,Czerwony,Rozmiar,39,,,,,,Merseloseweg 62-A,,,,,,,9999
damskie-sneakersy-idealne-na-co-dzien,Damskie sneakersy idealne na co dzień,Kolor,Czerwony,Rozmiar,40,,,,,,Merseloseweg 62-A,,,,,,,9999
damskie-sneakersy-idealne-na-co-dzien,Damskie sneakersy idealne na co dzień,Kolor,Czerwony,Rozmiar,41,,,,,,Merseloseweg 62-A,,,,,,,9999
damskie-sneakersy-idealne-na-co-dzien,Damskie sneakersy idealne na co dzień,Kolor,Czerwony,Rozmiar,42,,,,,,Merseloseweg 62-A,,,,,,,9999
damskie-sneakersy-idealne-na-co-dzien,Damskie sneakersy idealne na co dzień,Kolor,Granatowy,Rozmiar,36,,,,,,Merseloseweg 62-A,,,,,,,9999
damskie-sneakersy-idealne-na-co-dzien,Damskie sneakersy idealne na co dzień,Kolor,Granatowy,Rozmiar,37,,,,,,Merseloseweg 62-A,,,,,,,9999
damskie-sneakersy-idealne-na-co-dzien,Damskie sneakersy idealne na co dzień,Kolor,Granatowy,Rozmiar,38,,,,,,Merseloseweg 62-A,,,,,,,9999
damskie-sneakersy-idealne-na-co-dzien,Damskie sneakersy idealne na co dzień,Kolor,Granatowy,Rozmiar,39,,,,,,Merseloseweg 62-A,,,,,,,9999
damskie-sneakersy-idealne-na-co-dzien,Damskie sneakersy idealne na co dzień,Kolor,Granatowy,Rozmiar,40,,,,,,Merseloseweg 62-A,,,,,,,9999
damskie-sneakersy-idealne-na-co-dzien,Damskie sneakersy idealne na co dzień,Kolor,Granatowy,Rozmiar,41,,,,,,Merseloseweg 62-A,,,,,,,9999
damskie-sneakersy-idealne-na-co-dzien,Damskie sneakersy idealne na co dzień,Kolor,Granatowy,Rozmiar,42,,,,,,Merseloseweg 62-A,,,,,,,9999
damskie-sneakersy-idealne-na-co-dzien,Damskie sneakersy idealne na co dzień,Kolor,Jasnoszary,Rozmiar,43,,,,,,Merseloseweg 62-A,,,,,,,9999
damskie-sneakersy-idealne-na-co-dzien,Damskie sneakersy idealne na co dzień,Kolor,Szary,Rozmiar,43,,,,,,Merseloseweg 62-A,,,,,,,9999
damskie-sneakersy-idealne-na-co-dzien,Damskie sneakersy idealne na co dzień,Kolor,Czarny,Rozmiar,43,,,,,,Merseloseweg 62-A,,,,,,,9999
damskie-sneakersy-idealne-na-co-dzien,Damskie sneakersy idealne na co dzień,Kolor,Czerwony,Rozmiar,43,,,,,,Merseloseweg 62-A,,,,,,,9999
damskie-sneakersy-idealne-na-co-dzien,Damskie sneakersy idealne na co dzień,Kolor,Granatowy,Rozmiar,43,,,,,,Merseloseweg 62-A,,,,,,,9999
damskie-polbuty-sznurowane-na-co-dzien,Damskie półbuty sznurowane na co dzień,Kolor,Niebieski,Rozmiar,36,,,,,,Merseloseweg 62-A,,,,,,,9999
damskie-polbuty-sznurowane-na-co-dzien,Damskie półbuty sznurowane na co dzień,Kolor,Niebieski,Rozmiar,37,,,,,,Merseloseweg 62-A,,,,,,,9999
damskie-polbuty-sznurowane-na-co-dzien,Damskie półbuty sznurowane na co dzień,Kolor,Niebieski,Rozmiar,38,,,,,,Merseloseweg 62-A,,,,,,,9999
damskie-polbuty-sznurowane-na-co-dzien,Damskie półbuty sznurowane na co dzień,Kolor,Niebieski,Rozmiar,39,,,,,,Merseloseweg 62-A,,,,,,,9999
damskie-polbuty-sznurowane-na-co-dzien,Damskie półbuty sznurowane na co dzień,Kolor,Niebieski,Rozmiar,40,,,,,,Merseloseweg 62-A,,,,,,,9999
damskie-polbuty-sznurowane-na-co-dzien,Damskie półbuty sznurowane na co dzień,Kolor,Niebieski,Rozmiar,41,,,,,,Merseloseweg 62-A,,,,,,,9999
damskie-polbuty-sznurowane-na-co-dzien,Damskie półbuty sznurowane na co dzień,Kolor,Niebieski,Rozmiar,42,,,,,,Merseloseweg 62-A,,,,,,,9999
damskie-polbuty-sznurowane-na-co-dzien,Damskie półbuty sznurowane na co dzień,Kolor,Brązowy,Rozmiar,36,,,,,,Merseloseweg 62-A,,,,,,,9999
damskie-polbuty-sznurowane-na-co-dzien,Damskie półbuty sznurowane na co dzień,Kolor,Brązowy,Rozmiar,37,,,,,,Merseloseweg 62-A,,,,,,,9999
damskie-polbuty-sznurowane-na-co-dzien,Damskie półbuty sznurowane na co dzień,Kolor,Brązowy,Rozmiar,38,,,,,,Merseloseweg 62-A,,,,,,,9999
damskie-polbuty-sznurowane-na-co-dzien,Damskie półbuty sznurowane na co dzień,Kolor,Brązowy,Rozmiar,39,,,,,,Merseloseweg 62-A,,,,,,,9999
damskie-polbuty-sznurowane-na-co-dzien,Damskie półbuty sznurowane na co dzień,Kolor,Brązowy,Rozmiar,40,,,,,,Merseloseweg 62-A,,,,,,,9999
damskie-polbuty-sznurowane-na-co-dzien,Damskie półbuty sznurowane na co dzień,Kolor,Brązowy,Rozmiar,41,,,,,,Merseloseweg 62-A,,,,,,,9999
damskie-polbuty-sznurowane-na-co-dzien,Damskie półbuty sznurowane na co dzień,Kolor,Brązowy,Rozmiar,42,,,,,,Merseloseweg 62-A,,,,,,,9999
damskie-polbuty-sznurowane-na-co-dzien,Damskie półbuty sznurowane na co dzień,Kolor,Czarny,Rozmiar,36,,,,,,Merseloseweg 62-A,,,,,,,9999
damskie-polbuty-sznurowane-na-co-dzien,Damskie półbuty sznurowane na co dzień,Kolor,Czarny,Rozmiar,37,,,,,,Merseloseweg 62-A,,,,,,,9999
damskie-polbuty-sznurowane-na-co-dzien,Damskie półbuty sznurowane na co dzień,Kolor,Czarny,Rozmiar,38,,,,,,Merseloseweg 62-A,,,,,,,9999
damskie-polbuty-sznurowane-na-co-dzien,Damskie półbuty sznurowane na co dzień,Kolor,Czarny,Rozmiar,39,,,,,,Merseloseweg 62-A,,,,,,,9999
damskie-polbuty-sznurowane-na-co-dzien,Damskie półbuty sznurowane na co dzień,Kolor,Czarny,Rozmiar,40,,,,,,Merseloseweg 62-A,,,,,,,9999
damskie-polbuty-sznurowane-na-co-dzien,Damskie półbuty sznurowane na co dzień,Kolor,Czarny,Rozmiar,41,,,,,,Merseloseweg 62-A,,,,,,,9999
damskie-polbuty-sznurowane-na-co-dzien,Damskie półbuty sznurowane na co dzień,Kolor,Czarny,Rozmiar,42,,,,,,Merseloseweg 62-A,,,,,,,9999
damskie-polbuty-sznurowane-na-co-dzien,Damskie półbuty sznurowane na co dzień,Kolor,Jasnobrązowy,Rozmiar,36,,,,,,Merseloseweg 62-A,,,,,,,9999
damskie-polbuty-sznurowane-na-co-dzien,Damskie półbuty sznurowane na co dzień,Kolor,Jasnobrązowy,Rozmiar,37,,,,,,Merseloseweg 62-A,,,,,,,9999
damskie-polbuty-sznurowane-na-co-dzien,Damskie półbuty sznurowane na co dzień,Kolor,Jasnobrązowy,Rozmiar,38,,,,,,Merseloseweg 62-A,,,,,,,9999
damskie-polbuty-sznurowane-na-co-dzien,Damskie półbuty sznurowane na co dzień,Kolor,Jasnobrązowy,Rozmiar,39,,,,,,Merseloseweg 62-A,,,,,,,9999
damskie-polbuty-sznurowane-na-co-dzien,Damskie półbuty sznurowane na co dzień,Kolor,Jasnobrązowy,Rozmiar,40,,,,,,Merseloseweg 62-A,,,,,,,9999
damskie-polbuty-sznurowane-na-co-dzien,Damskie półbuty sznurowane na co dzień,Kolor,Jasnobrązowy,Rozmiar,41,,,,,,Merseloseweg 62-A,,,,,,,9999
damskie-polbuty-sznurowane-na-co-dzien,Damskie półbuty sznurowane na co dzień,Kolor,Jasnobrązowy,Rozmiar,42,,,,,,Merseloseweg 62-A,,,,,,,9999
damskie-polbuty-sznurowane-na-co-dzien,Damskie półbuty sznurowane na co dzień,Kolor,Niebieski,Rozmiar,43,,,,,,Merseloseweg 62-A,,,,,,,9999
damskie-polbuty-sznurowane-na-co-dzien,Damskie półbuty sznurowane na co dzień,Kolor,Brązowy,Rozmiar,43,,,,,,Merseloseweg 62-A,,,,,,,9999
damskie-polbuty-sznurowane-na-co-dzien,Damskie półbuty sznurowane na co dzień,Kolor,Czarny,Rozmiar,43,,,,,,Merseloseweg 62-A,,,,,,,9999
damskie-polbuty-sznurowane-na-co-dzien,Damskie półbuty sznurowane na co dzień,Kolor,Jasnobrązowy,Rozmiar,43,,,,,,Merseloseweg 62-A,,,,,,,9999
damskie-czolenka-na-eleganckie-okazje,Damskie czółenka na eleganckie okazje,Kolor,Czarny,Rozmiar,36,,,,,,Merseloseweg 62-A,,,,,,,9999
damskie-czolenka-na-eleganckie-okazje,Damskie czółenka na eleganckie okazje,Kolor,Czarny,Rozmiar,37,,,,,,Merseloseweg 62-A,,,,,,,9999
damskie-czolenka-na-eleganckie-okazje,Damskie czółenka na eleganckie okazje,Kolor,Czarny,Rozmiar,38,,,,,,Merseloseweg 62-A,,,,,,,9999
damskie-czolenka-na-eleganckie-okazje,Damskie czółenka na eleganckie okazje,Kolor,Czarny,Rozmiar,39,,,,,,Merseloseweg 62-A,,,,,,,9999
damskie-czolenka-na-eleganckie-okazje,Damskie czółenka na eleganckie okazje,Kolor,Czarny,Rozmiar,40,,,,,,Merseloseweg 62-A,,,,,,,9999
damskie-czolenka-na-eleganckie-okazje,Damskie czółenka na eleganckie okazje,Kolor,Czarny,Rozmiar,41,,,,,,Merseloseweg 62-A,,,,,,,9999
damskie-czolenka-na-eleganckie-okazje,Damskie czółenka na eleganckie okazje,Kolor,Czarny,Rozmiar,42,,,,,,Merseloseweg 62-A,,,,,,,9999
damskie-czolenka-na-eleganckie-okazje,Damskie czółenka na eleganckie okazje,Kolor,Zwierzęcy,Rozmiar,36,,,,,,Merseloseweg 62-A,,,,,,,9999
damskie-czolenka-na-eleganckie-okazje,Damskie czółenka na eleganckie okazje,Kolor,Zwierzęcy,Rozmiar,37,,,,,,Merseloseweg 62-A,,,,,,,9999
damskie-czolenka-na-eleganckie-okazje,Damskie czółenka na eleganckie okazje,Kolor,Zwierzęcy,Rozmiar,38,,,,,,Merseloseweg 62-A,,,,,,,9999
damskie-czolenka-na-eleganckie-okazje,Damskie czółenka na eleganckie okazje,Kolor,Zwierzęcy,Rozmiar,39,,,,,,Merseloseweg 62-A,,,,,,,9999
damskie-czolenka-na-eleganckie-okazje,Damskie czółenka na eleganckie okazje,Kolor,Zwierzęcy,Rozmiar,40,,,,,,Merseloseweg 62-A,,,,,,,9999
damskie-czolenka-na-eleganckie-okazje,Damskie czółenka na eleganckie okazje,Kolor,Zwierzęcy,Rozmiar,41,,,,,,Merseloseweg 62-A,,,,,,,9999
damskie-czolenka-na-eleganckie-okazje,Damskie czółenka na eleganckie okazje,Kolor,Zwierzęcy,Rozmiar,42,,,,,,Merseloseweg 62-A,,,,,,,9999
damskie-czolenka-na-eleganckie-okazje,Damskie czółenka na eleganckie okazje,Kolor,Beżowy,Rozmiar,36,,,,,,Merseloseweg 62-A,,,,,,,9999
damskie-czolenka-na-eleganckie-okazje,Damskie czółenka na eleganckie okazje,Kolor,Beżowy,Rozmiar,37,,,,,,Merseloseweg 62-A,,,,,,,9999
damskie-czolenka-na-eleganckie-okazje,Damskie czółenka na eleganckie okazje,Kolor,Beżowy,Rozmiar,38,,,,,,Merseloseweg 62-A,,,,,,,9999
damskie-czolenka-na-eleganckie-okazje,Damskie czółenka na eleganckie okazje,Kolor,Beżowy,Rozmiar,39,,,,,,Merseloseweg 62-A,,,,,,,9999
damskie-czolenka-na-eleganckie-okazje,Damskie czółenka na eleganckie okazje,Kolor,Beżowy,Rozmiar,40,,,,,,Merseloseweg 62-A,,,,,,,9999
damskie-czolenka-na-eleganckie-okazje,Damskie czółenka na eleganckie okazje,Kolor,Beżowy,Rozmiar,41,,,,,,Merseloseweg 62-A,,,,,,,9999
damskie-czolenka-na-eleganckie-okazje,Damskie czółenka na eleganckie okazje,Kolor,Beżowy,Rozmiar,42,,,,,,Merseloseweg 62-A,,,,,,,9999
damskie-czolenka-na-eleganckie-okazje,Damskie czółenka na eleganckie okazje,Kolor,Biały,Rozmiar,36,,,,,,Merseloseweg 62-A,,,,,,,9999
damskie-czolenka-na-eleganckie-okazje,Damskie czółenka na eleganckie okazje,Kolor,Biały,Rozmiar,37,,,,,,Merseloseweg 62-A,,,,,,,9999
damskie-czolenka-na-eleganckie-okazje,Damskie czółenka na eleganckie okazje,Kolor,Biały,Rozmiar,38,,,,,,Merseloseweg 62-A,,,,,,,9999
damskie-czolenka-na-eleganckie-okazje,Damskie czółenka na eleganckie okazje,Kolor,Biały,Rozmiar,39,,,,,,Merseloseweg 62-A,,,,,,,9999
damskie-czolenka-na-eleganckie-okazje,Damskie czółenka na eleganckie okazje,Kolor,Biały,Rozmiar,40,,,,,,Merseloseweg 62-A,,,,,,,9999
damskie-czolenka-na-eleganckie-okazje,Damskie czółenka na eleganckie okazje,Kolor,Biały,Rozmiar,41,,,,,,Merseloseweg 62-A,,,,,,,9999
damskie-czolenka-na-eleganckie-okazje,Damskie czółenka na eleganckie okazje,Kolor,Biały,Rozmiar,42,,,,,,Merseloseweg 62-A,,,,,,,9999
damskie-czolenka-na-eleganckie-okazje,Damskie czółenka na eleganckie okazje,Kolor,Czarny,Rozmiar,43,,,,,,Merseloseweg 62-A,,,,,,,9999
damskie-czolenka-na-eleganckie-okazje,Damskie czółenka na eleganckie okazje,Kolor,Zwierzęcy,Rozmiar,43,,,,,,Merseloseweg 62-A,,,,,,,9999
damskie-czolenka-na-eleganckie-okazje,Damskie czółenka na eleganckie okazje,Kolor,Beżowy,Rozmiar,43,,,,,,Merseloseweg 62-A,,,,,,,9999
damskie-czolenka-na-eleganckie-okazje,Damskie czółenka na eleganckie okazje,Kolor,Biały,Rozmiar,43,,,,,,Merseloseweg 62-A,,,,,,,9999
damskie-sneakersy-na-codzienne-wyjscia,Damskie sneakersy na codzienne wyjścia,Kolor,Szary,Rozmiar,36,,,,,,Merseloseweg 62-A,,,,,,,9999
damskie-sneakersy-na-codzienne-wyjscia,Damskie sneakersy na codzienne wyjścia,Kolor,Szary,Rozmiar,37,,,,,,Merseloseweg 62-A,,,,,,,9999
damskie-sneakersy-na-codzienne-wyjscia,Damskie sneakersy na codzienne wyjścia,Kolor,Szary,Rozmiar,38,,,,,,Merseloseweg 62-A,,,,,,,9999
damskie-sneakersy-na-codzienne-wyjscia,Damskie sneakersy na codzienne wyjścia,Kolor,Szary,Rozmiar,39,,,,,,Merseloseweg 62-A,,,,,,,9999
damskie-sneakersy-na-codzienne-wyjscia,Damskie sneakersy na codzienne wyjścia,Kolor,Szary,Rozmiar,40,,,,,,Merseloseweg 62-A,,,,,,,9999
damskie-sneakersy-na-codzienne-wyjscia,Damskie sneakersy na codzienne wyjścia,Kolor,Szary,Rozmiar,41,,,,,,Merseloseweg 62-A,,,,,,,9999
damskie-sneakersy-na-codzienne-wyjscia,Damskie sneakersy na codzienne wyjścia,Kolor,Szary,Rozmiar,42,,,,,,Merseloseweg 62-A,,,,,,,9999
damskie-sneakersy-na-codzienne-wyjscia,Damskie sneakersy na codzienne wyjścia,Kolor,Beżowy,Rozmiar,36,,,,,,Merseloseweg 62-A,,,,,,,9999
damskie-sneakersy-na-codzienne-wyjscia,Damskie sneakersy na codzienne wyjścia,Kolor,Beżowy,Rozmiar,37,,,,,,Merseloseweg 62-A,,,,,,,9999
damskie-sneakersy-na-codzienne-wyjscia,Damskie sneakersy na codzienne wyjścia,Kolor,Beżowy,Rozmiar,38,,,,,,Merseloseweg 62-A,,,,,,,9999
damskie-sneakersy-na-codzienne-wyjscia,Damskie sneakersy na codzienne wyjścia,Kolor,Beżowy,Rozmiar,39,,,,,,Merseloseweg 62-A,,,,,,,9999
damskie-sneakersy-na-codzienne-wyjscia,Damskie sneakersy na codzienne wyjścia,Kolor,Beżowy,Rozmiar,40,,,,,,Merseloseweg 62-A,,,,,,,9999
damskie-sneakersy-na-codzienne-wyjscia,Damskie sneakersy na codzienne wyjścia,Kolor,Beżowy,Rozmiar,41,,,,,,Merseloseweg 62-A,,,,,,,9999
damskie-sneakersy-na-codzienne-wyjscia,Damskie sneakersy na codzienne wyjścia,Kolor,Beżowy,Rozmiar,42,,,,,,Merseloseweg 62-A,,,,,,,9999
damskie-sneakersy-na-codzienne-wyjscia,Damskie sneakersy na codzienne wyjścia,Kolor,Zielony,Rozmiar,36,,,,,,Merseloseweg 62-A,,,,,,,9999
damskie-sneakersy-na-codzienne-wyjscia,Damskie sneakersy na codzienne wyjścia,Kolor,Zielony,Rozmiar,37,,,,,,Merseloseweg 62-A,,,,,,,9999
damskie-sneakersy-na-codzienne-wyjscia,Damskie sneakersy na codzienne wyjścia,Kolor,Zielony,Rozmiar,38,,,,,,Merseloseweg 62-A,,,,,,,9999
damskie-sneakersy-na-codzienne-wyjscia,Damskie sneakersy na codzienne wyjścia,Kolor,Zielony,Rozmiar,39,,,,,,Merseloseweg 62-A,,,,,,,9999
damskie-sneakersy-na-codzienne-wyjscia,Damskie sneakersy na codzienne wyjścia,Kolor,Zielony,Rozmiar,40,,,,,,Merseloseweg 62-A,,,,,,,9999
damskie-sneakersy-na-codzienne-wyjscia,Damskie sneakersy na codzienne wyjścia,Kolor,Zielony,Rozmiar,41,,,,,,Merseloseweg 62-A,,,,,,,9999
damskie-sneakersy-na-codzienne-wyjscia,Damskie sneakersy na codzienne wyjścia,Kolor,Zielony,Rozmiar,42,,,,,,Merseloseweg 62-A,,,,,,,9999
damskie-sneakersy-na-codzienne-wyjscia,Damskie sneakersy na codzienne wyjścia,Kolor,Szary,Rozmiar,43,,,,,,Merseloseweg 62-A,,,,,,,9999
damskie-sneakersy-na-codzienne-wyjscia,Damskie sneakersy na codzienne wyjścia,Kolor,Beżowy,Rozmiar,43,,,,,,Merseloseweg 62-A,,,,,,,9999
damskie-sneakersy-na-codzienne-wyjscia,Damskie sneakersy na codzienne wyjścia,Kolor,Zielony,Rozmiar,43,,,,,,Merseloseweg 62-A,,,,,,,9999
damskie-sneakersy-do-codziennych-zestawow,Damskie sneakersy do codziennych zestawów,Kolor,Beżowy,Rozmiar,36,,,,,,Merseloseweg 62-A,,,,,,,9999
damskie-sneakersy-do-codziennych-zestawow,Damskie sneakersy do codziennych zestawów,Kolor,Beżowy,Rozmiar,37,,,,,,Merseloseweg 62-A,,,,,,,9999
damskie-sneakersy-do-codziennych-zestawow,Damskie sneakersy do codziennych zestawów,Kolor,Beżowy,Rozmiar,38,,,,,,Merseloseweg 62-A,,,,,,,9999
damskie-sneakersy-do-codziennych-zestawow,Damskie sneakersy do codziennych zestawów,Kolor,Beżowy,Rozmiar,39,,,,,,Merseloseweg 62-A,,,,,,,9999
damskie-sneakersy-do-codziennych-zestawow,Damskie sneakersy do codziennych zestawów,Kolor,Beżowy,Rozmiar,40,,,,,,Merseloseweg 62-A,,,,,,,9999
damskie-sneakersy-do-codziennych-zestawow,Damskie sneakersy do codziennych zestawów,Kolor,Beżowy,Rozmiar,41,,,,,,Merseloseweg 62-A,,,,,,,9999
damskie-sneakersy-do-codziennych-zestawow,Damskie sneakersy do codziennych zestawów,Kolor,Beżowy,Rozmiar,42,,,,,,Merseloseweg 62-A,,,,,,,9999
damskie-sneakersy-do-codziennych-zestawow,Damskie sneakersy do codziennych zestawów,Kolor,Brązowy,Rozmiar,36,,,,,,Merseloseweg 62-A,,,,,,,9999
damskie-sneakersy-do-codziennych-zestawow,Damskie sneakersy do codziennych zestawów,Kolor,Brązowy,Rozmiar,37,,,,,,Merseloseweg 62-A,,,,,,,9999
damskie-sneakersy-do-codziennych-zestawow,Damskie sneakersy do codziennych zestawów,Kolor,Brązowy,Rozmiar,38,,,,,,Merseloseweg 62-A,,,,,,,9999
damskie-sneakersy-do-codziennych-zestawow,Damskie sneakersy do codziennych zestawów,Kolor,Brązowy,Rozmiar,39,,,,,,Merseloseweg 62-A,,,,,,,9999
damskie-sneakersy-do-codziennych-zestawow,Damskie sneakersy do codziennych zestawów,Kolor,Brązowy,Rozmiar,40,,,,,,Merseloseweg 62-A,,,,,,,9999
damskie-sneakersy-do-codziennych-zestawow,Damskie sneakersy do codziennych zestawów,Kolor,Brązowy,Rozmiar,41,,,,,,Merseloseweg 62-A,,,,,,,9999
damskie-sneakersy-do-codziennych-zestawow,Damskie sneakersy do codziennych zestawów,Kolor,Brązowy,Rozmiar,42,,,,,,Merseloseweg 62-A,,,,,,,9999
damskie-sneakersy-do-codziennych-zestawow,Damskie sneakersy do codziennych zestawów,Kolor,Granatowy,Rozmiar,36,,,,,,Merseloseweg 62-A,,,,,,,9999
damskie-sneakersy-do-codziennych-zestawow,Damskie sneakersy do codziennych zestawów,Kolor,Granatowy,Rozmiar,37,,,,,,Merseloseweg 62-A,,,,,,,9999
damskie-sneakersy-do-codziennych-zestawow,Damskie sneakersy do codziennych zestawów,Kolor,Granatowy,Rozmiar,38,,,,,,Merseloseweg 62-A,,,,,,,9999
damskie-sneakersy-do-codziennych-zestawow,Damskie sneakersy do codziennych zestawów,Kolor,Granatowy,Rozmiar,39,,,,,,Merseloseweg 62-A,,,,,,,9999
damskie-sneakersy-do-codziennych-zestawow,Damskie sneakersy do codziennych zestawów,Kolor,Granatowy,Rozmiar,40,,,,,,Merseloseweg 62-A,,,,,,,9999
damskie-sneakersy-do-codziennych-zestawow,Damskie sneakersy do codziennych zestawów,Kolor,Granatowy,Rozmiar,41,,,,,,Merseloseweg 62-A,,,,,,,9999
damskie-sneakersy-do-codziennych-zestawow,Damskie sneakersy do codziennych zestawów,Kolor,Granatowy,Rozmiar,42,,,,,,Merseloseweg 62-A,,,,,,,9999
damskie-sneakersy-do-codziennych-zestawow,Damskie sneakersy do codziennych zestawów,Kolor,Niebieski,Rozmiar,36,,,,,,Merseloseweg 62-A,,,,,,,9999
damskie-sneakersy-do-codziennych-zestawow,Damskie sneakersy do codziennych zestawów,Kolor,Niebieski,Rozmiar,37,,,,,,Merseloseweg 62-A,,,,,,,9999
damskie-sneakersy-do-codziennych-zestawow,Damskie sneakersy do codziennych zestawów,Kolor,Niebieski,Rozmiar,38,,,,,,Merseloseweg 62-A,,,,,,,9999
damskie-sneakersy-do-codziennych-zestawow,Damskie sneakersy do codziennych zestawów,Kolor,Niebieski,Rozmiar,39,,,,,,Merseloseweg 62-A,,,,,,,9999
damskie-sneakersy-do-codziennych-zestawow,Damskie sneakersy do codziennych zestawów,Kolor,Niebieski,Rozmiar,40,,,,,,Merseloseweg 62-A,,,,,,,9999
damskie-sneakersy-do-codziennych-zestawow,Damskie sneakersy do codziennych zestawów,Kolor,Niebieski,Rozmiar,41,,,,,,Merseloseweg 62-A,,,,,,,9999
damskie-sneakersy-do-codziennych-zestawow,Damskie sneakersy do codziennych zestawów,Kolor,Niebieski,Rozmiar,42,,,,,,Merseloseweg 62-A,,,,,,,9999
damskie-sneakersy-do-codziennych-zestawow,Damskie sneakersy do codziennych zestawów,Kolor,Zielony,Rozmiar,36,,,,,,Merseloseweg 62-A,,,,,,,9999
damskie-sneakersy-do-codziennych-zestawow,Damskie sneakersy do codziennych zestawów,Kolor,Zielony,Rozmiar,37,,,,,,Merseloseweg 62-A,,,,,,,9999
damskie-sneakersy-do-codziennych-zestawow,Damskie sneakersy do codziennych zestawów,Kolor,Zielony,Rozmiar,38,,,,,,Merseloseweg 62-A,,,,,,,9999
damskie-sneakersy-do-codziennych-zestawow,Damskie sneakersy do codziennych zestawów,Kolor,Zielony,Rozmiar,39,,,,,,Merseloseweg 62-A,,,,,,,9999
damskie-sneakersy-do-codziennych-zestawow,Damskie sneakersy do codziennych zestawów,Kolor,Zielony,Rozmiar,40,,,,,,Merseloseweg 62-A,,,,,,,9999
damskie-sneakersy-do-codziennych-zestawow,Damskie sneakersy do codziennych zestawów,Kolor,Zielony,Rozmiar,41,,,,,,Merseloseweg 62-A,,,,,,,9999
damskie-sneakersy-do-codziennych-zestawow,Damskie sneakersy do codziennych zestawów,Kolor,Zielony,Rozmiar,42,,,,,,Merseloseweg 62-A,,,,,,,9999
damskie-sneakersy-do-codziennych-zestawow,Damskie sneakersy do codziennych zestawów,Kolor,Czarny,Rozmiar,36,,,,,,Merseloseweg 62-A,,,,,,,9999
damskie-sneakersy-do-codziennych-zestawow,Damskie sneakersy do codziennych zestawów,Kolor,Czarny,Rozmiar,37,,,,,,Merseloseweg 62-A,,,,,,,9999
damskie-sneakersy-do-codziennych-zestawow,Damskie sneakersy do codziennych zestawów,Kolor,Czarny,Rozmiar,38,,,,,,Merseloseweg 62-A,,,,,,,9999
damskie-sneakersy-do-codziennych-zestawow,Damskie sneakersy do codziennych zestawów,Kolor,Czarny,Rozmiar,39,,,,,,Merseloseweg 62-A,,,,,,,9999
damskie-sneakersy-do-codziennych-zestawow,Damskie sneakersy do codziennych zestawów,Kolor,Czarny,Rozmiar,40,,,,,,Merseloseweg 62-A,,,,,,,9999
damskie-sneakersy-do-codziennych-zestawow,Damskie sneakersy do codziennych zestawów,Kolor,Czarny,Rozmiar,41,,,,,,Merseloseweg 62-A,,,,,,,9999
damskie-sneakersy-do-codziennych-zestawow,Damskie sneakersy do codziennych zestawów,Kolor,Czarny,Rozmiar,42,,,,,,Merseloseweg 62-A,,,,,,,9999
damskie-sneakersy-do-codziennych-zestawow,Damskie sneakersy do codziennych zestawów,Kolor,Beżowy,Rozmiar,43,,,,,,Merseloseweg 62-A,,,,,,,9999
damskie-sneakersy-do-codziennych-zestawow,Damskie sneakersy do codziennych zestawów,Kolor,Brązowy,Rozmiar,43,,,,,,Merseloseweg 62-A,,,,,,,9999
damskie-sneakersy-do-codziennych-zestawow,Damskie sneakersy do codziennych zestawów,Kolor,Granatowy,Rozmiar,43,,,,,,Merseloseweg 62-A,,,,,,,9999
damskie-sneakersy-do-codziennych-zestawow,Damskie sneakersy do codziennych zestawów,Kolor,Niebieski,Rozmiar,43,,,,,,Merseloseweg 62-A,,,,,,,9999
damskie-sneakersy-do-codziennych-zestawow,Damskie sneakersy do codziennych zestawów,Kolor,Zielony,Rozmiar,43,,,,,,Merseloseweg 62-A,,,,,,,9999
damskie-sneakersy-do-codziennych-zestawow,Damskie sneakersy do codziennych zestawów,Kolor,Czarny,Rozmiar,43,,,,,,Merseloseweg 62-A,,,,,,,9999
damskie-kozaki-kowbojskie-na-jesienne-i-zimowe-dni,Damskie kozaki kowbojskie na jesienne i zimowe dni,Kolor,Brązowy,Rozmiar,36,,,,,,Merseloseweg 62-A,,,,,,,9999
damskie-kozaki-kowbojskie-na-jesienne-i-zimowe-dni,Damskie kozaki kowbojskie na jesienne i zimowe dni,Kolor,Brązowy,Rozmiar,37,,,,,,Merseloseweg 62-A,,,,,,,9999
damskie-kozaki-kowbojskie-na-jesienne-i-zimowe-dni,Damskie kozaki kowbojskie na jesienne i zimowe dni,Kolor,Brązowy,Rozmiar,38,,,,,,Merseloseweg 62-A,,,,,,,9999
damskie-kozaki-kowbojskie-na-jesienne-i-zimowe-dni,Damskie kozaki kowbojskie na jesienne i zimowe dni,Kolor,Brązowy,Rozmiar,39,,,,,,Merseloseweg 62-A,,,,,,,9999
damskie-kozaki-kowbojskie-na-jesienne-i-zimowe-dni,Damskie kozaki kowbojskie na jesienne i zimowe dni,Kolor,Brązowy,Rozmiar,40,,,,,,Merseloseweg 62-A,,,,,,,9999
damskie-kozaki-kowbojskie-na-jesienne-i-zimowe-dni,Damskie kozaki kowbojskie na jesienne i zimowe dni,Kolor,Brązowy,Rozmiar,41,,,,,,Merseloseweg 62-A,,,,,,,9999
damskie-kozaki-kowbojskie-na-jesienne-i-zimowe-dni,Damskie kozaki kowbojskie na jesienne i zimowe dni,Kolor,Brązowy,Rozmiar,42,,,,,,Merseloseweg 62-A,,,,,,,9999
damskie-kozaki-kowbojskie-na-jesienne-i-zimowe-dni,Damskie kozaki kowbojskie na jesienne i zimowe dni,Kolor,Biały,Rozmiar,36,,,,,,Merseloseweg 62-A,,,,,,,9999
damskie-kozaki-kowbojskie-na-jesienne-i-zimowe-dni,Damskie kozaki kowbojskie na jesienne i zimowe dni,Kolor,Biały,Rozmiar,37,,,,,,Merseloseweg 62-A,,,,,,,9999
damskie-kozaki-kowbojskie-na-jesienne-i-zimowe-dni,Damskie kozaki kowbojskie na jesienne i zimowe dni,Kolor,Biały,Rozmiar,38,,,,,,Merseloseweg 62-A,,,,,,,9999
damskie-kozaki-kowbojskie-na-jesienne-i-zimowe-dni,Damskie kozaki kowbojskie na jesienne i zimowe dni,Kolor,Biały,Rozmiar,39,,,,,,Merseloseweg 62-A,,,,,,,9999
damskie-kozaki-kowbojskie-na-jesienne-i-zimowe-dni,Damskie kozaki kowbojskie na jesienne i zimowe dni,Kolor,Biały,Rozmiar,40,,,,,,Merseloseweg 62-A,,,,,,,9999
damskie-kozaki-kowbojskie-na-jesienne-i-zimowe-dni,Damskie kozaki kowbojskie na jesienne i zimowe dni,Kolor,Biały,Rozmiar,41,,,,,,Merseloseweg 62-A,,,,,,,9999
damskie-kozaki-kowbojskie-na-jesienne-i-zimowe-dni,Damskie kozaki kowbojskie na jesienne i zimowe dni,Kolor,Biały,Rozmiar,42,,,,,,Merseloseweg 62-A,,,,,,,9999
damskie-kozaki-kowbojskie-na-jesienne-i-zimowe-dni,Damskie kozaki kowbojskie na jesienne i zimowe dni,Kolor,Brązowy,Rozmiar,43,,,,,,Merseloseweg 62-A,,,,,,,9999
damskie-kozaki-kowbojskie-na-jesienne-i-zimowe-dni,Damskie kozaki kowbojskie na jesienne i zimowe dni,Kolor,Biały,Rozmiar,43,,,,,,Merseloseweg 62-A,,,,,,,9999
damskie-sneakersy-sportowe-na-codzienne-spacery-i-wyjscia,Damskie sneakersy sportowe na codzienne spacery i wyjścia,Kolor,Czarny,Rozmiar,36,,,,,,Merseloseweg 62-A,,,,,,,9999
damskie-sneakersy-sportowe-na-codzienne-spacery-i-wyjscia,Damskie sneakersy sportowe na codzienne spacery i wyjścia,Kolor,Czarny,Rozmiar,37,,,,,,Merseloseweg 62-A,,,,,,,9999
damskie-sneakersy-sportowe-na-codzienne-spacery-i-wyjscia,Damskie sneakersy sportowe na codzienne spacery i wyjścia,Kolor,Czarny,Rozmiar,38,,,,,,Merseloseweg 62-A,,,,,,,9999
damskie-sneakersy-sportowe-na-codzienne-spacery-i-wyjscia,Damskie sneakersy sportowe na codzienne spacery i wyjścia,Kolor,Czarny,Rozmiar,39,,,,,,Merseloseweg 62-A,,,,,,,9999
damskie-sneakersy-sportowe-na-codzienne-spacery-i-wyjscia,Damskie sneakersy sportowe na codzienne spacery i wyjścia,Kolor,Czarny,Rozmiar,40,,,,,,Merseloseweg 62-A,,,,,,,9999
damskie-sneakersy-sportowe-na-codzienne-spacery-i-wyjscia,Damskie sneakersy sportowe na codzienne spacery i wyjścia,Kolor,Czarny,Rozmiar,41,,,,,,Merseloseweg 62-A,,,,,,,9999
damskie-sneakersy-sportowe-na-codzienne-spacery-i-wyjscia,Damskie sneakersy sportowe na codzienne spacery i wyjścia,Kolor,Czarny,Rozmiar,42,,,,,,Merseloseweg 62-A,,,,,,,9999
damskie-sneakersy-sportowe-na-codzienne-spacery-i-wyjscia,Damskie sneakersy sportowe na codzienne spacery i wyjścia,Kolor,Niebieski,Rozmiar,36,,,,,,Merseloseweg 62-A,,,,,,,9999
damskie-sneakersy-sportowe-na-codzienne-spacery-i-wyjscia,Damskie sneakersy sportowe na codzienne spacery i wyjścia,Kolor,Niebieski,Rozmiar,37,,,,,,Merseloseweg 62-A,,,,,,,9999
damskie-sneakersy-sportowe-na-codzienne-spacery-i-wyjscia,Damskie sneakersy sportowe na codzienne spacery i wyjścia,Kolor,Niebieski,Rozmiar,38,,,,,,Merseloseweg 62-A,,,,,,,9999
damskie-sneakersy-sportowe-na-codzienne-spacery-i-wyjscia,Damskie sneakersy sportowe na codzienne spacery i wyjścia,Kolor,Niebieski,Rozmiar,39,,,,,,Merseloseweg 62-A,,,,,,,9999
damskie-sneakersy-sportowe-na-codzienne-spacery-i-wyjscia,Damskie sneakersy sportowe na codzienne spacery i wyjścia,Kolor,Niebieski,Rozmiar,40,,,,,,Merseloseweg 62-A,,,,,,,9999
damskie-sneakersy-sportowe-na-codzienne-spacery-i-wyjscia,Damskie sneakersy sportowe na codzienne spacery i wyjścia,Kolor,Niebieski,Rozmiar,41,,,,,,Merseloseweg 62-A,,,,,,,9999
damskie-sneakersy-sportowe-na-codzienne-spacery-i-wyjscia,Damskie sneakersy sportowe na codzienne spacery i wyjścia,Kolor,Niebieski,Rozmiar,42,,,,,,Merseloseweg 62-A,,,,,,,9999
damskie-sneakersy-sportowe-na-codzienne-spacery-i-wyjscia,Damskie sneakersy sportowe na codzienne spacery i wyjścia,Kolor,Szary,Rozmiar,36,,,,,,Merseloseweg 62-A,,,,,,,9999
damskie-sneakersy-sportowe-na-codzienne-spacery-i-wyjscia,Damskie sneakersy sportowe na codzienne spacery i wyjścia,Kolor,Szary,Rozmiar,37,,,,,,Merseloseweg 62-A,,,,,,,9999
damskie-sneakersy-sportowe-na-codzienne-spacery-i-wyjscia,Damskie sneakersy sportowe na codzienne spacery i wyjścia,Kolor,Szary,Rozmiar,38,,,,,,Merseloseweg 62-A,,,,,,,9999
damskie-sneakersy-sportowe-na-codzienne-spacery-i-wyjscia,Damskie sneakersy sportowe na codzienne spacery i wyjścia,Kolor,Szary,Rozmiar,39,,,,,,Merseloseweg 62-A,,,,,,,9999
damskie-sneakersy-sportowe-na-codzienne-spacery-i-wyjscia,Damskie sneakersy sportowe na codzienne spacery i wyjścia,Kolor,Szary,Rozmiar,40,,,,,,Merseloseweg 62-A,,,,,,,9999
damskie-sneakersy-sportowe-na-codzienne-spacery-i-wyjscia,Damskie sneakersy sportowe na codzienne spacery i wyjścia,Kolor,Szary,Rozmiar,41,,,,,,Merseloseweg 62-A,,,,,,,9999
damskie-sneakersy-sportowe-na-codzienne-spacery-i-wyjscia,Damskie sneakersy sportowe na codzienne spacery i wyjścia,Kolor,Szary,Rozmiar,42,,,,,,Merseloseweg 62-A,,,,,,,9999
damskie-sneakersy-sportowe-na-codzienne-spacery-i-wyjscia,Damskie sneakersy sportowe na codzienne spacery i wyjścia,Kolor,Beżowy,Rozmiar,36,,,,,,Merseloseweg 62-A,,,,,,,9999
damskie-sneakersy-sportowe-na-codzienne-spacery-i-wyjscia,Damskie sneakersy sportowe na codzienne spacery i wyjścia,Kolor,Beżowy,Rozmiar,37,,,,,,Merseloseweg 62-A,,,,,,,9999
damskie-sneakersy-sportowe-na-codzienne-spacery-i-wyjscia,Damskie sneakersy sportowe na codzienne spacery i wyjścia,Kolor,Beżowy,Rozmiar,38,,,,,,Merseloseweg 62-A,,,,,,,9999
damskie-sneakersy-sportowe-na-codzienne-spacery-i-wyjscia,Damskie sneakersy sportowe na codzienne spacery i wyjścia,Kolor,Beżowy,Rozmiar,39,,,,,,Merseloseweg 62-A,,,,,,,9999
damskie-sneakersy-sportowe-na-codzienne-spacery-i-wyjscia,Damskie sneakersy sportowe na codzienne spacery i wyjścia,Kolor,Beżowy,Rozmiar,40,,,,,,Merseloseweg 62-A,,,,,,,9999
damskie-sneakersy-sportowe-na-codzienne-spacery-i-wyjscia,Damskie sneakersy sportowe na codzienne spacery i wyjścia,Kolor,Beżowy,Rozmiar,41,,,,,,Merseloseweg 62-A,,,,,,,9999
damskie-sneakersy-sportowe-na-codzienne-spacery-i-wyjscia,Damskie sneakersy sportowe na codzienne spacery i wyjścia,Kolor,Beżowy,Rozmiar,42,,,,,,Merseloseweg 62-A,,,,,,,9999
damskie-sneakersy-sportowe-na-codzienne-spacery-i-wyjscia,Damskie sneakersy sportowe na codzienne spacery i wyjścia,Kolor,Czarny,Rozmiar,43,,,,,,Merseloseweg 62-A,,,,,,,9999
damskie-sneakersy-sportowe-na-codzienne-spacery-i-wyjscia,Damskie sneakersy sportowe na codzienne spacery i wyjścia,Kolor,Niebieski,Rozmiar,43,,,,,,Merseloseweg 62-A,,,,,,,9999
damskie-sneakersy-sportowe-na-codzienne-spacery-i-wyjscia,Damskie sneakersy sportowe na codzienne spacery i wyjścia,Kolor,Szary,Rozmiar,43,,,,,,Merseloseweg 62-A,,,,,,,9999
damskie-sneakersy-sportowe-na-codzienne-spacery-i-wyjscia,Damskie sneakersy sportowe na codzienne spacery i wyjścia,Kolor,Beżowy,Rozmiar,43,,,,,,Merseloseweg 62-A,,,,,,,9999
damskie-ortopedyczne-loafersy-lekkie-codzienne-wygody,Damskie mokasyny z ozdobną klamrą na wiosenne wyjścia,Kolor,Beżowy,Rozmiar,36,,,,,,Merseloseweg 62-A,,,,,,,9999
damskie-ortopedyczne-loafersy-lekkie-codzienne-wygody,Damskie mokasyny z ozdobną klamrą na wiosenne wyjścia,Kolor,Beżowy,Rozmiar,37,,,,,,Merseloseweg 62-A,,,,,,,9999
damskie-ortopedyczne-loafersy-lekkie-codzienne-wygody,Damskie mokasyny z ozdobną klamrą na wiosenne wyjścia,Kolor,Beżowy,Rozmiar,38,,,,,,Merseloseweg 62-A,,,,,,,9999
damskie-ortopedyczne-loafersy-lekkie-codzienne-wygody,Damskie mokasyny z ozdobną klamrą na wiosenne wyjścia,Kolor,Beżowy,Rozmiar,39,,,,,,Merseloseweg 62-A,,,,,,,9999
damskie-ortopedyczne-loafersy-lekkie-codzienne-wygody,Damskie mokasyny z ozdobną klamrą na wiosenne wyjścia,Kolor,Beżowy,Rozmiar,40,,,,,,Merseloseweg 62-A,,,,,,,9999
damskie-ortopedyczne-loafersy-lekkie-codzienne-wygody,Damskie mokasyny z ozdobną klamrą na wiosenne wyjścia,Kolor,Beżowy,Rozmiar,41,,,,,,Merseloseweg 62-A,,,,,,,9999
damskie-ortopedyczne-loafersy-lekkie-codzienne-wygody,Damskie mokasyny z ozdobną klamrą na wiosenne wyjścia,Kolor,Beżowy,Rozmiar,42,,,,,,Merseloseweg 62-A,,,,,,,9999
damskie-ortopedyczne-loafersy-lekkie-codzienne-wygody,Damskie mokasyny z ozdobną klamrą na wiosenne wyjścia,Kolor,Niebieski,Rozmiar,36,,,,,,Merseloseweg 62-A,,,,,,,9999
damskie-ortopedyczne-loafersy-lekkie-codzienne-wygody,Damskie mokasyny z ozdobną klamrą na wiosenne wyjścia,Kolor,Niebieski,Rozmiar,37,,,,,,Merseloseweg 62-A,,,,,,,9999
damskie-ortopedyczne-loafersy-lekkie-codzienne-wygody,Damskie mokasyny z ozdobną klamrą na wiosenne wyjścia,Kolor,Niebieski,Rozmiar,38,,,,,,Merseloseweg 62-A,,,,,,,9999
damskie-ortopedyczne-loafersy-lekkie-codzienne-wygody,Damskie mokasyny z ozdobną klamrą na wiosenne wyjścia,Kolor,Niebieski,Rozmiar,39,,,,,,Merseloseweg 62-A,,,,,,,9999
damskie-ortopedyczne-loafersy-lekkie-codzienne-wygody,Damskie mokasyny z ozdobną klamrą na wiosenne wyjścia,Kolor,Niebieski,Rozmiar,40,,,,,,Merseloseweg 62-A,,,,,,,9999
damskie-ortopedyczne-loafersy-lekkie-codzienne-wygody,Damskie mokasyny z ozdobną klamrą na wiosenne wyjścia,Kolor,Niebieski,Rozmiar,41,,,,,,Merseloseweg 62-A,,,,,,,9999
damskie-ortopedyczne-loafersy-lekkie-codzienne-wygody,Damskie mokasyny z ozdobną klamrą na wiosenne wyjścia,Kolor,Niebieski,Rozmiar,42,,,,,,Merseloseweg 62-A,,,,,,,9999
damskie-ortopedyczne-loafersy-lekkie-codzienne-wygody,Damskie mokasyny z ozdobną klamrą na wiosenne wyjścia,Kolor,Szary,Rozmiar,36,,,,,,Merseloseweg 62-A,,,,,,,9999
damskie-ortopedyczne-loafersy-lekkie-codzienne-wygody,Damskie mokasyny z ozdobną klamrą na wiosenne wyjścia,Kolor,Szary,Rozmiar,37,,,,,,Merseloseweg 62-A,,,,,,,9999
damskie-ortopedyczne-loafersy-lekkie-codzienne-wygody,Damskie mokasyny z ozdobną klamrą na wiosenne wyjścia,Kolor,Szary,Rozmiar,38,,,,,,Merseloseweg 62-A,,,,,,,9999
damskie-ortopedyczne-loafersy-lekkie-codzienne-wygody,Damskie mokasyny z ozdobną klamrą na wiosenne wyjścia,Kolor,Szary,Rozmiar,39,,,,,,Merseloseweg 62-A,,,,,,,9999
damskie-ortopedyczne-loafersy-lekkie-codzienne-wygody,Damskie mokasyny z ozdobną klamrą na wiosenne wyjścia,Kolor,Szary,Rozmiar,40,,,,,,Merseloseweg 62-A,,,,,,,9999
damskie-ortopedyczne-loafersy-lekkie-codzienne-wygody,Damskie mokasyny z ozdobną klamrą na wiosenne wyjścia,Kolor,Szary,Rozmiar,41,,,,,,Merseloseweg 62-A,,,,,,,9999
damskie-ortopedyczne-loafersy-lekkie-codzienne-wygody,Damskie mokasyny z ozdobną klamrą na wiosenne wyjścia,Kolor,Szary,Rozmiar,42,,,,,,Merseloseweg 62-A,,,,,,,9999
damskie-ortopedyczne-loafersy-lekkie-codzienne-wygody,Damskie mokasyny z ozdobną klamrą na wiosenne wyjścia,Kolor,Biały,Rozmiar,36,,,,,,Merseloseweg 62-A,,,,,,,9999
damskie-ortopedyczne-loafersy-lekkie-codzienne-wygody,Damskie mokasyny z ozdobną klamrą na wiosenne wyjścia,Kolor,Biały,Rozmiar,37,,,,,,Merseloseweg 62-A,,,,,,,9999
damskie-ortopedyczne-loafersy-lekkie-codzienne-wygody,Damskie mokasyny z ozdobną klamrą na wiosenne wyjścia,Kolor,Biały,Rozmiar,38,,,,,,Merseloseweg 62-A,,,,,,,9999
damskie-ortopedyczne-loafersy-lekkie-codzienne-wygody,Damskie mokasyny z ozdobną klamrą na wiosenne wyjścia,Kolor,Biały,Rozmiar,39,,,,,,Merseloseweg 62-A,,,,,,,9999
damskie-ortopedyczne-loafersy-lekkie-codzienne-wygody,Damskie mokasyny z ozdobną klamrą na wiosenne wyjścia,Kolor,Biały,Rozmiar,40,,,,,,Merseloseweg 62-A,,,,,,,9999
damskie-ortopedyczne-loafersy-lekkie-codzienne-wygody,Damskie mokasyny z ozdobną klamrą na wiosenne wyjścia,Kolor,Biały,Rozmiar,41,,,,,,Merseloseweg 62-A,,,,,,,9999
damskie-ortopedyczne-loafersy-lekkie-codzienne-wygody,Damskie mokasyny z ozdobną klamrą na wiosenne wyjścia,Kolor,Biały,Rozmiar,42,,,,,,Merseloseweg 62-A,,,,,,,9999
damskie-ortopedyczne-loafersy-lekkie-codzienne-wygody,Damskie mokasyny z ozdobną klamrą na wiosenne wyjścia,Kolor,Beżowy,Rozmiar,43,,,,,,Merseloseweg 62-A,,,,,,,9999
damskie-ortopedyczne-loafersy-lekkie-codzienne-wygody,Damskie mokasyny z ozdobną klamrą na wiosenne wyjścia,Kolor,Niebieski,Rozmiar,43,,,,,,Merseloseweg 62-A,,,,,,,9999
damskie-ortopedyczne-loafersy-lekkie-codzienne-wygody,Damskie mokasyny z ozdobną klamrą na wiosenne wyjścia,Kolor,Szary,Rozmiar,43,,,,,,Merseloseweg 62-A,,,,,,,9999
damskie-ortopedyczne-loafersy-lekkie-codzienne-wygody,Damskie mokasyny z ozdobną klamrą na wiosenne wyjścia,Kolor,Biały,Rozmiar,43,,,,,,Merseloseweg 62-A,,,,,,,9999
damskie-sandaly-na-obcasie-z-paskiem-na-eleganckie,Damskie sandały na obcasie z paskiem na eleganckie,Kolor,Biały,Rozmiar,36,,,,,,Merseloseweg 62-A,,,,,,,9999
damskie-sandaly-na-obcasie-z-paskiem-na-eleganckie,Damskie sandały na obcasie z paskiem na eleganckie,Kolor,Biały,Rozmiar,37,,,,,,Merseloseweg 62-A,,,,,,,9999
damskie-sandaly-na-obcasie-z-paskiem-na-eleganckie,Damskie sandały na obcasie z paskiem na eleganckie,Kolor,Biały,Rozmiar,38,,,,,,Merseloseweg 62-A,,,,,,,9999
damskie-sandaly-na-obcasie-z-paskiem-na-eleganckie,Damskie sandały na obcasie z paskiem na eleganckie,Kolor,Biały,Rozmiar,39,,,,,,Merseloseweg 62-A,,,,,,,9999
damskie-sandaly-na-obcasie-z-paskiem-na-eleganckie,Damskie sandały na obcasie z paskiem na eleganckie,Kolor,Biały,Rozmiar,40,,,,,,Merseloseweg 62-A,,,,,,,9999
damskie-sandaly-na-obcasie-z-paskiem-na-eleganckie,Damskie sandały na obcasie z paskiem na eleganckie,Kolor,Biały,Rozmiar,41,,,,,,Merseloseweg 62-A,,,,,,,9999
damskie-sandaly-na-obcasie-z-paskiem-na-eleganckie,Damskie sandały na obcasie z paskiem na eleganckie,Kolor,Biały,Rozmiar,42,,,,,,Merseloseweg 62-A,,,,,,,9999
damskie-sandaly-na-obcasie-z-paskiem-na-eleganckie,Damskie sandały na obcasie z paskiem na eleganckie,Kolor,Złoty,Rozmiar,36,,,,,,Merseloseweg 62-A,,,,,,,9999
damskie-sandaly-na-obcasie-z-paskiem-na-eleganckie,Damskie sandały na obcasie z paskiem na eleganckie,Kolor,Złoty,Rozmiar,37,,,,,,Merseloseweg 62-A,,,,,,,9999
damskie-sandaly-na-obcasie-z-paskiem-na-eleganckie,Damskie sandały na obcasie z paskiem na eleganckie,Kolor,Złoty,Rozmiar,38,,,,,,Merseloseweg 62-A,,,,,,,9999
damskie-sandaly-na-obcasie-z-paskiem-na-eleganckie,Damskie sandały na obcasie z paskiem na eleganckie,Kolor,Złoty,Rozmiar,39,,,,,,Merseloseweg 62-A,,,,,,,9999
damskie-sandaly-na-obcasie-z-paskiem-na-eleganckie,Damskie sandały na obcasie z paskiem na eleganckie,Kolor,Złoty,Rozmiar,40,,,,,,Merseloseweg 62-A,,,,,,,9999
damskie-sandaly-na-obcasie-z-paskiem-na-eleganckie,Damskie sandały na obcasie z paskiem na eleganckie,Kolor,Złoty,Rozmiar,41,,,,,,Merseloseweg 62-A,,,,,,,9999
damskie-sandaly-na-obcasie-z-paskiem-na-eleganckie,Damskie sandały na obcasie z paskiem na eleganckie,Kolor,Złoty,Rozmiar,42,,,,,,Merseloseweg 62-A,,,,,,,9999
damskie-sandaly-na-obcasie-z-paskiem-na-eleganckie,Damskie sandały na obcasie z paskiem na eleganckie,Kolor,Czarny,Rozmiar,36,,,,,,Merseloseweg 62-A,,,,,,,9999
damskie-sandaly-na-obcasie-z-paskiem-na-eleganckie,Damskie sandały na obcasie z paskiem na eleganckie,Kolor,Czarny,Rozmiar,37,,,,,,Merseloseweg 62-A,,,,,,,9999
damskie-sandaly-na-obcasie-z-paskiem-na-eleganckie,Damskie sandały na obcasie z paskiem na eleganckie,Kolor,Czarny,Rozmiar,38,,,,,,Merseloseweg 62-A,,,,,,,9999
damskie-sandaly-na-obcasie-z-paskiem-na-eleganckie,Damskie sandały na obcasie z paskiem na eleganckie,Kolor,Czarny,Rozmiar,39,,,,,,Merseloseweg 62-A,,,,,,,9999
damskie-sandaly-na-obcasie-z-paskiem-na-eleganckie,Damskie sandały na obcasie z paskiem na eleganckie,Kolor,Czarny,Rozmiar,40,,,,,,Merseloseweg 62-A,,,,,,,9999
damskie-sandaly-na-obcasie-z-paskiem-na-eleganckie,Damskie sandały na obcasie z paskiem na eleganckie,Kolor,Czarny,Rozmiar,41,,,,,,Merseloseweg 62-A,,,,,,,9999
damskie-sandaly-na-obcasie-z-paskiem-na-eleganckie,Damskie sandały na obcasie z paskiem na eleganckie,Kolor,Czarny,Rozmiar,42,,,,,,Merseloseweg 62-A,,,,,,,9999
damskie-sandaly-na-obcasie-z-paskiem-na-eleganckie,Damskie sandały na obcasie z paskiem na eleganckie,Kolor,Srebrny,Rozmiar,36,,,,,,Merseloseweg 62-A,,,,,,,9999
damskie-sandaly-na-obcasie-z-paskiem-na-eleganckie,Damskie sandały na obcasie z paskiem na eleganckie,Kolor,Srebrny,Rozmiar,37,,,,,,Merseloseweg 62-A,,,,,,,9999
damskie-sandaly-na-obcasie-z-paskiem-na-eleganckie,Damskie sandały na obcasie z paskiem na eleganckie,Kolor,Srebrny,Rozmiar,38,,,,,,Merseloseweg 62-A,,,,,,,9999
damskie-sandaly-na-obcasie-z-paskiem-na-eleganckie,Damskie sandały na obcasie z paskiem na eleganckie,Kolor,Srebrny,Rozmiar,39,,,,,,Merseloseweg 62-A,,,,,,,9999
damskie-sandaly-na-obcasie-z-paskiem-na-eleganckie,Damskie sandały na obcasie z paskiem na eleganckie,Kolor,Srebrny,Rozmiar,40,,,,,,Merseloseweg 62-A,,,,,,,9999
damskie-sandaly-na-obcasie-z-paskiem-na-eleganckie,Damskie sandały na obcasie z paskiem na eleganckie,Kolor,Srebrny,Rozmiar,41,,,,,,Merseloseweg 62-A,,,,,,,9999
damskie-sandaly-na-obcasie-z-paskiem-na-eleganckie,Damskie sandały na obcasie z paskiem na eleganckie,Kolor,Srebrny,Rozmiar,42,,,,,,Merseloseweg 62-A,,,,,,,9999
damskie-sandaly-na-obcasie-z-paskiem-na-eleganckie,Damskie sandały na obcasie z paskiem na eleganckie,Kolor,Biały,Rozmiar,43,,,,,,Merseloseweg 62-A,,,,,,,9999
damskie-sandaly-na-obcasie-z-paskiem-na-eleganckie,Damskie sandały na obcasie z paskiem na eleganckie,Kolor,Złoty,Rozmiar,43,,,,,,Merseloseweg 62-A,,,,,,,9999
damskie-sandaly-na-obcasie-z-paskiem-na-eleganckie,Damskie sandały na obcasie z paskiem na eleganckie,Kolor,Czarny,Rozmiar,43,,,,,,Merseloseweg 62-A,,,,,,,9999
damskie-sandaly-na-obcasie-z-paskiem-na-eleganckie,Damskie sandały na obcasie z paskiem na eleganckie,Kolor,Srebrny,Rozmiar,43,,,,,,Merseloseweg 62-A,,,,,,,9999
damskie-mokasyny-z-ozdobnym-paskiem-na-codzienne-wyjscia,Damskie mokasyny z ozdobnym paskiem na codzienne wyjścia,Kolor,Beżowy,Rozmiar,36,,,,,,Merseloseweg 62-A,,,,,,,9999
damskie-mokasyny-z-ozdobnym-paskiem-na-codzienne-wyjscia,Damskie mokasyny z ozdobnym paskiem na codzienne wyjścia,Kolor,Beżowy,Rozmiar,37,,,,,,Merseloseweg 62-A,,,,,,,9999
damskie-mokasyny-z-ozdobnym-paskiem-na-codzienne-wyjscia,Damskie mokasyny z ozdobnym paskiem na codzienne wyjścia,Kolor,Beżowy,Rozmiar,38,,,,,,Merseloseweg 62-A,,,,,,,9999
damskie-mokasyny-z-ozdobnym-paskiem-na-codzienne-wyjscia,Damskie mokasyny z ozdobnym paskiem na codzienne wyjścia,Kolor,Beżowy,Rozmiar,39,,,,,,Merseloseweg 62-A,,,,,,,9999
damskie-mokasyny-z-ozdobnym-paskiem-na-codzienne-wyjscia,Damskie mokasyny z ozdobnym paskiem na codzienne wyjścia,Kolor,Beżowy,Rozmiar,40,,,,,,Merseloseweg 62-A,,,,,,,9999
damskie-mokasyny-z-ozdobnym-paskiem-na-codzienne-wyjscia,Damskie mokasyny z ozdobnym paskiem na codzienne wyjścia,Kolor,Beżowy,Rozmiar,41,,,,,,Merseloseweg 62-A,,,,,,,9999
damskie-mokasyny-z-ozdobnym-paskiem-na-codzienne-wyjscia,Damskie mokasyny z ozdobnym paskiem na codzienne wyjścia,Kolor,Beżowy,Rozmiar,42,,,,,,Merseloseweg 62-A,,,,,,,9999
damskie-mokasyny-z-ozdobnym-paskiem-na-codzienne-wyjscia,Damskie mokasyny z ozdobnym paskiem na codzienne wyjścia,Kolor,Czarny,Rozmiar,36,,,,,,Merseloseweg 62-A,,,,,,,9999
damskie-mokasyny-z-ozdobnym-paskiem-na-codzienne-wyjscia,Damskie mokasyny z ozdobnym paskiem na codzienne wyjścia,Kolor,Czarny,Rozmiar,37,,,,,,Merseloseweg 62-A,,,,,,,9999
damskie-mokasyny-z-ozdobnym-paskiem-na-codzienne-wyjscia,Damskie mokasyny z ozdobnym paskiem na codzienne wyjścia,Kolor,Czarny,Rozmiar,38,,,,,,Merseloseweg 62-A,,,,,,,9999
damskie-mokasyny-z-ozdobnym-paskiem-na-codzienne-wyjscia,Damskie mokasyny z ozdobnym paskiem na codzienne wyjścia,Kolor,Czarny,Rozmiar,39,,,,,,Merseloseweg 62-A,,,,,,,9999
damskie-mokasyny-z-ozdobnym-paskiem-na-codzienne-wyjscia,Damskie mokasyny z ozdobnym paskiem na codzienne wyjścia,Kolor,Czarny,Rozmiar,40,,,,,,Merseloseweg 62-A,,,,,,,9999
damskie-mokasyny-z-ozdobnym-paskiem-na-codzienne-wyjscia,Damskie mokasyny z ozdobnym paskiem na codzienne wyjścia,Kolor,Czarny,Rozmiar,41,,,,,,Merseloseweg 62-A,,,,,,,9999
damskie-mokasyny-z-ozdobnym-paskiem-na-codzienne-wyjscia,Damskie mokasyny z ozdobnym paskiem na codzienne wyjścia,Kolor,Czarny,Rozmiar,42,,,,,,Merseloseweg 62-A,,,,,,,9999
damskie-mokasyny-z-ozdobnym-paskiem-na-codzienne-wyjscia,Damskie mokasyny z ozdobnym paskiem na codzienne wyjścia,Kolor,Niebieski,Rozmiar,36,,,,,,Merseloseweg 62-A,,,,,,,9999
damskie-mokasyny-z-ozdobnym-paskiem-na-codzienne-wyjscia,Damskie mokasyny z ozdobnym paskiem na codzienne wyjścia,Kolor,Niebieski,Rozmiar,37,,,,,,Merseloseweg 62-A,,,,,,,9999
damskie-mokasyny-z-ozdobnym-paskiem-na-codzienne-wyjscia,Damskie mokasyny z ozdobnym paskiem na codzienne wyjścia,Kolor,Niebieski,Rozmiar,38,,,,,,Merseloseweg 62-A,,,,,,,9999
damskie-mokasyny-z-ozdobnym-paskiem-na-codzienne-wyjscia,Damskie mokasyny z ozdobnym paskiem na codzienne wyjścia,Kolor,Niebieski,Rozmiar,39,,,,,,Merseloseweg 62-A,,,,,,,9999
damskie-mokasyny-z-ozdobnym-paskiem-na-codzienne-wyjscia,Damskie mokasyny z ozdobnym paskiem na codzienne wyjścia,Kolor,Niebieski,Rozmiar,40,,,,,,Merseloseweg 62-A,,,,,,,9999
damskie-mokasyny-z-ozdobnym-paskiem-na-codzienne-wyjscia,Damskie mokasyny z ozdobnym paskiem na codzienne wyjścia,Kolor,Niebieski,Rozmiar,41,,,,,,Merseloseweg 62-A,,,,,,,9999
damskie-mokasyny-z-ozdobnym-paskiem-na-codzienne-wyjscia,Damskie mokasyny z ozdobnym paskiem na codzienne wyjścia,Kolor,Niebieski,Rozmiar,42,,,,,,Merseloseweg 62-A,,,,,,,9999
damskie-mokasyny-z-ozdobnym-paskiem-na-codzienne-wyjscia,Damskie mokasyny z ozdobnym paskiem na codzienne wyjścia,Kolor,Brązowy,Rozmiar,36,,,,,,Merseloseweg 62-A,,,,,,,9999
damskie-mokasyny-z-ozdobnym-paskiem-na-codzienne-wyjscia,Damskie mokasyny z ozdobnym paskiem na codzienne wyjścia,Kolor,Brązowy,Rozmiar,37,,,,,,Merseloseweg 62-A,,,,,,,9999
damskie-mokasyny-z-ozdobnym-paskiem-na-codzienne-wyjscia,Damskie mokasyny z ozdobnym paskiem na codzienne wyjścia,Kolor,Brązowy,Rozmiar,38,,,,,,Merseloseweg 62-A,,,,,,,9999
damskie-mokasyny-z-ozdobnym-paskiem-na-codzienne-wyjscia,Damskie mokasyny z ozdobnym paskiem na codzienne wyjścia,Kolor,Brązowy,Rozmiar,39,,,,,,Merseloseweg 62-A,,,,,,,9999
damskie-mokasyny-z-ozdobnym-paskiem-na-codzienne-wyjscia,Damskie mokasyny z ozdobnym paskiem na codzienne wyjścia,Kolor,Brązowy,Rozmiar,40,,,,,,Merseloseweg 62-A,,,,,,,9999
damskie-mokasyny-z-ozdobnym-paskiem-na-codzienne-wyjscia,Damskie mokasyny z ozdobnym paskiem na codzienne wyjścia,Kolor,Brązowy,Rozmiar,41,,,,,,Merseloseweg 62-A,,,,,,,9999
damskie-mokasyny-z-ozdobnym-paskiem-na-codzienne-wyjscia,Damskie mokasyny z ozdobnym paskiem na codzienne wyjścia,Kolor,Brązowy,Rozmiar,42,,,,,,Merseloseweg 62-A,,,,,,,9999
damskie-mokasyny-z-ozdobnym-paskiem-na-codzienne-wyjscia,Damskie mokasyny z ozdobnym paskiem na codzienne wyjścia,Kolor,Zielony,Rozmiar,36,,,,,,Merseloseweg 62-A,,,,,,,9999
damskie-mokasyny-z-ozdobnym-paskiem-na-codzienne-wyjscia,Damskie mokasyny z ozdobnym paskiem na codzienne wyjścia,Kolor,Zielony,Rozmiar,37,,,,,,Merseloseweg 62-A,,,,,,,9999
damskie-mokasyny-z-ozdobnym-paskiem-na-codzienne-wyjscia,Damskie mokasyny z ozdobnym paskiem na codzienne wyjścia,Kolor,Zielony,Rozmiar,38,,,,,,Merseloseweg 62-A,,,,,,,9999
damskie-mokasyny-z-ozdobnym-paskiem-na-codzienne-wyjscia,Damskie mokasyny z ozdobnym paskiem na codzienne wyjścia,Kolor,Zielony,Rozmiar,39,,,,,,Merseloseweg 62-A,,,,,,,9999
damskie-mokasyny-z-ozdobnym-paskiem-na-codzienne-wyjscia,Damskie mokasyny z ozdobnym paskiem na codzienne wyjścia,Kolor,Zielony,Rozmiar,40,,,,,,Merseloseweg 62-A,,,,,,,9999
damskie-mokasyny-z-ozdobnym-paskiem-na-codzienne-wyjscia,Damskie mokasyny z ozdobnym paskiem na codzienne wyjścia,Kolor,Zielony,Rozmiar,41,,,,,,Merseloseweg 62-A,,,,,,,9999
damskie-mokasyny-z-ozdobnym-paskiem-na-codzienne-wyjscia,Damskie mokasyny z ozdobnym paskiem na codzienne wyjścia,Kolor,Zielony,Rozmiar,42,,,,,,Merseloseweg 62-A,,,,,,,9999
damskie-mokasyny-z-ozdobnym-paskiem-na-codzienne-wyjscia,Damskie mokasyny z ozdobnym paskiem na codzienne wyjścia,Kolor,Beżowy,Rozmiar,43,,,,,,Merseloseweg 62-A,,,,,,,9999
damskie-mokasyny-z-ozdobnym-paskiem-na-codzienne-wyjscia,Damskie mokasyny z ozdobnym paskiem na codzienne wyjścia,Kolor,Czarny,Rozmiar,43,,,,,,Merseloseweg 62-A,,,,,,,9999
damskie-mokasyny-z-ozdobnym-paskiem-na-codzienne-wyjscia,Damskie mokasyny z ozdobnym paskiem na codzienne wyjścia,Kolor,Niebieski,Rozmiar,43,,,,,,Merseloseweg 62-A,,,,,,,9999
damskie-mokasyny-z-ozdobnym-paskiem-na-codzienne-wyjscia,Damskie mokasyny z ozdobnym paskiem na codzienne wyjścia,Kolor,Brązowy,Rozmiar,43,,,,,,Merseloseweg 62-A,,,,,,,9999
damskie-mokasyny-z-ozdobnym-paskiem-na-codzienne-wyjscia,Damskie mokasyny z ozdobnym paskiem na codzienne wyjścia,Kolor,Zielony,Rozmiar,43,,,,,,Merseloseweg 62-A,,,,,,,9999
damskie-mokasyny-na-co-dzien-do-eleganckich-zestawow,Damskie mokasyny na co dzień do eleganckich zestawów,Kolor,Brązowy,Rozmiar,36,,,,,,Merseloseweg 62-A,,,,,,,9999
damskie-mokasyny-na-co-dzien-do-eleganckich-zestawow,Damskie mokasyny na co dzień do eleganckich zestawów,Kolor,Brązowy,Rozmiar,37,,,,,,Merseloseweg 62-A,,,,,,,9999
damskie-mokasyny-na-co-dzien-do-eleganckich-zestawow,Damskie mokasyny na co dzień do eleganckich zestawów,Kolor,Brązowy,Rozmiar,38,,,,,,Merseloseweg 62-A,,,,,,,9999
damskie-mokasyny-na-co-dzien-do-eleganckich-zestawow,Damskie mokasyny na co dzień do eleganckich zestawów,Kolor,Brązowy,Rozmiar,39,,,,,,Merseloseweg 62-A,,,,,,,9999
damskie-mokasyny-na-co-dzien-do-eleganckich-zestawow,Damskie mokasyny na co dzień do eleganckich zestawów,Kolor,Brązowy,Rozmiar,40,,,,,,Merseloseweg 62-A,,,,,,,9999
damskie-mokasyny-na-co-dzien-do-eleganckich-zestawow,Damskie mokasyny na co dzień do eleganckich zestawów,Kolor,Brązowy,Rozmiar,41,,,,,,Merseloseweg 62-A,,,,,,,9999
damskie-mokasyny-na-co-dzien-do-eleganckich-zestawow,Damskie mokasyny na co dzień do eleganckich zestawów,Kolor,Brązowy,Rozmiar,42,,,,,,Merseloseweg 62-A,,,,,,,9999
damskie-mokasyny-na-co-dzien-do-eleganckich-zestawow,Damskie mokasyny na co dzień do eleganckich zestawów,Kolor,Czarny,Rozmiar,36,,,,,,Merseloseweg 62-A,,,,,,,9999
damskie-mokasyny-na-co-dzien-do-eleganckich-zestawow,Damskie mokasyny na co dzień do eleganckich zestawów,Kolor,Czarny,Rozmiar,37,,,,,,Merseloseweg 62-A,,,,,,,9999
damskie-mokasyny-na-co-dzien-do-eleganckich-zestawow,Damskie mokasyny na co dzień do eleganckich zestawów,Kolor,Czarny,Rozmiar,38,,,,,,Merseloseweg 62-A,,,,,,,9999
damskie-mokasyny-na-co-dzien-do-eleganckich-zestawow,Damskie mokasyny na co dzień do eleganckich zestawów,Kolor,Czarny,Rozmiar,39,,,,,,Merseloseweg 62-A,,,,,,,9999
damskie-mokasyny-na-co-dzien-do-eleganckich-zestawow,Damskie mokasyny na co dzień do eleganckich zestawów,Kolor,Czarny,Rozmiar,40,,,,,,Merseloseweg 62-A,,,,,,,9999
damskie-mokasyny-na-co-dzien-do-eleganckich-zestawow,Damskie mokasyny na co dzień do eleganckich zestawów,Kolor,Czarny,Rozmiar,41,,,,,,Merseloseweg 62-A,,,,,,,9999
damskie-mokasyny-na-co-dzien-do-eleganckich-zestawow,Damskie mokasyny na co dzień do eleganckich zestawów,Kolor,Czarny,Rozmiar,42,,,,,,Merseloseweg 62-A,,,,,,,9999
damskie-mokasyny-na-co-dzien-do-eleganckich-zestawow,Damskie mokasyny na co dzień do eleganckich zestawów,Kolor,Szary,Rozmiar,36,,,,,,Merseloseweg 62-A,,,,,,,9999
damskie-mokasyny-na-co-dzien-do-eleganckich-zestawow,Damskie mokasyny na co dzień do eleganckich zestawów,Kolor,Szary,Rozmiar,37,,,,,,Merseloseweg 62-A,,,,,,,9999
damskie-mokasyny-na-co-dzien-do-eleganckich-zestawow,Damskie mokasyny na co dzień do eleganckich zestawów,Kolor,Szary,Rozmiar,38,,,,,,Merseloseweg 62-A,,,,,,,9999
damskie-mokasyny-na-co-dzien-do-eleganckich-zestawow,Damskie mokasyny na co dzień do eleganckich zestawów,Kolor,Szary,Rozmiar,39,,,,,,Merseloseweg 62-A,,,,,,,9999
damskie-mokasyny-na-co-dzien-do-eleganckich-zestawow,Damskie mokasyny na co dzień do eleganckich zestawów,Kolor,Szary,Rozmiar,40,,,,,,Merseloseweg 62-A,,,,,,,9999
damskie-mokasyny-na-co-dzien-do-eleganckich-zestawow,Damskie mokasyny na co dzień do eleganckich zestawów,Kolor,Szary,Rozmiar,41,,,,,,Merseloseweg 62-A,,,,,,,9999
damskie-mokasyny-na-co-dzien-do-eleganckich-zestawow,Damskie mokasyny na co dzień do eleganckich zestawów,Kolor,Szary,Rozmiar,42,,,,,,Merseloseweg 62-A,,,,,,,9999
damskie-mokasyny-na-co-dzien-do-eleganckich-zestawow,Damskie mokasyny na co dzień do eleganckich zestawów,Kolor,Zwierzęcy,Rozmiar,36,,,,,,Merseloseweg 62-A,,,,,,,9999
damskie-mokasyny-na-co-dzien-do-eleganckich-zestawow,Damskie mokasyny na co dzień do eleganckich zestawów,Kolor,Zwierzęcy,Rozmiar,37,,,,,,Merseloseweg 62-A,,,,,,,9999
damskie-mokasyny-na-co-dzien-do-eleganckich-zestawow,Damskie mokasyny na co dzień do eleganckich zestawów,Kolor,Zwierzęcy,Rozmiar,38,,,,,,Merseloseweg 62-A,,,,,,,9999
damskie-mokasyny-na-co-dzien-do-eleganckich-zestawow,Damskie mokasyny na co dzień do eleganckich zestawów,Kolor,Zwierzęcy,Rozmiar,39,,,,,,Merseloseweg 62-A,,,,,,,9999
damskie-mokasyny-na-co-dzien-do-eleganckich-zestawow,Damskie mokasyny na co dzień do eleganckich zestawów,Kolor,Zwierzęcy,Rozmiar,40,,,,,,Merseloseweg 62-A,,,,,,,9999
damskie-mokasyny-na-co-dzien-do-eleganckich-zestawow,Damskie mokasyny na co dzień do eleganckich zestawów,Kolor,Zwierzęcy,Rozmiar,41,,,,,,Merseloseweg 62-A,,,,,,,9999
damskie-mokasyny-na-co-dzien-do-eleganckich-zestawow,Damskie mokasyny na co dzień do eleganckich zestawów,Kolor,Zwierzęcy,Rozmiar,42,,,,,,Merseloseweg 62-A,,,,,,,9999
damskie-mokasyny-na-co-dzien-do-eleganckich-zestawow,Damskie mokasyny na co dzień do eleganckich zestawów,Kolor,Brązowy,Rozmiar,43,,,,,,Merseloseweg 62-A,,,,,,,9999
damskie-mokasyny-na-co-dzien-do-eleganckich-zestawow,Damskie mokasyny na co dzień do eleganckich zestawów,Kolor,Czarny,Rozmiar,43,,,,,,Merseloseweg 62-A,,,,,,,9999
damskie-mokasyny-na-co-dzien-do-eleganckich-zestawow,Damskie mokasyny na co dzień do eleganckich zestawów,Kolor,Szary,Rozmiar,43,,,,,,Merseloseweg 62-A,,,,,,,9999
damskie-mokasyny-na-co-dzien-do-eleganckich-zestawow,Damskie mokasyny na co dzień do eleganckich zestawów,Kolor,Zwierzęcy,Rozmiar,43,,,,,,Merseloseweg 62-A,,,,,,,9999
damskie-sandaly-na-obcasie-na-eleganckie-letnie-okazje,Damskie sandały na obcasie na eleganckie letnie okazjea,Kolor,Różowy,Rozmiar,36,,,,,,Merseloseweg 62-A,,,,,,,9999
damskie-sandaly-na-obcasie-na-eleganckie-letnie-okazje,Damskie sandały na obcasie na eleganckie letnie okazjea,Kolor,Różowy,Rozmiar,37,,,,,,Merseloseweg 62-A,,,,,,,9999
damskie-sandaly-na-obcasie-na-eleganckie-letnie-okazje,Damskie sandały na obcasie na eleganckie letnie okazjea,Kolor,Różowy,Rozmiar,38,,,,,,Merseloseweg 62-A,,,,,,,9999
damskie-sandaly-na-obcasie-na-eleganckie-letnie-okazje,Damskie sandały na obcasie na eleganckie letnie okazjea,Kolor,Różowy,Rozmiar,39,,,,,,Merseloseweg 62-A,,,,,,,9999
damskie-sandaly-na-obcasie-na-eleganckie-letnie-okazje,Damskie sandały na obcasie na eleganckie letnie okazjea,Kolor,Różowy,Rozmiar,40,,,,,,Merseloseweg 62-A,,,,,,,9999
damskie-sandaly-na-obcasie-na-eleganckie-letnie-okazje,Damskie sandały na obcasie na eleganckie letnie okazjea,Kolor,Różowy,Rozmiar,41,,,,,,Merseloseweg 62-A,,,,,,,9999
damskie-sandaly-na-obcasie-na-eleganckie-letnie-okazje,Damskie sandały na obcasie na eleganckie letnie okazjea,Kolor,Różowy,Rozmiar,42,,,,,,Merseloseweg 62-A,,,,,,,9999
damskie-sandaly-na-obcasie-na-eleganckie-letnie-okazje,Damskie sandały na obcasie na eleganckie letnie okazjea,Kolor,Czarny,Rozmiar,36,,,,,,Merseloseweg 62-A,,,,,,,9999
damskie-sandaly-na-obcasie-na-eleganckie-letnie-okazje,Damskie sandały na obcasie na eleganckie letnie okazjea,Kolor,Czarny,Rozmiar,37,,,,,,Merseloseweg 62-A,,,,,,,9999
damskie-sandaly-na-obcasie-na-eleganckie-letnie-okazje,Damskie sandały na obcasie na eleganckie letnie okazjea,Kolor,Czarny,Rozmiar,38,,,,,,Merseloseweg 62-A,,,,,,,9999
damskie-sandaly-na-obcasie-na-eleganckie-letnie-okazje,Damskie sandały na obcasie na eleganckie letnie okazjea,Kolor,Czarny,Rozmiar,39,,,,,,Merseloseweg 62-A,,,,,,,9999
damskie-sandaly-na-obcasie-na-eleganckie-letnie-okazje,Damskie sandały na obcasie na eleganckie letnie okazjea,Kolor,Czarny,Rozmiar,40,,,,,,Merseloseweg 62-A,,,,,,,9999
damskie-sandaly-na-obcasie-na-eleganckie-letnie-okazje,Damskie sandały na obcasie na eleganckie letnie okazjea,Kolor,Czarny,Rozmiar,41,,,,,,Merseloseweg 62-A,,,,,,,9999
damskie-sandaly-na-obcasie-na-eleganckie-letnie-okazje,Damskie sandały na obcasie na eleganckie letnie okazjea,Kolor,Czarny,Rozmiar,42,,,,,,Merseloseweg 62-A,,,,,,,9999
damskie-sandaly-na-obcasie-na-eleganckie-letnie-okazje,Damskie sandały na obcasie na eleganckie letnie okazjea,Kolor,Różowy,Rozmiar,43,,,,,,Merseloseweg 62-A,,,,,,,9999
damskie-sandaly-na-obcasie-na-eleganckie-letnie-okazje,Damskie sandały na obcasie na eleganckie letnie okazjea,Kolor,Czarny,Rozmiar,43,,,,,,Merseloseweg 62-A,,,,,,,9999
damskie-sneakersy-na-codzienne-spacery-i-wiosenne-wyjscia,Damskie sneakersy na codzienne spacery i wiosenne wyjścia,Kolor,Beżowy,Rozmiar,36,,,,,,Merseloseweg 62-A,,,,,,,9999
damskie-sneakersy-na-codzienne-spacery-i-wiosenne-wyjscia,Damskie sneakersy na codzienne spacery i wiosenne wyjścia,Kolor,Beżowy,Rozmiar,37,,,,,,Merseloseweg 62-A,,,,,,,9999
damskie-sneakersy-na-codzienne-spacery-i-wiosenne-wyjscia,Damskie sneakersy na codzienne spacery i wiosenne wyjścia,Kolor,Beżowy,Rozmiar,38,,,,,,Merseloseweg 62-A,,,,,,,9999
damskie-sneakersy-na-codzienne-spacery-i-wiosenne-wyjscia,Damskie sneakersy na codzienne spacery i wiosenne wyjścia,Kolor,Beżowy,Rozmiar,39,,,,,,Merseloseweg 62-A,,,,,,,9999
damskie-sneakersy-na-codzienne-spacery-i-wiosenne-wyjscia,Damskie sneakersy na codzienne spacery i wiosenne wyjścia,Kolor,Beżowy,Rozmiar,40,,,,,,Merseloseweg 62-A,,,,,,,9999
damskie-sneakersy-na-codzienne-spacery-i-wiosenne-wyjscia,Damskie sneakersy na codzienne spacery i wiosenne wyjścia,Kolor,Beżowy,Rozmiar,41,,,,,,Merseloseweg 62-A,,,,,,,9999
damskie-sneakersy-na-codzienne-spacery-i-wiosenne-wyjscia,Damskie sneakersy na codzienne spacery i wiosenne wyjścia,Kolor,Beżowy,Rozmiar,42,,,,,,Merseloseweg 62-A,,,,,,,9999
damskie-sneakersy-na-codzienne-spacery-i-wiosenne-wyjscia,Damskie sneakersy na codzienne spacery i wiosenne wyjścia,Kolor,Biały,Rozmiar,36,,,,,,Merseloseweg 62-A,,,,,,,9999
damskie-sneakersy-na-codzienne-spacery-i-wiosenne-wyjscia,Damskie sneakersy na codzienne spacery i wiosenne wyjścia,Kolor,Biały,Rozmiar,37,,,,,,Merseloseweg 62-A,,,,,,,9999
damskie-sneakersy-na-codzienne-spacery-i-wiosenne-wyjscia,Damskie sneakersy na codzienne spacery i wiosenne wyjścia,Kolor,Biały,Rozmiar,38,,,,,,Merseloseweg 62-A,,,,,,,9999
damskie-sneakersy-na-codzienne-spacery-i-wiosenne-wyjscia,Damskie sneakersy na codzienne spacery i wiosenne wyjścia,Kolor,Biały,Rozmiar,39,,,,,,Merseloseweg 62-A,,,,,,,9999
damskie-sneakersy-na-codzienne-spacery-i-wiosenne-wyjscia,Damskie sneakersy na codzienne spacery i wiosenne wyjścia,Kolor,Biały,Rozmiar,40,,,,,,Merseloseweg 62-A,,,,,,,9999
damskie-sneakersy-na-codzienne-spacery-i-wiosenne-wyjscia,Damskie sneakersy na codzienne spacery i wiosenne wyjścia,Kolor,Biały,Rozmiar,41,,,,,,Merseloseweg 62-A,,,,,,,9999
damskie-sneakersy-na-codzienne-spacery-i-wiosenne-wyjscia,Damskie sneakersy na codzienne spacery i wiosenne wyjścia,Kolor,Biały,Rozmiar,42,,,,,,Merseloseweg 62-A,,,,,,,9999
damskie-sneakersy-na-codzienne-spacery-i-wiosenne-wyjscia,Damskie sneakersy na codzienne spacery i wiosenne wyjścia,Kolor,Różowy,Rozmiar,36,,,,,,Merseloseweg 62-A,,,,,,,9999
damskie-sneakersy-na-codzienne-spacery-i-wiosenne-wyjscia,Damskie sneakersy na codzienne spacery i wiosenne wyjścia,Kolor,Różowy,Rozmiar,37,,,,,,Merseloseweg 62-A,,,,,,,9999
damskie-sneakersy-na-codzienne-spacery-i-wiosenne-wyjscia,Damskie sneakersy na codzienne spacery i wiosenne wyjścia,Kolor,Różowy,Rozmiar,38,,,,,,Merseloseweg 62-A,,,,,,,9999
damskie-sneakersy-na-codzienne-spacery-i-wiosenne-wyjscia,Damskie sneakersy na codzienne spacery i wiosenne wyjścia,Kolor,Różowy,Rozmiar,39,,,,,,Merseloseweg 62-A,,,,,,,9999
damskie-sneakersy-na-codzienne-spacery-i-wiosenne-wyjscia,Damskie sneakersy na codzienne spacery i wiosenne wyjścia,Kolor,Różowy,Rozmiar,40,,,,,,Merseloseweg 62-A,,,,,,,9999
damskie-sneakersy-na-codzienne-spacery-i-wiosenne-wyjscia,Damskie sneakersy na codzienne spacery i wiosenne wyjścia,Kolor,Różowy,Rozmiar,41,,,,,,Merseloseweg 62-A,,,,,,,9999
damskie-sneakersy-na-codzienne-spacery-i-wiosenne-wyjscia,Damskie sneakersy na codzienne spacery i wiosenne wyjścia,Kolor,Różowy,Rozmiar,42,,,,,,Merseloseweg 62-A,,,,,,,9999
damskie-sneakersy-na-codzienne-spacery-i-wiosenne-wyjscia,Damskie sneakersy na codzienne spacery i wiosenne wyjścia,Kolor,Szary,Rozmiar,36,,,,,,Merseloseweg 62-A,,,,,,,9999
damskie-sneakersy-na-codzienne-spacery-i-wiosenne-wyjscia,Damskie sneakersy na codzienne spacery i wiosenne wyjścia,Kolor,Szary,Rozmiar,37,,,,,,Merseloseweg 62-A,,,,,,,9999
damskie-sneakersy-na-codzienne-spacery-i-wiosenne-wyjscia,Damskie sneakersy na codzienne spacery i wiosenne wyjścia,Kolor,Szary,Rozmiar,38,,,,,,Merseloseweg 62-A,,,,,,,9999
damskie-sneakersy-na-codzienne-spacery-i-wiosenne-wyjscia,Damskie sneakersy na codzienne spacery i wiosenne wyjścia,Kolor,Szary,Rozmiar,39,,,,,,Merseloseweg 62-A,,,,,,,9999
damskie-sneakersy-na-codzienne-spacery-i-wiosenne-wyjscia,Damskie sneakersy na codzienne spacery i wiosenne wyjścia,Kolor,Szary,Rozmiar,40,,,,,,Merseloseweg 62-A,,,,,,,9999
damskie-sneakersy-na-codzienne-spacery-i-wiosenne-wyjscia,Damskie sneakersy na codzienne spacery i wiosenne wyjścia,Kolor,Szary,Rozmiar,41,,,,,,Merseloseweg 62-A,,,,,,,9999
damskie-sneakersy-na-codzienne-spacery-i-wiosenne-wyjscia,Damskie sneakersy na codzienne spacery i wiosenne wyjścia,Kolor,Szary,Rozmiar,42,,,,,,Merseloseweg 62-A,,,,,,,9999
damskie-sneakersy-na-codzienne-spacery-i-wiosenne-wyjscia,Damskie sneakersy na codzienne spacery i wiosenne wyjścia,Kolor,Złoty,Rozmiar,36,,,,,,Merseloseweg 62-A,,,,,,,9999
damskie-sneakersy-na-codzienne-spacery-i-wiosenne-wyjscia,Damskie sneakersy na codzienne spacery i wiosenne wyjścia,Kolor,Złoty,Rozmiar,37,,,,,,Merseloseweg 62-A,,,,,,,9999
damskie-sneakersy-na-codzienne-spacery-i-wiosenne-wyjscia,Damskie sneakersy na codzienne spacery i wiosenne wyjścia,Kolor,Złoty,Rozmiar,38,,,,,,Merseloseweg 62-A,,,,,,,9999
damskie-sneakersy-na-codzienne-spacery-i-wiosenne-wyjscia,Damskie sneakersy na codzienne spacery i wiosenne wyjścia,Kolor,Złoty,Rozmiar,39,,,,,,Merseloseweg 62-A,,,,,,,9999
damskie-sneakersy-na-codzienne-spacery-i-wiosenne-wyjscia,Damskie sneakersy na codzienne spacery i wiosenne wyjścia,Kolor,Złoty,Rozmiar,40,,,,,,Merseloseweg 62-A,,,,,,,9999
damskie-sneakersy-na-codzienne-spacery-i-wiosenne-wyjscia,Damskie sneakersy na codzienne spacery i wiosenne wyjścia,Kolor,Złoty,Rozmiar,41,,,,,,Merseloseweg 62-A,,,,,,,9999
damskie-sneakersy-na-codzienne-spacery-i-wiosenne-wyjscia,Damskie sneakersy na codzienne spacery i wiosenne wyjścia,Kolor,Złoty,Rozmiar,42,,,,,,Merseloseweg 62-A,,,,,,,9999
damskie-sneakersy-na-codzienne-spacery-i-wiosenne-wyjscia,Damskie sneakersy na codzienne spacery i wiosenne wyjścia,Kolor,Beżowy,Rozmiar,43,,,,,,Merseloseweg 62-A,,,,,,,9999
damskie-sneakersy-na-codzienne-spacery-i-wiosenne-wyjscia,Damskie sneakersy na codzienne spacery i wiosenne wyjścia,Kolor,Biały,Rozmiar,43,,,,,,Merseloseweg 62-A,,,,,,,9999
damskie-sneakersy-na-codzienne-spacery-i-wiosenne-wyjscia,Damskie sneakersy na codzienne spacery i wiosenne wyjścia,Kolor,Różowy,Rozmiar,43,,,,,,Merseloseweg 62-A,,,,,,,9999
damskie-sneakersy-na-codzienne-spacery-i-wiosenne-wyjscia,Damskie sneakersy na codzienne spacery i wiosenne wyjścia,Kolor,Szary,Rozmiar,43,,,,,,Merseloseweg 62-A,,,,,,,9999
damskie-sneakersy-na-codzienne-spacery-i-wiosenne-wyjscia,Damskie sneakersy na codzienne spacery i wiosenne wyjścia,Kolor,Złoty,Rozmiar,43,,,,,,Merseloseweg 62-A,,,,,,,9999
damskie-wsuwane-polbuty-na-codzienne-wiosenne-dni,Damskie wsuwane półbuty na codzienne wiosenne dni,Kolor,Zielony,Rozmiar,36,,,,,,Merseloseweg 62-A,,,,,,,9999
damskie-wsuwane-polbuty-na-codzienne-wiosenne-dni,Damskie wsuwane półbuty na codzienne wiosenne dni,Kolor,Zielony,Rozmiar,37,,,,,,Merseloseweg 62-A,,,,,,,9999
damskie-wsuwane-polbuty-na-codzienne-wiosenne-dni,Damskie wsuwane półbuty na codzienne wiosenne dni,Kolor,Zielony,Rozmiar,38,,,,,,Merseloseweg 62-A,,,,,,,9999
damskie-wsuwane-polbuty-na-codzienne-wiosenne-dni,Damskie wsuwane półbuty na codzienne wiosenne dni,Kolor,Zielony,Rozmiar,39,,,,,,Merseloseweg 62-A,,,,,,,9999
damskie-wsuwane-polbuty-na-codzienne-wiosenne-dni,Damskie wsuwane półbuty na codzienne wiosenne dni,Kolor,Zielony,Rozmiar,40,,,,,,Merseloseweg 62-A,,,,,,,9999
damskie-wsuwane-polbuty-na-codzienne-wiosenne-dni,Damskie wsuwane półbuty na codzienne wiosenne dni,Kolor,Zielony,Rozmiar,41,,,,,,Merseloseweg 62-A,,,,,,,9999
damskie-wsuwane-polbuty-na-codzienne-wiosenne-dni,Damskie wsuwane półbuty na codzienne wiosenne dni,Kolor,Zielony,Rozmiar,42,,,,,,Merseloseweg 62-A,,,,,,,9999
damskie-wsuwane-polbuty-na-codzienne-wiosenne-dni,Damskie wsuwane półbuty na codzienne wiosenne dni,Kolor,Czarny,Rozmiar,36,,,,,,Merseloseweg 62-A,,,,,,,9999
damskie-wsuwane-polbuty-na-codzienne-wiosenne-dni,Damskie wsuwane półbuty na codzienne wiosenne dni,Kolor,Czarny,Rozmiar,37,,,,,,Merseloseweg 62-A,,,,,,,9999
damskie-wsuwane-polbuty-na-codzienne-wiosenne-dni,Damskie wsuwane półbuty na codzienne wiosenne dni,Kolor,Czarny,Rozmiar,38,,,,,,Merseloseweg 62-A,,,,,,,9999
damskie-wsuwane-polbuty-na-codzienne-wiosenne-dni,Damskie wsuwane półbuty na codzienne wiosenne dni,Kolor,Czarny,Rozmiar,39,,,,,,Merseloseweg 62-A,,,,,,,9999
damskie-wsuwane-polbuty-na-codzienne-wiosenne-dni,Damskie wsuwane półbuty na codzienne wiosenne dni,Kolor,Czarny,Rozmiar,40,,,,,,Merseloseweg 62-A,,,,,,,9999
damskie-wsuwane-polbuty-na-codzienne-wiosenne-dni,Damskie wsuwane półbuty na codzienne wiosenne dni,Kolor,Czarny,Rozmiar,41,,,,,,Merseloseweg 62-A,,,,,,,9999
damskie-wsuwane-polbuty-na-codzienne-wiosenne-dni,Damskie wsuwane półbuty na codzienne wiosenne dni,Kolor,Czarny,Rozmiar,42,,,,,,Merseloseweg 62-A,,,,,,,9999
damskie-wsuwane-polbuty-na-codzienne-wiosenne-dni,Damskie wsuwane półbuty na codzienne wiosenne dni,Kolor,Niebieski,Rozmiar,36,,,,,,Merseloseweg 62-A,,,,,,,9999
damskie-wsuwane-polbuty-na-codzienne-wiosenne-dni,Damskie wsuwane półbuty na codzienne wiosenne dni,Kolor,Niebieski,Rozmiar,37,,,,,,Merseloseweg 62-A,,,,,,,9999
damskie-wsuwane-polbuty-na-codzienne-wiosenne-dni,Damskie wsuwane półbuty na codzienne wiosenne dni,Kolor,Niebieski,Rozmiar,38,,,,,,Merseloseweg 62-A,,,,,,,9999
damskie-wsuwane-polbuty-na-codzienne-wiosenne-dni,Damskie wsuwane półbuty na codzienne wiosenne dni,Kolor,Niebieski,Rozmiar,39,,,,,,Merseloseweg 62-A,,,,,,,9999
damskie-wsuwane-polbuty-na-codzienne-wiosenne-dni,Damskie wsuwane półbuty na codzienne wiosenne dni,Kolor,Niebieski,Rozmiar,40,,,,,,Merseloseweg 62-A,,,,,,,9999
damskie-wsuwane-polbuty-na-codzienne-wiosenne-dni,Damskie wsuwane półbuty na codzienne wiosenne dni,Kolor,Niebieski,Rozmiar,41,,,,,,Merseloseweg 62-A,,,,,,,9999
damskie-wsuwane-polbuty-na-codzienne-wiosenne-dni,Damskie wsuwane półbuty na codzienne wiosenne dni,Kolor,Niebieski,Rozmiar,42,,,,,,Merseloseweg 62-A,,,,,,,9999
damskie-wsuwane-polbuty-na-codzienne-wiosenne-dni,Damskie wsuwane półbuty na codzienne wiosenne dni,Kolor,Czerwony,Rozmiar,36,,,,,,Merseloseweg 62-A,,,,,,,9999
damskie-wsuwane-polbuty-na-codzienne-wiosenne-dni,Damskie wsuwane półbuty na codzienne wiosenne dni,Kolor,Czerwony,Rozmiar,37,,,,,,Merseloseweg 62-A,,,,,,,9999
damskie-wsuwane-polbuty-na-codzienne-wiosenne-dni,Damskie wsuwane półbuty na codzienne wiosenne dni,Kolor,Czerwony,Rozmiar,38,,,,,,Merseloseweg 62-A,,,,,,,9999
damskie-wsuwane-polbuty-na-codzienne-wiosenne-dni,Damskie wsuwane półbuty na codzienne wiosenne dni,Kolor,Czerwony,Rozmiar,39,,,,,,Merseloseweg 62-A,,,,,,,9999
damskie-wsuwane-polbuty-na-codzienne-wiosenne-dni,Damskie wsuwane półbuty na codzienne wiosenne dni,Kolor,Czerwony,Rozmiar,40,,,,,,Merseloseweg 62-A,,,,,,,9999
damskie-wsuwane-polbuty-na-codzienne-wiosenne-dni,Damskie wsuwane półbuty na codzienne wiosenne dni,Kolor,Czerwony,Rozmiar,41,,,,,,Merseloseweg 62-A,,,,,,,9999
damskie-wsuwane-polbuty-na-codzienne-wiosenne-dni,Damskie wsuwane półbuty na codzienne wiosenne dni,Kolor,Czerwony,Rozmiar,42,,,,,,Merseloseweg 62-A,,,,,,,9999
damskie-wsuwane-polbuty-na-codzienne-wiosenne-dni,Damskie wsuwane półbuty na codzienne wiosenne dni,Kolor,Biały,Rozmiar,36,,,,,,Merseloseweg 62-A,,,,,,,9999
damskie-wsuwane-polbuty-na-codzienne-wiosenne-dni,Damskie wsuwane półbuty na codzienne wiosenne dni,Kolor,Biały,Rozmiar,37,,,,,,Merseloseweg 62-A,,,,,,,9999
damskie-wsuwane-polbuty-na-codzienne-wiosenne-dni,Damskie wsuwane półbuty na codzienne wiosenne dni,Kolor,Biały,Rozmiar,38,,,,,,Merseloseweg 62-A,,,,,,,9999
damskie-wsuwane-polbuty-na-codzienne-wiosenne-dni,Damskie wsuwane półbuty na codzienne wiosenne dni,Kolor,Biały,Rozmiar,39,,,,,,Merseloseweg 62-A,,,,,,,9999
damskie-wsuwane-polbuty-na-codzienne-wiosenne-dni,Damskie wsuwane półbuty na codzienne wiosenne dni,Kolor,Biały,Rozmiar,40,,,,,,Merseloseweg 62-A,,,,,,,9999
damskie-wsuwane-polbuty-na-codzienne-wiosenne-dni,Damskie wsuwane półbuty na codzienne wiosenne dni,Kolor,Biały,Rozmiar,41,,,,,,Merseloseweg 62-A,,,,,,,9999
damskie-wsuwane-polbuty-na-codzienne-wiosenne-dni,Damskie wsuwane półbuty na codzienne wiosenne dni,Kolor,Biały,Rozmiar,42,,,,,,Merseloseweg 62-A,,,,,,,9999
damskie-wsuwane-polbuty-na-codzienne-wiosenne-dni,Damskie wsuwane półbuty na codzienne wiosenne dni,Kolor,Zielony,Rozmiar,43,,,,,,Merseloseweg 62-A,,,,,,,9999
damskie-wsuwane-polbuty-na-codzienne-wiosenne-dni,Damskie wsuwane półbuty na codzienne wiosenne dni,Kolor,Czarny,Rozmiar,43,,,,,,Merseloseweg 62-A,,,,,,,9999
damskie-wsuwane-polbuty-na-codzienne-wiosenne-dni,Damskie wsuwane półbuty na codzienne wiosenne dni,Kolor,Niebieski,Rozmiar,43,,,,,,Merseloseweg 62-A,,,,,,,9999
damskie-wsuwane-polbuty-na-codzienne-wiosenne-dni,Damskie wsuwane półbuty na codzienne wiosenne dni,Kolor,Czerwony,Rozmiar,43,,,,,,Merseloseweg 62-A,,,,,,,9999
damskie-wsuwane-polbuty-na-codzienne-wiosenne-dni,Damskie wsuwane półbuty na codzienne wiosenne dni,Kolor,Biały,Rozmiar,43,,,,,,Merseloseweg 62-A,,,,,,,9999
damskie-eleganckie-czolenka-na-wyjatkowe-okazje-i-spotkania,Damskie eleganckie czółenka na wyjątkowe okazje i spotkania,Kolor,Biały,Rozmiar,36,,,,,,Merseloseweg 62-A,,,,,,,9999
damskie-eleganckie-czolenka-na-wyjatkowe-okazje-i-spotkania,Damskie eleganckie czółenka na wyjątkowe okazje i spotkania,Kolor,Biały,Rozmiar,37,,,,,,Merseloseweg 62-A,,,,,,,9999
damskie-eleganckie-czolenka-na-wyjatkowe-okazje-i-spotkania,Damskie eleganckie czółenka na wyjątkowe okazje i spotkania,Kolor,Biały,Rozmiar,38,,,,,,Merseloseweg 62-A,,,,,,,9999
damskie-eleganckie-czolenka-na-wyjatkowe-okazje-i-spotkania,Damskie eleganckie czółenka na wyjątkowe okazje i spotkania,Kolor,Biały,Rozmiar,39,,,,,,Merseloseweg 62-A,,,,,,,9999
damskie-eleganckie-czolenka-na-wyjatkowe-okazje-i-spotkania,Damskie eleganckie czółenka na wyjątkowe okazje i spotkania,Kolor,Biały,Rozmiar,40,,,,,,Merseloseweg 62-A,,,,,,,9999
damskie-eleganckie-czolenka-na-wyjatkowe-okazje-i-spotkania,Damskie eleganckie czółenka na wyjątkowe okazje i spotkania,Kolor,Biały,Rozmiar,41,,,,,,Merseloseweg 62-A,,,,,,,9999
damskie-eleganckie-czolenka-na-wyjatkowe-okazje-i-spotkania,Damskie eleganckie czółenka na wyjątkowe okazje i spotkania,Kolor,Biały,Rozmiar,42,,,,,,Merseloseweg 62-A,,,,,,,9999
damskie-eleganckie-czolenka-na-wyjatkowe-okazje-i-spotkania,Damskie eleganckie czółenka na wyjątkowe okazje i spotkania,Kolor,Czarny,Rozmiar,36,,,,,,Merseloseweg 62-A,,,,,,,9999
damskie-eleganckie-czolenka-na-wyjatkowe-okazje-i-spotkania,Damskie eleganckie czółenka na wyjątkowe okazje i spotkania,Kolor,Czarny,Rozmiar,37,,,,,,Merseloseweg 62-A,,,,,,,9999
damskie-eleganckie-czolenka-na-wyjatkowe-okazje-i-spotkania,Damskie eleganckie czółenka na wyjątkowe okazje i spotkania,Kolor,Czarny,Rozmiar,38,,,,,,Merseloseweg 62-A,,,,,,,9999
damskie-eleganckie-czolenka-na-wyjatkowe-okazje-i-spotkania,Damskie eleganckie czółenka na wyjątkowe okazje i spotkania,Kolor,Czarny,Rozmiar,39,,,,,,Merseloseweg 62-A,,,,,,,9999
damskie-eleganckie-czolenka-na-wyjatkowe-okazje-i-spotkania,Damskie eleganckie czółenka na wyjątkowe okazje i spotkania,Kolor,Czarny,Rozmiar,40,,,,,,Merseloseweg 62-A,,,,,,,9999
damskie-eleganckie-czolenka-na-wyjatkowe-okazje-i-spotkania,Damskie eleganckie czółenka na wyjątkowe okazje i spotkania,Kolor,Czarny,Rozmiar,41,,,,,,Merseloseweg 62-A,,,,,,,9999
damskie-eleganckie-czolenka-na-wyjatkowe-okazje-i-spotkania,Damskie eleganckie czółenka na wyjątkowe okazje i spotkania,Kolor,Czarny,Rozmiar,42,,,,,,Merseloseweg 62-A,,,,,,,9999
damskie-eleganckie-czolenka-na-wyjatkowe-okazje-i-spotkania,Damskie eleganckie czółenka na wyjątkowe okazje i spotkania,Kolor,Beżowy,Rozmiar,36,,,,,,Merseloseweg 62-A,,,,,,,9999
damskie-eleganckie-czolenka-na-wyjatkowe-okazje-i-spotkania,Damskie eleganckie czółenka na wyjątkowe okazje i spotkania,Kolor,Beżowy,Rozmiar,37,,,,,,Merseloseweg 62-A,,,,,,,9999
damskie-eleganckie-czolenka-na-wyjatkowe-okazje-i-spotkania,Damskie eleganckie czółenka na wyjątkowe okazje i spotkania,Kolor,Beżowy,Rozmiar,38,,,,,,Merseloseweg 62-A,,,,,,,9999
damskie-eleganckie-czolenka-na-wyjatkowe-okazje-i-spotkania,Damskie eleganckie czółenka na wyjątkowe okazje i spotkania,Kolor,Beżowy,Rozmiar,39,,,,,,Merseloseweg 62-A,,,,,,,9999
damskie-eleganckie-czolenka-na-wyjatkowe-okazje-i-spotkania,Damskie eleganckie czółenka na wyjątkowe okazje i spotkania,Kolor,Beżowy,Rozmiar,40,,,,,,Merseloseweg 62-A,,,,,,,9999
damskie-eleganckie-czolenka-na-wyjatkowe-okazje-i-spotkania,Damskie eleganckie czółenka na wyjątkowe okazje i spotkania,Kolor,Beżowy,Rozmiar,41,,,,,,Merseloseweg 62-A,,,,,,,9999
damskie-eleganckie-czolenka-na-wyjatkowe-okazje-i-spotkania,Damskie eleganckie czółenka na wyjątkowe okazje i spotkania,Kolor,Beżowy,Rozmiar,42,,,,,,Merseloseweg 62-A,,,,,,,9999
damskie-eleganckie-czolenka-na-wyjatkowe-okazje-i-spotkania,Damskie eleganckie czółenka na wyjątkowe okazje i spotkania,Kolor,Różowy,Rozmiar,36,,,,,,Merseloseweg 62-A,,,,,,,9999
damskie-eleganckie-czolenka-na-wyjatkowe-okazje-i-spotkania,Damskie eleganckie czółenka na wyjątkowe okazje i spotkania,Kolor,Różowy,Rozmiar,37,,,,,,Merseloseweg 62-A,,,,,,,9999
damskie-eleganckie-czolenka-na-wyjatkowe-okazje-i-spotkania,Damskie eleganckie czółenka na wyjątkowe okazje i spotkania,Kolor,Różowy,Rozmiar,38,,,,,,Merseloseweg 62-A,,,,,,,9999
damskie-eleganckie-czolenka-na-wyjatkowe-okazje-i-spotkania,Damskie eleganckie czółenka na wyjątkowe okazje i spotkania,Kolor,Różowy,Rozmiar,39,,,,,,Merseloseweg 62-A,,,,,,,9999
damskie-eleganckie-czolenka-na-wyjatkowe-okazje-i-spotkania,Damskie eleganckie czółenka na wyjątkowe okazje i spotkania,Kolor,Różowy,Rozmiar,40,,,,,,Merseloseweg 62-A,,,,,,,9999
damskie-eleganckie-czolenka-na-wyjatkowe-okazje-i-spotkania,Damskie eleganckie czółenka na wyjątkowe okazje i spotkania,Kolor,Różowy,Rozmiar,41,,,,,,Merseloseweg 62-A,,,,,,,9999
damskie-eleganckie-czolenka-na-wyjatkowe-okazje-i-spotkania,Damskie eleganckie czółenka na wyjątkowe okazje i spotkania,Kolor,Różowy,Rozmiar,42,,,,,,Merseloseweg 62-A,,,,,,,9999
damskie-eleganckie-czolenka-na-wyjatkowe-okazje-i-spotkania,Damskie eleganckie czółenka na wyjątkowe okazje i spotkania,Kolor,Biały,Rozmiar,43,,,,,,Merseloseweg 62-A,,,,,,,9999
damskie-eleganckie-czolenka-na-wyjatkowe-okazje-i-spotkania,Damskie eleganckie czółenka na wyjątkowe okazje i spotkania,Kolor,Czarny,Rozmiar,43,,,,,,Merseloseweg 62-A,,,,,,,9999
damskie-eleganckie-czolenka-na-wyjatkowe-okazje-i-spotkania,Damskie eleganckie czółenka na wyjątkowe okazje i spotkania,Kolor,Beżowy,Rozmiar,43,,,,,,Merseloseweg 62-A,,,,,,,9999
damskie-eleganckie-czolenka-na-wyjatkowe-okazje-i-spotkania,Damskie eleganckie czółenka na wyjątkowe okazje i spotkania,Kolor,Różowy,Rozmiar,43,,,,,,Merseloseweg 62-A,,,,,,,9999
damskie-botki-z-klamrami-na-chlodniejsze-jesienne-dni,Damskie botki z klamrami na chłodniejsze jesienne dni,Kolor,Czarny,Rozmiar,39,,,,,,Merseloseweg 62-A,,,,,,,9999
damskie-botki-z-klamrami-na-chlodniejsze-jesienne-dni,Damskie botki z klamrami na chłodniejsze jesienne dni,Kolor,Czarny,Rozmiar,40,,,,,,Merseloseweg 62-A,,,,,,,9999
damskie-botki-z-klamrami-na-chlodniejsze-jesienne-dni,Damskie botki z klamrami na chłodniejsze jesienne dni,Kolor,Czarny,Rozmiar,41,,,,,,Merseloseweg 62-A,,,,,,,9999
damskie-botki-z-klamrami-na-chlodniejsze-jesienne-dni,Damskie botki z klamrami na chłodniejsze jesienne dni,Kolor,Czarny,Rozmiar,42,,,,,,Merseloseweg 62-A,,,,,,,9999
damskie-botki-z-klamrami-na-chlodniejsze-jesienne-dni,Damskie botki z klamrami na chłodniejsze jesienne dni,Kolor,Czarny,Rozmiar,43,,,,,,Merseloseweg 62-A,,,,,,,9999
damskie-botki-z-klamrami-na-chlodniejsze-jesienne-dni,Damskie botki z klamrami na chłodniejsze jesienne dni,Kolor,Czarny,Rozmiar,44,,,,,,Merseloseweg 62-A,,,,,,,9999
damskie-botki-z-klamrami-na-chlodniejsze-jesienne-dni,Damskie botki z klamrami na chłodniejsze jesienne dni,Kolor,Brązowy,Rozmiar,39,,,,,,Merseloseweg 62-A,,,,,,,9999
damskie-botki-z-klamrami-na-chlodniejsze-jesienne-dni,Damskie botki z klamrami na chłodniejsze jesienne dni,Kolor,Brązowy,Rozmiar,40,,,,,,Merseloseweg 62-A,,,,,,,9999
damskie-botki-z-klamrami-na-chlodniejsze-jesienne-dni,Damskie botki z klamrami na chłodniejsze jesienne dni,Kolor,Brązowy,Rozmiar,41,,,,,,Merseloseweg 62-A,,,,,,,9999
damskie-botki-z-klamrami-na-chlodniejsze-jesienne-dni,Damskie botki z klamrami na chłodniejsze jesienne dni,Kolor,Brązowy,Rozmiar,42,,,,,,Merseloseweg 62-A,,,,,,,9999
damskie-botki-z-klamrami-na-chlodniejsze-jesienne-dni,Damskie botki z klamrami na chłodniejsze jesienne dni,Kolor,Brązowy,Rozmiar,43,,,,,,Merseloseweg 62-A,,,,,,,9999
damskie-botki-z-klamrami-na-chlodniejsze-jesienne-dni,Damskie botki z klamrami na chłodniejsze jesienne dni,Kolor,Brązowy,Rozmiar,44,,,,,,Merseloseweg 62-A,,,,,,,9999
damskie-botki-z-klamrami-na-chlodniejsze-jesienne-dni,Damskie botki z klamrami na chłodniejsze jesienne dni,Kolor,Czarny,Rozmiar,36,,,,,,Merseloseweg 62-A,,,,,,,9999
damskie-botki-z-klamrami-na-chlodniejsze-jesienne-dni,Damskie botki z klamrami na chłodniejsze jesienne dni,Kolor,Czarny,Rozmiar,37,,,,,,Merseloseweg 62-A,,,,,,,9999
damskie-botki-z-klamrami-na-chlodniejsze-jesienne-dni,Damskie botki z klamrami na chłodniejsze jesienne dni,Kolor,Czarny,Rozmiar,38,,,,,,Merseloseweg 62-A,,,,,,,9999
damskie-botki-z-klamrami-na-chlodniejsze-jesienne-dni,Damskie botki z klamrami na chłodniejsze jesienne dni,Kolor,Brązowy,Rozmiar,36,,,,,,Merseloseweg 62-A,,,,,,,9999
damskie-botki-z-klamrami-na-chlodniejsze-jesienne-dni,Damskie botki z klamrami na chłodniejsze jesienne dni,Kolor,Brązowy,Rozmiar,37,,,,,,Merseloseweg 62-A,,,,,,,9999
damskie-botki-z-klamrami-na-chlodniejsze-jesienne-dni,Damskie botki z klamrami na chłodniejsze jesienne dni,Kolor,Brązowy,Rozmiar,38,,,,,,Merseloseweg 62-A,,,,,,,9999
meskie-wysokie-buty-na-jesienne-i-zimowe-dni,Męskie wysokie buty na jesienne i zimowe dni,Kolor,Brązowy,Rozmiar,39,,,,,,Merseloseweg 62-A,,,,,,,9999
meskie-wysokie-buty-na-jesienne-i-zimowe-dni,Męskie wysokie buty na jesienne i zimowe dni,Kolor,Brązowy,Rozmiar,40,,,,,,Merseloseweg 62-A,,,,,,,9999
meskie-wysokie-buty-na-jesienne-i-zimowe-dni,Męskie wysokie buty na jesienne i zimowe dni,Kolor,Brązowy,Rozmiar,41,,,,,,Merseloseweg 62-A,,,,,,,9999
meskie-wysokie-buty-na-jesienne-i-zimowe-dni,Męskie wysokie buty na jesienne i zimowe dni,Kolor,Brązowy,Rozmiar,42,,,,,,Merseloseweg 62-A,,,,,,,9999
meskie-wysokie-buty-na-jesienne-i-zimowe-dni,Męskie wysokie buty na jesienne i zimowe dni,Kolor,Brązowy,Rozmiar,43,,,,,,Merseloseweg 62-A,,,,,,,9999
meskie-wysokie-buty-na-jesienne-i-zimowe-dni,Męskie wysokie buty na jesienne i zimowe dni,Kolor,Brązowy,Rozmiar,44,,,,,,Merseloseweg 62-A,,,,,,,9999
meskie-wysokie-buty-na-jesienne-i-zimowe-dni,Męskie wysokie buty na jesienne i zimowe dni,Kolor,Czarny,Rozmiar,39,,,,,,Merseloseweg 62-A,,,,,,,9999
meskie-wysokie-buty-na-jesienne-i-zimowe-dni,Męskie wysokie buty na jesienne i zimowe dni,Kolor,Czarny,Rozmiar,40,,,,,,Merseloseweg 62-A,,,,,,,9999
meskie-wysokie-buty-na-jesienne-i-zimowe-dni,Męskie wysokie buty na jesienne i zimowe dni,Kolor,Czarny,Rozmiar,41,,,,,,Merseloseweg 62-A,,,,,,,9999
meskie-wysokie-buty-na-jesienne-i-zimowe-dni,Męskie wysokie buty na jesienne i zimowe dni,Kolor,Czarny,Rozmiar,42,,,,,,Merseloseweg 62-A,,,,,,,9999
meskie-wysokie-buty-na-jesienne-i-zimowe-dni,Męskie wysokie buty na jesienne i zimowe dni,Kolor,Czarny,Rozmiar,43,,,,,,Merseloseweg 62-A,,,,,,,9999
meskie-wysokie-buty-na-jesienne-i-zimowe-dni,Męskie wysokie buty na jesienne i zimowe dni,Kolor,Czarny,Rozmiar,44,,,,,,Merseloseweg 62-A,,,,,,,9999
meskie-wysokie-buty-na-jesienne-i-zimowe-dni,Męskie wysokie buty na jesienne i zimowe dni,Kolor,Brązowy,Rozmiar,45,,,,,,Merseloseweg 62-A,,,,,,,9999
meskie-wysokie-buty-na-jesienne-i-zimowe-dni,Męskie wysokie buty na jesienne i zimowe dni,Kolor,Brązowy,Rozmiar,46,,,,,,Merseloseweg 62-A,,,,,,,9999
meskie-wysokie-buty-na-jesienne-i-zimowe-dni,Męskie wysokie buty na jesienne i zimowe dni,Kolor,Czarny,Rozmiar,45,,,,,,Merseloseweg 62-A,,,,,,,9999
meskie-wysokie-buty-na-jesienne-i-zimowe-dni,Męskie wysokie buty na jesienne i zimowe dni,Kolor,Czarny,Rozmiar,46,,,,,,Merseloseweg 62-A,,,,,,,9999
damskie-obuwie-na-rozne-okazje,Damskie obuwie na różne okazje,Kolor,Szary,Rozmiar,39,,,,,,Merseloseweg 62-A,,,,,,,9999
damskie-obuwie-na-rozne-okazje,Damskie obuwie na różne okazje,Kolor,Szary,Rozmiar,40,,,,,,Merseloseweg 62-A,,,,,,,9999
damskie-obuwie-na-rozne-okazje,Damskie obuwie na różne okazje,Kolor,Szary,Rozmiar,41,,,,,,Merseloseweg 62-A,,,,,,,9999
damskie-obuwie-na-rozne-okazje,Damskie obuwie na różne okazje,Kolor,Szary,Rozmiar,42,,,,,,Merseloseweg 62-A,,,,,,,9999
damskie-obuwie-na-rozne-okazje,Damskie obuwie na różne okazje,Kolor,Szary,Rozmiar,43,,,,,,Merseloseweg 62-A,,,,,,,9999
damskie-obuwie-na-rozne-okazje,Damskie obuwie na różne okazje,Kolor,Szary,Rozmiar,44,,,,,,Merseloseweg 62-A,,,,,,,9999
damskie-obuwie-na-rozne-okazje,Damskie obuwie na różne okazje,Kolor,Czarny,Rozmiar,39,,,,,,Merseloseweg 62-A,,,,,,,9999
damskie-obuwie-na-rozne-okazje,Damskie obuwie na różne okazje,Kolor,Czarny,Rozmiar,40,,,,,,Merseloseweg 62-A,,,,,,,9999
damskie-obuwie-na-rozne-okazje,Damskie obuwie na różne okazje,Kolor,Czarny,Rozmiar,41,,,,,,Merseloseweg 62-A,,,,,,,9999
damskie-obuwie-na-rozne-okazje,Damskie obuwie na różne okazje,Kolor,Czarny,Rozmiar,42,,,,,,Merseloseweg 62-A,,,,,,,9999
damskie-obuwie-na-rozne-okazje,Damskie obuwie na różne okazje,Kolor,Czarny,Rozmiar,43,,,,,,Merseloseweg 62-A,,,,,,,9999
damskie-obuwie-na-rozne-okazje,Damskie obuwie na różne okazje,Kolor,Czarny,Rozmiar,44,,,,,,Merseloseweg 62-A,,,,,,,9999
damskie-obuwie-na-rozne-okazje,Damskie obuwie na różne okazje,Kolor,Beżowy,Rozmiar,39,,,,,,Merseloseweg 62-A,,,,,,,9999
damskie-obuwie-na-rozne-okazje,Damskie obuwie na różne okazje,Kolor,Beżowy,Rozmiar,40,,,,,,Merseloseweg 62-A,,,,,,,9999
damskie-obuwie-na-rozne-okazje,Damskie obuwie na różne okazje,Kolor,Beżowy,Rozmiar,41,,,,,,Merseloseweg 62-A,,,,,,,9999
damskie-obuwie-na-rozne-okazje,Damskie obuwie na różne okazje,Kolor,Beżowy,Rozmiar,42,,,,,,Merseloseweg 62-A,,,,,,,9999
damskie-obuwie-na-rozne-okazje,Damskie obuwie na różne okazje,Kolor,Beżowy,Rozmiar,43,,,,,,Merseloseweg 62-A,,,,,,,9999
damskie-obuwie-na-rozne-okazje,Damskie obuwie na różne okazje,Kolor,Beżowy,Rozmiar,44,,,,,,Merseloseweg 62-A,,,,,,,9999
damskie-obuwie-na-rozne-okazje,Damskie obuwie na różne okazje,Kolor,Niebieski,Rozmiar,39,,,,,,Merseloseweg 62-A,,,,,,,9999
damskie-obuwie-na-rozne-okazje,Damskie obuwie na różne okazje,Kolor,Niebieski,Rozmiar,40,,,,,,Merseloseweg 62-A,,,,,,,9999
damskie-obuwie-na-rozne-okazje,Damskie obuwie na różne okazje,Kolor,Niebieski,Rozmiar,41,,,,,,Merseloseweg 62-A,,,,,,,9999
damskie-obuwie-na-rozne-okazje,Damskie obuwie na różne okazje,Kolor,Niebieski,Rozmiar,42,,,,,,Merseloseweg 62-A,,,,,,,9999
damskie-obuwie-na-rozne-okazje,Damskie obuwie na różne okazje,Kolor,Niebieski,Rozmiar,43,,,,,,Merseloseweg 62-A,,,,,,,9999
damskie-obuwie-na-rozne-okazje,Damskie obuwie na różne okazje,Kolor,Niebieski,Rozmiar,44,,,,,,Merseloseweg 62-A,,,,,,,9999
damskie-obuwie-na-rozne-okazje,Damskie obuwie na różne okazje,Kolor,Szary,Rozmiar,36,,,,,,Merseloseweg 62-A,,,,,,,9999
damskie-obuwie-na-rozne-okazje,Damskie obuwie na różne okazje,Kolor,Szary,Rozmiar,37,,,,,,Merseloseweg 62-A,,,,,,,9999
damskie-obuwie-na-rozne-okazje,Damskie obuwie na różne okazje,Kolor,Szary,Rozmiar,38,,,,,,Merseloseweg 62-A,,,,,,,9999
damskie-obuwie-na-rozne-okazje,Damskie obuwie na różne okazje,Kolor,Czarny,Rozmiar,36,,,,,,Merseloseweg 62-A,,,,,,,9999
damskie-obuwie-na-rozne-okazje,Damskie obuwie na różne okazje,Kolor,Czarny,Rozmiar,37,,,,,,Merseloseweg 62-A,,,,,,,9999
damskie-obuwie-na-rozne-okazje,Damskie obuwie na różne okazje,Kolor,Czarny,Rozmiar,38,,,,,,Merseloseweg 62-A,,,,,,,9999
damskie-obuwie-na-rozne-okazje,Damskie obuwie na różne okazje,Kolor,Beżowy,Rozmiar,36,,,,,,Merseloseweg 62-A,,,,,,,9999
damskie-obuwie-na-rozne-okazje,Damskie obuwie na różne okazje,Kolor,Beżowy,Rozmiar,37,,,,,,Merseloseweg 62-A,,,,,,,9999
damskie-obuwie-na-rozne-okazje,Damskie obuwie na różne okazje,Kolor,Beżowy,Rozmiar,38,,,,,,Merseloseweg 62-A,,,,,,,9999
damskie-obuwie-na-rozne-okazje,Damskie obuwie na różne okazje,Kolor,Niebieski,Rozmiar,36,,,,,,Merseloseweg 62-A,,,,,,,9999
damskie-obuwie-na-rozne-okazje,Damskie obuwie na różne okazje,Kolor,Niebieski,Rozmiar,37,,,,,,Merseloseweg 62-A,,,,,,,9999
damskie-obuwie-na-rozne-okazje,Damskie obuwie na różne okazje,Kolor,Niebieski,Rozmiar,38,,,,,,Merseloseweg 62-A,,,,,,,9999
kozaki-za-kostke-w-klasycznym-stylu,Kozaki za kostkę w klasycznym stylu,Kolor,Brązowy,Rozmiar,36,,,,,,Merseloseweg 62-A,,,,,,,9999
kozaki-za-kostke-w-klasycznym-stylu,Kozaki za kostkę w klasycznym stylu,Kolor,Brązowy,Rozmiar,37,,,,,,Merseloseweg 62-A,,,,,,,9999
kozaki-za-kostke-w-klasycznym-stylu,Kozaki za kostkę w klasycznym stylu,Kolor,Brązowy,Rozmiar,38,,,,,,Merseloseweg 62-A,,,,,,,9999
kozaki-za-kostke-w-klasycznym-stylu,Kozaki za kostkę w klasycznym stylu,Kolor,Brązowy,Rozmiar,39,,,,,,Merseloseweg 62-A,,,,,,,9999
kozaki-za-kostke-w-klasycznym-stylu,Kozaki za kostkę w klasycznym stylu,Kolor,Brązowy,Rozmiar,40,,,,,,Merseloseweg 62-A,,,,,,,9999
kozaki-za-kostke-w-klasycznym-stylu,Kozaki za kostkę w klasycznym stylu,Kolor,Brązowy,Rozmiar,41,,,,,,Merseloseweg 62-A,,,,,,,9999
kozaki-za-kostke-w-klasycznym-stylu,Kozaki za kostkę w klasycznym stylu,Kolor,Brązowy,Rozmiar,42,,,,,,Merseloseweg 62-A,,,,,,,9999
kozaki-za-kostke-w-klasycznym-stylu,Kozaki za kostkę w klasycznym stylu,Kolor,Ciemnobrązowy,Rozmiar,36,,,,,,Merseloseweg 62-A,,,,,,,9999
kozaki-za-kostke-w-klasycznym-stylu,Kozaki za kostkę w klasycznym stylu,Kolor,Ciemnobrązowy,Rozmiar,37,,,,,,Merseloseweg 62-A,,,,,,,9999
kozaki-za-kostke-w-klasycznym-stylu,Kozaki za kostkę w klasycznym stylu,Kolor,Ciemnobrązowy,Rozmiar,38,,,,,,Merseloseweg 62-A,,,,,,,9999
kozaki-za-kostke-w-klasycznym-stylu,Kozaki za kostkę w klasycznym stylu,Kolor,Ciemnobrązowy,Rozmiar,39,,,,,,Merseloseweg 62-A,,,,,,,9999
kozaki-za-kostke-w-klasycznym-stylu,Kozaki za kostkę w klasycznym stylu,Kolor,Ciemnobrązowy,Rozmiar,40,,,,,,Merseloseweg 62-A,,,,,,,9999
kozaki-za-kostke-w-klasycznym-stylu,Kozaki za kostkę w klasycznym stylu,Kolor,Ciemnobrązowy,Rozmiar,41,,,,,,Merseloseweg 62-A,,,,,,,9999
kozaki-za-kostke-w-klasycznym-stylu,Kozaki za kostkę w klasycznym stylu,Kolor,Ciemnobrązowy,Rozmiar,42,,,,,,Merseloseweg 62-A,,,,,,,9999
kozaki-za-kostke-w-klasycznym-stylu,Kozaki za kostkę w klasycznym stylu,Kolor,Czarny,Rozmiar,36,,,,,,Merseloseweg 62-A,,,,,,,9999
kozaki-za-kostke-w-klasycznym-stylu,Kozaki za kostkę w klasycznym stylu,Kolor,Czarny,Rozmiar,37,,,,,,Merseloseweg 62-A,,,,,,,9999
kozaki-za-kostke-w-klasycznym-stylu,Kozaki za kostkę w klasycznym stylu,Kolor,Czarny,Rozmiar,38,,,,,,Merseloseweg 62-A,,,,,,,9999
kozaki-za-kostke-w-klasycznym-stylu,Kozaki za kostkę w klasycznym stylu,Kolor,Czarny,Rozmiar,39,,,,,,Merseloseweg 62-A,,,,,,,9999
kozaki-za-kostke-w-klasycznym-stylu,Kozaki za kostkę w klasycznym stylu,Kolor,Czarny,Rozmiar,40,,,,,,Merseloseweg 62-A,,,,,,,9999
kozaki-za-kostke-w-klasycznym-stylu,Kozaki za kostkę w klasycznym stylu,Kolor,Czarny,Rozmiar,41,,,,,,Merseloseweg 62-A,,,,,,,9999
kozaki-za-kostke-w-klasycznym-stylu,Kozaki za kostkę w klasycznym stylu,Kolor,Czarny,Rozmiar,42,,,,,,Merseloseweg 62-A,,,,,,,9999
kozaki-za-kostke-w-klasycznym-stylu,Kozaki za kostkę w klasycznym stylu,Kolor,Brązowy,Rozmiar,43,,,,,,Merseloseweg 62-A,,,,,,,9999
kozaki-za-kostke-w-klasycznym-stylu,Kozaki za kostkę w klasycznym stylu,Kolor,Ciemnobrązowy,Rozmiar,43,,,,,,Merseloseweg 62-A,,,,,,,9999
kozaki-za-kostke-w-klasycznym-stylu,Kozaki za kostkę w klasycznym stylu,Kolor,Czarny,Rozmiar,43,,,,,,Merseloseweg 62-A,,,,,,,9999
buty-za-kostke-na-chlodniejsze-dni,Buty za kostkę na chłodniejsze dni,Kolor,Czarny,Rozmiar,39,,,,,,Merseloseweg 62-A,,,,,,,9999
buty-za-kostke-na-chlodniejsze-dni,Buty za kostkę na chłodniejsze dni,Kolor,Czarny,Rozmiar,40,,,,,,Merseloseweg 62-A,,,,,,,9999
buty-za-kostke-na-chlodniejsze-dni,Buty za kostkę na chłodniejsze dni,Kolor,Czarny,Rozmiar,41,,,,,,Merseloseweg 62-A,,,,,,,9999
buty-za-kostke-na-chlodniejsze-dni,Buty za kostkę na chłodniejsze dni,Kolor,Czarny,Rozmiar,42,,,,,,Merseloseweg 62-A,,,,,,,9999
buty-za-kostke-na-chlodniejsze-dni,Buty za kostkę na chłodniejsze dni,Kolor,Czarny,Rozmiar,43,,,,,,Merseloseweg 62-A,,,,,,,9999
buty-za-kostke-na-chlodniejsze-dni,Buty za kostkę na chłodniejsze dni,Kolor,Czarny,Rozmiar,44,,,,,,Merseloseweg 62-A,,,,,,,9999
buty-za-kostke-na-chlodniejsze-dni,Buty za kostkę na chłodniejsze dni,Kolor,Brązowy,Rozmiar,39,,,,,,Merseloseweg 62-A,,,,,,,9999
buty-za-kostke-na-chlodniejsze-dni,Buty za kostkę na chłodniejsze dni,Kolor,Brązowy,Rozmiar,40,,,,,,Merseloseweg 62-A,,,,,,,9999
buty-za-kostke-na-chlodniejsze-dni,Buty za kostkę na chłodniejsze dni,Kolor,Brązowy,Rozmiar,41,,,,,,Merseloseweg 62-A,,,,,,,9999
buty-za-kostke-na-chlodniejsze-dni,Buty za kostkę na chłodniejsze dni,Kolor,Brązowy,Rozmiar,42,,,,,,Merseloseweg 62-A,,,,,,,9999
buty-za-kostke-na-chlodniejsze-dni,Buty za kostkę na chłodniejsze dni,Kolor,Brązowy,Rozmiar,43,,,,,,Merseloseweg 62-A,,,,,,,9999
buty-za-kostke-na-chlodniejsze-dni,Buty za kostkę na chłodniejsze dni,Kolor,Brązowy,Rozmiar,44,,,,,,Merseloseweg 62-A,,,,,,,9999
buty-za-kostke-na-chlodniejsze-dni,Buty za kostkę na chłodniejsze dni,Kolor,Biały,Rozmiar,39,,,,,,Merseloseweg 62-A,,,,,,,9999
buty-za-kostke-na-chlodniejsze-dni,Buty za kostkę na chłodniejsze dni,Kolor,Biały,Rozmiar,40,,,,,,Merseloseweg 62-A,,,,,,,9999
buty-za-kostke-na-chlodniejsze-dni,Buty za kostkę na chłodniejsze dni,Kolor,Biały,Rozmiar,41,,,,,,Merseloseweg 62-A,,,,,,,9999
buty-za-kostke-na-chlodniejsze-dni,Buty za kostkę na chłodniejsze dni,Kolor,Biały,Rozmiar,42,,,,,,Merseloseweg 62-A,,,,,,,9999
buty-za-kostke-na-chlodniejsze-dni,Buty za kostkę na chłodniejsze dni,Kolor,Biały,Rozmiar,43,,,,,,Merseloseweg 62-A,,,,,,,9999
buty-za-kostke-na-chlodniejsze-dni,Buty za kostkę na chłodniejsze dni,Kolor,Biały,Rozmiar,44,,,,,,Merseloseweg 62-A,,,,,,,9999
buty-za-kostke-na-chlodniejsze-dni,Buty za kostkę na chłodniejsze dni,Kolor,Khaki,Rozmiar,39,,,,,,Merseloseweg 62-A,,,,,,,9999
buty-za-kostke-na-chlodniejsze-dni,Buty za kostkę na chłodniejsze dni,Kolor,Khaki,Rozmiar,40,,,,,,Merseloseweg 62-A,,,,,,,9999
buty-za-kostke-na-chlodniejsze-dni,Buty za kostkę na chłodniejsze dni,Kolor,Khaki,Rozmiar,41,,,,,,Merseloseweg 62-A,,,,,,,9999
buty-za-kostke-na-chlodniejsze-dni,Buty za kostkę na chłodniejsze dni,Kolor,Khaki,Rozmiar,42,,,,,,Merseloseweg 62-A,,,,,,,9999
buty-za-kostke-na-chlodniejsze-dni,Buty za kostkę na chłodniejsze dni,Kolor,Khaki,Rozmiar,43,,,,,,Merseloseweg 62-A,,,,,,,9999
buty-za-kostke-na-chlodniejsze-dni,Buty za kostkę na chłodniejsze dni,Kolor,Khaki,Rozmiar,44,,,,,,Merseloseweg 62-A,,,,,,,9999
buty-za-kostke-na-chlodniejsze-dni,Buty za kostkę na chłodniejsze dni,Kolor,Niebieski,Rozmiar,39,,,,,,Merseloseweg 62-A,,,,,,,9999
buty-za-kostke-na-chlodniejsze-dni,Buty za kostkę na chłodniejsze dni,Kolor,Niebieski,Rozmiar,40,,,,,,Merseloseweg 62-A,,,,,,,9999
buty-za-kostke-na-chlodniejsze-dni,Buty za kostkę na chłodniejsze dni,Kolor,Niebieski,Rozmiar,41,,,,,,Merseloseweg 62-A,,,,,,,9999
buty-za-kostke-na-chlodniejsze-dni,Buty za kostkę na chłodniejsze dni,Kolor,Niebieski,Rozmiar,42,,,,,,Merseloseweg 62-A,,,,,,,9999
buty-za-kostke-na-chlodniejsze-dni,Buty za kostkę na chłodniejsze dni,Kolor,Niebieski,Rozmiar,43,,,,,,Merseloseweg 62-A,,,,,,,9999
buty-za-kostke-na-chlodniejsze-dni,Buty za kostkę na chłodniejsze dni,Kolor,Niebieski,Rozmiar,44,,,,,,Merseloseweg 62-A,,,,,,,9999
buty-za-kostke-na-chlodniejsze-dni,Buty za kostkę na chłodniejsze dni,Kolor,Czarny,Rozmiar,45,,,,,,Merseloseweg 62-A,,,,,,,9999
buty-za-kostke-na-chlodniejsze-dni,Buty za kostkę na chłodniejsze dni,Kolor,Czarny,Rozmiar,46,,,,,,Merseloseweg 62-A,,,,,,,9999
buty-za-kostke-na-chlodniejsze-dni,Buty za kostkę na chłodniejsze dni,Kolor,Brązowy,Rozmiar,45,,,,,,Merseloseweg 62-A,,,,,,,9999
buty-za-kostke-na-chlodniejsze-dni,Buty za kostkę na chłodniejsze dni,Kolor,Brązowy,Rozmiar,46,,,,,,Merseloseweg 62-A,,,,,,,9999
buty-za-kostke-na-chlodniejsze-dni,Buty za kostkę na chłodniejsze dni,Kolor,Biały,Rozmiar,45,,,,,,Merseloseweg 62-A,,,,,,,9999
buty-za-kostke-na-chlodniejsze-dni,Buty za kostkę na chłodniejsze dni,Kolor,Biały,Rozmiar,46,,,,,,Merseloseweg 62-A,,,,,,,9999
buty-za-kostke-na-chlodniejsze-dni,Buty za kostkę na chłodniejsze dni,Kolor,Khaki,Rozmiar,45,,,,,,Merseloseweg 62-A,,,,,,,9999
buty-za-kostke-na-chlodniejsze-dni,Buty za kostkę na chłodniejsze dni,Kolor,Khaki,Rozmiar,46,,,,,,Merseloseweg 62-A,,,,,,,9999
buty-za-kostke-na-chlodniejsze-dni,Buty za kostkę na chłodniejsze dni,Kolor,Niebieski,Rozmiar,45,,,,,,Merseloseweg 62-A,,,,,,,9999
buty-za-kostke-na-chlodniejsze-dni,Buty za kostkę na chłodniejsze dni,Kolor,Niebieski,Rozmiar,46,,,,,,Merseloseweg 62-A,,,,,,,9999
meskie-wysokie-buty-na-co-dzien,Męskie wysokie buty na co dzień,Kolor,Biały,Rozmiar,39,,,,,,Merseloseweg 62-A,,,,,,,9999
meskie-wysokie-buty-na-co-dzien,Męskie wysokie buty na co dzień,Kolor,Biały,Rozmiar,40,,,,,,Merseloseweg 62-A,,,,,,,9999
meskie-wysokie-buty-na-co-dzien,Męskie wysokie buty na co dzień,Kolor,Biały,Rozmiar,41,,,,,,Merseloseweg 62-A,,,,,,,9999
meskie-wysokie-buty-na-co-dzien,Męskie wysokie buty na co dzień,Kolor,Biały,Rozmiar,42,,,,,,Merseloseweg 62-A,,,,,,,9999
meskie-wysokie-buty-na-co-dzien,Męskie wysokie buty na co dzień,Kolor,Biały,Rozmiar,43,,,,,,Merseloseweg 62-A,,,,,,,9999
meskie-wysokie-buty-na-co-dzien,Męskie wysokie buty na co dzień,Kolor,Biały,Rozmiar,44,,,,,,Merseloseweg 62-A,,,,,,,9999
meskie-wysokie-buty-na-co-dzien,Męskie wysokie buty na co dzień,Kolor,Czarny,Rozmiar,39,,,,,,Merseloseweg 62-A,,,,,,,9999
meskie-wysokie-buty-na-co-dzien,Męskie wysokie buty na co dzień,Kolor,Czarny,Rozmiar,40,,,,,,Merseloseweg 62-A,,,,,,,9999
meskie-wysokie-buty-na-co-dzien,Męskie wysokie buty na co dzień,Kolor,Czarny,Rozmiar,41,,,,,,Merseloseweg 62-A,,,,,,,9999
meskie-wysokie-buty-na-co-dzien,Męskie wysokie buty na co dzień,Kolor,Czarny,Rozmiar,42,,,,,,Merseloseweg 62-A,,,,,,,9999
meskie-wysokie-buty-na-co-dzien,Męskie wysokie buty na co dzień,Kolor,Czarny,Rozmiar,43,,,,,,Merseloseweg 62-A,,,,,,,9999
meskie-wysokie-buty-na-co-dzien,Męskie wysokie buty na co dzień,Kolor,Czarny,Rozmiar,44,,,,,,Merseloseweg 62-A,,,,,,,9999
meskie-wysokie-buty-na-co-dzien,Męskie wysokie buty na co dzień,Kolor,Biały,Rozmiar,45,,,,,,Merseloseweg 62-A,,,,,,,9999
meskie-wysokie-buty-na-co-dzien,Męskie wysokie buty na co dzień,Kolor,Biały,Rozmiar,46,,,,,,Merseloseweg 62-A,,,,,,,9999
meskie-wysokie-buty-na-co-dzien,Męskie wysokie buty na co dzień,Kolor,Czarny,Rozmiar,45,,,,,,Merseloseweg 62-A,,,,,,,9999
meskie-wysokie-buty-na-co-dzien,Męskie wysokie buty na co dzień,Kolor,Czarny,Rozmiar,46,,,,,,Merseloseweg 62-A,,,,,,,9999
damskie-botki-na-chlodniejsze-pory-roku,Damskie botki na chłodniejsze pory roku,Kolor,Khaki,Rozmiar,36,,,,,,Merseloseweg 62-A,,,,,,,9999
damskie-botki-na-chlodniejsze-pory-roku,Damskie botki na chłodniejsze pory roku,Kolor,Khaki,Rozmiar,37,,,,,,Merseloseweg 62-A,,,,,,,9999
damskie-botki-na-chlodniejsze-pory-roku,Damskie botki na chłodniejsze pory roku,Kolor,Khaki,Rozmiar,38,,,,,,Merseloseweg 62-A,,,,,,,9999
damskie-botki-na-chlodniejsze-pory-roku,Damskie botki na chłodniejsze pory roku,Kolor,Khaki,Rozmiar,39,,,,,,Merseloseweg 62-A,,,,,,,9999
damskie-botki-na-chlodniejsze-pory-roku,Damskie botki na chłodniejsze pory roku,Kolor,Khaki,Rozmiar,40,,,,,,Merseloseweg 62-A,,,,,,,9999
damskie-botki-na-chlodniejsze-pory-roku,Damskie botki na chłodniejsze pory roku,Kolor,Khaki,Rozmiar,41,,,,,,Merseloseweg 62-A,,,,,,,9999
damskie-botki-na-chlodniejsze-pory-roku,Damskie botki na chłodniejsze pory roku,Kolor,Khaki,Rozmiar,42,,,,,,Merseloseweg 62-A,,,,,,,9999
damskie-botki-na-chlodniejsze-pory-roku,Damskie botki na chłodniejsze pory roku,Kolor,Czarny,Rozmiar,36,,,,,,Merseloseweg 62-A,,,,,,,9999
damskie-botki-na-chlodniejsze-pory-roku,Damskie botki na chłodniejsze pory roku,Kolor,Czarny,Rozmiar,37,,,,,,Merseloseweg 62-A,,,,,,,9999
damskie-botki-na-chlodniejsze-pory-roku,Damskie botki na chłodniejsze pory roku,Kolor,Czarny,Rozmiar,38,,,,,,Merseloseweg 62-A,,,,,,,9999
damskie-botki-na-chlodniejsze-pory-roku,Damskie botki na chłodniejsze pory roku,Kolor,Czarny,Rozmiar,39,,,,,,Merseloseweg 62-A,,,,,,,9999
damskie-botki-na-chlodniejsze-pory-roku,Damskie botki na chłodniejsze pory roku,Kolor,Czarny,Rozmiar,40,,,,,,Merseloseweg 62-A,,,,,,,9999
damskie-botki-na-chlodniejsze-pory-roku,Damskie botki na chłodniejsze pory roku,Kolor,Czarny,Rozmiar,41,,,,,,Merseloseweg 62-A,,,,,,,9999
damskie-botki-na-chlodniejsze-pory-roku,Damskie botki na chłodniejsze pory roku,Kolor,Czarny,Rozmiar,42,,,,,,Merseloseweg 62-A,,,,,,,9999
damskie-botki-na-chlodniejsze-pory-roku,Damskie botki na chłodniejsze pory roku,Kolor,Kawa,Rozmiar,36,,,,,,Merseloseweg 62-A,,,,,,,9999
damskie-botki-na-chlodniejsze-pory-roku,Damskie botki na chłodniejsze pory roku,Kolor,Kawa,Rozmiar,37,,,,,,Merseloseweg 62-A,,,,,,,9999
damskie-botki-na-chlodniejsze-pory-roku,Damskie botki na chłodniejsze pory roku,Kolor,Kawa,Rozmiar,38,,,,,,Merseloseweg 62-A,,,,,,,9999
damskie-botki-na-chlodniejsze-pory-roku,Damskie botki na chłodniejsze pory roku,Kolor,Kawa,Rozmiar,39,,,,,,Merseloseweg 62-A,,,,,,,9999
damskie-botki-na-chlodniejsze-pory-roku,Damskie botki na chłodniejsze pory roku,Kolor,Kawa,Rozmiar,40,,,,,,Merseloseweg 62-A,,,,,,,9999
damskie-botki-na-chlodniejsze-pory-roku,Damskie botki na chłodniejsze pory roku,Kolor,Kawa,Rozmiar,41,,,,,,Merseloseweg 62-A,,,,,,,9999
damskie-botki-na-chlodniejsze-pory-roku,Damskie botki na chłodniejsze pory roku,Kolor,Kawa,Rozmiar,42,,,,,,Merseloseweg 62-A,,,,,,,9999
damskie-botki-na-chlodniejsze-pory-roku,Damskie botki na chłodniejsze pory roku,Kolor,Khaki,Rozmiar,43,,,,,,Merseloseweg 62-A,,,,,,,9999
damskie-botki-na-chlodniejsze-pory-roku,Damskie botki na chłodniejsze pory roku,Kolor,Czarny,Rozmiar,43,,,,,,Merseloseweg 62-A,,,,,,,9999
damskie-botki-na-chlodniejsze-pory-roku,Damskie botki na chłodniejsze pory roku,Kolor,Kawa,Rozmiar,43,,,,,,Merseloseweg 62-A,,,,,,,9999
meskie-sznurowane-obuwie-na-rozne-okazje,Męskie sznurowane obuwie na różne okazje,Kolor,Granatowy,Rozmiar,39,,,,,,Merseloseweg 62-A,,,,,,,9999
meskie-sznurowane-obuwie-na-rozne-okazje,Męskie sznurowane obuwie na różne okazje,Kolor,Granatowy,Rozmiar,40,,,,,,Merseloseweg 62-A,,,,,,,9999
meskie-sznurowane-obuwie-na-rozne-okazje,Męskie sznurowane obuwie na różne okazje,Kolor,Granatowy,Rozmiar,41,,,,,,Merseloseweg 62-A,,,,,,,9999
meskie-sznurowane-obuwie-na-rozne-okazje,Męskie sznurowane obuwie na różne okazje,Kolor,Granatowy,Rozmiar,42,,,,,,Merseloseweg 62-A,,,,,,,9999
meskie-sznurowane-obuwie-na-rozne-okazje,Męskie sznurowane obuwie na różne okazje,Kolor,Granatowy,Rozmiar,43,,,,,,Merseloseweg 62-A,,,,,,,9999
meskie-sznurowane-obuwie-na-rozne-okazje,Męskie sznurowane obuwie na różne okazje,Kolor,Granatowy,Rozmiar,44,,,,,,Merseloseweg 62-A,,,,,,,9999
meskie-sznurowane-obuwie-na-rozne-okazje,Męskie sznurowane obuwie na różne okazje,Kolor,Czarny,Rozmiar,39,,,,,,Merseloseweg 62-A,,,,,,,9999
meskie-sznurowane-obuwie-na-rozne-okazje,Męskie sznurowane obuwie na różne okazje,Kolor,Czarny,Rozmiar,40,,,,,,Merseloseweg 62-A,,,,,,,9999
meskie-sznurowane-obuwie-na-rozne-okazje,Męskie sznurowane obuwie na różne okazje,Kolor,Czarny,Rozmiar,41,,,,,,Merseloseweg 62-A,,,,,,,9999
meskie-sznurowane-obuwie-na-rozne-okazje,Męskie sznurowane obuwie na różne okazje,Kolor,Czarny,Rozmiar,42,,,,,,Merseloseweg 62-A,,,,,,,9999
meskie-sznurowane-obuwie-na-rozne-okazje,Męskie sznurowane obuwie na różne okazje,Kolor,Czarny,Rozmiar,43,,,,,,Merseloseweg 62-A,,,,,,,9999
meskie-sznurowane-obuwie-na-rozne-okazje,Męskie sznurowane obuwie na różne okazje,Kolor,Czarny,Rozmiar,44,,,,,,Merseloseweg 62-A,,,,,,,9999
meskie-sznurowane-obuwie-na-rozne-okazje,Męskie sznurowane obuwie na różne okazje,Kolor,Brązowy,Rozmiar,39,,,,,,Merseloseweg 62-A,,,,,,,9999
meskie-sznurowane-obuwie-na-rozne-okazje,Męskie sznurowane obuwie na różne okazje,Kolor,Brązowy,Rozmiar,40,,,,,,Merseloseweg 62-A,,,,,,,9999
meskie-sznurowane-obuwie-na-rozne-okazje,Męskie sznurowane obuwie na różne okazje,Kolor,Brązowy,Rozmiar,41,,,,,,Merseloseweg 62-A,,,,,,,9999
meskie-sznurowane-obuwie-na-rozne-okazje,Męskie sznurowane obuwie na różne okazje,Kolor,Brązowy,Rozmiar,42,,,,,,Merseloseweg 62-A,,,,,,,9999
meskie-sznurowane-obuwie-na-rozne-okazje,Męskie sznurowane obuwie na różne okazje,Kolor,Brązowy,Rozmiar,43,,,,,,Merseloseweg 62-A,,,,,,,9999
meskie-sznurowane-obuwie-na-rozne-okazje,Męskie sznurowane obuwie na różne okazje,Kolor,Brązowy,Rozmiar,44,,,,,,Merseloseweg 62-A,,,,,,,9999
meskie-sznurowane-obuwie-na-rozne-okazje,Męskie sznurowane obuwie na różne okazje,Kolor,Granatowy,Rozmiar,45,,,,,,Merseloseweg 62-A,,,,,,,9999
meskie-sznurowane-obuwie-na-rozne-okazje,Męskie sznurowane obuwie na różne okazje,Kolor,Granatowy,Rozmiar,46,,,,,,Merseloseweg 62-A,,,,,,,9999
meskie-sznurowane-obuwie-na-rozne-okazje,Męskie sznurowane obuwie na różne okazje,Kolor,Czarny,Rozmiar,45,,,,,,Merseloseweg 62-A,,,,,,,9999
meskie-sznurowane-obuwie-na-rozne-okazje,Męskie sznurowane obuwie na różne okazje,Kolor,Czarny,Rozmiar,46,,,,,,Merseloseweg 62-A,,,,,,,9999
meskie-sznurowane-obuwie-na-rozne-okazje,Męskie sznurowane obuwie na różne okazje,Kolor,Brązowy,Rozmiar,45,,,,,,Merseloseweg 62-A,,,,,,,9999
meskie-sznurowane-obuwie-na-rozne-okazje,Męskie sznurowane obuwie na różne okazje,Kolor,Brązowy,Rozmiar,46,,,,,,Merseloseweg 62-A,,,,,,,9999
kapcie-domowe-z-klasycznym-wykonczeniem,Kapcie domowe z klasycznym wykończeniem,Kolor,Brązowy,Rozmiar,39,,,,,,Merseloseweg 62-A,,,,,,,9999
kapcie-domowe-z-klasycznym-wykonczeniem,Kapcie domowe z klasycznym wykończeniem,Kolor,Brązowy,Rozmiar,40,,,,,,Merseloseweg 62-A,,,,,,,9999
kapcie-domowe-z-klasycznym-wykonczeniem,Kapcie domowe z klasycznym wykończeniem,Kolor,Brązowy,Rozmiar,41,,,,,,Merseloseweg 62-A,,,,,,,9999
kapcie-domowe-z-klasycznym-wykonczeniem,Kapcie domowe z klasycznym wykończeniem,Kolor,Brązowy,Rozmiar,42,,,,,,Merseloseweg 62-A,,,,,,,9999
kapcie-domowe-z-klasycznym-wykonczeniem,Kapcie domowe z klasycznym wykończeniem,Kolor,Brązowy,Rozmiar,43,,,,,,Merseloseweg 62-A,,,,,,,9999
kapcie-domowe-z-klasycznym-wykonczeniem,Kapcie domowe z klasycznym wykończeniem,Kolor,Brązowy,Rozmiar,44,,,,,,Merseloseweg 62-A,,,,,,,9999
kapcie-domowe-z-klasycznym-wykonczeniem,Kapcie domowe z klasycznym wykończeniem,Kolor,Szary,Rozmiar,39,,,,,,Merseloseweg 62-A,,,,,,,9999
kapcie-domowe-z-klasycznym-wykonczeniem,Kapcie domowe z klasycznym wykończeniem,Kolor,Szary,Rozmiar,40,,,,,,Merseloseweg 62-A,,,,,,,9999
kapcie-domowe-z-klasycznym-wykonczeniem,Kapcie domowe z klasycznym wykończeniem,Kolor,Szary,Rozmiar,41,,,,,,Merseloseweg 62-A,,,,,,,9999
kapcie-domowe-z-klasycznym-wykonczeniem,Kapcie domowe z klasycznym wykończeniem,Kolor,Szary,Rozmiar,42,,,,,,Merseloseweg 62-A,,,,,,,9999
kapcie-domowe-z-klasycznym-wykonczeniem,Kapcie domowe z klasycznym wykończeniem,Kolor,Szary,Rozmiar,43,,,,,,Merseloseweg 62-A,,,,,,,9999
kapcie-domowe-z-klasycznym-wykonczeniem,Kapcie domowe z klasycznym wykończeniem,Kolor,Szary,Rozmiar,44,,,,,,Merseloseweg 62-A,,,,,,,9999
kapcie-domowe-z-klasycznym-wykonczeniem,Kapcie domowe z klasycznym wykończeniem,Kolor,Czarny,Rozmiar,39,,,,,,Merseloseweg 62-A,,,,,,,9999
kapcie-domowe-z-klasycznym-wykonczeniem,Kapcie domowe z klasycznym wykończeniem,Kolor,Czarny,Rozmiar,40,,,,,,Merseloseweg 62-A,,,,,,,9999
kapcie-domowe-z-klasycznym-wykonczeniem,Kapcie domowe z klasycznym wykończeniem,Kolor,Czarny,Rozmiar,41,,,,,,Merseloseweg 62-A,,,,,,,9999
kapcie-domowe-z-klasycznym-wykonczeniem,Kapcie domowe z klasycznym wykończeniem,Kolor,Czarny,Rozmiar,42,,,,,,Merseloseweg 62-A,,,,,,,9999
kapcie-domowe-z-klasycznym-wykonczeniem,Kapcie domowe z klasycznym wykończeniem,Kolor,Czarny,Rozmiar,43,,,,,,Merseloseweg 62-A,,,,,,,9999
kapcie-domowe-z-klasycznym-wykonczeniem,Kapcie domowe z klasycznym wykończeniem,Kolor,Czarny,Rozmiar,44,,,,,,Merseloseweg 62-A,,,,,,,9999
kapcie-domowe-z-klasycznym-wykonczeniem,Kapcie domowe z klasycznym wykończeniem,Kolor,Niebieski,Rozmiar,39,,,,,,Merseloseweg 62-A,,,,,,,9999
kapcie-domowe-z-klasycznym-wykonczeniem,Kapcie domowe z klasycznym wykończeniem,Kolor,Niebieski,Rozmiar,40,,,,,,Merseloseweg 62-A,,,,,,,9999
kapcie-domowe-z-klasycznym-wykonczeniem,Kapcie domowe z klasycznym wykończeniem,Kolor,Niebieski,Rozmiar,41,,,,,,Merseloseweg 62-A,,,,,,,9999
kapcie-domowe-z-klasycznym-wykonczeniem,Kapcie domowe z klasycznym wykończeniem,Kolor,Niebieski,Rozmiar,42,,,,,,Merseloseweg 62-A,,,,,,,9999
kapcie-domowe-z-klasycznym-wykonczeniem,Kapcie domowe z klasycznym wykończeniem,Kolor,Niebieski,Rozmiar,43,,,,,,Merseloseweg 62-A,,,,,,,9999
kapcie-domowe-z-klasycznym-wykonczeniem,Kapcie domowe z klasycznym wykończeniem,Kolor,Niebieski,Rozmiar,44,,,,,,Merseloseweg 62-A,,,,,,,9999
kapcie-domowe-z-klasycznym-wykonczeniem,Kapcie domowe z klasycznym wykończeniem,Kolor,Brązowy,Rozmiar,45,,,,,,Merseloseweg 62-A,,,,,,,9999
kapcie-domowe-z-klasycznym-wykonczeniem,Kapcie domowe z klasycznym wykończeniem,Kolor,Brązowy,Rozmiar,46,,,,,,Merseloseweg 62-A,,,,,,,9999
kapcie-domowe-z-klasycznym-wykonczeniem,Kapcie domowe z klasycznym wykończeniem,Kolor,Szary,Rozmiar,45,,,,,,Merseloseweg 62-A,,,,,,,9999
kapcie-domowe-z-klasycznym-wykonczeniem,Kapcie domowe z klasycznym wykończeniem,Kolor,Szary,Rozmiar,46,,,,,,Merseloseweg 62-A,,,,,,,9999
kapcie-domowe-z-klasycznym-wykonczeniem,Kapcie domowe z klasycznym wykończeniem,Kolor,Czarny,Rozmiar,45,,,,,,Merseloseweg 62-A,,,,,,,9999
kapcie-domowe-z-klasycznym-wykonczeniem,Kapcie domowe z klasycznym wykończeniem,Kolor,Czarny,Rozmiar,46,,,,,,Merseloseweg 62-A,,,,,,,9999
kapcie-domowe-z-klasycznym-wykonczeniem,Kapcie domowe z klasycznym wykończeniem,Kolor,Niebieski,Rozmiar,45,,,,,,Merseloseweg 62-A,,,,,,,9999
kapcie-domowe-z-klasycznym-wykonczeniem,Kapcie domowe z klasycznym wykończeniem,Kolor,Niebieski,Rozmiar,46,,,,,,Merseloseweg 62-A,,,,,,,9999
damskie-kapcie-domowe-na-co-dzien,Damskie kapcie domowe na co dzień,Kolor,Jasnoszary,Rozmiar,36,,,,,,Merseloseweg 62-A,,,,,,,9999
damskie-kapcie-domowe-na-co-dzien,Damskie kapcie domowe na co dzień,Kolor,Jasnoszary,Rozmiar,37,,,,,,Merseloseweg 62-A,,,,,,,9999
damskie-kapcie-domowe-na-co-dzien,Damskie kapcie domowe na co dzień,Kolor,Jasnoszary,Rozmiar,38,,,,,,Merseloseweg 62-A,,,,,,,9999
damskie-kapcie-domowe-na-co-dzien,Damskie kapcie domowe na co dzień,Kolor,Jasnoszary,Rozmiar,39,,,,,,Merseloseweg 62-A,,,,,,,9999
damskie-kapcie-domowe-na-co-dzien,Damskie kapcie domowe na co dzień,Kolor,Jasnoszary,Rozmiar,40,,,,,,Merseloseweg 62-A,,,,,,,9999
damskie-kapcie-domowe-na-co-dzien,Damskie kapcie domowe na co dzień,Kolor,Jasnoszary,Rozmiar,41,,,,,,Merseloseweg 62-A,,,,,,,9999
damskie-kapcie-domowe-na-co-dzien,Damskie kapcie domowe na co dzień,Kolor,Jasnoszary,Rozmiar,42,,,,,,Merseloseweg 62-A,,,,,,,9999
damskie-kapcie-domowe-na-co-dzien,Damskie kapcie domowe na co dzień,Kolor,Brązowy,Rozmiar,38,,,,,,Merseloseweg 62-A,,,,,,,9999
damskie-kapcie-domowe-na-co-dzien,Damskie kapcie domowe na co dzień,Kolor,Brązowy,Rozmiar,39,,,,,,Merseloseweg 62-A,,,,,,,9999
damskie-kapcie-domowe-na-co-dzien,Damskie kapcie domowe na co dzień,Kolor,Brązowy,Rozmiar,40,,,,,,Merseloseweg 62-A,,,,,,,9999
damskie-kapcie-domowe-na-co-dzien,Damskie kapcie domowe na co dzień,Kolor,Brązowy,Rozmiar,41,,,,,,Merseloseweg 62-A,,,,,,,9999
damskie-kapcie-domowe-na-co-dzien,Damskie kapcie domowe na co dzień,Kolor,Brązowy,Rozmiar,42,,,,,,Merseloseweg 62-A,,,,,,,9999
damskie-kapcie-domowe-na-co-dzien,Damskie kapcie domowe na co dzień,Kolor,Czerwony,Rozmiar,36,,,,,,Merseloseweg 62-A,,,,,,,9999
damskie-kapcie-domowe-na-co-dzien,Damskie kapcie domowe na co dzień,Kolor,Czerwony,Rozmiar,37,,,,,,Merseloseweg 62-A,,,,,,,9999
damskie-kapcie-domowe-na-co-dzien,Damskie kapcie domowe na co dzień,Kolor,Czerwony,Rozmiar,38,,,,,,Merseloseweg 62-A,,,,,,,9999
damskie-kapcie-domowe-na-co-dzien,Damskie kapcie domowe na co dzień,Kolor,Czerwony,Rozmiar,41,,,,,,Merseloseweg 62-A,,,,,,,9999
damskie-kapcie-domowe-na-co-dzien,Damskie kapcie domowe na co dzień,Kolor,Czerwony,Rozmiar,42,,,,,,Merseloseweg 62-A,,,,,,,9999
damskie-kapcie-domowe-na-co-dzien,Damskie kapcie domowe na co dzień,Kolor,Różowy,Rozmiar,36,,,,,,Merseloseweg 62-A,,,,,,,9999
damskie-kapcie-domowe-na-co-dzien,Damskie kapcie domowe na co dzień,Kolor,Różowy,Rozmiar,37,,,,,,Merseloseweg 62-A,,,,,,,9999
damskie-kapcie-domowe-na-co-dzien,Damskie kapcie domowe na co dzień,Kolor,Różowy,Rozmiar,38,,,,,,Merseloseweg 62-A,,,,,,,9999
damskie-kapcie-domowe-na-co-dzien,Damskie kapcie domowe na co dzień,Kolor,Różowy,Rozmiar,41,,,,,,Merseloseweg 62-A,,,,,,,9999
damskie-kapcie-domowe-na-co-dzien,Damskie kapcie domowe na co dzień,Kolor,Różowy,Rozmiar,42,,,,,,Merseloseweg 62-A,,,,,,,9999
damskie-kapcie-domowe-na-co-dzien,Damskie kapcie domowe na co dzień,Kolor,Jasnoszary,Rozmiar,43,,,,,,Merseloseweg 62-A,,,,,,,9999
damskie-kapcie-domowe-na-co-dzien,Damskie kapcie domowe na co dzień,Kolor,Brązowy,Rozmiar,43,,,,,,Merseloseweg 62-A,,,,,,,9999
damskie-kapcie-domowe-na-co-dzien,Damskie kapcie domowe na co dzień,Kolor,Czerwony,Rozmiar,43,,,,,,Merseloseweg 62-A,,,,,,,9999
damskie-kapcie-domowe-na-co-dzien,Damskie kapcie domowe na co dzień,Kolor,Różowy,Rozmiar,43,,,,,,Merseloseweg 62-A,,,,,,,9999
meskie-sneakersy-wiazane-na-co-dzien,Męskie sneakersy wiązane na co dzień,Kolor,Beżowy,Rozmiar,39,,,,,,Merseloseweg 62-A,,,,,,,9999
meskie-sneakersy-wiazane-na-co-dzien,Męskie sneakersy wiązane na co dzień,Kolor,Beżowy,Rozmiar,40,,,,,,Merseloseweg 62-A,,,,,,,9999
meskie-sneakersy-wiazane-na-co-dzien,Męskie sneakersy wiązane na co dzień,Kolor,Beżowy,Rozmiar,41,,,,,,Merseloseweg 62-A,,,,,,,9999
meskie-sneakersy-wiazane-na-co-dzien,Męskie sneakersy wiązane na co dzień,Kolor,Beżowy,Rozmiar,42,,,,,,Merseloseweg 62-A,,,,,,,9999
meskie-sneakersy-wiazane-na-co-dzien,Męskie sneakersy wiązane na co dzień,Kolor,Beżowy,Rozmiar,43,,,,,,Merseloseweg 62-A,,,,,,,9999
meskie-sneakersy-wiazane-na-co-dzien,Męskie sneakersy wiązane na co dzień,Kolor,Beżowy,Rozmiar,44,,,,,,Merseloseweg 62-A,,,,,,,9999
meskie-sneakersy-wiazane-na-co-dzien,Męskie sneakersy wiązane na co dzień,Kolor,Czarny,Rozmiar,39,,,,,,Merseloseweg 62-A,,,,,,,9999
meskie-sneakersy-wiazane-na-co-dzien,Męskie sneakersy wiązane na co dzień,Kolor,Czarny,Rozmiar,40,,,,,,Merseloseweg 62-A,,,,,,,9999
meskie-sneakersy-wiazane-na-co-dzien,Męskie sneakersy wiązane na co dzień,Kolor,Czarny,Rozmiar,41,,,,,,Merseloseweg 62-A,,,,,,,9999
meskie-sneakersy-wiazane-na-co-dzien,Męskie sneakersy wiązane na co dzień,Kolor,Czarny,Rozmiar,42,,,,,,Merseloseweg 62-A,,,,,,,9999
meskie-sneakersy-wiazane-na-co-dzien,Męskie sneakersy wiązane na co dzień,Kolor,Czarny,Rozmiar,43,,,,,,Merseloseweg 62-A,,,,,,,9999
meskie-sneakersy-wiazane-na-co-dzien,Męskie sneakersy wiązane na co dzień,Kolor,Czarny,Rozmiar,44,,,,,,Merseloseweg 62-A,,,,,,,9999
meskie-sneakersy-wiazane-na-co-dzien,Męskie sneakersy wiązane na co dzień,Kolor,Biały,Rozmiar,39,,,,,,Merseloseweg 62-A,,,,,,,9999
meskie-sneakersy-wiazane-na-co-dzien,Męskie sneakersy wiązane na co dzień,Kolor,Biały,Rozmiar,40,,,,,,Merseloseweg 62-A,,,,,,,9999
meskie-sneakersy-wiazane-na-co-dzien,Męskie sneakersy wiązane na co dzień,Kolor,Biały,Rozmiar,41,,,,,,Merseloseweg 62-A,,,,,,,9999
meskie-sneakersy-wiazane-na-co-dzien,Męskie sneakersy wiązane na co dzień,Kolor,Biały,Rozmiar,42,,,,,,Merseloseweg 62-A,,,,,,,9999
meskie-sneakersy-wiazane-na-co-dzien,Męskie sneakersy wiązane na co dzień,Kolor,Biały,Rozmiar,43,,,,,,Merseloseweg 62-A,,,,,,,9999
meskie-sneakersy-wiazane-na-co-dzien,Męskie sneakersy wiązane na co dzień,Kolor,Biały,Rozmiar,44,,,,,,Merseloseweg 62-A,,,,,,,9999
meskie-sneakersy-wiazane-na-co-dzien,Męskie sneakersy wiązane na co dzień,Kolor,Beżowy,Rozmiar,45,,,,,,Merseloseweg 62-A,,,,,,,9999
meskie-sneakersy-wiazane-na-co-dzien,Męskie sneakersy wiązane na co dzień,Kolor,Beżowy,Rozmiar,46,,,,,,Merseloseweg 62-A,,,,,,,9999
meskie-sneakersy-wiazane-na-co-dzien,Męskie sneakersy wiązane na co dzień,Kolor,Czarny,Rozmiar,45,,,,,,Merseloseweg 62-A,,,,,,,9999
meskie-sneakersy-wiazane-na-co-dzien,Męskie sneakersy wiązane na co dzień,Kolor,Czarny,Rozmiar,46,,,,,,Merseloseweg 62-A,,,,,,,9999
meskie-sneakersy-wiazane-na-co-dzien,Męskie sneakersy wiązane na co dzień,Kolor,Biały,Rozmiar,45,,,,,,Merseloseweg 62-A,,,,,,,9999
meskie-sneakersy-wiazane-na-co-dzien,Męskie sneakersy wiązane na co dzień,Kolor,Biały,Rozmiar,46,,,,,,Merseloseweg 62-A,,,,,,,9999
meskie-buty-wsuwane-na-co-dzien,Męskie buty wsuwane na co dzień,Kolor,Brązowy,Rozmiar,39,,,,,,Merseloseweg 62-A,,,,,,,9999
meskie-buty-wsuwane-na-co-dzien,Męskie buty wsuwane na co dzień,Kolor,Brązowy,Rozmiar,40,,,,,,Merseloseweg 62-A,,,,,,,9999
meskie-buty-wsuwane-na-co-dzien,Męskie buty wsuwane na co dzień,Kolor,Brązowy,Rozmiar,41,,,,,,Merseloseweg 62-A,,,,,,,9999
meskie-buty-wsuwane-na-co-dzien,Męskie buty wsuwane na co dzień,Kolor,Brązowy,Rozmiar,42,,,,,,Merseloseweg 62-A,,,,,,,9999
meskie-buty-wsuwane-na-co-dzien,Męskie buty wsuwane na co dzień,Kolor,Brązowy,Rozmiar,43,,,,,,Merseloseweg 62-A,,,,,,,9999
meskie-buty-wsuwane-na-co-dzien,Męskie buty wsuwane na co dzień,Kolor,Brązowy,Rozmiar,44,,,,,,Merseloseweg 62-A,,,,,,,9999
meskie-buty-wsuwane-na-co-dzien,Męskie buty wsuwane na co dzień,Kolor,Czarny,Rozmiar,39,,,,,,Merseloseweg 62-A,,,,,,,9999
meskie-buty-wsuwane-na-co-dzien,Męskie buty wsuwane na co dzień,Kolor,Czarny,Rozmiar,40,,,,,,Merseloseweg 62-A,,,,,,,9999
meskie-buty-wsuwane-na-co-dzien,Męskie buty wsuwane na co dzień,Kolor,Czarny,Rozmiar,41,,,,,,Merseloseweg 62-A,,,,,,,9999
meskie-buty-wsuwane-na-co-dzien,Męskie buty wsuwane na co dzień,Kolor,Czarny,Rozmiar,42,,,,,,Merseloseweg 62-A,,,,,,,9999
meskie-buty-wsuwane-na-co-dzien,Męskie buty wsuwane na co dzień,Kolor,Czarny,Rozmiar,43,,,,,,Merseloseweg 62-A,,,,,,,9999
meskie-buty-wsuwane-na-co-dzien,Męskie buty wsuwane na co dzień,Kolor,Czarny,Rozmiar,44,,,,,,Merseloseweg 62-A,,,,,,,9999
meskie-buty-wsuwane-na-co-dzien,Męskie buty wsuwane na co dzień,Kolor,Szary,Rozmiar,39,,,,,,Merseloseweg 62-A,,,,,,,9999
meskie-buty-wsuwane-na-co-dzien,Męskie buty wsuwane na co dzień,Kolor,Szary,Rozmiar,40,,,,,,Merseloseweg 62-A,,,,,,,9999
meskie-buty-wsuwane-na-co-dzien,Męskie buty wsuwane na co dzień,Kolor,Szary,Rozmiar,41,,,,,,Merseloseweg 62-A,,,,,,,9999
meskie-buty-wsuwane-na-co-dzien,Męskie buty wsuwane na co dzień,Kolor,Szary,Rozmiar,42,,,,,,Merseloseweg 62-A,,,,,,,9999
meskie-buty-wsuwane-na-co-dzien,Męskie buty wsuwane na co dzień,Kolor,Szary,Rozmiar,43,,,,,,Merseloseweg 62-A,,,,,,,9999
meskie-buty-wsuwane-na-co-dzien,Męskie buty wsuwane na co dzień,Kolor,Szary,Rozmiar,44,,,,,,Merseloseweg 62-A,,,,,,,9999
meskie-buty-wsuwane-na-co-dzien,Męskie buty wsuwane na co dzień,Kolor,Niebieski,Rozmiar,39,,,,,,Merseloseweg 62-A,,,,,,,9999
meskie-buty-wsuwane-na-co-dzien,Męskie buty wsuwane na co dzień,Kolor,Niebieski,Rozmiar,40,,,,,,Merseloseweg 62-A,,,,,,,9999
meskie-buty-wsuwane-na-co-dzien,Męskie buty wsuwane na co dzień,Kolor,Niebieski,Rozmiar,41,,,,,,Merseloseweg 62-A,,,,,,,9999
meskie-buty-wsuwane-na-co-dzien,Męskie buty wsuwane na co dzień,Kolor,Niebieski,Rozmiar,42,,,,,,Merseloseweg 62-A,,,,,,,9999
meskie-buty-wsuwane-na-co-dzien,Męskie buty wsuwane na co dzień,Kolor,Niebieski,Rozmiar,43,,,,,,Merseloseweg 62-A,,,,,,,9999
meskie-buty-wsuwane-na-co-dzien,Męskie buty wsuwane na co dzień,Kolor,Niebieski,Rozmiar,44,,,,,,Merseloseweg 62-A,,,,,,,9999
meskie-buty-wsuwane-na-co-dzien,Męskie buty wsuwane na co dzień,Kolor,Zielony,Rozmiar,39,,,,,,Merseloseweg 62-A,,,,,,,9999
meskie-buty-wsuwane-na-co-dzien,Męskie buty wsuwane na co dzień,Kolor,Zielony,Rozmiar,40,,,,,,Merseloseweg 62-A,,,,,,,9999
meskie-buty-wsuwane-na-co-dzien,Męskie buty wsuwane na co dzień,Kolor,Zielony,Rozmiar,41,,,,,,Merseloseweg 62-A,,,,,,,9999
meskie-buty-wsuwane-na-co-dzien,Męskie buty wsuwane na co dzień,Kolor,Zielony,Rozmiar,42,,,,,,Merseloseweg 62-A,,,,,,,9999
meskie-buty-wsuwane-na-co-dzien,Męskie buty wsuwane na co dzień,Kolor,Zielony,Rozmiar,43,,,,,,Merseloseweg 62-A,,,,,,,9999
meskie-buty-wsuwane-na-co-dzien,Męskie buty wsuwane na co dzień,Kolor,Zielony,Rozmiar,44,,,,,,Merseloseweg 62-A,,,,,,,9999
meskie-buty-wsuwane-na-co-dzien,Męskie buty wsuwane na co dzień,Kolor,Brązowy,Rozmiar,45,,,,,,Merseloseweg 62-A,,,,,,,9999
meskie-buty-wsuwane-na-co-dzien,Męskie buty wsuwane na co dzień,Kolor,Brązowy,Rozmiar,46,,,,,,Merseloseweg 62-A,,,,,,,9999
meskie-buty-wsuwane-na-co-dzien,Męskie buty wsuwane na co dzień,Kolor,Czarny,Rozmiar,45,,,,,,Merseloseweg 62-A,,,,,,,9999
meskie-buty-wsuwane-na-co-dzien,Męskie buty wsuwane na co dzień,Kolor,Czarny,Rozmiar,46,,,,,,Merseloseweg 62-A,,,,,,,9999
meskie-buty-wsuwane-na-co-dzien,Męskie buty wsuwane na co dzień,Kolor,Szary,Rozmiar,45,,,,,,Merseloseweg 62-A,,,,,,,9999
meskie-buty-wsuwane-na-co-dzien,Męskie buty wsuwane na co dzień,Kolor,Szary,Rozmiar,46,,,,,,Merseloseweg 62-A,,,,,,,9999
meskie-buty-wsuwane-na-co-dzien,Męskie buty wsuwane na co dzień,Kolor,Niebieski,Rozmiar,45,,,,,,Merseloseweg 62-A,,,,,,,9999
meskie-buty-wsuwane-na-co-dzien,Męskie buty wsuwane na co dzień,Kolor,Niebieski,Rozmiar,46,,,,,,Merseloseweg 62-A,,,,,,,9999
meskie-buty-wsuwane-na-co-dzien,Męskie buty wsuwane na co dzień,Kolor,Zielony,Rozmiar,45,,,,,,Merseloseweg 62-A,,,,,,,9999
meskie-buty-wsuwane-na-co-dzien,Męskie buty wsuwane na co dzień,Kolor,Zielony,Rozmiar,46,,,,,,Merseloseweg 62-A,,,,,,,9999
damskie-botki-z-perforowanym-wykonczeniem,Damskie botki z perforowanym wykończeniem,Kolor,Biały,Rozmiar,36,,,,,,Merseloseweg 62-A,,,,,,,9999
damskie-botki-z-perforowanym-wykonczeniem,Damskie botki z perforowanym wykończeniem,Kolor,Biały,Rozmiar,37,,,,,,Merseloseweg 62-A,,,,,,,9999
damskie-botki-z-perforowanym-wykonczeniem,Damskie botki z perforowanym wykończeniem,Kolor,Biały,Rozmiar,38,,,,,,Merseloseweg 62-A,,,,,,,9999
damskie-botki-z-perforowanym-wykonczeniem,Damskie botki z perforowanym wykończeniem,Kolor,Biały,Rozmiar,39,,,,,,Merseloseweg 62-A,,,,,,,9999
damskie-botki-z-perforowanym-wykonczeniem,Damskie botki z perforowanym wykończeniem,Kolor,Biały,Rozmiar,40,,,,,,Merseloseweg 62-A,,,,,,,9999
damskie-botki-z-perforowanym-wykonczeniem,Damskie botki z perforowanym wykończeniem,Kolor,Biały,Rozmiar,41,,,,,,Merseloseweg 62-A,,,,,,,9999
damskie-botki-z-perforowanym-wykonczeniem,Damskie botki z perforowanym wykończeniem,Kolor,Biały,Rozmiar,42,,,,,,Merseloseweg 62-A,,,,,,,9999
damskie-botki-z-perforowanym-wykonczeniem,Damskie botki z perforowanym wykończeniem,Kolor,Czarny,Rozmiar,36,,,,,,Merseloseweg 62-A,,,,,,,9999
damskie-botki-z-perforowanym-wykonczeniem,Damskie botki z perforowanym wykończeniem,Kolor,Czarny,Rozmiar,37,,,,,,Merseloseweg 62-A,,,,,,,9999
damskie-botki-z-perforowanym-wykonczeniem,Damskie botki z perforowanym wykończeniem,Kolor,Czarny,Rozmiar,38,,,,,,Merseloseweg 62-A,,,,,,,9999
damskie-botki-z-perforowanym-wykonczeniem,Damskie botki z perforowanym wykończeniem,Kolor,Czarny,Rozmiar,39,,,,,,Merseloseweg 62-A,,,,,,,9999
damskie-botki-z-perforowanym-wykonczeniem,Damskie botki z perforowanym wykończeniem,Kolor,Czarny,Rozmiar,40,,,,,,Merseloseweg 62-A,,,,,,,9999
damskie-botki-z-perforowanym-wykonczeniem,Damskie botki z perforowanym wykończeniem,Kolor,Czarny,Rozmiar,41,,,,,,Merseloseweg 62-A,,,,,,,9999
damskie-botki-z-perforowanym-wykonczeniem,Damskie botki z perforowanym wykończeniem,Kolor,Czarny,Rozmiar,42,,,,,,Merseloseweg 62-A,,,,,,,9999
damskie-botki-z-perforowanym-wykonczeniem,Damskie botki z perforowanym wykończeniem,Kolor,Khaki,Rozmiar,36,,,,,,Merseloseweg 62-A,,,,,,,9999
damskie-botki-z-perforowanym-wykonczeniem,Damskie botki z perforowanym wykończeniem,Kolor,Khaki,Rozmiar,37,,,,,,Merseloseweg 62-A,,,,,,,9999
damskie-botki-z-perforowanym-wykonczeniem,Damskie botki z perforowanym wykończeniem,Kolor,Khaki,Rozmiar,38,,,,,,Merseloseweg 62-A,,,,,,,9999
damskie-botki-z-perforowanym-wykonczeniem,Damskie botki z perforowanym wykończeniem,Kolor,Khaki,Rozmiar,39,,,,,,Merseloseweg 62-A,,,,,,,9999
damskie-botki-z-perforowanym-wykonczeniem,Damskie botki z perforowanym wykończeniem,Kolor,Khaki,Rozmiar,40,,,,,,Merseloseweg 62-A,,,,,,,9999
damskie-botki-z-perforowanym-wykonczeniem,Damskie botki z perforowanym wykończeniem,Kolor,Khaki,Rozmiar,41,,,,,,Merseloseweg 62-A,,,,,,,9999
damskie-botki-z-perforowanym-wykonczeniem,Damskie botki z perforowanym wykończeniem,Kolor,Khaki,Rozmiar,42,,,,,,Merseloseweg 62-A,,,,,,,9999
damskie-botki-z-perforowanym-wykonczeniem,Damskie botki z perforowanym wykończeniem,Kolor,Brązowy,Rozmiar,36,,,,,,Merseloseweg 62-A,,,,,,,9999
damskie-botki-z-perforowanym-wykonczeniem,Damskie botki z perforowanym wykończeniem,Kolor,Brązowy,Rozmiar,37,,,,,,Merseloseweg 62-A,,,,,,,9999
damskie-botki-z-perforowanym-wykonczeniem,Damskie botki z perforowanym wykończeniem,Kolor,Brązowy,Rozmiar,38,,,,,,Merseloseweg 62-A,,,,,,,9999
damskie-botki-z-perforowanym-wykonczeniem,Damskie botki z perforowanym wykończeniem,Kolor,Brązowy,Rozmiar,39,,,,,,Merseloseweg 62-A,,,,,,,9999
damskie-botki-z-perforowanym-wykonczeniem,Damskie botki z perforowanym wykończeniem,Kolor,Brązowy,Rozmiar,40,,,,,,Merseloseweg 62-A,,,,,,,9999
damskie-botki-z-perforowanym-wykonczeniem,Damskie botki z perforowanym wykończeniem,Kolor,Brązowy,Rozmiar,41,,,,,,Merseloseweg 62-A,,,,,,,9999
damskie-botki-z-perforowanym-wykonczeniem,Damskie botki z perforowanym wykończeniem,Kolor,Brązowy,Rozmiar,42,,,,,,Merseloseweg 62-A,,,,,,,9999
damskie-botki-z-perforowanym-wykonczeniem,Damskie botki z perforowanym wykończeniem,Kolor,Biały,Rozmiar,43,,,,,,Merseloseweg 62-A,,,,,,,9999
damskie-botki-z-perforowanym-wykonczeniem,Damskie botki z perforowanym wykończeniem,Kolor,Czarny,Rozmiar,43,,,,,,Merseloseweg 62-A,,,,,,,9999
damskie-botki-z-perforowanym-wykonczeniem,Damskie botki z perforowanym wykończeniem,Kolor,Khaki,Rozmiar,43,,,,,,Merseloseweg 62-A,,,,,,,9999
damskie-botki-z-perforowanym-wykonczeniem,Damskie botki z perforowanym wykończeniem,Kolor,Brązowy,Rozmiar,43,,,,,,Merseloseweg 62-A,,,,,,,9999
meskie-eleganckie-polbuty-do-formalnych-zestawow,Męskie eleganckie półbuty do formalnych zestawów,Kolor,Brązowy,Rozmiar,39,,,,,,Merseloseweg 62-A,,,,,,,9999
meskie-eleganckie-polbuty-do-formalnych-zestawow,Męskie eleganckie półbuty do formalnych zestawów,Kolor,Brązowy,Rozmiar,40,,,,,,Merseloseweg 62-A,,,,,,,9999
meskie-eleganckie-polbuty-do-formalnych-zestawow,Męskie eleganckie półbuty do formalnych zestawów,Kolor,Brązowy,Rozmiar,41,,,,,,Merseloseweg 62-A,,,,,,,9999
meskie-eleganckie-polbuty-do-formalnych-zestawow,Męskie eleganckie półbuty do formalnych zestawów,Kolor,Brązowy,Rozmiar,42,,,,,,Merseloseweg 62-A,,,,,,,9999
meskie-eleganckie-polbuty-do-formalnych-zestawow,Męskie eleganckie półbuty do formalnych zestawów,Kolor,Brązowy,Rozmiar,43,,,,,,Merseloseweg 62-A,,,,,,,9999
meskie-eleganckie-polbuty-do-formalnych-zestawow,Męskie eleganckie półbuty do formalnych zestawów,Kolor,Brązowy,Rozmiar,44,,,,,,Merseloseweg 62-A,,,,,,,9999
meskie-eleganckie-polbuty-do-formalnych-zestawow,Męskie eleganckie półbuty do formalnych zestawów,Kolor,Czarny,Rozmiar,39,,,,,,Merseloseweg 62-A,,,,,,,9999
meskie-eleganckie-polbuty-do-formalnych-zestawow,Męskie eleganckie półbuty do formalnych zestawów,Kolor,Czarny,Rozmiar,40,,,,,,Merseloseweg 62-A,,,,,,,9999
meskie-eleganckie-polbuty-do-formalnych-zestawow,Męskie eleganckie półbuty do formalnych zestawów,Kolor,Czarny,Rozmiar,41,,,,,,Merseloseweg 62-A,,,,,,,9999
meskie-eleganckie-polbuty-do-formalnych-zestawow,Męskie eleganckie półbuty do formalnych zestawów,Kolor,Czarny,Rozmiar,42,,,,,,Merseloseweg 62-A,,,,,,,9999
meskie-eleganckie-polbuty-do-formalnych-zestawow,Męskie eleganckie półbuty do formalnych zestawów,Kolor,Czarny,Rozmiar,43,,,,,,Merseloseweg 62-A,,,,,,,9999
meskie-eleganckie-polbuty-do-formalnych-zestawow,Męskie eleganckie półbuty do formalnych zestawów,Kolor,Czarny,Rozmiar,44,,,,,,Merseloseweg 62-A,,,,,,,9999
meskie-eleganckie-polbuty-do-formalnych-zestawow,Męskie eleganckie półbuty do formalnych zestawów,Kolor,Granatowy,Rozmiar,39,,,,,,Merseloseweg 62-A,,,,,,,9999
meskie-eleganckie-polbuty-do-formalnych-zestawow,Męskie eleganckie półbuty do formalnych zestawów,Kolor,Granatowy,Rozmiar,40,,,,,,Merseloseweg 62-A,,,,,,,9999
meskie-eleganckie-polbuty-do-formalnych-zestawow,Męskie eleganckie półbuty do formalnych zestawów,Kolor,Granatowy,Rozmiar,41,,,,,,Merseloseweg 62-A,,,,,,,9999
meskie-eleganckie-polbuty-do-formalnych-zestawow,Męskie eleganckie półbuty do formalnych zestawów,Kolor,Granatowy,Rozmiar,42,,,,,,Merseloseweg 62-A,,,,,,,9999
meskie-eleganckie-polbuty-do-formalnych-zestawow,Męskie eleganckie półbuty do formalnych zestawów,Kolor,Granatowy,Rozmiar,43,,,,,,Merseloseweg 62-A,,,,,,,9999
meskie-eleganckie-polbuty-do-formalnych-zestawow,Męskie eleganckie półbuty do formalnych zestawów,Kolor,Granatowy,Rozmiar,44,,,,,,Merseloseweg 62-A,,,,,,,9999
meskie-eleganckie-polbuty-do-formalnych-zestawow,Męskie eleganckie półbuty do formalnych zestawów,Kolor,Brązowy,Rozmiar,45,,,,,,Merseloseweg 62-A,,,,,,,9999
meskie-eleganckie-polbuty-do-formalnych-zestawow,Męskie eleganckie półbuty do formalnych zestawów,Kolor,Brązowy,Rozmiar,46,,,,,,Merseloseweg 62-A,,,,,,,9999
meskie-eleganckie-polbuty-do-formalnych-zestawow,Męskie eleganckie półbuty do formalnych zestawów,Kolor,Czarny,Rozmiar,45,,,,,,Merseloseweg 62-A,,,,,,,9999
meskie-eleganckie-polbuty-do-formalnych-zestawow,Męskie eleganckie półbuty do formalnych zestawów,Kolor,Czarny,Rozmiar,46,,,,,,Merseloseweg 62-A,,,,,,,9999
meskie-eleganckie-polbuty-do-formalnych-zestawow,Męskie eleganckie półbuty do formalnych zestawów,Kolor,Granatowy,Rozmiar,45,,,,,,Merseloseweg 62-A,,,,,,,9999
meskie-eleganckie-polbuty-do-formalnych-zestawow,Męskie eleganckie półbuty do formalnych zestawów,Kolor,Granatowy,Rozmiar,46,,,,,,Merseloseweg 62-A,,,,,,,9999
damskie-botki-kowbojskie-do-codziennych-zestawow,Damskie botki kowbojskie do codziennych zestawów,Kolor,Czarny,Rozmiar,39,,,,,,Merseloseweg 62-A,,,,,,,9999
damskie-botki-kowbojskie-do-codziennych-zestawow,Damskie botki kowbojskie do codziennych zestawów,Kolor,Czarny,Rozmiar,40,,,,,,Merseloseweg 62-A,,,,,,,9999
damskie-botki-kowbojskie-do-codziennych-zestawow,Damskie botki kowbojskie do codziennych zestawów,Kolor,Czarny,Rozmiar,41,,,,,,Merseloseweg 62-A,,,,,,,9999
damskie-botki-kowbojskie-do-codziennych-zestawow,Damskie botki kowbojskie do codziennych zestawów,Kolor,Czarny,Rozmiar,42,,,,,,Merseloseweg 62-A,,,,,,,9999
damskie-botki-kowbojskie-do-codziennych-zestawow,Damskie botki kowbojskie do codziennych zestawów,Kolor,Czarny,Rozmiar,43,,,,,,Merseloseweg 62-A,,,,,,,9999
damskie-botki-kowbojskie-do-codziennych-zestawow,Damskie botki kowbojskie do codziennych zestawów,Kolor,Czarny,Rozmiar,44,,,,,,Merseloseweg 62-A,,,,,,,9999
damskie-botki-kowbojskie-do-codziennych-zestawow,Damskie botki kowbojskie do codziennych zestawów,Kolor,Brązowy,Rozmiar,39,,,,,,Merseloseweg 62-A,,,,,,,9999
damskie-botki-kowbojskie-do-codziennych-zestawow,Damskie botki kowbojskie do codziennych zestawów,Kolor,Brązowy,Rozmiar,40,,,,,,Merseloseweg 62-A,,,,,,,9999
damskie-botki-kowbojskie-do-codziennych-zestawow,Damskie botki kowbojskie do codziennych zestawów,Kolor,Brązowy,Rozmiar,41,,,,,,Merseloseweg 62-A,,,,,,,9999
damskie-botki-kowbojskie-do-codziennych-zestawow,Damskie botki kowbojskie do codziennych zestawów,Kolor,Brązowy,Rozmiar,42,,,,,,Merseloseweg 62-A,,,,,,,9999
damskie-botki-kowbojskie-do-codziennych-zestawow,Damskie botki kowbojskie do codziennych zestawów,Kolor,Brązowy,Rozmiar,43,,,,,,Merseloseweg 62-A,,,,,,,9999
damskie-botki-kowbojskie-do-codziennych-zestawow,Damskie botki kowbojskie do codziennych zestawów,Kolor,Brązowy,Rozmiar,44,,,,,,Merseloseweg 62-A,,,,,,,9999
damskie-botki-kowbojskie-do-codziennych-zestawow,Damskie botki kowbojskie do codziennych zestawów,Kolor,Czarny,Rozmiar,36,,,,,,Merseloseweg 62-A,,,,,,,9999
damskie-botki-kowbojskie-do-codziennych-zestawow,Damskie botki kowbojskie do codziennych zestawów,Kolor,Czarny,Rozmiar,37,,,,,,Merseloseweg 62-A,,,,,,,9999
damskie-botki-kowbojskie-do-codziennych-zestawow,Damskie botki kowbojskie do codziennych zestawów,Kolor,Czarny,Rozmiar,38,,,,,,Merseloseweg 62-A,,,,,,,9999
damskie-botki-kowbojskie-do-codziennych-zestawow,Damskie botki kowbojskie do codziennych zestawów,Kolor,Brązowy,Rozmiar,36,,,,,,Merseloseweg 62-A,,,,,,,9999
damskie-botki-kowbojskie-do-codziennych-zestawow,Damskie botki kowbojskie do codziennych zestawów,Kolor,Brązowy,Rozmiar,37,,,,,,Merseloseweg 62-A,,,,,,,9999
damskie-botki-kowbojskie-do-codziennych-zestawow,Damskie botki kowbojskie do codziennych zestawów,Kolor,Brązowy,Rozmiar,38,,,,,,Merseloseweg 62-A,,,,,,,9999
meskie-chodaki-do-codziennych-zestawow,Męskie chodaki do codziennych zestawów,Kolor,Ciemnoszary,Rozmiar,39,,,,,,Merseloseweg 62-A,,,,,,,9999
meskie-chodaki-do-codziennych-zestawow,Męskie chodaki do codziennych zestawów,Kolor,Ciemnoszary,Rozmiar,40,,,,,,Merseloseweg 62-A,,,,,,,9999
meskie-chodaki-do-codziennych-zestawow,Męskie chodaki do codziennych zestawów,Kolor,Ciemnoszary,Rozmiar,41,,,,,,Merseloseweg 62-A,,,,,,,9999
meskie-chodaki-do-codziennych-zestawow,Męskie chodaki do codziennych zestawów,Kolor,Ciemnoszary,Rozmiar,42,,,,,,Merseloseweg 62-A,,,,,,,9999
meskie-chodaki-do-codziennych-zestawow,Męskie chodaki do codziennych zestawów,Kolor,Ciemnoszary,Rozmiar,43,,,,,,Merseloseweg 62-A,,,,,,,9999
meskie-chodaki-do-codziennych-zestawow,Męskie chodaki do codziennych zestawów,Kolor,Ciemnoszary,Rozmiar,44,,,,,,Merseloseweg 62-A,,,,,,,9999
meskie-chodaki-do-codziennych-zestawow,Męskie chodaki do codziennych zestawów,Kolor,Beżowy,Rozmiar,39,,,,,,Merseloseweg 62-A,,,,,,,9999
meskie-chodaki-do-codziennych-zestawow,Męskie chodaki do codziennych zestawów,Kolor,Beżowy,Rozmiar,40,,,,,,Merseloseweg 62-A,,,,,,,9999
meskie-chodaki-do-codziennych-zestawow,Męskie chodaki do codziennych zestawów,Kolor,Beżowy,Rozmiar,41,,,,,,Merseloseweg 62-A,,,,,,,9999
meskie-chodaki-do-codziennych-zestawow,Męskie chodaki do codziennych zestawów,Kolor,Beżowy,Rozmiar,42,,,,,,Merseloseweg 62-A,,,,,,,9999
meskie-chodaki-do-codziennych-zestawow,Męskie chodaki do codziennych zestawów,Kolor,Beżowy,Rozmiar,43,,,,,,Merseloseweg 62-A,,,,,,,9999
meskie-chodaki-do-codziennych-zestawow,Męskie chodaki do codziennych zestawów,Kolor,Beżowy,Rozmiar,44,,,,,,Merseloseweg 62-A,,,,,,,9999
meskie-chodaki-do-codziennych-zestawow,Męskie chodaki do codziennych zestawów,Kolor,Khaki,Rozmiar,39,,,,,,Merseloseweg 62-A,,,,,,,9999
meskie-chodaki-do-codziennych-zestawow,Męskie chodaki do codziennych zestawów,Kolor,Khaki,Rozmiar,40,,,,,,Merseloseweg 62-A,,,,,,,9999
meskie-chodaki-do-codziennych-zestawow,Męskie chodaki do codziennych zestawów,Kolor,Khaki,Rozmiar,41,,,,,,Merseloseweg 62-A,,,,,,,9999
meskie-chodaki-do-codziennych-zestawow,Męskie chodaki do codziennych zestawów,Kolor,Khaki,Rozmiar,42,,,,,,Merseloseweg 62-A,,,,,,,9999
meskie-chodaki-do-codziennych-zestawow,Męskie chodaki do codziennych zestawów,Kolor,Khaki,Rozmiar,43,,,,,,Merseloseweg 62-A,,,,,,,9999
meskie-chodaki-do-codziennych-zestawow,Męskie chodaki do codziennych zestawów,Kolor,Khaki,Rozmiar,44,,,,,,Merseloseweg 62-A,,,,,,,9999
meskie-chodaki-do-codziennych-zestawow,Męskie chodaki do codziennych zestawów,Kolor,Czarny,Rozmiar,39,,,,,,Merseloseweg 62-A,,,,,,,9999
meskie-chodaki-do-codziennych-zestawow,Męskie chodaki do codziennych zestawów,Kolor,Czarny,Rozmiar,40,,,,,,Merseloseweg 62-A,,,,,,,9999
meskie-chodaki-do-codziennych-zestawow,Męskie chodaki do codziennych zestawów,Kolor,Czarny,Rozmiar,41,,,,,,Merseloseweg 62-A,,,,,,,9999
meskie-chodaki-do-codziennych-zestawow,Męskie chodaki do codziennych zestawów,Kolor,Czarny,Rozmiar,42,,,,,,Merseloseweg 62-A,,,,,,,9999
meskie-chodaki-do-codziennych-zestawow,Męskie chodaki do codziennych zestawów,Kolor,Czarny,Rozmiar,43,,,,,,Merseloseweg 62-A,,,,,,,9999
meskie-chodaki-do-codziennych-zestawow,Męskie chodaki do codziennych zestawów,Kolor,Czarny,Rozmiar,44,,,,,,Merseloseweg 62-A,,,,,,,9999
meskie-chodaki-do-codziennych-zestawow,Męskie chodaki do codziennych zestawów,Kolor,Ciemnoszary,Rozmiar,45,,,,,,Merseloseweg 62-A,,,,,,,9999
meskie-chodaki-do-codziennych-zestawow,Męskie chodaki do codziennych zestawów,Kolor,Ciemnoszary,Rozmiar,46,,,,,,Merseloseweg 62-A,,,,,,,9999
meskie-chodaki-do-codziennych-zestawow,Męskie chodaki do codziennych zestawów,Kolor,Beżowy,Rozmiar,45,,,,,,Merseloseweg 62-A,,,,,,,9999
meskie-chodaki-do-codziennych-zestawow,Męskie chodaki do codziennych zestawów,Kolor,Beżowy,Rozmiar,46,,,,,,Merseloseweg 62-A,,,,,,,9999
meskie-chodaki-do-codziennych-zestawow,Męskie chodaki do codziennych zestawów,Kolor,Khaki,Rozmiar,45,,,,,,Merseloseweg 62-A,,,,,,,9999
meskie-chodaki-do-codziennych-zestawow,Męskie chodaki do codziennych zestawów,Kolor,Khaki,Rozmiar,46,,,,,,Merseloseweg 62-A,,,,,,,9999
meskie-chodaki-do-codziennych-zestawow,Męskie chodaki do codziennych zestawów,Kolor,Czarny,Rozmiar,45,,,,,,Merseloseweg 62-A,,,,,,,9999
meskie-chodaki-do-codziennych-zestawow,Męskie chodaki do codziennych zestawów,Kolor,Czarny,Rozmiar,46,,,,,,Merseloseweg 62-A,,,,,,,9999
floria-damski-klapki-z-dwoma-paskami-regulowane-klamry-i-profilowana-wkladka,Damskie klapki z dwoma paskami i regulowanymi klamrami na lato,Kolor,bezowy,Rozmiar,35,,,,,,Merseloseweg 62-A,,,,,,,9999
floria-damski-klapki-z-dwoma-paskami-regulowane-klamry-i-profilowana-wkladka,Damskie klapki z dwoma paskami i regulowanymi klamrami na lato,Kolor,bezowy,Rozmiar,36,,,,,,Merseloseweg 62-A,,,,,,,9999
floria-damski-klapki-z-dwoma-paskami-regulowane-klamry-i-profilowana-wkladka,Damskie klapki z dwoma paskami i regulowanymi klamrami na lato,Kolor,bezowy,Rozmiar,37,,,,,,Merseloseweg 62-A,,,,,,,9999
floria-damski-klapki-z-dwoma-paskami-regulowane-klamry-i-profilowana-wkladka,Damskie klapki z dwoma paskami i regulowanymi klamrami na lato,Kolor,bezowy,Rozmiar,38,,,,,,Merseloseweg 62-A,,,,,,,9999
floria-damski-klapki-z-dwoma-paskami-regulowane-klamry-i-profilowana-wkladka,Damskie klapki z dwoma paskami i regulowanymi klamrami na lato,Kolor,bezowy,Rozmiar,39,,,,,,Merseloseweg 62-A,,,,,,,9999
floria-damski-klapki-z-dwoma-paskami-regulowane-klamry-i-profilowana-wkladka,Damskie klapki z dwoma paskami i regulowanymi klamrami na lato,Kolor,bezowy,Rozmiar,40,,,,,,Merseloseweg 62-A,,,,,,,9999
floria-damski-klapki-z-dwoma-paskami-regulowane-klamry-i-profilowana-wkladka,Damskie klapki z dwoma paskami i regulowanymi klamrami na lato,Kolor,bezowy,Rozmiar,41,,,,,,Merseloseweg 62-A,,,,,,,9999
floria-damski-klapki-z-dwoma-paskami-regulowane-klamry-i-profilowana-wkladka,Damskie klapki z dwoma paskami i regulowanymi klamrami na lato,Kolor,bezowy,Rozmiar,42,,,,,,Merseloseweg 62-A,,,,,,,9999
floria-damski-klapki-z-dwoma-paskami-regulowane-klamry-i-profilowana-wkladka,Damskie klapki z dwoma paskami i regulowanymi klamrami na lato,Kolor,khaki,Rozmiar,35,,,,,,Merseloseweg 62-A,,,,,,,9999
floria-damski-klapki-z-dwoma-paskami-regulowane-klamry-i-profilowana-wkladka,Damskie klapki z dwoma paskami i regulowanymi klamrami na lato,Kolor,khaki,Rozmiar,36,,,,,,Merseloseweg 62-A,,,,,,,9999
floria-damski-klapki-z-dwoma-paskami-regulowane-klamry-i-profilowana-wkladka,Damskie klapki z dwoma paskami i regulowanymi klamrami na lato,Kolor,khaki,Rozmiar,37,,,,,,Merseloseweg 62-A,,,,,,,9999
floria-damski-klapki-z-dwoma-paskami-regulowane-klamry-i-profilowana-wkladka,Damskie klapki z dwoma paskami i regulowanymi klamrami na lato,Kolor,khaki,Rozmiar,38,,,,,,Merseloseweg 62-A,,,,,,,9999
floria-damski-klapki-z-dwoma-paskami-regulowane-klamry-i-profilowana-wkladka,Damskie klapki z dwoma paskami i regulowanymi klamrami na lato,Kolor,khaki,Rozmiar,39,,,,,,Merseloseweg 62-A,,,,,,,9999
floria-damski-klapki-z-dwoma-paskami-regulowane-klamry-i-profilowana-wkladka,Damskie klapki z dwoma paskami i regulowanymi klamrami na lato,Kolor,khaki,Rozmiar,40,,,,,,Merseloseweg 62-A,,,,,,,9999
floria-damski-klapki-z-dwoma-paskami-regulowane-klamry-i-profilowana-wkladka,Damskie klapki z dwoma paskami i regulowanymi klamrami na lato,Kolor,khaki,Rozmiar,41,,,,,,Merseloseweg 62-A,,,,,,,9999
floria-damski-klapki-z-dwoma-paskami-regulowane-klamry-i-profilowana-wkladka,Damskie klapki z dwoma paskami i regulowanymi klamrami na lato,Kolor,khaki,Rozmiar,42,,,,,,Merseloseweg 62-A,,,,,,,9999
floria-damski-klapki-z-dwoma-paskami-regulowane-klamry-i-profilowana-wkladka,Damskie klapki z dwoma paskami i regulowanymi klamrami na lato,Kolor,czarny,Rozmiar,35,,,,,,Merseloseweg 62-A,,,,,,,9999
floria-damski-klapki-z-dwoma-paskami-regulowane-klamry-i-profilowana-wkladka,Damskie klapki z dwoma paskami i regulowanymi klamrami na lato,Kolor,czarny,Rozmiar,36,,,,,,Merseloseweg 62-A,,,,,,,9999
floria-damski-klapki-z-dwoma-paskami-regulowane-klamry-i-profilowana-wkladka,Damskie klapki z dwoma paskami i regulowanymi klamrami na lato,Kolor,czarny,Rozmiar,37,,,,,,Merseloseweg 62-A,,,,,,,9999
floria-damski-klapki-z-dwoma-paskami-regulowane-klamry-i-profilowana-wkladka,Damskie klapki z dwoma paskami i regulowanymi klamrami na lato,Kolor,czarny,Rozmiar,38,,,,,,Merseloseweg 62-A,,,,,,,9999
floria-damski-klapki-z-dwoma-paskami-regulowane-klamry-i-profilowana-wkladka,Damskie klapki z dwoma paskami i regulowanymi klamrami na lato,Kolor,czarny,Rozmiar,39,,,,,,Merseloseweg 62-A,,,,,,,9999
floria-damski-klapki-z-dwoma-paskami-regulowane-klamry-i-profilowana-wkladka,Damskie klapki z dwoma paskami i regulowanymi klamrami na lato,Kolor,czarny,Rozmiar,40,,,,,,Merseloseweg 62-A,,,,,,,9999
floria-damski-klapki-z-dwoma-paskami-regulowane-klamry-i-profilowana-wkladka,Damskie klapki z dwoma paskami i regulowanymi klamrami na lato,Kolor,czarny,Rozmiar,41,,,,,,Merseloseweg 62-A,,,,,,,9999
floria-damski-klapki-z-dwoma-paskami-regulowane-klamry-i-profilowana-wkladka,Damskie klapki z dwoma paskami i regulowanymi klamrami na lato,Kolor,czarny,Rozmiar,42,,,,,,Merseloseweg 62-A,,,,,,,9999
floria-damski-klapki-z-dwoma-paskami-regulowane-klamry-i-profilowana-wkladka,Damskie klapki z dwoma paskami i regulowanymi klamrami na lato,Kolor,brazowy,Rozmiar,35,,,,,,Merseloseweg 62-A,,,,,,,9999
floria-damski-klapki-z-dwoma-paskami-regulowane-klamry-i-profilowana-wkladka,Damskie klapki z dwoma paskami i regulowanymi klamrami na lato,Kolor,brazowy,Rozmiar,36,,,,,,Merseloseweg 62-A,,,,,,,9999
floria-damski-klapki-z-dwoma-paskami-regulowane-klamry-i-profilowana-wkladka,Damskie klapki z dwoma paskami i regulowanymi klamrami na lato,Kolor,brazowy,Rozmiar,37,,,,,,Merseloseweg 62-A,,,,,,,9999
floria-damski-klapki-z-dwoma-paskami-regulowane-klamry-i-profilowana-wkladka,Damskie klapki z dwoma paskami i regulowanymi klamrami na lato,Kolor,brazowy,Rozmiar,38,,,,,,Merseloseweg 62-A,,,,,,,9999
floria-damski-klapki-z-dwoma-paskami-regulowane-klamry-i-profilowana-wkladka,Damskie klapki z dwoma paskami i regulowanymi klamrami na lato,Kolor,brazowy,Rozmiar,39,,,,,,Merseloseweg 62-A,,,,,,,9999
floria-damski-klapki-z-dwoma-paskami-regulowane-klamry-i-profilowana-wkladka,Damskie klapki z dwoma paskami i regulowanymi klamrami na lato,Kolor,brazowy,Rozmiar,40,,,,,,Merseloseweg 62-A,,,,,,,9999
floria-damski-klapki-z-dwoma-paskami-regulowane-klamry-i-profilowana-wkladka,Damskie klapki z dwoma paskami i regulowanymi klamrami na lato,Kolor,brazowy,Rozmiar,41,,,,,,Merseloseweg 62-A,,,,,,,9999
floria-damski-klapki-z-dwoma-paskami-regulowane-klamry-i-profilowana-wkladka,Damskie klapki z dwoma paskami i regulowanymi klamrami na lato,Kolor,brazowy,Rozmiar,42,,,,,,Merseloseweg 62-A,,,,,,,9999
floria-damski-klapki-z-dwoma-paskami-regulowane-klamry-i-profilowana-wkladka,Damskie klapki z dwoma paskami i regulowanymi klamrami na lato,Kolor,bezowy,Rozmiar,43,,,,,,Merseloseweg 62-A,,,,,,,9999
floria-damski-klapki-z-dwoma-paskami-regulowane-klamry-i-profilowana-wkladka,Damskie klapki z dwoma paskami i regulowanymi klamrami na lato,Kolor,khaki,Rozmiar,43,,,,,,Merseloseweg 62-A,,,,,,,9999
floria-damski-klapki-z-dwoma-paskami-regulowane-klamry-i-profilowana-wkladka,Damskie klapki z dwoma paskami i regulowanymi klamrami na lato,Kolor,czarny,Rozmiar,43,,,,,,Merseloseweg 62-A,,,,,,,9999
floria-damski-klapki-z-dwoma-paskami-regulowane-klamry-i-profilowana-wkladka,Damskie klapki z dwoma paskami i regulowanymi klamrami na lato,Kolor,brazowy,Rozmiar,43,,,,,,Merseloseweg 62-A,,,,,,,9999
