Handle,Title,Option1 Name,Option1 Value,Option2 Name,Option2 Value,Option3 Name,Option3 Value,Variant SKU,Variant Grams,Variant Inventory Tracker,Variant Inventory Policy,Variant Fulfillment Service,Variant Price,Variant Compare At Price,Variant Requires Shipping,Variant Taxable,Variant Image,Image Src,Image Position,Image Alt Text
damskie-wysokie-kozaki-z-paskiem-i-klamra,Damskie wysokie kozaki z paskiem i klamrą,Kolor,Ciemnobrązowy,Rozmiar,36,,,,0.0,shopify,continue,manual,219.95,,true,true,https://cdn.shopify.com/s/files/1/0988/5725/5244/files/Damskie_wysokie_kozaki_z_paskiem_i_klamra-1.png?v=1790934654,,,
damskie-wysokie-kozaki-z-paskiem-i-klamra,,,Ciemnobrązowy,,37,,,,0.0,shopify,continue,manual,219.95,,true,true,https://cdn.shopify.com/s/files/1/0988/5725/5244/files/Damskie_wysokie_kozaki_z_paskiem_i_klamra-1.png?v=1790934654,,,
damskie-wysokie-kozaki-z-paskiem-i-klamra,,,Ciemnobrązowy,,38,,,,0.0,shopify,continue,manual,219.95,,true,true,https://cdn.shopify.com/s/files/1/0988/5725/5244/files/Damskie_wysokie_kozaki_z_paskiem_i_klamra-1.png?v=1790934654,,,
damskie-wysokie-kozaki-z-paskiem-i-klamra,,,Ciemnobrązowy,,39,,,,0.0,shopify,continue,manual,219.95,,true,true,https://cdn.shopify.com/s/files/1/0988/5725/5244/files/Damskie_wysokie_kozaki_z_paskiem_i_klamra-1.png?v=1790934654,,,
damskie-wysokie-kozaki-z-paskiem-i-klamra,,,Ciemnobrązowy,,40,,,,0.0,shopify,continue,manual,219.95,,true,true,https://cdn.shopify.com/s/files/1/0988/5725/5244/files/Damskie_wysokie_kozaki_z_paskiem_i_klamra-1.png?v=1790934654,,,
damskie-wysokie-kozaki-z-paskiem-i-klamra,,,Ciemnobrązowy,,41,,,,0.0,shopify,continue,manual,219.95,,true,true,https://cdn.shopify.com/s/files/1/0988/5725/5244/files/Damskie_wysokie_kozaki_z_paskiem_i_klamra-1.png?v=1790934654,,,
damskie-wysokie-kozaki-z-paskiem-i-klamra,,,Ciemnobrązowy,,42,,,,0.0,shopify,continue,manual,219.95,,true,true,https://cdn.shopify.com/s/files/1/0988/5725/5244/files/Damskie_wysokie_kozaki_z_paskiem_i_klamra-1.png?v=1790934654,,,
damskie-wysokie-kozaki-z-paskiem-i-klamra,,,Czarny,,36,,,,0.0,shopify,continue,manual,219.95,,true,true,https://cdn.shopify.com/s/files/1/0988/5725/5244/files/Damskie_wysokie_kozaki_z_paskiem_i_klamra-5.png?v=1790934654,,,
damskie-wysokie-kozaki-z-paskiem-i-klamra,,,Czarny,,37,,,,0.0,shopify,continue,manual,219.95,,true,true,https://cdn.shopify.com/s/files/1/0988/5725/5244/files/Damskie_wysokie_kozaki_z_paskiem_i_klamra-5.png?v=1790934654,,,
damskie-wysokie-kozaki-z-paskiem-i-klamra,,,Czarny,,38,,,,0.0,shopify,continue,manual,219.95,,true,true,https://cdn.shopify.com/s/files/1/0988/5725/5244/files/Damskie_wysokie_kozaki_z_paskiem_i_klamra-5.png?v=1790934654,,,
damskie-wysokie-kozaki-z-paskiem-i-klamra,,,Czarny,,39,,,,0.0,shopify,continue,manual,219.95,,true,true,https://cdn.shopify.com/s/files/1/0988/5725/5244/files/Damskie_wysokie_kozaki_z_paskiem_i_klamra-5.png?v=1790934654,,,
damskie-wysokie-kozaki-z-paskiem-i-klamra,,,Czarny,,40,,,,0.0,shopify,continue,manual,219.95,,true,true,https://cdn.shopify.com/s/files/1/0988/5725/5244/files/Damskie_wysokie_kozaki_z_paskiem_i_klamra-5.png?v=1790934654,,,
damskie-wysokie-kozaki-z-paskiem-i-klamra,,,Czarny,,41,,,,0.0,shopify,continue,manual,219.95,,true,true,https://cdn.shopify.com/s/files/1/0988/5725/5244/files/Damskie_wysokie_kozaki_z_paskiem_i_klamra-5.png?v=1790934654,,,
damskie-wysokie-kozaki-z-paskiem-i-klamra,,,Czarny,,42,,,,0.0,shopify,continue,manual,219.95,,true,true,https://cdn.shopify.com/s/files/1/0988/5725/5244/files/Damskie_wysokie_kozaki_z_paskiem_i_klamra-5.png?v=1790934654,,,
damskie-wysokie-kozaki-z-paskiem-i-klamra,,,Granatowy,,36,,,,0.0,shopify,continue,manual,219.95,,true,true,https://cdn.shopify.com/s/files/1/0988/5725/5244/files/Damskie_wysokie_kozaki_z_paskiem_i_klamra-8.png?v=1790934654,,,
damskie-wysokie-kozaki-z-paskiem-i-klamra,,,Granatowy,,37,,,,0.0,shopify,continue,manual,219.95,,true,true,https://cdn.shopify.com/s/files/1/0988/5725/5244/files/Damskie_wysokie_kozaki_z_paskiem_i_klamra-8.png?v=1790934654,,,
damskie-wysokie-kozaki-z-paskiem-i-klamra,,,Granatowy,,38,,,,0.0,shopify,continue,manual,219.95,,true,true,https://cdn.shopify.com/s/files/1/0988/5725/5244/files/Damskie_wysokie_kozaki_z_paskiem_i_klamra-8.png?v=1790934654,,,
damskie-wysokie-kozaki-z-paskiem-i-klamra,,,Granatowy,,39,,,,0.0,shopify,continue,manual,219.95,,true,true,https://cdn.shopify.com/s/files/1/0988/5725/5244/files/Damskie_wysokie_kozaki_z_paskiem_i_klamra-8.png?v=1790934654,,,
damskie-wysokie-kozaki-z-paskiem-i-klamra,,,Granatowy,,40,,,,0.0,shopify,continue,manual,219.95,,true,true,https://cdn.shopify.com/s/files/1/0988/5725/5244/files/Damskie_wysokie_kozaki_z_paskiem_i_klamra-8.png?v=1790934654,,,
damskie-wysokie-kozaki-z-paskiem-i-klamra,,,Granatowy,,41,,,,0.0,shopify,continue,manual,219.95,,true,true,https://cdn.shopify.com/s/files/1/0988/5725/5244/files/Damskie_wysokie_kozaki_z_paskiem_i_klamra-8.png?v=1790934654,,,
damskie-wysokie-kozaki-z-paskiem-i-klamra,,,Granatowy,,42,,,,0.0,shopify,continue,manual,219.95,,true,true,https://cdn.shopify.com/s/files/1/0988/5725/5244/files/Damskie_wysokie_kozaki_z_paskiem_i_klamra-8.png?v=1790934654,,,
damskie-wysokie-kozaki-z-paskiem-i-klamra,,,Zielony,,36,,,,0.0,shopify,continue,manual,219.95,,true,true,https://cdn.shopify.com/s/files/1/0988/5725/5244/files/Damskie_wysokie_kozaki_z_paskiem_i_klamra-11.jpg?v=1790934653,,,
damskie-wysokie-kozaki-z-paskiem-i-klamra,,,Zielony,,37,,,,0.0,shopify,continue,manual,219.95,,true,true,https://cdn.shopify.com/s/files/1/0988/5725/5244/files/Damskie_wysokie_kozaki_z_paskiem_i_klamra-11.jpg?v=1790934653,,,
damskie-wysokie-kozaki-z-paskiem-i-klamra,,,Zielony,,38,,,,0.0,shopify,continue,manual,219.95,,true,true,https://cdn.shopify.com/s/files/1/0988/5725/5244/files/Damskie_wysokie_kozaki_z_paskiem_i_klamra-11.jpg?v=1790934653,,,
damskie-wysokie-kozaki-z-paskiem-i-klamra,,,Zielony,,39,,,,0.0,shopify,continue,manual,219.95,,true,true,https://cdn.shopify.com/s/files/1/0988/5725/5244/files/Damskie_wysokie_kozaki_z_paskiem_i_klamra-11.jpg?v=1790934653,,,
damskie-wysokie-kozaki-z-paskiem-i-klamra,,,Zielony,,40,,,,0.0,shopify,continue,manual,219.95,,true,true,https://cdn.shopify.com/s/files/1/0988/5725/5244/files/Damskie_wysokie_kozaki_z_paskiem_i_klamra-11.jpg?v=1790934653,,,
damskie-wysokie-kozaki-z-paskiem-i-klamra,,,Zielony,,41,,,,0.0,shopify,continue,manual,219.95,,true,true,https://cdn.shopify.com/s/files/1/0988/5725/5244/files/Damskie_wysokie_kozaki_z_paskiem_i_klamra-11.jpg?v=1790934653,,,
damskie-wysokie-kozaki-z-paskiem-i-klamra,,,Zielony,,42,,,,0.0,shopify,continue,manual,219.95,,true,true,https://cdn.shopify.com/s/files/1/0988/5725/5244/files/Damskie_wysokie_kozaki_z_paskiem_i_klamra-11.jpg?v=1790934653,,,
damskie-wysokie-kozaki-z-paskiem-i-klamra,,,Ciemnobrązowy,,43,,,,0.0,shopify,continue,manual,219.95,,true,true,,,,
damskie-wysokie-kozaki-z-paskiem-i-klamra,,,Czarny,,43,,,,0.0,shopify,continue,manual,219.95,,true,true,,,,
damskie-wysokie-kozaki-z-paskiem-i-klamra,,,Granatowy,,43,,,,0.0,shopify,continue,manual,219.95,,true,true,,,,
damskie-wysokie-kozaki-z-paskiem-i-klamra,,,Zielony,,43,,,,0.0,shopify,continue,manual,219.95,,true,true,,,,
damskie-wysokie-kozaki-z-paskiem-i-klamra,,,,,,,,,,,,,,,,,,https://cdn.shopify.com/s/files/1/0988/5725/5244/files/Damskie_wysokie_kozaki_z_paskiem_i_klamra-1.png?v=1790934654,1,Ciemnobrązowe damskie wysokie kozaki z paskiem i klamrą
damskie-wysokie-kozaki-z-paskiem-i-klamra,,,,,,,,,,,,,,,,,,https://cdn.shopify.com/s/files/1/0988/5725/5244/files/Damskie_wysokie_kozaki_z_paskiem_i_klamra-2.png?v=1790934653,2,Ciemnobrązowe damskie kozaki z klamrą – widok z boku
damskie-wysokie-kozaki-z-paskiem-i-klamra,,,,,,,,,,,,,,,,,,https://cdn.shopify.com/s/files/1/0988/5725/5244/files/Damskie_wysokie_kozaki_z_paskiem_i_klamra-3.png?v=1790934653,3,Ciemnobrązowe damskie wysokie kozaki – widok z przodu
damskie-wysokie-kozaki-z-paskiem-i-klamra,,,,,,,,,,,,,,,,,,https://cdn.shopify.com/s/files/1/0988/5725/5244/files/Damskie_wysokie_kozaki_z_paskiem_i_klamra-4.jpg?v=1790934653,4,Czarne damskie wysokie kozaki z paskiem i klamrą – widok z boku
damskie-wysokie-kozaki-z-paskiem-i-klamra,,,,,,,,,,,,,,,,,,https://cdn.shopify.com/s/files/1/0988/5725/5244/files/Damskie_wysokie_kozaki_z_paskiem_i_klamra-5.png?v=1790934654,5,Czarne damskie wysokie kozaki z paskiem i klamrą
damskie-wysokie-kozaki-z-paskiem-i-klamra,,,,,,,,,,,,,,,,,,https://cdn.shopify.com/s/files/1/0988/5725/5244/files/Damskie_wysokie_kozaki_z_paskiem_i_klamra-6.jpg?v=1790934652,6,Granatowe damskie wysokie kozaki – widok z przodu
damskie-wysokie-kozaki-z-paskiem-i-klamra,,,,,,,,,,,,,,,,,,https://cdn.shopify.com/s/files/1/0988/5725/5244/files/Damskie_wysokie_kozaki_z_paskiem_i_klamra-7.jpg?v=1790934653,7,Czarne damskie wysokie kozaki – widok z przodu
damskie-wysokie-kozaki-z-paskiem-i-klamra,,,,,,,,,,,,,,,,,,https://cdn.shopify.com/s/files/1/0988/5725/5244/files/Damskie_wysokie_kozaki_z_paskiem_i_klamra-8.png?v=1790934654,8,Granatowe damskie wysokie kozaki z paskiem i klamrą
damskie-wysokie-kozaki-z-paskiem-i-klamra,,,,,,,,,,,,,,,,,,https://cdn.shopify.com/s/files/1/0988/5725/5244/files/Damskie_wysokie_kozaki_z_paskiem_i_klamra-9.jpg?v=1790934653,9,Granatowe damskie kozaki z klamrą – widok z tyłu
damskie-wysokie-kozaki-z-paskiem-i-klamra,,,,,,,,,,,,,,,,,,https://cdn.shopify.com/s/files/1/0988/5725/5244/files/Damskie_wysokie_kozaki_z_paskiem_i_klamra-10.jpg?v=1790934653,10,Zielone damskie wysokie kozaki – widok z przodu
damskie-wysokie-kozaki-z-paskiem-i-klamra,,,,,,,,,,,,,,,,,,https://cdn.shopify.com/s/files/1/0988/5725/5244/files/Damskie_wysokie_kozaki_z_paskiem_i_klamra-11.jpg?v=1790934653,11,Zielone damskie wysokie kozaki z paskiem i klamrą
damskie-wysokie-kozaki-z-paskiem-i-klamra,,,,,,,,,,,,,,,,,,https://cdn.shopify.com/s/files/1/0988/5725/5244/files/Damskie_wysokie_kozaki_z_paskiem_i_klamra-12.jpg?v=1790934654,12,Zielone damskie kozaki z klamrą – widok z tyłu
damskie-botki-sznurowane-na-slupku-z-klamra,Damskie botki sznurowane na słupku z klamrą,Kolor,Czarny,Rozmiar,36,,,,0.0,shopify,continue,manual,264.95,,true,true,https://cdn.shopify.com/s/files/1/0988/5725/5244/files/Damskie_botki_sznurowane_na_slupku_z_klamra-3.webp?v=1790846719,,,
damskie-botki-sznurowane-na-slupku-z-klamra,,,Czarny,,37,,,,0.0,shopify,continue,manual,264.95,,true,true,https://cdn.shopify.com/s/files/1/0988/5725/5244/files/Damskie_botki_sznurowane_na_slupku_z_klamra-3.webp?v=1790846719,,,
damskie-botki-sznurowane-na-slupku-z-klamra,,,Czarny,,38,,,,0.0,shopify,continue,manual,264.95,,true,true,https://cdn.shopify.com/s/files/1/0988/5725/5244/files/Damskie_botki_sznurowane_na_slupku_z_klamra-3.webp?v=1790846719,,,
damskie-botki-sznurowane-na-slupku-z-klamra,,,Czarny,,39,,,,0.0,shopify,continue,manual,264.95,,true,true,https://cdn.shopify.com/s/files/1/0988/5725/5244/files/Damskie_botki_sznurowane_na_slupku_z_klamra-3.webp?v=1790846719,,,
damskie-botki-sznurowane-na-slupku-z-klamra,,,Czarny,,40,,,,0.0,shopify,continue,manual,264.95,,true,true,https://cdn.shopify.com/s/files/1/0988/5725/5244/files/Damskie_botki_sznurowane_na_slupku_z_klamra-3.webp?v=1790846719,,,
damskie-botki-sznurowane-na-slupku-z-klamra,,,Czarny,,41,,,,0.0,shopify,continue,manual,264.95,,true,true,https://cdn.shopify.com/s/files/1/0988/5725/5244/files/Damskie_botki_sznurowane_na_slupku_z_klamra-3.webp?v=1790846719,,,
damskie-botki-sznurowane-na-slupku-z-klamra,,,Czarny,,42,,,,0.0,shopify,continue,manual,264.95,,true,true,https://cdn.shopify.com/s/files/1/0988/5725/5244/files/Damskie_botki_sznurowane_na_slupku_z_klamra-3.webp?v=1790846719,,,
damskie-botki-sznurowane-na-slupku-z-klamra,,,Brązowy,,36,,,,0.0,shopify,continue,manual,264.95,,true,true,https://cdn.shopify.com/s/files/1/0988/5725/5244/files/Damskie_botki_sznurowane_na_slupku_z_klamra-1.png?v=1790846720,,,
damskie-botki-sznurowane-na-slupku-z-klamra,,,Brązowy,,37,,,,0.0,shopify,continue,manual,264.95,,true,true,https://cdn.shopify.com/s/files/1/0988/5725/5244/files/Damskie_botki_sznurowane_na_slupku_z_klamra-1.png?v=1790846720,,,
damskie-botki-sznurowane-na-slupku-z-klamra,,,Brązowy,,38,,,,0.0,shopify,continue,manual,264.95,,true,true,https://cdn.shopify.com/s/files/1/0988/5725/5244/files/Damskie_botki_sznurowane_na_slupku_z_klamra-1.png?v=1790846720,,,
damskie-botki-sznurowane-na-slupku-z-klamra,,,Brązowy,,39,,,,0.0,shopify,continue,manual,264.95,,true,true,https://cdn.shopify.com/s/files/1/0988/5725/5244/files/Damskie_botki_sznurowane_na_slupku_z_klamra-1.png?v=1790846720,,,
damskie-botki-sznurowane-na-slupku-z-klamra,,,Brązowy,,40,,,,0.0,shopify,continue,manual,264.95,,true,true,https://cdn.shopify.com/s/files/1/0988/5725/5244/files/Damskie_botki_sznurowane_na_slupku_z_klamra-1.png?v=1790846720,,,
damskie-botki-sznurowane-na-slupku-z-klamra,,,Brązowy,,41,,,,0.0,shopify,continue,manual,264.95,,true,true,https://cdn.shopify.com/s/files/1/0988/5725/5244/files/Damskie_botki_sznurowane_na_slupku_z_klamra-1.png?v=1790846720,,,
damskie-botki-sznurowane-na-slupku-z-klamra,,,Brązowy,,42,,,,0.0,shopify,continue,manual,264.95,,true,true,https://cdn.shopify.com/s/files/1/0988/5725/5244/files/Damskie_botki_sznurowane_na_slupku_z_klamra-1.png?v=1790846720,,,
damskie-botki-sznurowane-na-slupku-z-klamra,,,Zielony wojskowy,,36,,,,0.0,shopify,continue,manual,264.95,,true,true,https://cdn.shopify.com/s/files/1/0988/5725/5244/files/Damskie_botki_sznurowane_na_slupku_z_klamra-5.webp?v=1790846719,,,
damskie-botki-sznurowane-na-slupku-z-klamra,,,Zielony wojskowy,,37,,,,0.0,shopify,continue,manual,264.95,,true,true,https://cdn.shopify.com/s/files/1/0988/5725/5244/files/Damskie_botki_sznurowane_na_slupku_z_klamra-5.webp?v=1790846719,,,
damskie-botki-sznurowane-na-slupku-z-klamra,,,Zielony wojskowy,,38,,,,0.0,shopify,continue,manual,264.95,,true,true,https://cdn.shopify.com/s/files/1/0988/5725/5244/files/Damskie_botki_sznurowane_na_slupku_z_klamra-5.webp?v=1790846719,,,
damskie-botki-sznurowane-na-slupku-z-klamra,,,Zielony wojskowy,,39,,,,0.0,shopify,continue,manual,264.95,,true,true,https://cdn.shopify.com/s/files/1/0988/5725/5244/files/Damskie_botki_sznurowane_na_slupku_z_klamra-5.webp?v=1790846719,,,
damskie-botki-sznurowane-na-slupku-z-klamra,,,Zielony wojskowy,,40,,,,0.0,shopify,continue,manual,264.95,,true,true,https://cdn.shopify.com/s/files/1/0988/5725/5244/files/Damskie_botki_sznurowane_na_slupku_z_klamra-5.webp?v=1790846719,,,
damskie-botki-sznurowane-na-slupku-z-klamra,,,Zielony wojskowy,,41,,,,0.0,shopify,continue,manual,264.95,,true,true,https://cdn.shopify.com/s/files/1/0988/5725/5244/files/Damskie_botki_sznurowane_na_slupku_z_klamra-5.webp?v=1790846719,,,
damskie-botki-sznurowane-na-slupku-z-klamra,,,Zielony wojskowy,,42,,,,0.0,shopify,continue,manual,264.95,,true,true,https://cdn.shopify.com/s/files/1/0988/5725/5244/files/Damskie_botki_sznurowane_na_slupku_z_klamra-5.webp?v=1790846719,,,
damskie-botki-sznurowane-na-slupku-z-klamra,,,Granatowy,,36,,,,0.0,shopify,continue,manual,264.95,,true,true,https://cdn.shopify.com/s/files/1/0988/5725/5244/files/Damskie_botki_sznurowane_na_slupku_z_klamra-4.webp?v=1790846719,,,
damskie-botki-sznurowane-na-slupku-z-klamra,,,Granatowy,,37,,,,0.0,shopify,continue,manual,264.95,,true,true,https://cdn.shopify.com/s/files/1/0988/5725/5244/files/Damskie_botki_sznurowane_na_slupku_z_klamra-4.webp?v=1790846719,,,
damskie-botki-sznurowane-na-slupku-z-klamra,,,Granatowy,,38,,,,0.0,shopify,continue,manual,264.95,,true,true,https://cdn.shopify.com/s/files/1/0988/5725/5244/files/Damskie_botki_sznurowane_na_slupku_z_klamra-4.webp?v=1790846719,,,
damskie-botki-sznurowane-na-slupku-z-klamra,,,Granatowy,,39,,,,0.0,shopify,continue,manual,264.95,,true,true,https://cdn.shopify.com/s/files/1/0988/5725/5244/files/Damskie_botki_sznurowane_na_slupku_z_klamra-4.webp?v=1790846719,,,
damskie-botki-sznurowane-na-slupku-z-klamra,,,Granatowy,,40,,,,0.0,shopify,continue,manual,264.95,,true,true,https://cdn.shopify.com/s/files/1/0988/5725/5244/files/Damskie_botki_sznurowane_na_slupku_z_klamra-4.webp?v=1790846719,,,
damskie-botki-sznurowane-na-slupku-z-klamra,,,Granatowy,,41,,,,0.0,shopify,continue,manual,264.95,,true,true,https://cdn.shopify.com/s/files/1/0988/5725/5244/files/Damskie_botki_sznurowane_na_slupku_z_klamra-4.webp?v=1790846719,,,
damskie-botki-sznurowane-na-slupku-z-klamra,,,Granatowy,,42,,,,0.0,shopify,continue,manual,264.95,,true,true,https://cdn.shopify.com/s/files/1/0988/5725/5244/files/Damskie_botki_sznurowane_na_slupku_z_klamra-4.webp?v=1790846719,,,
damskie-botki-sznurowane-na-slupku-z-klamra,,,Biały,,36,,,,0.0,shopify,continue,manual,264.95,,true,true,https://cdn.shopify.com/s/files/1/0988/5725/5244/files/Damskie_botki_sznurowane_na_slupku_z_klamra-2.png?v=1790846720,,,
damskie-botki-sznurowane-na-slupku-z-klamra,,,Biały,,37,,,,0.0,shopify,continue,manual,264.95,,true,true,https://cdn.shopify.com/s/files/1/0988/5725/5244/files/Damskie_botki_sznurowane_na_slupku_z_klamra-2.png?v=1790846720,,,
damskie-botki-sznurowane-na-slupku-z-klamra,,,Biały,,38,,,,0.0,shopify,continue,manual,264.95,,true,true,https://cdn.shopify.com/s/files/1/0988/5725/5244/files/Damskie_botki_sznurowane_na_slupku_z_klamra-2.png?v=1790846720,,,
damskie-botki-sznurowane-na-slupku-z-klamra,,,Biały,,39,,,,0.0,shopify,continue,manual,264.95,,true,true,https://cdn.shopify.com/s/files/1/0988/5725/5244/files/Damskie_botki_sznurowane_na_slupku_z_klamra-2.png?v=1790846720,,,
damskie-botki-sznurowane-na-slupku-z-klamra,,,Biały,,40,,,,0.0,shopify,continue,manual,264.95,,true,true,https://cdn.shopify.com/s/files/1/0988/5725/5244/files/Damskie_botki_sznurowane_na_slupku_z_klamra-2.png?v=1790846720,,,
damskie-botki-sznurowane-na-slupku-z-klamra,,,Biały,,41,,,,0.0,shopify,continue,manual,264.95,,true,true,https://cdn.shopify.com/s/files/1/0988/5725/5244/files/Damskie_botki_sznurowane_na_slupku_z_klamra-2.png?v=1790846720,,,
damskie-botki-sznurowane-na-slupku-z-klamra,,,Biały,,42,,,,0.0,shopify,continue,manual,264.95,,true,true,https://cdn.shopify.com/s/files/1/0988/5725/5244/files/Damskie_botki_sznurowane_na_slupku_z_klamra-2.png?v=1790846720,,,
damskie-botki-sznurowane-na-slupku-z-klamra,,,Czarny,,43,,,,0.0,shopify,continue,manual,264.95,,true,true,,,,
damskie-botki-sznurowane-na-slupku-z-klamra,,,Brązowy,,43,,,,0.0,shopify,continue,manual,264.95,,true,true,,,,
damskie-botki-sznurowane-na-slupku-z-klamra,,,Zielony wojskowy,,43,,,,0.0,shopify,continue,manual,264.95,,true,true,,,,
damskie-botki-sznurowane-na-slupku-z-klamra,,,Granatowy,,43,,,,0.0,shopify,continue,manual,264.95,,true,true,,,,
damskie-botki-sznurowane-na-slupku-z-klamra,,,Biały,,43,,,,0.0,shopify,continue,manual,264.95,,true,true,,,,
damskie-botki-sznurowane-na-slupku-z-klamra,,,,,,,,,,,,,,,,,,https://cdn.shopify.com/s/files/1/0988/5725/5244/files/Damskie_botki_sznurowane_na_slupku_z_klamra-1.png?v=1790846720,1,Brązowe damskie botki sznurowane na słupku z klamrą
damskie-botki-sznurowane-na-slupku-z-klamra,,,,,,,,,,,,,,,,,,https://cdn.shopify.com/s/files/1/0988/5725/5244/files/Damskie_botki_sznurowane_na_slupku_z_klamra-2.png?v=1790846720,2,Białe damskie botki sznurowane na słupku z klamrą
damskie-botki-sznurowane-na-slupku-z-klamra,,,,,,,,,,,,,,,,,,https://cdn.shopify.com/s/files/1/0988/5725/5244/files/Damskie_botki_sznurowane_na_slupku_z_klamra-3.webp?v=1790846719,3,Czarne damskie botki sznurowane na słupku z klamrą
damskie-botki-sznurowane-na-slupku-z-klamra,,,,,,,,,,,,,,,,,,https://cdn.shopify.com/s/files/1/0988/5725/5244/files/Damskie_botki_sznurowane_na_slupku_z_klamra-4.webp?v=1790846719,4,Granatowe damskie botki sznurowane na słupku z klamrą
damskie-botki-sznurowane-na-slupku-z-klamra,,,,,,,,,,,,,,,,,,https://cdn.shopify.com/s/files/1/0988/5725/5244/files/Damskie_botki_sznurowane_na_slupku_z_klamra-5.webp?v=1790846719,5,Damskie botki sznurowane na słupku w kolorze zielonym wojskowym
damskie-sneakersy-sznurowane-na-grubszej-podeszwie,Damskie sneakersy sznurowane na grubszej podeszwie,Kolor,Biały,Rozmiar,36,,,,0.0,shopify,continue,manual,154.95,,true,true,https://cdn.shopify.com/s/files/1/0988/5725/5244/files/Damskie_sneakersy_sznurowane_na_grubszej_podeszwie-3.png?v=1790846608,,,
damskie-sneakersy-sznurowane-na-grubszej-podeszwie,,,Biały,,37,,,,0.0,shopify,continue,manual,154.95,,true,true,https://cdn.shopify.com/s/files/1/0988/5725/5244/files/Damskie_sneakersy_sznurowane_na_grubszej_podeszwie-3.png?v=1790846608,,,
damskie-sneakersy-sznurowane-na-grubszej-podeszwie,,,Biały,,38,,,,0.0,shopify,continue,manual,154.95,,true,true,https://cdn.shopify.com/s/files/1/0988/5725/5244/files/Damskie_sneakersy_sznurowane_na_grubszej_podeszwie-3.png?v=1790846608,,,
damskie-sneakersy-sznurowane-na-grubszej-podeszwie,,,Biały,,39,,,,0.0,shopify,continue,manual,154.95,,true,true,https://cdn.shopify.com/s/files/1/0988/5725/5244/files/Damskie_sneakersy_sznurowane_na_grubszej_podeszwie-3.png?v=1790846608,,,
damskie-sneakersy-sznurowane-na-grubszej-podeszwie,,,Biały,,40,,,,0.0,shopify,continue,manual,154.95,,true,true,https://cdn.shopify.com/s/files/1/0988/5725/5244/files/Damskie_sneakersy_sznurowane_na_grubszej_podeszwie-3.png?v=1790846608,,,
damskie-sneakersy-sznurowane-na-grubszej-podeszwie,,,Biały,,41,,,,0.0,shopify,continue,manual,154.95,,true,true,https://cdn.shopify.com/s/files/1/0988/5725/5244/files/Damskie_sneakersy_sznurowane_na_grubszej_podeszwie-3.png?v=1790846608,,,
damskie-sneakersy-sznurowane-na-grubszej-podeszwie,,,Biały,,42,,,,0.0,shopify,continue,manual,154.95,,true,true,https://cdn.shopify.com/s/files/1/0988/5725/5244/files/Damskie_sneakersy_sznurowane_na_grubszej_podeszwie-3.png?v=1790846608,,,
damskie-sneakersy-sznurowane-na-grubszej-podeszwie,,,Czarny,,36,,,,0.0,shopify,continue,manual,154.95,,true,true,https://cdn.shopify.com/s/files/1/0988/5725/5244/files/Damskie_sneakersy_sznurowane_na_grubszej_podeszwie-2.png?v=1790846608,,,
damskie-sneakersy-sznurowane-na-grubszej-podeszwie,,,Czarny,,37,,,,0.0,shopify,continue,manual,154.95,,true,true,https://cdn.shopify.com/s/files/1/0988/5725/5244/files/Damskie_sneakersy_sznurowane_na_grubszej_podeszwie-2.png?v=1790846608,,,
damskie-sneakersy-sznurowane-na-grubszej-podeszwie,,,Czarny,,38,,,,0.0,shopify,continue,manual,154.95,,true,true,https://cdn.shopify.com/s/files/1/0988/5725/5244/files/Damskie_sneakersy_sznurowane_na_grubszej_podeszwie-2.png?v=1790846608,,,
damskie-sneakersy-sznurowane-na-grubszej-podeszwie,,,Czarny,,39,,,,0.0,shopify,continue,manual,154.95,,true,true,https://cdn.shopify.com/s/files/1/0988/5725/5244/files/Damskie_sneakersy_sznurowane_na_grubszej_podeszwie-2.png?v=1790846608,,,
damskie-sneakersy-sznurowane-na-grubszej-podeszwie,,,Czarny,,40,,,,0.0,shopify,continue,manual,154.95,,true,true,https://cdn.shopify.com/s/files/1/0988/5725/5244/files/Damskie_sneakersy_sznurowane_na_grubszej_podeszwie-2.png?v=1790846608,,,
damskie-sneakersy-sznurowane-na-grubszej-podeszwie,,,Czarny,,41,,,,0.0,shopify,continue,manual,154.95,,true,true,https://cdn.shopify.com/s/files/1/0988/5725/5244/files/Damskie_sneakersy_sznurowane_na_grubszej_podeszwie-2.png?v=1790846608,,,
damskie-sneakersy-sznurowane-na-grubszej-podeszwie,,,Czarny,,42,,,,0.0,shopify,continue,manual,154.95,,true,true,https://cdn.shopify.com/s/files/1/0988/5725/5244/files/Damskie_sneakersy_sznurowane_na_grubszej_podeszwie-2.png?v=1790846608,,,
damskie-sneakersy-sznurowane-na-grubszej-podeszwie,,,Biały,,43,,,,0.0,shopify,continue,manual,154.95,,true,true,,,,
damskie-sneakersy-sznurowane-na-grubszej-podeszwie,,,Czarny,,43,,,,0.0,shopify,continue,manual,154.95,,true,true,,,,
damskie-sneakersy-sznurowane-na-grubszej-podeszwie,,,,,,,,,,,,,,,,,,https://cdn.shopify.com/s/files/1/0988/5725/5244/files/Damskie_sneakersy_sznurowane_na_grubszej_podeszwie-1.png?v=1790846608,1,Białe damskie sneakersy sznurowane na grubszej podeszwie – na stopie
damskie-sneakersy-sznurowane-na-grubszej-podeszwie,,,,,,,,,,,,,,,,,,https://cdn.shopify.com/s/files/1/0988/5725/5244/files/Damskie_sneakersy_sznurowane_na_grubszej_podeszwie-2.png?v=1790846608,2,Czarne damskie sneakersy sznurowane na grubszej podeszwie
damskie-sneakersy-sznurowane-na-grubszej-podeszwie,,,,,,,,,,,,,,,,,,https://cdn.shopify.com/s/files/1/0988/5725/5244/files/Damskie_sneakersy_sznurowane_na_grubszej_podeszwie-3.png?v=1790846608,3,Białe damskie sneakersy sznurowane na grubszej podeszwie
damskie-sneakersy-sznurowane-na-grubszej-podeszwie,,,,,,,,,,,,,,,,,,https://cdn.shopify.com/s/files/1/0988/5725/5244/files/Damskie_sneakersy_sznurowane_na_grubszej_podeszwie-4.png?v=1790846608,4,Białe damskie sneakersy sznurowane – widok z boku
damskie-wysokie-kozaki-z-klamra-w-stylu-jezdzieckim,Damskie wysokie kozaki z klamrą w stylu jeździeckim,Kolor,Ciemnobrązowy,Rozmiar,36,,,,0.0,shopify,continue,manual,264.95,,true,true,https://cdn.shopify.com/s/files/1/0988/5725/5244/files/Damskie_wysokie_kozaki_z_klamra_w_stylu_jezdzieckim-1.webp?v=1790846566,,,
damskie-wysokie-kozaki-z-klamra-w-stylu-jezdzieckim,,,Ciemnobrązowy,,37,,,,0.0,shopify,continue,manual,264.95,,true,true,https://cdn.shopify.com/s/files/1/0988/5725/5244/files/Damskie_wysokie_kozaki_z_klamra_w_stylu_jezdzieckim-1.webp?v=1790846566,,,
damskie-wysokie-kozaki-z-klamra-w-stylu-jezdzieckim,,,Ciemnobrązowy,,38,,,,0.0,shopify,continue,manual,264.95,,true,true,https://cdn.shopify.com/s/files/1/0988/5725/5244/files/Damskie_wysokie_kozaki_z_klamra_w_stylu_jezdzieckim-1.webp?v=1790846566,,,
damskie-wysokie-kozaki-z-klamra-w-stylu-jezdzieckim,,,Ciemnobrązowy,,39,,,,0.0,shopify,continue,manual,264.95,,true,true,https://cdn.shopify.com/s/files/1/0988/5725/5244/files/Damskie_wysokie_kozaki_z_klamra_w_stylu_jezdzieckim-1.webp?v=1790846566,,,
damskie-wysokie-kozaki-z-klamra-w-stylu-jezdzieckim,,,Ciemnobrązowy,,40,,,,0.0,shopify,continue,manual,264.95,,true,true,https://cdn.shopify.com/s/files/1/0988/5725/5244/files/Damskie_wysokie_kozaki_z_klamra_w_stylu_jezdzieckim-1.webp?v=1790846566,,,
damskie-wysokie-kozaki-z-klamra-w-stylu-jezdzieckim,,,Ciemnobrązowy,,41,,,,0.0,shopify,continue,manual,264.95,,true,true,https://cdn.shopify.com/s/files/1/0988/5725/5244/files/Damskie_wysokie_kozaki_z_klamra_w_stylu_jezdzieckim-1.webp?v=1790846566,,,
damskie-wysokie-kozaki-z-klamra-w-stylu-jezdzieckim,,,Ciemnobrązowy,,42,,,,0.0,shopify,continue,manual,264.95,,true,true,https://cdn.shopify.com/s/files/1/0988/5725/5244/files/Damskie_wysokie_kozaki_z_klamra_w_stylu_jezdzieckim-1.webp?v=1790846566,,,
damskie-wysokie-kozaki-z-klamra-w-stylu-jezdzieckim,,,Czarny,,36,,,,0.0,shopify,continue,manual,264.95,,true,true,https://cdn.shopify.com/s/files/1/0988/5725/5244/files/Damskie_wysokie_kozaki_z_klamra_w_stylu_jezdzieckim-2.webp?v=1790846566,,,
damskie-wysokie-kozaki-z-klamra-w-stylu-jezdzieckim,,,Czarny,,37,,,,0.0,shopify,continue,manual,264.95,,true,true,https://cdn.shopify.com/s/files/1/0988/5725/5244/files/Damskie_wysokie_kozaki_z_klamra_w_stylu_jezdzieckim-2.webp?v=1790846566,,,
damskie-wysokie-kozaki-z-klamra-w-stylu-jezdzieckim,,,Czarny,,38,,,,0.0,shopify,continue,manual,264.95,,true,true,https://cdn.shopify.com/s/files/1/0988/5725/5244/files/Damskie_wysokie_kozaki_z_klamra_w_stylu_jezdzieckim-2.webp?v=1790846566,,,
damskie-wysokie-kozaki-z-klamra-w-stylu-jezdzieckim,,,Czarny,,39,,,,0.0,shopify,continue,manual,264.95,,true,true,https://cdn.shopify.com/s/files/1/0988/5725/5244/files/Damskie_wysokie_kozaki_z_klamra_w_stylu_jezdzieckim-2.webp?v=1790846566,,,
damskie-wysokie-kozaki-z-klamra-w-stylu-jezdzieckim,,,Czarny,,40,,,,0.0,shopify,continue,manual,264.95,,true,true,https://cdn.shopify.com/s/files/1/0988/5725/5244/files/Damskie_wysokie_kozaki_z_klamra_w_stylu_jezdzieckim-2.webp?v=1790846566,,,
damskie-wysokie-kozaki-z-klamra-w-stylu-jezdzieckim,,,Czarny,,41,,,,0.0,shopify,continue,manual,264.95,,true,true,https://cdn.shopify.com/s/files/1/0988/5725/5244/files/Damskie_wysokie_kozaki_z_klamra_w_stylu_jezdzieckim-2.webp?v=1790846566,,,
damskie-wysokie-kozaki-z-klamra-w-stylu-jezdzieckim,,,Czarny,,42,,,,0.0,shopify,continue,manual,264.95,,true,true,https://cdn.shopify.com/s/files/1/0988/5725/5244/files/Damskie_wysokie_kozaki_z_klamra_w_stylu_jezdzieckim-2.webp?v=1790846566,,,
damskie-wysokie-kozaki-z-klamra-w-stylu-jezdzieckim,,,Brązowy,,36,,,,0.0,shopify,continue,manual,264.95,,true,true,https://cdn.shopify.com/s/files/1/0988/5725/5244/files/Damskie_wysokie_kozaki_z_klamra_w_stylu_jezdzieckim-3.webp?v=1790846566,,,
damskie-wysokie-kozaki-z-klamra-w-stylu-jezdzieckim,,,Brązowy,,37,,,,0.0,shopify,continue,manual,264.95,,true,true,https://cdn.shopify.com/s/files/1/0988/5725/5244/files/Damskie_wysokie_kozaki_z_klamra_w_stylu_jezdzieckim-3.webp?v=1790846566,,,
damskie-wysokie-kozaki-z-klamra-w-stylu-jezdzieckim,,,Brązowy,,38,,,,0.0,shopify,continue,manual,264.95,,true,true,https://cdn.shopify.com/s/files/1/0988/5725/5244/files/Damskie_wysokie_kozaki_z_klamra_w_stylu_jezdzieckim-3.webp?v=1790846566,,,
damskie-wysokie-kozaki-z-klamra-w-stylu-jezdzieckim,,,Brązowy,,39,,,,0.0,shopify,continue,manual,264.95,,true,true,https://cdn.shopify.com/s/files/1/0988/5725/5244/files/Damskie_wysokie_kozaki_z_klamra_w_stylu_jezdzieckim-3.webp?v=1790846566,,,
damskie-wysokie-kozaki-z-klamra-w-stylu-jezdzieckim,,,Brązowy,,40,,,,0.0,shopify,continue,manual,264.95,,true,true,https://cdn.shopify.com/s/files/1/0988/5725/5244/files/Damskie_wysokie_kozaki_z_klamra_w_stylu_jezdzieckim-3.webp?v=1790846566,,,
damskie-wysokie-kozaki-z-klamra-w-stylu-jezdzieckim,,,Brązowy,,41,,,,0.0,shopify,continue,manual,264.95,,true,true,https://cdn.shopify.com/s/files/1/0988/5725/5244/files/Damskie_wysokie_kozaki_z_klamra_w_stylu_jezdzieckim-3.webp?v=1790846566,,,
damskie-wysokie-kozaki-z-klamra-w-stylu-jezdzieckim,,,Brązowy,,42,,,,0.0,shopify,continue,manual,264.95,,true,true,https://cdn.shopify.com/s/files/1/0988/5725/5244/files/Damskie_wysokie_kozaki_z_klamra_w_stylu_jezdzieckim-3.webp?v=1790846566,,,
damskie-wysokie-kozaki-z-klamra-w-stylu-jezdzieckim,,,Zielony,,36,,,,0.0,shopify,continue,manual,264.95,,true,true,https://cdn.shopify.com/s/files/1/0988/5725/5244/files/Damskie_wysokie_kozaki_z_klamra_w_stylu_jezdzieckim-4.png?v=1790846566,,,
damskie-wysokie-kozaki-z-klamra-w-stylu-jezdzieckim,,,Zielony,,37,,,,0.0,shopify,continue,manual,264.95,,true,true,https://cdn.shopify.com/s/files/1/0988/5725/5244/files/Damskie_wysokie_kozaki_z_klamra_w_stylu_jezdzieckim-4.png?v=1790846566,,,
damskie-wysokie-kozaki-z-klamra-w-stylu-jezdzieckim,,,Zielony,,38,,,,0.0,shopify,continue,manual,264.95,,true,true,https://cdn.shopify.com/s/files/1/0988/5725/5244/files/Damskie_wysokie_kozaki_z_klamra_w_stylu_jezdzieckim-4.png?v=1790846566,,,
damskie-wysokie-kozaki-z-klamra-w-stylu-jezdzieckim,,,Zielony,,39,,,,0.0,shopify,continue,manual,264.95,,true,true,https://cdn.shopify.com/s/files/1/0988/5725/5244/files/Damskie_wysokie_kozaki_z_klamra_w_stylu_jezdzieckim-4.png?v=1790846566,,,
damskie-wysokie-kozaki-z-klamra-w-stylu-jezdzieckim,,,Zielony,,40,,,,0.0,shopify,continue,manual,264.95,,true,true,https://cdn.shopify.com/s/files/1/0988/5725/5244/files/Damskie_wysokie_kozaki_z_klamra_w_stylu_jezdzieckim-4.png?v=1790846566,,,
damskie-wysokie-kozaki-z-klamra-w-stylu-jezdzieckim,,,Zielony,,41,,,,0.0,shopify,continue,manual,264.95,,true,true,https://cdn.shopify.com/s/files/1/0988/5725/5244/files/Damskie_wysokie_kozaki_z_klamra_w_stylu_jezdzieckim-4.png?v=1790846566,,,
damskie-wysokie-kozaki-z-klamra-w-stylu-jezdzieckim,,,Zielony,,42,,,,0.0,shopify,continue,manual,264.95,,true,true,https://cdn.shopify.com/s/files/1/0988/5725/5244/files/Damskie_wysokie_kozaki_z_klamra_w_stylu_jezdzieckim-4.png?v=1790846566,,,
damskie-wysokie-kozaki-z-klamra-w-stylu-jezdzieckim,,,Niebieski,,36,,,,0.0,shopify,continue,manual,264.95,,true,true,https://cdn.shopify.com/s/files/1/0988/5725/5244/files/Damskie_wysokie_kozaki_z_klamra_w_stylu_jezdzieckim-5.png?v=1790846566,,,
damskie-wysokie-kozaki-z-klamra-w-stylu-jezdzieckim,,,Niebieski,,37,,,,0.0,shopify,continue,manual,264.95,,true,true,https://cdn.shopify.com/s/files/1/0988/5725/5244/files/Damskie_wysokie_kozaki_z_klamra_w_stylu_jezdzieckim-5.png?v=1790846566,,,
damskie-wysokie-kozaki-z-klamra-w-stylu-jezdzieckim,,,Niebieski,,38,,,,0.0,shopify,continue,manual,264.95,,true,true,https://cdn.shopify.com/s/files/1/0988/5725/5244/files/Damskie_wysokie_kozaki_z_klamra_w_stylu_jezdzieckim-5.png?v=1790846566,,,
damskie-wysokie-kozaki-z-klamra-w-stylu-jezdzieckim,,,Niebieski,,39,,,,0.0,shopify,continue,manual,264.95,,true,true,https://cdn.shopify.com/s/files/1/0988/5725/5244/files/Damskie_wysokie_kozaki_z_klamra_w_stylu_jezdzieckim-5.png?v=1790846566,,,
damskie-wysokie-kozaki-z-klamra-w-stylu-jezdzieckim,,,Niebieski,,40,,,,0.0,shopify,continue,manual,264.95,,true,true,https://cdn.shopify.com/s/files/1/0988/5725/5244/files/Damskie_wysokie_kozaki_z_klamra_w_stylu_jezdzieckim-5.png?v=1790846566,,,
damskie-wysokie-kozaki-z-klamra-w-stylu-jezdzieckim,,,Niebieski,,41,,,,0.0,shopify,continue,manual,264.95,,true,true,https://cdn.shopify.com/s/files/1/0988/5725/5244/files/Damskie_wysokie_kozaki_z_klamra_w_stylu_jezdzieckim-5.png?v=1790846566,,,
damskie-wysokie-kozaki-z-klamra-w-stylu-jezdzieckim,,,Niebieski,,42,,,,0.0,shopify,continue,manual,264.95,,true,true,https://cdn.shopify.com/s/files/1/0988/5725/5244/files/Damskie_wysokie_kozaki_z_klamra_w_stylu_jezdzieckim-5.png?v=1790846566,,,
damskie-wysokie-kozaki-z-klamra-w-stylu-jezdzieckim,,,Ciemnobrązowy,,43,,,,0.0,shopify,continue,manual,264.95,,true,true,,,,
damskie-wysokie-kozaki-z-klamra-w-stylu-jezdzieckim,,,Czarny,,43,,,,0.0,shopify,continue,manual,264.95,,true,true,,,,
damskie-wysokie-kozaki-z-klamra-w-stylu-jezdzieckim,,,Brązowy,,43,,,,0.0,shopify,continue,manual,264.95,,true,true,,,,
damskie-wysokie-kozaki-z-klamra-w-stylu-jezdzieckim,,,Zielony,,43,,,,0.0,shopify,continue,manual,264.95,,true,true,,,,
damskie-wysokie-kozaki-z-klamra-w-stylu-jezdzieckim,,,Niebieski,,43,,,,0.0,shopify,continue,manual,264.95,,true,true,,,,
damskie-wysokie-kozaki-z-klamra-w-stylu-jezdzieckim,,,,,,,,,,,,,,,,,,https://cdn.shopify.com/s/files/1/0988/5725/5244/files/Damskie_wysokie_kozaki_z_klamra_w_stylu_jezdzieckim-1.webp?v=1790846566,1,Ciemnobrązowe damskie wysokie kozaki z klamrą w stylu jeździeckim
damskie-wysokie-kozaki-z-klamra-w-stylu-jezdzieckim,,,,,,,,,,,,,,,,,,https://cdn.shopify.com/s/files/1/0988/5725/5244/files/Damskie_wysokie_kozaki_z_klamra_w_stylu_jezdzieckim-2.webp?v=1790846566,2,Czarne damskie wysokie kozaki z klamrą w stylu jeździeckim
damskie-wysokie-kozaki-z-klamra-w-stylu-jezdzieckim,,,,,,,,,,,,,,,,,,https://cdn.shopify.com/s/files/1/0988/5725/5244/files/Damskie_wysokie_kozaki_z_klamra_w_stylu_jezdzieckim-3.webp?v=1790846566,3,Brązowe damskie wysokie kozaki z klamrą w stylu jeździeckim
damskie-wysokie-kozaki-z-klamra-w-stylu-jezdzieckim,,,,,,,,,,,,,,,,,,https://cdn.shopify.com/s/files/1/0988/5725/5244/files/Damskie_wysokie_kozaki_z_klamra_w_stylu_jezdzieckim-4.png?v=1790846566,4,Zielone damskie wysokie kozaki z klamrą w stylu jeździeckim
damskie-wysokie-kozaki-z-klamra-w-stylu-jezdzieckim,,,,,,,,,,,,,,,,,,https://cdn.shopify.com/s/files/1/0988/5725/5244/files/Damskie_wysokie_kozaki_z_klamra_w_stylu_jezdzieckim-5.png?v=1790846566,5,Niebieskie damskie wysokie kozaki z klamrą w stylu jeździeckim
damskie-sznurowane-botki-z-nadrukiem-kota,Damskie sznurowane botki z nadrukiem kota,Kolor,Pomarańczowy,Rozmiar,36,,,,0.0,shopify,continue,manual,199.95,,true,true,https://cdn.shopify.com/s/files/1/0988/5725/5244/files/Damskie_sznurowane_botki_z_nadrukiem_kota-1.jpg?v=1790669035,,,
damskie-sznurowane-botki-z-nadrukiem-kota,,,Pomarańczowy,,37,,,,0.0,shopify,continue,manual,199.95,,true,true,https://cdn.shopify.com/s/files/1/0988/5725/5244/files/Damskie_sznurowane_botki_z_nadrukiem_kota-1.jpg?v=1790669035,,,
damskie-sznurowane-botki-z-nadrukiem-kota,,,Pomarańczowy,,38,,,,0.0,shopify,continue,manual,199.95,,true,true,https://cdn.shopify.com/s/files/1/0988/5725/5244/files/Damskie_sznurowane_botki_z_nadrukiem_kota-1.jpg?v=1790669035,,,
damskie-sznurowane-botki-z-nadrukiem-kota,,,Pomarańczowy,,39,,,,0.0,shopify,continue,manual,199.95,,true,true,https://cdn.shopify.com/s/files/1/0988/5725/5244/files/Damskie_sznurowane_botki_z_nadrukiem_kota-1.jpg?v=1790669035,,,
damskie-sznurowane-botki-z-nadrukiem-kota,,,Pomarańczowy,,40,,,,0.0,shopify,continue,manual,199.95,,true,true,https://cdn.shopify.com/s/files/1/0988/5725/5244/files/Damskie_sznurowane_botki_z_nadrukiem_kota-1.jpg?v=1790669035,,,
damskie-sznurowane-botki-z-nadrukiem-kota,,,Pomarańczowy,,41,,,,0.0,shopify,continue,manual,199.95,,true,true,https://cdn.shopify.com/s/files/1/0988/5725/5244/files/Damskie_sznurowane_botki_z_nadrukiem_kota-1.jpg?v=1790669035,,,
damskie-sznurowane-botki-z-nadrukiem-kota,,,Pomarańczowy,,42,,,,0.0,shopify,continue,manual,199.95,,true,true,https://cdn.shopify.com/s/files/1/0988/5725/5244/files/Damskie_sznurowane_botki_z_nadrukiem_kota-1.jpg?v=1790669035,,,
damskie-sznurowane-botki-z-nadrukiem-kota,,,Żółty,,36,,,,0.0,shopify,continue,manual,199.95,,true,true,https://cdn.shopify.com/s/files/1/0988/5725/5244/files/Damskie_sznurowane_botki_z_nadrukiem_kota-2.jpg?v=1790669035,,,
damskie-sznurowane-botki-z-nadrukiem-kota,,,Żółty,,37,,,,0.0,shopify,continue,manual,199.95,,true,true,https://cdn.shopify.com/s/files/1/0988/5725/5244/files/Damskie_sznurowane_botki_z_nadrukiem_kota-2.jpg?v=1790669035,,,
damskie-sznurowane-botki-z-nadrukiem-kota,,,Żółty,,38,,,,0.0,shopify,continue,manual,199.95,,true,true,https://cdn.shopify.com/s/files/1/0988/5725/5244/files/Damskie_sznurowane_botki_z_nadrukiem_kota-2.jpg?v=1790669035,,,
damskie-sznurowane-botki-z-nadrukiem-kota,,,Żółty,,39,,,,0.0,shopify,continue,manual,199.95,,true,true,https://cdn.shopify.com/s/files/1/0988/5725/5244/files/Damskie_sznurowane_botki_z_nadrukiem_kota-2.jpg?v=1790669035,,,
damskie-sznurowane-botki-z-nadrukiem-kota,,,Żółty,,40,,,,0.0,shopify,continue,manual,199.95,,true,true,https://cdn.shopify.com/s/files/1/0988/5725/5244/files/Damskie_sznurowane_botki_z_nadrukiem_kota-2.jpg?v=1790669035,,,
damskie-sznurowane-botki-z-nadrukiem-kota,,,Żółty,,41,,,,0.0,shopify,continue,manual,199.95,,true,true,https://cdn.shopify.com/s/files/1/0988/5725/5244/files/Damskie_sznurowane_botki_z_nadrukiem_kota-2.jpg?v=1790669035,,,
damskie-sznurowane-botki-z-nadrukiem-kota,,,Żółty,,42,,,,0.0,shopify,continue,manual,199.95,,true,true,https://cdn.shopify.com/s/files/1/0988/5725/5244/files/Damskie_sznurowane_botki_z_nadrukiem_kota-2.jpg?v=1790669035,,,
damskie-sznurowane-botki-z-nadrukiem-kota,,,Szary,,36,,,,0.0,shopify,continue,manual,199.95,,true,true,https://cdn.shopify.com/s/files/1/0988/5725/5244/files/Damskie_sznurowane_botki_z_nadrukiem_kota-3.jpg?v=1790669035,,,
damskie-sznurowane-botki-z-nadrukiem-kota,,,Szary,,37,,,,0.0,shopify,continue,manual,199.95,,true,true,https://cdn.shopify.com/s/files/1/0988/5725/5244/files/Damskie_sznurowane_botki_z_nadrukiem_kota-3.jpg?v=1790669035,,,
damskie-sznurowane-botki-z-nadrukiem-kota,,,Szary,,38,,,,0.0,shopify,continue,manual,199.95,,true,true,https://cdn.shopify.com/s/files/1/0988/5725/5244/files/Damskie_sznurowane_botki_z_nadrukiem_kota-3.jpg?v=1790669035,,,
damskie-sznurowane-botki-z-nadrukiem-kota,,,Szary,,39,,,,0.0,shopify,continue,manual,199.95,,true,true,https://cdn.shopify.com/s/files/1/0988/5725/5244/files/Damskie_sznurowane_botki_z_nadrukiem_kota-3.jpg?v=1790669035,,,
damskie-sznurowane-botki-z-nadrukiem-kota,,,Szary,,40,,,,0.0,shopify,continue,manual,199.95,,true,true,https://cdn.shopify.com/s/files/1/0988/5725/5244/files/Damskie_sznurowane_botki_z_nadrukiem_kota-3.jpg?v=1790669035,,,
damskie-sznurowane-botki-z-nadrukiem-kota,,,Szary,,41,,,,0.0,shopify,continue,manual,199.95,,true,true,https://cdn.shopify.com/s/files/1/0988/5725/5244/files/Damskie_sznurowane_botki_z_nadrukiem_kota-3.jpg?v=1790669035,,,
damskie-sznurowane-botki-z-nadrukiem-kota,,,Szary,,42,,,,0.0,shopify,continue,manual,199.95,,true,true,https://cdn.shopify.com/s/files/1/0988/5725/5244/files/Damskie_sznurowane_botki_z_nadrukiem_kota-3.jpg?v=1790669035,,,
damskie-sznurowane-botki-z-nadrukiem-kota,,,Niebieski,,36,,,,0.0,shopify,continue,manual,199.95,,true,true,https://cdn.shopify.com/s/files/1/0988/5725/5244/files/Damskie_sznurowane_botki_z_nadrukiem_kota-4.jpg?v=1790669036,,,
damskie-sznurowane-botki-z-nadrukiem-kota,,,Niebieski,,37,,,,0.0,shopify,continue,manual,199.95,,true,true,https://cdn.shopify.com/s/files/1/0988/5725/5244/files/Damskie_sznurowane_botki_z_nadrukiem_kota-4.jpg?v=1790669036,,,
damskie-sznurowane-botki-z-nadrukiem-kota,,,Niebieski,,38,,,,0.0,shopify,continue,manual,199.95,,true,true,https://cdn.shopify.com/s/files/1/0988/5725/5244/files/Damskie_sznurowane_botki_z_nadrukiem_kota-4.jpg?v=1790669036,,,
damskie-sznurowane-botki-z-nadrukiem-kota,,,Niebieski,,39,,,,0.0,shopify,continue,manual,199.95,,true,true,https://cdn.shopify.com/s/files/1/0988/5725/5244/files/Damskie_sznurowane_botki_z_nadrukiem_kota-4.jpg?v=1790669036,,,
damskie-sznurowane-botki-z-nadrukiem-kota,,,Niebieski,,40,,,,0.0,shopify,continue,manual,199.95,,true,true,https://cdn.shopify.com/s/files/1/0988/5725/5244/files/Damskie_sznurowane_botki_z_nadrukiem_kota-4.jpg?v=1790669036,,,
damskie-sznurowane-botki-z-nadrukiem-kota,,,Niebieski,,41,,,,0.0,shopify,continue,manual,199.95,,true,true,https://cdn.shopify.com/s/files/1/0988/5725/5244/files/Damskie_sznurowane_botki_z_nadrukiem_kota-4.jpg?v=1790669036,,,
damskie-sznurowane-botki-z-nadrukiem-kota,,,Niebieski,,42,,,,0.0,shopify,continue,manual,199.95,,true,true,https://cdn.shopify.com/s/files/1/0988/5725/5244/files/Damskie_sznurowane_botki_z_nadrukiem_kota-4.jpg?v=1790669036,,,
damskie-sznurowane-botki-z-nadrukiem-kota,,,Czerwony,,36,,,,0.0,shopify,continue,manual,199.95,,true,true,https://cdn.shopify.com/s/files/1/0988/5725/5244/files/Damskie_sznurowane_botki_z_nadrukiem_kota-5.jpg?v=1790669035,,,
damskie-sznurowane-botki-z-nadrukiem-kota,,,Czerwony,,37,,,,0.0,shopify,continue,manual,199.95,,true,true,https://cdn.shopify.com/s/files/1/0988/5725/5244/files/Damskie_sznurowane_botki_z_nadrukiem_kota-5.jpg?v=1790669035,,,
damskie-sznurowane-botki-z-nadrukiem-kota,,,Czerwony,,38,,,,0.0,shopify,continue,manual,199.95,,true,true,https://cdn.shopify.com/s/files/1/0988/5725/5244/files/Damskie_sznurowane_botki_z_nadrukiem_kota-5.jpg?v=1790669035,,,
damskie-sznurowane-botki-z-nadrukiem-kota,,,Czerwony,,39,,,,0.0,shopify,continue,manual,199.95,,true,true,https://cdn.shopify.com/s/files/1/0988/5725/5244/files/Damskie_sznurowane_botki_z_nadrukiem_kota-5.jpg?v=1790669035,,,
damskie-sznurowane-botki-z-nadrukiem-kota,,,Czerwony,,40,,,,0.0,shopify,continue,manual,199.95,,true,true,https://cdn.shopify.com/s/files/1/0988/5725/5244/files/Damskie_sznurowane_botki_z_nadrukiem_kota-5.jpg?v=1790669035,,,
damskie-sznurowane-botki-z-nadrukiem-kota,,,Czerwony,,41,,,,0.0,shopify,continue,manual,199.95,,true,true,https://cdn.shopify.com/s/files/1/0988/5725/5244/files/Damskie_sznurowane_botki_z_nadrukiem_kota-5.jpg?v=1790669035,,,
damskie-sznurowane-botki-z-nadrukiem-kota,,,Czerwony,,42,,,,0.0,shopify,continue,manual,199.95,,true,true,https://cdn.shopify.com/s/files/1/0988/5725/5244/files/Damskie_sznurowane_botki_z_nadrukiem_kota-5.jpg?v=1790669035,,,
damskie-sznurowane-botki-z-nadrukiem-kota,,,Pomarańczowy,,43,,,,0.0,shopify,continue,manual,199.95,,true,true,,,,
damskie-sznurowane-botki-z-nadrukiem-kota,,,Żółty,,43,,,,0.0,shopify,continue,manual,199.95,,true,true,,,,
damskie-sznurowane-botki-z-nadrukiem-kota,,,Szary,,43,,,,0.0,shopify,continue,manual,199.95,,true,true,,,,
damskie-sznurowane-botki-z-nadrukiem-kota,,,Niebieski,,43,,,,0.0,shopify,continue,manual,199.95,,true,true,,,,
damskie-sznurowane-botki-z-nadrukiem-kota,,,Czerwony,,43,,,,0.0,shopify,continue,manual,199.95,,true,true,,,,
damskie-sznurowane-botki-z-nadrukiem-kota,,,,,,,,,,,,,,,,,,https://cdn.shopify.com/s/files/1/0988/5725/5244/files/Damskie_sznurowane_botki_z_nadrukiem_kota-1.jpg?v=1790669035,1,Pomarańczowe damskie sznurowane botki z nadrukiem kota
damskie-sznurowane-botki-z-nadrukiem-kota,,,,,,,,,,,,,,,,,,https://cdn.shopify.com/s/files/1/0988/5725/5244/files/Damskie_sznurowane_botki_z_nadrukiem_kota-2.jpg?v=1790669035,2,Żółte damskie sznurowane botki z nadrukiem kota
damskie-sznurowane-botki-z-nadrukiem-kota,,,,,,,,,,,,,,,,,,https://cdn.shopify.com/s/files/1/0988/5725/5244/files/Damskie_sznurowane_botki_z_nadrukiem_kota-3.jpg?v=1790669035,3,Szare damskie sznurowane botki z nadrukiem kota
damskie-sznurowane-botki-z-nadrukiem-kota,,,,,,,,,,,,,,,,,,https://cdn.shopify.com/s/files/1/0988/5725/5244/files/Damskie_sznurowane_botki_z_nadrukiem_kota-4.jpg?v=1790669036,4,Niebieskie damskie sznurowane botki z nadrukiem kota
damskie-sznurowane-botki-z-nadrukiem-kota,,,,,,,,,,,,,,,,,,https://cdn.shopify.com/s/files/1/0988/5725/5244/files/Damskie_sznurowane_botki_z_nadrukiem_kota-5.jpg?v=1790669035,5,Czerwone damskie sznurowane botki z nadrukiem kota
damskie-sznurowane-botki-z-nadrukiem-kota,,,,,,,,,,,,,,,,,,https://cdn.shopify.com/s/files/1/0988/5725/5244/files/Damskie_sznurowane_botki_z_nadrukiem_kota-6.jpg?v=1790669035,6,Damskie botki z nadrukiem kota – widok z boku
damskie-sznurowane-botki-z-nadrukiem-kota,,,,,,,,,,,,,,,,,,https://cdn.shopify.com/s/files/1/0988/5725/5244/files/Damskie_sznurowane_botki_z_nadrukiem_kota-7.jpg?v=1790669036,7,Damskie sznurowane botki z nadrukiem kota – zbliżenie
damskie-botki-zimowe-z-zamkiem-i-ociepleniem,Damskie botki zimowe z zamkiem i ociepleniem,Kolor,Bordowy,Rozmiar,36,,,,0.0,shopify,continue,manual,154.95,,true,true,https://cdn.shopify.com/s/files/1/0988/5725/5244/files/Damskie_botki_zimowe_z_zamkiem_i_ociepleniem-4.jpg?v=1790668966,,,
damskie-botki-zimowe-z-zamkiem-i-ociepleniem,,,Bordowy,,37,,,,0.0,shopify,continue,manual,154.95,,true,true,https://cdn.shopify.com/s/files/1/0988/5725/5244/files/Damskie_botki_zimowe_z_zamkiem_i_ociepleniem-4.jpg?v=1790668966,,,
damskie-botki-zimowe-z-zamkiem-i-ociepleniem,,,Bordowy,,38,,,,0.0,shopify,continue,manual,154.95,,true,true,https://cdn.shopify.com/s/files/1/0988/5725/5244/files/Damskie_botki_zimowe_z_zamkiem_i_ociepleniem-4.jpg?v=1790668966,,,
damskie-botki-zimowe-z-zamkiem-i-ociepleniem,,,Bordowy,,39,,,,0.0,shopify,continue,manual,154.95,,true,true,https://cdn.shopify.com/s/files/1/0988/5725/5244/files/Damskie_botki_zimowe_z_zamkiem_i_ociepleniem-4.jpg?v=1790668966,,,
damskie-botki-zimowe-z-zamkiem-i-ociepleniem,,,Bordowy,,40,,,,0.0,shopify,continue,manual,154.95,,true,true,https://cdn.shopify.com/s/files/1/0988/5725/5244/files/Damskie_botki_zimowe_z_zamkiem_i_ociepleniem-4.jpg?v=1790668966,,,
damskie-botki-zimowe-z-zamkiem-i-ociepleniem,,,Bordowy,,41,,,,0.0,shopify,continue,manual,154.95,,true,true,https://cdn.shopify.com/s/files/1/0988/5725/5244/files/Damskie_botki_zimowe_z_zamkiem_i_ociepleniem-4.jpg?v=1790668966,,,
damskie-botki-zimowe-z-zamkiem-i-ociepleniem,,,Bordowy,,42,,,,0.0,shopify,continue,manual,154.95,,true,true,https://cdn.shopify.com/s/files/1/0988/5725/5244/files/Damskie_botki_zimowe_z_zamkiem_i_ociepleniem-4.jpg?v=1790668966,,,
damskie-botki-zimowe-z-zamkiem-i-ociepleniem,,,Czarny,,36,,,,0.0,shopify,continue,manual,154.95,,true,true,https://cdn.shopify.com/s/files/1/0988/5725/5244/files/Damskie_botki_zimowe_z_zamkiem_i_ociepleniem-6.jpg?v=1790668966,,,
damskie-botki-zimowe-z-zamkiem-i-ociepleniem,,,Czarny,,37,,,,0.0,shopify,continue,manual,154.95,,true,true,https://cdn.shopify.com/s/files/1/0988/5725/5244/files/Damskie_botki_zimowe_z_zamkiem_i_ociepleniem-6.jpg?v=1790668966,,,
damskie-botki-zimowe-z-zamkiem-i-ociepleniem,,,Czarny,,38,,,,0.0,shopify,continue,manual,154.95,,true,true,https://cdn.shopify.com/s/files/1/0988/5725/5244/files/Damskie_botki_zimowe_z_zamkiem_i_ociepleniem-6.jpg?v=1790668966,,,
damskie-botki-zimowe-z-zamkiem-i-ociepleniem,,,Czarny,,39,,,,0.0,shopify,continue,manual,154.95,,true,true,https://cdn.shopify.com/s/files/1/0988/5725/5244/files/Damskie_botki_zimowe_z_zamkiem_i_ociepleniem-6.jpg?v=1790668966,,,
damskie-botki-zimowe-z-zamkiem-i-ociepleniem,,,Czarny,,40,,,,0.0,shopify,continue,manual,154.95,,true,true,https://cdn.shopify.com/s/files/1/0988/5725/5244/files/Damskie_botki_zimowe_z_zamkiem_i_ociepleniem-6.jpg?v=1790668966,,,
damskie-botki-zimowe-z-zamkiem-i-ociepleniem,,,Czarny,,41,,,,0.0,shopify,continue,manual,154.95,,true,true,https://cdn.shopify.com/s/files/1/0988/5725/5244/files/Damskie_botki_zimowe_z_zamkiem_i_ociepleniem-6.jpg?v=1790668966,,,
damskie-botki-zimowe-z-zamkiem-i-ociepleniem,,,Czarny,,42,,,,0.0,shopify,continue,manual,154.95,,true,true,https://cdn.shopify.com/s/files/1/0988/5725/5244/files/Damskie_botki_zimowe_z_zamkiem_i_ociepleniem-6.jpg?v=1790668966,,,
damskie-botki-zimowe-z-zamkiem-i-ociepleniem,,,Bordowy,,43,,,,0.0,shopify,continue,manual,154.95,,true,true,,,,
damskie-botki-zimowe-z-zamkiem-i-ociepleniem,,,Czarny,,43,,,,0.0,shopify,continue,manual,154.95,,true,true,,,,
damskie-botki-zimowe-z-zamkiem-i-ociepleniem,,,,,,,,,,,,,,,,,,https://cdn.shopify.com/s/files/1/0988/5725/5244/files/Damskie_botki_zimowe_z_zamkiem_i_ociepleniem-1.jpg?v=1790668967,1,Damskie botki zimowe z zamkiem i ociepleniem – widok z przodu
damskie-botki-zimowe-z-zamkiem-i-ociepleniem,,,,,,,,,,,,,,,,,,https://cdn.shopify.com/s/files/1/0988/5725/5244/files/Damskie_botki_zimowe_z_zamkiem_i_ociepleniem-2.jpg?v=1790668967,2,Damskie botki zimowe z ociepleniem – widok z boku
damskie-botki-zimowe-z-zamkiem-i-ociepleniem,,,,,,,,,,,,,,,,,,https://cdn.shopify.com/s/files/1/0988/5725/5244/files/Damskie_botki_zimowe_z_zamkiem_i_ociepleniem-3.jpg?v=1790668967,3,Damskie botki zimowe z zamkiem – widok z tyłu
damskie-botki-zimowe-z-zamkiem-i-ociepleniem,,,,,,,,,,,,,,,,,,https://cdn.shopify.com/s/files/1/0988/5725/5244/files/Damskie_botki_zimowe_z_zamkiem_i_ociepleniem-4.jpg?v=1790668966,4,Bordowe damskie botki zimowe z zamkiem i ociepleniem
damskie-botki-zimowe-z-zamkiem-i-ociepleniem,,,,,,,,,,,,,,,,,,https://cdn.shopify.com/s/files/1/0988/5725/5244/files/Damskie_botki_zimowe_z_zamkiem_i_ociepleniem-5.jpg?v=1790668967,5,Damskie botki zimowe – antypoślizgowa podeszwa
damskie-botki-zimowe-z-zamkiem-i-ociepleniem,,,,,,,,,,,,,,,,,,https://cdn.shopify.com/s/files/1/0988/5725/5244/files/Damskie_botki_zimowe_z_zamkiem_i_ociepleniem-6.jpg?v=1790668966,6,Czarne damskie botki zimowe z zamkiem i ociepleniem
damskie-botki-zimowe-z-zamkiem-i-ociepleniem,,,,,,,,,,,,,,,,,,https://cdn.shopify.com/s/files/1/0988/5725/5244/files/Damskie_botki_zimowe_z_zamkiem_i_ociepleniem-7.jpg?v=1790668967,7,Damskie botki zimowe z ociepleniem – stylizacja
damskie-botki-kowbojskie-z-fredzlami,Damskie botki kowbojskie z frędzlami,Kolor,Biały,Rozmiar,36,,,,0.0,shopify,continue,manual,244.95,,true,true,https://cdn.shopify.com/s/files/1/0988/5725/5244/files/Damskie_botki_kowbojskie_z_fredzlami-1.png?v=1790668922,,,
damskie-botki-kowbojskie-z-fredzlami,,,Biały,,37,,,,0.0,shopify,continue,manual,244.95,,true,true,https://cdn.shopify.com/s/files/1/0988/5725/5244/files/Damskie_botki_kowbojskie_z_fredzlami-1.png?v=1790668922,,,
damskie-botki-kowbojskie-z-fredzlami,,,Biały,,38,,,,0.0,shopify,continue,manual,244.95,,true,true,https://cdn.shopify.com/s/files/1/0988/5725/5244/files/Damskie_botki_kowbojskie_z_fredzlami-1.png?v=1790668922,,,
damskie-botki-kowbojskie-z-fredzlami,,,Biały,,39,,,,0.0,shopify,continue,manual,244.95,,true,true,https://cdn.shopify.com/s/files/1/0988/5725/5244/files/Damskie_botki_kowbojskie_z_fredzlami-1.png?v=1790668922,,,
damskie-botki-kowbojskie-z-fredzlami,,,Biały,,40,,,,0.0,shopify,continue,manual,244.95,,true,true,https://cdn.shopify.com/s/files/1/0988/5725/5244/files/Damskie_botki_kowbojskie_z_fredzlami-1.png?v=1790668922,,,
damskie-botki-kowbojskie-z-fredzlami,,,Biały,,41,,,,0.0,shopify,continue,manual,244.95,,true,true,https://cdn.shopify.com/s/files/1/0988/5725/5244/files/Damskie_botki_kowbojskie_z_fredzlami-1.png?v=1790668922,,,
damskie-botki-kowbojskie-z-fredzlami,,,Biały,,42,,,,0.0,shopify,continue,manual,244.95,,true,true,https://cdn.shopify.com/s/files/1/0988/5725/5244/files/Damskie_botki_kowbojskie_z_fredzlami-1.png?v=1790668922,,,
damskie-botki-kowbojskie-z-fredzlami,,,Miętowy,,36,,,,0.0,shopify,continue,manual,244.95,,true,true,https://cdn.shopify.com/s/files/1/0988/5725/5244/files/Damskie_botki_kowbojskie_z_fredzlami-4.png?v=1790668922,,,
damskie-botki-kowbojskie-z-fredzlami,,,Miętowy,,37,,,,0.0,shopify,continue,manual,244.95,,true,true,https://cdn.shopify.com/s/files/1/0988/5725/5244/files/Damskie_botki_kowbojskie_z_fredzlami-4.png?v=1790668922,,,
damskie-botki-kowbojskie-z-fredzlami,,,Miętowy,,38,,,,0.0,shopify,continue,manual,244.95,,true,true,https://cdn.shopify.com/s/files/1/0988/5725/5244/files/Damskie_botki_kowbojskie_z_fredzlami-4.png?v=1790668922,,,
damskie-botki-kowbojskie-z-fredzlami,,,Miętowy,,39,,,,0.0,shopify,continue,manual,244.95,,true,true,https://cdn.shopify.com/s/files/1/0988/5725/5244/files/Damskie_botki_kowbojskie_z_fredzlami-4.png?v=1790668922,,,
damskie-botki-kowbojskie-z-fredzlami,,,Miętowy,,40,,,,0.0,shopify,continue,manual,244.95,,true,true,https://cdn.shopify.com/s/files/1/0988/5725/5244/files/Damskie_botki_kowbojskie_z_fredzlami-4.png?v=1790668922,,,
damskie-botki-kowbojskie-z-fredzlami,,,Miętowy,,41,,,,0.0,shopify,continue,manual,244.95,,true,true,https://cdn.shopify.com/s/files/1/0988/5725/5244/files/Damskie_botki_kowbojskie_z_fredzlami-4.png?v=1790668922,,,
damskie-botki-kowbojskie-z-fredzlami,,,Miętowy,,42,,,,0.0,shopify,continue,manual,244.95,,true,true,https://cdn.shopify.com/s/files/1/0988/5725/5244/files/Damskie_botki_kowbojskie_z_fredzlami-4.png?v=1790668922,,,
damskie-botki-kowbojskie-z-fredzlami,,,Biały,,43,,,,0.0,shopify,continue,manual,244.95,,true,true,,,,
damskie-botki-kowbojskie-z-fredzlami,,,Miętowy,,43,,,,0.0,shopify,continue,manual,244.95,,true,true,,,,
damskie-botki-kowbojskie-z-fredzlami,,,,,,,,,,,,,,,,,,https://cdn.shopify.com/s/files/1/0988/5725/5244/files/Damskie_botki_kowbojskie_z_fredzlami-1.png?v=1790668922,1,Białe damskie botki kowbojskie z frędzlami – widok z przodu pod kątem
damskie-botki-kowbojskie-z-fredzlami,,,,,,,,,,,,,,,,,,https://cdn.shopify.com/s/files/1/0988/5725/5244/files/Damskie_botki_kowbojskie_z_fredzlami-2.png?v=1790668923,2,Białe damskie botki kowbojskie z frędzlami – widok z przodu
damskie-botki-kowbojskie-z-fredzlami,,,,,,,,,,,,,,,,,,https://cdn.shopify.com/s/files/1/0988/5725/5244/files/Damskie_botki_kowbojskie_z_fredzlami-3.png?v=1790668923,3,Białe damskie botki kowbojskie z frędzlami – widok z boku
damskie-botki-kowbojskie-z-fredzlami,,,,,,,,,,,,,,,,,,https://cdn.shopify.com/s/files/1/0988/5725/5244/files/Damskie_botki_kowbojskie_z_fredzlami-4.png?v=1790668922,4,Miętowe damskie botki kowbojskie z frędzlami
damskie-klapki-japonki-na-niskim-obcasie,Damskie klapki japonki na niskim obcasie,Kolor,Czarny,Rozmiar,36,,,,0.0,shopify,continue,manual,179.95,,true,true,https://cdn.shopify.com/s/files/1/0988/5725/5244/files/Damskie_klapki_japonki_na_niskim_obcasie-1.png?v=1790668731,,,
damskie-klapki-japonki-na-niskim-obcasie,,,Czarny,,37,,,,0.0,shopify,continue,manual,179.95,,true,true,https://cdn.shopify.com/s/files/1/0988/5725/5244/files/Damskie_klapki_japonki_na_niskim_obcasie-1.png?v=1790668731,,,
damskie-klapki-japonki-na-niskim-obcasie,,,Czarny,,38,,,,0.0,shopify,continue,manual,179.95,,true,true,https://cdn.shopify.com/s/files/1/0988/5725/5244/files/Damskie_klapki_japonki_na_niskim_obcasie-1.png?v=1790668731,,,
damskie-klapki-japonki-na-niskim-obcasie,,,Czarny,,39,,,,0.0,shopify,continue,manual,179.95,,true,true,https://cdn.shopify.com/s/files/1/0988/5725/5244/files/Damskie_klapki_japonki_na_niskim_obcasie-1.png?v=1790668731,,,
damskie-klapki-japonki-na-niskim-obcasie,,,Czarny,,40,,,,0.0,shopify,continue,manual,179.95,,true,true,https://cdn.shopify.com/s/files/1/0988/5725/5244/files/Damskie_klapki_japonki_na_niskim_obcasie-1.png?v=1790668731,,,
damskie-klapki-japonki-na-niskim-obcasie,,,Czarny,,41,,,,0.0,shopify,continue,manual,179.95,,true,true,https://cdn.shopify.com/s/files/1/0988/5725/5244/files/Damskie_klapki_japonki_na_niskim_obcasie-1.png?v=1790668731,,,
damskie-klapki-japonki-na-niskim-obcasie,,,Czarny,,42,,,,0.0,shopify,continue,manual,179.95,,true,true,https://cdn.shopify.com/s/files/1/0988/5725/5244/files/Damskie_klapki_japonki_na_niskim_obcasie-1.png?v=1790668731,,,
damskie-klapki-japonki-na-niskim-obcasie,,,Złoty,,36,,,,0.0,shopify,continue,manual,179.95,,true,true,https://cdn.shopify.com/s/files/1/0988/5725/5244/files/Damskie_klapki_japonki_na_niskim_obcasie-4.png?v=1790668730,,,
damskie-klapki-japonki-na-niskim-obcasie,,,Złoty,,37,,,,0.0,shopify,continue,manual,179.95,,true,true,https://cdn.shopify.com/s/files/1/0988/5725/5244/files/Damskie_klapki_japonki_na_niskim_obcasie-4.png?v=1790668730,,,
damskie-klapki-japonki-na-niskim-obcasie,,,Złoty,,38,,,,0.0,shopify,continue,manual,179.95,,true,true,https://cdn.shopify.com/s/files/1/0988/5725/5244/files/Damskie_klapki_japonki_na_niskim_obcasie-4.png?v=1790668730,,,
damskie-klapki-japonki-na-niskim-obcasie,,,Złoty,,39,,,,0.0,shopify,continue,manual,179.95,,true,true,https://cdn.shopify.com/s/files/1/0988/5725/5244/files/Damskie_klapki_japonki_na_niskim_obcasie-4.png?v=1790668730,,,
damskie-klapki-japonki-na-niskim-obcasie,,,Złoty,,40,,,,0.0,shopify,continue,manual,179.95,,true,true,https://cdn.shopify.com/s/files/1/0988/5725/5244/files/Damskie_klapki_japonki_na_niskim_obcasie-4.png?v=1790668730,,,
damskie-klapki-japonki-na-niskim-obcasie,,,Złoty,,41,,,,0.0,shopify,continue,manual,179.95,,true,true,https://cdn.shopify.com/s/files/1/0988/5725/5244/files/Damskie_klapki_japonki_na_niskim_obcasie-4.png?v=1790668730,,,
damskie-klapki-japonki-na-niskim-obcasie,,,Złoty,,42,,,,0.0,shopify,continue,manual,179.95,,true,true,https://cdn.shopify.com/s/files/1/0988/5725/5244/files/Damskie_klapki_japonki_na_niskim_obcasie-4.png?v=1790668730,,,
damskie-klapki-japonki-na-niskim-obcasie,,,Beżowy,,36,,,,0.0,shopify,continue,manual,179.95,,true,true,https://cdn.shopify.com/s/files/1/0988/5725/5244/files/Damskie_klapki_japonki_na_niskim_obcasie-7.png?v=1790668731,,,
damskie-klapki-japonki-na-niskim-obcasie,,,Beżowy,,37,,,,0.0,shopify,continue,manual,179.95,,true,true,https://cdn.shopify.com/s/files/1/0988/5725/5244/files/Damskie_klapki_japonki_na_niskim_obcasie-7.png?v=1790668731,,,
damskie-klapki-japonki-na-niskim-obcasie,,,Beżowy,,38,,,,0.0,shopify,continue,manual,179.95,,true,true,https://cdn.shopify.com/s/files/1/0988/5725/5244/files/Damskie_klapki_japonki_na_niskim_obcasie-7.png?v=1790668731,,,
damskie-klapki-japonki-na-niskim-obcasie,,,Beżowy,,39,,,,0.0,shopify,continue,manual,179.95,,true,true,https://cdn.shopify.com/s/files/1/0988/5725/5244/files/Damskie_klapki_japonki_na_niskim_obcasie-7.png?v=1790668731,,,
damskie-klapki-japonki-na-niskim-obcasie,,,Beżowy,,40,,,,0.0,shopify,continue,manual,179.95,,true,true,https://cdn.shopify.com/s/files/1/0988/5725/5244/files/Damskie_klapki_japonki_na_niskim_obcasie-7.png?v=1790668731,,,
damskie-klapki-japonki-na-niskim-obcasie,,,Beżowy,,41,,,,0.0,shopify,continue,manual,179.95,,true,true,https://cdn.shopify.com/s/files/1/0988/5725/5244/files/Damskie_klapki_japonki_na_niskim_obcasie-7.png?v=1790668731,,,
damskie-klapki-japonki-na-niskim-obcasie,,,Beżowy,,42,,,,0.0,shopify,continue,manual,179.95,,true,true,https://cdn.shopify.com/s/files/1/0988/5725/5244/files/Damskie_klapki_japonki_na_niskim_obcasie-7.png?v=1790668731,,,
damskie-klapki-japonki-na-niskim-obcasie,,,Biały,,36,,,,0.0,shopify,continue,manual,179.95,,true,true,https://cdn.shopify.com/s/files/1/0988/5725/5244/files/Damskie_klapki_japonki_na_niskim_obcasie-10.png?v=1790668730,,,
damskie-klapki-japonki-na-niskim-obcasie,,,Biały,,37,,,,0.0,shopify,continue,manual,179.95,,true,true,https://cdn.shopify.com/s/files/1/0988/5725/5244/files/Damskie_klapki_japonki_na_niskim_obcasie-10.png?v=1790668730,,,
damskie-klapki-japonki-na-niskim-obcasie,,,Biały,,38,,,,0.0,shopify,continue,manual,179.95,,true,true,https://cdn.shopify.com/s/files/1/0988/5725/5244/files/Damskie_klapki_japonki_na_niskim_obcasie-10.png?v=1790668730,,,
damskie-klapki-japonki-na-niskim-obcasie,,,Biały,,39,,,,0.0,shopify,continue,manual,179.95,,true,true,https://cdn.shopify.com/s/files/1/0988/5725/5244/files/Damskie_klapki_japonki_na_niskim_obcasie-10.png?v=1790668730,,,
damskie-klapki-japonki-na-niskim-obcasie,,,Biały,,40,,,,0.0,shopify,continue,manual,179.95,,true,true,https://cdn.shopify.com/s/files/1/0988/5725/5244/files/Damskie_klapki_japonki_na_niskim_obcasie-10.png?v=1790668730,,,
damskie-klapki-japonki-na-niskim-obcasie,,,Biały,,41,,,,0.0,shopify,continue,manual,179.95,,true,true,https://cdn.shopify.com/s/files/1/0988/5725/5244/files/Damskie_klapki_japonki_na_niskim_obcasie-10.png?v=1790668730,,,
damskie-klapki-japonki-na-niskim-obcasie,,,Biały,,42,,,,0.0,shopify,continue,manual,179.95,,true,true,https://cdn.shopify.com/s/files/1/0988/5725/5244/files/Damskie_klapki_japonki_na_niskim_obcasie-10.png?v=1790668730,,,
damskie-klapki-japonki-na-niskim-obcasie,,,Brązowy,,36,,,,0.0,shopify,continue,manual,179.95,,true,true,https://cdn.shopify.com/s/files/1/0988/5725/5244/files/Damskie_klapki_japonki_na_niskim_obcasie-13.png?v=1790668730,,,
damskie-klapki-japonki-na-niskim-obcasie,,,Brązowy,,37,,,,0.0,shopify,continue,manual,179.95,,true,true,https://cdn.shopify.com/s/files/1/0988/5725/5244/files/Damskie_klapki_japonki_na_niskim_obcasie-13.png?v=1790668730,,,
damskie-klapki-japonki-na-niskim-obcasie,,,Brązowy,,38,,,,0.0,shopify,continue,manual,179.95,,true,true,https://cdn.shopify.com/s/files/1/0988/5725/5244/files/Damskie_klapki_japonki_na_niskim_obcasie-13.png?v=1790668730,,,
damskie-klapki-japonki-na-niskim-obcasie,,,Brązowy,,39,,,,0.0,shopify,continue,manual,179.95,,true,true,https://cdn.shopify.com/s/files/1/0988/5725/5244/files/Damskie_klapki_japonki_na_niskim_obcasie-13.png?v=1790668730,,,
damskie-klapki-japonki-na-niskim-obcasie,,,Brązowy,,40,,,,0.0,shopify,continue,manual,179.95,,true,true,https://cdn.shopify.com/s/files/1/0988/5725/5244/files/Damskie_klapki_japonki_na_niskim_obcasie-13.png?v=1790668730,,,
damskie-klapki-japonki-na-niskim-obcasie,,,Brązowy,,41,,,,0.0,shopify,continue,manual,179.95,,true,true,https://cdn.shopify.com/s/files/1/0988/5725/5244/files/Damskie_klapki_japonki_na_niskim_obcasie-13.png?v=1790668730,,,
damskie-klapki-japonki-na-niskim-obcasie,,,Brązowy,,42,,,,0.0,shopify,continue,manual,179.95,,true,true,https://cdn.shopify.com/s/files/1/0988/5725/5244/files/Damskie_klapki_japonki_na_niskim_obcasie-13.png?v=1790668730,,,
damskie-klapki-japonki-na-niskim-obcasie,,,Czarny,,43,,,,0.0,shopify,continue,manual,179.95,,true,true,,,,
damskie-klapki-japonki-na-niskim-obcasie,,,Złoty,,43,,,,0.0,shopify,continue,manual,179.95,,true,true,,,,
damskie-klapki-japonki-na-niskim-obcasie,,,Beżowy,,43,,,,0.0,shopify,continue,manual,179.95,,true,true,,,,
damskie-klapki-japonki-na-niskim-obcasie,,,Biały,,43,,,,0.0,shopify,continue,manual,179.95,,true,true,,,,
damskie-klapki-japonki-na-niskim-obcasie,,,Brązowy,,43,,,,0.0,shopify,continue,manual,179.95,,true,true,,,,
damskie-klapki-japonki-na-niskim-obcasie,,,,,,,,,,,,,,,,,,https://cdn.shopify.com/s/files/1/0988/5725/5244/files/Damskie_klapki_japonki_na_niskim_obcasie-1.png?v=1790668731,1,Czarne damskie klapki japonki na niskim obcasie
damskie-klapki-japonki-na-niskim-obcasie,,,,,,,,,,,,,,,,,,https://cdn.shopify.com/s/files/1/0988/5725/5244/files/Damskie_klapki_japonki_na_niskim_obcasie-2.png?v=1790668730,2,Czarne klapki japonki na obcasie – na stopie
damskie-klapki-japonki-na-niskim-obcasie,,,,,,,,,,,,,,,,,,https://cdn.shopify.com/s/files/1/0988/5725/5244/files/Damskie_klapki_japonki_na_niskim_obcasie-3.png?v=1790668731,3,Czarne damskie japonki na niskim obcasie – widok z boku
damskie-klapki-japonki-na-niskim-obcasie,,,,,,,,,,,,,,,,,,https://cdn.shopify.com/s/files/1/0988/5725/5244/files/Damskie_klapki_japonki_na_niskim_obcasie-4.png?v=1790668730,4,Złote damskie klapki japonki na niskim obcasie
damskie-klapki-japonki-na-niskim-obcasie,,,,,,,,,,,,,,,,,,https://cdn.shopify.com/s/files/1/0988/5725/5244/files/Damskie_klapki_japonki_na_niskim_obcasie-5.png?v=1790668731,5,Złote japonki na niskim obcasie – na stopie
damskie-klapki-japonki-na-niskim-obcasie,,,,,,,,,,,,,,,,,,https://cdn.shopify.com/s/files/1/0988/5725/5244/files/Damskie_klapki_japonki_na_niskim_obcasie-6.png?v=1790668730,6,Złote damskie klapki japonki – widok z boku
damskie-klapki-japonki-na-niskim-obcasie,,,,,,,,,,,,,,,,,,https://cdn.shopify.com/s/files/1/0988/5725/5244/files/Damskie_klapki_japonki_na_niskim_obcasie-7.png?v=1790668731,7,Beżowe damskie klapki japonki na niskim obcasie
damskie-klapki-japonki-na-niskim-obcasie,,,,,,,,,,,,,,,,,,https://cdn.shopify.com/s/files/1/0988/5725/5244/files/Damskie_klapki_japonki_na_niskim_obcasie-8.png?v=1790668731,8,Beżowe japonki na niskim obcasie – na stopie
damskie-klapki-japonki-na-niskim-obcasie,,,,,,,,,,,,,,,,,,https://cdn.shopify.com/s/files/1/0988/5725/5244/files/Damskie_klapki_japonki_na_niskim_obcasie-9.png?v=1790668731,9,Beżowe damskie klapki na obcasie – widok z boku
damskie-klapki-japonki-na-niskim-obcasie,,,,,,,,,,,,,,,,,,https://cdn.shopify.com/s/files/1/0988/5725/5244/files/Damskie_klapki_japonki_na_niskim_obcasie-10.png?v=1790668730,10,Białe damskie klapki japonki na niskim obcasie
damskie-klapki-japonki-na-niskim-obcasie,,,,,,,,,,,,,,,,,,https://cdn.shopify.com/s/files/1/0988/5725/5244/files/Damskie_klapki_japonki_na_niskim_obcasie-11.png?v=1790668731,11,Białe japonki na niskim obcasie – na stopie
damskie-klapki-japonki-na-niskim-obcasie,,,,,,,,,,,,,,,,,,https://cdn.shopify.com/s/files/1/0988/5725/5244/files/Damskie_klapki_japonki_na_niskim_obcasie-12.png?v=1790668731,12,Białe damskie klapki japonki – widok z boku
damskie-klapki-japonki-na-niskim-obcasie,,,,,,,,,,,,,,,,,,https://cdn.shopify.com/s/files/1/0988/5725/5244/files/Damskie_klapki_japonki_na_niskim_obcasie-13.png?v=1790668730,13,Brązowe damskie klapki japonki na niskim obcasie
meskie-botki-sznurowane-z-zamkiem-i-klamra,Męskie botki sznurowane z zamkiem i klamrą,Kolor,Czarny,Rozmiar,39,,,,0.0,shopify,continue,manual,299.95,,true,true,https://cdn.shopify.com/s/files/1/0988/5725/5244/files/Meskie_botki_sznurowane_z_zamkiem_i_klamra-1.jpg?v=1790576737,,,
meskie-botki-sznurowane-z-zamkiem-i-klamra,,,Czarny,,40,,,,0.0,shopify,continue,manual,299.95,,true,true,https://cdn.shopify.com/s/files/1/0988/5725/5244/files/Meskie_botki_sznurowane_z_zamkiem_i_klamra-1.jpg?v=1790576737,,,
meskie-botki-sznurowane-z-zamkiem-i-klamra,,,Czarny,,41,,,,0.0,shopify,continue,manual,299.95,,true,true,https://cdn.shopify.com/s/files/1/0988/5725/5244/files/Meskie_botki_sznurowane_z_zamkiem_i_klamra-1.jpg?v=1790576737,,,
meskie-botki-sznurowane-z-zamkiem-i-klamra,,,Czarny,,42,,,,0.0,shopify,continue,manual,299.95,,true,true,https://cdn.shopify.com/s/files/1/0988/5725/5244/files/Meskie_botki_sznurowane_z_zamkiem_i_klamra-1.jpg?v=1790576737,,,
meskie-botki-sznurowane-z-zamkiem-i-klamra,,,Czarny,,43,,,,0.0,shopify,continue,manual,299.95,,true,true,https://cdn.shopify.com/s/files/1/0988/5725/5244/files/Meskie_botki_sznurowane_z_zamkiem_i_klamra-1.jpg?v=1790576737,,,
meskie-botki-sznurowane-z-zamkiem-i-klamra,,,Czarny,,44,,,,0.0,shopify,continue,manual,299.95,,true,true,https://cdn.shopify.com/s/files/1/0988/5725/5244/files/Meskie_botki_sznurowane_z_zamkiem_i_klamra-1.jpg?v=1790576737,,,
meskie-botki-sznurowane-z-zamkiem-i-klamra,,,Ciemnobrązowy,,39,,,,0.0,shopify,continue,manual,299.95,,true,true,https://cdn.shopify.com/s/files/1/0988/5725/5244/files/Meskie_botki_sznurowane_z_zamkiem_i_klamra-5.jpg?v=1790576738,,,
meskie-botki-sznurowane-z-zamkiem-i-klamra,,,Ciemnobrązowy,,40,,,,0.0,shopify,continue,manual,299.95,,true,true,https://cdn.shopify.com/s/files/1/0988/5725/5244/files/Meskie_botki_sznurowane_z_zamkiem_i_klamra-5.jpg?v=1790576738,,,
meskie-botki-sznurowane-z-zamkiem-i-klamra,,,Ciemnobrązowy,,41,,,,0.0,shopify,continue,manual,299.95,,true,true,https://cdn.shopify.com/s/files/1/0988/5725/5244/files/Meskie_botki_sznurowane_z_zamkiem_i_klamra-5.jpg?v=1790576738,,,
meskie-botki-sznurowane-z-zamkiem-i-klamra,,,Ciemnobrązowy,,42,,,,0.0,shopify,continue,manual,299.95,,true,true,https://cdn.shopify.com/s/files/1/0988/5725/5244/files/Meskie_botki_sznurowane_z_zamkiem_i_klamra-5.jpg?v=1790576738,,,
meskie-botki-sznurowane-z-zamkiem-i-klamra,,,Ciemnobrązowy,,43,,,,0.0,shopify,continue,manual,299.95,,true,true,https://cdn.shopify.com/s/files/1/0988/5725/5244/files/Meskie_botki_sznurowane_z_zamkiem_i_klamra-5.jpg?v=1790576738,,,
meskie-botki-sznurowane-z-zamkiem-i-klamra,,,Ciemnobrązowy,,44,,,,0.0,shopify,continue,manual,299.95,,true,true,https://cdn.shopify.com/s/files/1/0988/5725/5244/files/Meskie_botki_sznurowane_z_zamkiem_i_klamra-5.jpg?v=1790576738,,,
meskie-botki-sznurowane-z-zamkiem-i-klamra,,,Brązowy,,39,,,,0.0,shopify,continue,manual,299.95,,true,true,https://cdn.shopify.com/s/files/1/0988/5725/5244/files/Meskie_botki_sznurowane_z_zamkiem_i_klamra-6.jpg?v=1790576738,,,
meskie-botki-sznurowane-z-zamkiem-i-klamra,,,Brązowy,,40,,,,0.0,shopify,continue,manual,299.95,,true,true,https://cdn.shopify.com/s/files/1/0988/5725/5244/files/Meskie_botki_sznurowane_z_zamkiem_i_klamra-6.jpg?v=1790576738,,,
meskie-botki-sznurowane-z-zamkiem-i-klamra,,,Brązowy,,41,,,,0.0,shopify,continue,manual,299.95,,true,true,https://cdn.shopify.com/s/files/1/0988/5725/5244/files/Meskie_botki_sznurowane_z_zamkiem_i_klamra-6.jpg?v=1790576738,,,
meskie-botki-sznurowane-z-zamkiem-i-klamra,,,Brązowy,,42,,,,0.0,shopify,continue,manual,299.95,,true,true,https://cdn.shopify.com/s/files/1/0988/5725/5244/files/Meskie_botki_sznurowane_z_zamkiem_i_klamra-6.jpg?v=1790576738,,,
meskie-botki-sznurowane-z-zamkiem-i-klamra,,,Brązowy,,43,,,,0.0,shopify,continue,manual,299.95,,true,true,https://cdn.shopify.com/s/files/1/0988/5725/5244/files/Meskie_botki_sznurowane_z_zamkiem_i_klamra-6.jpg?v=1790576738,,,
meskie-botki-sznurowane-z-zamkiem-i-klamra,,,Brązowy,,44,,,,0.0,shopify,continue,manual,299.95,,true,true,https://cdn.shopify.com/s/files/1/0988/5725/5244/files/Meskie_botki_sznurowane_z_zamkiem_i_klamra-6.jpg?v=1790576738,,,
meskie-botki-sznurowane-z-zamkiem-i-klamra,,,Czarny,,45,,,,0.0,shopify,continue,manual,299.95,,true,true,,,,
meskie-botki-sznurowane-z-zamkiem-i-klamra,,,Czarny,,46,,,,0.0,shopify,continue,manual,299.95,,true,true,,,,
meskie-botki-sznurowane-z-zamkiem-i-klamra,,,Ciemnobrązowy,,45,,,,0.0,shopify,continue,manual,299.95,,true,true,,,,
meskie-botki-sznurowane-z-zamkiem-i-klamra,,,Ciemnobrązowy,,46,,,,0.0,shopify,continue,manual,299.95,,true,true,,,,
meskie-botki-sznurowane-z-zamkiem-i-klamra,,,Brązowy,,45,,,,0.0,shopify,continue,manual,299.95,,true,true,,,,
meskie-botki-sznurowane-z-zamkiem-i-klamra,,,Brązowy,,46,,,,0.0,shopify,continue,manual,299.95,,true,true,,,,
meskie-botki-sznurowane-z-zamkiem-i-klamra,,,,,,,,,,,,,,,,,,https://cdn.shopify.com/s/files/1/0988/5725/5244/files/Meskie_botki_sznurowane_z_zamkiem_i_klamra-1.jpg?v=1790576737,1,Czarne męskie botki sznurowane z zamkiem i klamrą
meskie-botki-sznurowane-z-zamkiem-i-klamra,,,,,,,,,,,,,,,,,,https://cdn.shopify.com/s/files/1/0988/5725/5244/files/Meskie_botki_sznurowane_z_zamkiem_i_klamra-2.jpg?v=1790576737,2,Czarne męskie botki z klamrą – widok z tyłu
meskie-botki-sznurowane-z-zamkiem-i-klamra,,,,,,,,,,,,,,,,,,https://cdn.shopify.com/s/files/1/0988/5725/5244/files/Meskie_botki_sznurowane_z_zamkiem_i_klamra-3.jpg?v=1790576738,3,Czarne męskie botki sznurowane z bocznym zamkiem – widok z boku
meskie-botki-sznurowane-z-zamkiem-i-klamra,,,,,,,,,,,,,,,,,,https://cdn.shopify.com/s/files/1/0988/5725/5244/files/Meskie_botki_sznurowane_z_zamkiem_i_klamra-4.jpg?v=1790576737,4,Ciemnobrązowe męskie botki sznurowane – widok z boku
meskie-botki-sznurowane-z-zamkiem-i-klamra,,,,,,,,,,,,,,,,,,https://cdn.shopify.com/s/files/1/0988/5725/5244/files/Meskie_botki_sznurowane_z_zamkiem_i_klamra-5.jpg?v=1790576738,5,Ciemnobrązowe męskie botki sznurowane z zamkiem i klamrą
meskie-botki-sznurowane-z-zamkiem-i-klamra,,,,,,,,,,,,,,,,,,https://cdn.shopify.com/s/files/1/0988/5725/5244/files/Meskie_botki_sznurowane_z_zamkiem_i_klamra-6.jpg?v=1790576738,6,Brązowe męskie botki sznurowane z zamkiem i klamrą
damskie-botki-z-zamkiem-i-ozdobnym-sznurowaniem,Damskie botki z zamkiem i ozdobnym sznurowaniem,Kolor,Brązowy,Rozmiar,36,,,,0.0,shopify,continue,manual,154.95,,true,true,https://cdn.shopify.com/s/files/1/0988/5725/5244/files/Damskie_botki_z_zamkiem_i_ozdobnym_sznurowaniem-1.jpg?v=1790575630,,,
damskie-botki-z-zamkiem-i-ozdobnym-sznurowaniem,,,Brązowy,,37,,,,0.0,shopify,continue,manual,154.95,,true,true,https://cdn.shopify.com/s/files/1/0988/5725/5244/files/Damskie_botki_z_zamkiem_i_ozdobnym_sznurowaniem-1.jpg?v=1790575630,,,
damskie-botki-z-zamkiem-i-ozdobnym-sznurowaniem,,,Brązowy,,38,,,,0.0,shopify,continue,manual,154.95,,true,true,https://cdn.shopify.com/s/files/1/0988/5725/5244/files/Damskie_botki_z_zamkiem_i_ozdobnym_sznurowaniem-1.jpg?v=1790575630,,,
damskie-botki-z-zamkiem-i-ozdobnym-sznurowaniem,,,Brązowy,,39,,,,0.0,shopify,continue,manual,154.95,,true,true,https://cdn.shopify.com/s/files/1/0988/5725/5244/files/Damskie_botki_z_zamkiem_i_ozdobnym_sznurowaniem-1.jpg?v=1790575630,,,
damskie-botki-z-zamkiem-i-ozdobnym-sznurowaniem,,,Brązowy,,40,,,,0.0,shopify,continue,manual,154.95,,true,true,https://cdn.shopify.com/s/files/1/0988/5725/5244/files/Damskie_botki_z_zamkiem_i_ozdobnym_sznurowaniem-1.jpg?v=1790575630,,,
damskie-botki-z-zamkiem-i-ozdobnym-sznurowaniem,,,Brązowy,,41,,,,0.0,shopify,continue,manual,154.95,,true,true,https://cdn.shopify.com/s/files/1/0988/5725/5244/files/Damskie_botki_z_zamkiem_i_ozdobnym_sznurowaniem-1.jpg?v=1790575630,,,
damskie-botki-z-zamkiem-i-ozdobnym-sznurowaniem,,,Brązowy,,42,,,,0.0,shopify,continue,manual,154.95,,true,true,https://cdn.shopify.com/s/files/1/0988/5725/5244/files/Damskie_botki_z_zamkiem_i_ozdobnym_sznurowaniem-1.jpg?v=1790575630,,,
damskie-botki-z-zamkiem-i-ozdobnym-sznurowaniem,,,Czerwony,,36,,,,0.0,shopify,continue,manual,154.95,,true,true,https://cdn.shopify.com/s/files/1/0988/5725/5244/files/Damskie_botki_z_zamkiem_i_ozdobnym_sznurowaniem-2.jpg?v=1790575630,,,
damskie-botki-z-zamkiem-i-ozdobnym-sznurowaniem,,,Czerwony,,37,,,,0.0,shopify,continue,manual,154.95,,true,true,https://cdn.shopify.com/s/files/1/0988/5725/5244/files/Damskie_botki_z_zamkiem_i_ozdobnym_sznurowaniem-2.jpg?v=1790575630,,,
damskie-botki-z-zamkiem-i-ozdobnym-sznurowaniem,,,Czerwony,,38,,,,0.0,shopify,continue,manual,154.95,,true,true,https://cdn.shopify.com/s/files/1/0988/5725/5244/files/Damskie_botki_z_zamkiem_i_ozdobnym_sznurowaniem-2.jpg?v=1790575630,,,
damskie-botki-z-zamkiem-i-ozdobnym-sznurowaniem,,,Czerwony,,39,,,,0.0,shopify,continue,manual,154.95,,true,true,https://cdn.shopify.com/s/files/1/0988/5725/5244/files/Damskie_botki_z_zamkiem_i_ozdobnym_sznurowaniem-2.jpg?v=1790575630,,,
damskie-botki-z-zamkiem-i-ozdobnym-sznurowaniem,,,Czerwony,,40,,,,0.0,shopify,continue,manual,154.95,,true,true,https://cdn.shopify.com/s/files/1/0988/5725/5244/files/Damskie_botki_z_zamkiem_i_ozdobnym_sznurowaniem-2.jpg?v=1790575630,,,
damskie-botki-z-zamkiem-i-ozdobnym-sznurowaniem,,,Czerwony,,41,,,,0.0,shopify,continue,manual,154.95,,true,true,https://cdn.shopify.com/s/files/1/0988/5725/5244/files/Damskie_botki_z_zamkiem_i_ozdobnym_sznurowaniem-2.jpg?v=1790575630,,,
damskie-botki-z-zamkiem-i-ozdobnym-sznurowaniem,,,Czerwony,,42,,,,0.0,shopify,continue,manual,154.95,,true,true,https://cdn.shopify.com/s/files/1/0988/5725/5244/files/Damskie_botki_z_zamkiem_i_ozdobnym_sznurowaniem-2.jpg?v=1790575630,,,
damskie-botki-z-zamkiem-i-ozdobnym-sznurowaniem,,,Czarny,,36,,,,0.0,shopify,continue,manual,154.95,,true,true,https://cdn.shopify.com/s/files/1/0988/5725/5244/files/Damskie_botki_z_zamkiem_i_ozdobnym_sznurowaniem-3.jpg?v=1790575630,,,
damskie-botki-z-zamkiem-i-ozdobnym-sznurowaniem,,,Czarny,,37,,,,0.0,shopify,continue,manual,154.95,,true,true,https://cdn.shopify.com/s/files/1/0988/5725/5244/files/Damskie_botki_z_zamkiem_i_ozdobnym_sznurowaniem-3.jpg?v=1790575630,,,
damskie-botki-z-zamkiem-i-ozdobnym-sznurowaniem,,,Czarny,,38,,,,0.0,shopify,continue,manual,154.95,,true,true,https://cdn.shopify.com/s/files/1/0988/5725/5244/files/Damskie_botki_z_zamkiem_i_ozdobnym_sznurowaniem-3.jpg?v=1790575630,,,
damskie-botki-z-zamkiem-i-ozdobnym-sznurowaniem,,,Czarny,,39,,,,0.0,shopify,continue,manual,154.95,,true,true,https://cdn.shopify.com/s/files/1/0988/5725/5244/files/Damskie_botki_z_zamkiem_i_ozdobnym_sznurowaniem-3.jpg?v=1790575630,,,
damskie-botki-z-zamkiem-i-ozdobnym-sznurowaniem,,,Czarny,,40,,,,0.0,shopify,continue,manual,154.95,,true,true,https://cdn.shopify.com/s/files/1/0988/5725/5244/files/Damskie_botki_z_zamkiem_i_ozdobnym_sznurowaniem-3.jpg?v=1790575630,,,
damskie-botki-z-zamkiem-i-ozdobnym-sznurowaniem,,,Czarny,,41,,,,0.0,shopify,continue,manual,154.95,,true,true,https://cdn.shopify.com/s/files/1/0988/5725/5244/files/Damskie_botki_z_zamkiem_i_ozdobnym_sznurowaniem-3.jpg?v=1790575630,,,
damskie-botki-z-zamkiem-i-ozdobnym-sznurowaniem,,,Czarny,,42,,,,0.0,shopify,continue,manual,154.95,,true,true,https://cdn.shopify.com/s/files/1/0988/5725/5244/files/Damskie_botki_z_zamkiem_i_ozdobnym_sznurowaniem-3.jpg?v=1790575630,,,
damskie-botki-z-zamkiem-i-ozdobnym-sznurowaniem,,,Szary,,36,,,,0.0,shopify,continue,manual,154.95,,true,true,https://cdn.shopify.com/s/files/1/0988/5725/5244/files/Damskie_botki_z_zamkiem_i_ozdobnym_sznurowaniem-4.jpg?v=1790575630,,,
damskie-botki-z-zamkiem-i-ozdobnym-sznurowaniem,,,Szary,,37,,,,0.0,shopify,continue,manual,154.95,,true,true,https://cdn.shopify.com/s/files/1/0988/5725/5244/files/Damskie_botki_z_zamkiem_i_ozdobnym_sznurowaniem-4.jpg?v=1790575630,,,
damskie-botki-z-zamkiem-i-ozdobnym-sznurowaniem,,,Szary,,38,,,,0.0,shopify,continue,manual,154.95,,true,true,https://cdn.shopify.com/s/files/1/0988/5725/5244/files/Damskie_botki_z_zamkiem_i_ozdobnym_sznurowaniem-4.jpg?v=1790575630,,,
damskie-botki-z-zamkiem-i-ozdobnym-sznurowaniem,,,Szary,,39,,,,0.0,shopify,continue,manual,154.95,,true,true,https://cdn.shopify.com/s/files/1/0988/5725/5244/files/Damskie_botki_z_zamkiem_i_ozdobnym_sznurowaniem-4.jpg?v=1790575630,,,
damskie-botki-z-zamkiem-i-ozdobnym-sznurowaniem,,,Szary,,40,,,,0.0,shopify,continue,manual,154.95,,true,true,https://cdn.shopify.com/s/files/1/0988/5725/5244/files/Damskie_botki_z_zamkiem_i_ozdobnym_sznurowaniem-4.jpg?v=1790575630,,,
damskie-botki-z-zamkiem-i-ozdobnym-sznurowaniem,,,Szary,,41,,,,0.0,shopify,continue,manual,154.95,,true,true,https://cdn.shopify.com/s/files/1/0988/5725/5244/files/Damskie_botki_z_zamkiem_i_ozdobnym_sznurowaniem-4.jpg?v=1790575630,,,
damskie-botki-z-zamkiem-i-ozdobnym-sznurowaniem,,,Szary,,42,,,,0.0,shopify,continue,manual,154.95,,true,true,https://cdn.shopify.com/s/files/1/0988/5725/5244/files/Damskie_botki_z_zamkiem_i_ozdobnym_sznurowaniem-4.jpg?v=1790575630,,,
damskie-botki-z-zamkiem-i-ozdobnym-sznurowaniem,,,Niebieski,,36,,,,0.0,shopify,continue,manual,154.95,,true,true,https://cdn.shopify.com/s/files/1/0988/5725/5244/files/Damskie_botki_z_zamkiem_i_ozdobnym_sznurowaniem-5.jpg?v=1790575630,,,
damskie-botki-z-zamkiem-i-ozdobnym-sznurowaniem,,,Niebieski,,37,,,,0.0,shopify,continue,manual,154.95,,true,true,https://cdn.shopify.com/s/files/1/0988/5725/5244/files/Damskie_botki_z_zamkiem_i_ozdobnym_sznurowaniem-5.jpg?v=1790575630,,,
damskie-botki-z-zamkiem-i-ozdobnym-sznurowaniem,,,Niebieski,,38,,,,0.0,shopify,continue,manual,154.95,,true,true,https://cdn.shopify.com/s/files/1/0988/5725/5244/files/Damskie_botki_z_zamkiem_i_ozdobnym_sznurowaniem-5.jpg?v=1790575630,,,
damskie-botki-z-zamkiem-i-ozdobnym-sznurowaniem,,,Niebieski,,39,,,,0.0,shopify,continue,manual,154.95,,true,true,https://cdn.shopify.com/s/files/1/0988/5725/5244/files/Damskie_botki_z_zamkiem_i_ozdobnym_sznurowaniem-5.jpg?v=1790575630,,,
damskie-botki-z-zamkiem-i-ozdobnym-sznurowaniem,,,Niebieski,,40,,,,0.0,shopify,continue,manual,154.95,,true,true,https://cdn.shopify.com/s/files/1/0988/5725/5244/files/Damskie_botki_z_zamkiem_i_ozdobnym_sznurowaniem-5.jpg?v=1790575630,,,
damskie-botki-z-zamkiem-i-ozdobnym-sznurowaniem,,,Niebieski,,41,,,,0.0,shopify,continue,manual,154.95,,true,true,https://cdn.shopify.com/s/files/1/0988/5725/5244/files/Damskie_botki_z_zamkiem_i_ozdobnym_sznurowaniem-5.jpg?v=1790575630,,,
damskie-botki-z-zamkiem-i-ozdobnym-sznurowaniem,,,Niebieski,,42,,,,0.0,shopify,continue,manual,154.95,,true,true,https://cdn.shopify.com/s/files/1/0988/5725/5244/files/Damskie_botki_z_zamkiem_i_ozdobnym_sznurowaniem-5.jpg?v=1790575630,,,
damskie-botki-z-zamkiem-i-ozdobnym-sznurowaniem,,,Zielony,,36,,,,0.0,shopify,continue,manual,154.95,,true,true,https://cdn.shopify.com/s/files/1/0988/5725/5244/files/Damskie_botki_z_zamkiem_i_ozdobnym_sznurowaniem-6.jpg?v=1790575630,,,
damskie-botki-z-zamkiem-i-ozdobnym-sznurowaniem,,,Zielony,,37,,,,0.0,shopify,continue,manual,154.95,,true,true,https://cdn.shopify.com/s/files/1/0988/5725/5244/files/Damskie_botki_z_zamkiem_i_ozdobnym_sznurowaniem-6.jpg?v=1790575630,,,
damskie-botki-z-zamkiem-i-ozdobnym-sznurowaniem,,,Zielony,,38,,,,0.0,shopify,continue,manual,154.95,,true,true,https://cdn.shopify.com/s/files/1/0988/5725/5244/files/Damskie_botki_z_zamkiem_i_ozdobnym_sznurowaniem-6.jpg?v=1790575630,,,
damskie-botki-z-zamkiem-i-ozdobnym-sznurowaniem,,,Zielony,,39,,,,0.0,shopify,continue,manual,154.95,,true,true,https://cdn.shopify.com/s/files/1/0988/5725/5244/files/Damskie_botki_z_zamkiem_i_ozdobnym_sznurowaniem-6.jpg?v=1790575630,,,
damskie-botki-z-zamkiem-i-ozdobnym-sznurowaniem,,,Zielony,,40,,,,0.0,shopify,continue,manual,154.95,,true,true,https://cdn.shopify.com/s/files/1/0988/5725/5244/files/Damskie_botki_z_zamkiem_i_ozdobnym_sznurowaniem-6.jpg?v=1790575630,,,
damskie-botki-z-zamkiem-i-ozdobnym-sznurowaniem,,,Zielony,,41,,,,0.0,shopify,continue,manual,154.95,,true,true,https://cdn.shopify.com/s/files/1/0988/5725/5244/files/Damskie_botki_z_zamkiem_i_ozdobnym_sznurowaniem-6.jpg?v=1790575630,,,
damskie-botki-z-zamkiem-i-ozdobnym-sznurowaniem,,,Zielony,,42,,,,0.0,shopify,continue,manual,154.95,,true,true,https://cdn.shopify.com/s/files/1/0988/5725/5244/files/Damskie_botki_z_zamkiem_i_ozdobnym_sznurowaniem-6.jpg?v=1790575630,,,
damskie-botki-z-zamkiem-i-ozdobnym-sznurowaniem,,,Brązowy,,43,,,,0.0,shopify,continue,manual,154.95,,true,true,,,,
damskie-botki-z-zamkiem-i-ozdobnym-sznurowaniem,,,Czerwony,,43,,,,0.0,shopify,continue,manual,154.95,,true,true,,,,
damskie-botki-z-zamkiem-i-ozdobnym-sznurowaniem,,,Czarny,,43,,,,0.0,shopify,continue,manual,154.95,,true,true,,,,
damskie-botki-z-zamkiem-i-ozdobnym-sznurowaniem,,,Szary,,43,,,,0.0,shopify,continue,manual,154.95,,true,true,,,,
damskie-botki-z-zamkiem-i-ozdobnym-sznurowaniem,,,Niebieski,,43,,,,0.0,shopify,continue,manual,154.95,,true,true,,,,
damskie-botki-z-zamkiem-i-ozdobnym-sznurowaniem,,,Zielony,,43,,,,0.0,shopify,continue,manual,154.95,,true,true,,,,
damskie-botki-z-zamkiem-i-ozdobnym-sznurowaniem,,,,,,,,,,,,,,,,,,https://cdn.shopify.com/s/files/1/0988/5725/5244/files/Damskie_botki_z_zamkiem_i_ozdobnym_sznurowaniem-1.jpg?v=1790575630,1,Brązowe damskie botki z zamkiem i ozdobnym sznurowaniem
damskie-botki-z-zamkiem-i-ozdobnym-sznurowaniem,,,,,,,,,,,,,,,,,,https://cdn.shopify.com/s/files/1/0988/5725/5244/files/Damskie_botki_z_zamkiem_i_ozdobnym_sznurowaniem-2.jpg?v=1790575630,2,Czerwone damskie botki z zamkiem i ozdobnym sznurowaniem
damskie-botki-z-zamkiem-i-ozdobnym-sznurowaniem,,,,,,,,,,,,,,,,,,https://cdn.shopify.com/s/files/1/0988/5725/5244/files/Damskie_botki_z_zamkiem_i_ozdobnym_sznurowaniem-3.jpg?v=1790575630,3,Czarne damskie botki z bocznym zamkiem
damskie-botki-z-zamkiem-i-ozdobnym-sznurowaniem,,,,,,,,,,,,,,,,,,https://cdn.shopify.com/s/files/1/0988/5725/5244/files/Damskie_botki_z_zamkiem_i_ozdobnym_sznurowaniem-4.jpg?v=1790575630,4,Szare damskie botki z zamkiem i ozdobnym sznurowaniem
damskie-botki-z-zamkiem-i-ozdobnym-sznurowaniem,,,,,,,,,,,,,,,,,,https://cdn.shopify.com/s/files/1/0988/5725/5244/files/Damskie_botki_z_zamkiem_i_ozdobnym_sznurowaniem-5.jpg?v=1790575630,5,Szare damskie botki z niebieskim sznurowaniem i podeszwą
damskie-botki-z-zamkiem-i-ozdobnym-sznurowaniem,,,,,,,,,,,,,,,,,,https://cdn.shopify.com/s/files/1/0988/5725/5244/files/Damskie_botki_z_zamkiem_i_ozdobnym_sznurowaniem-6.jpg?v=1790575630,6,Zielone damskie botki z zamkiem i ozdobnym sznurowaniem
meskie-zamszowe-mokasyny-wsuwane-na-co-dzien,Męskie zamszowe mokasyny wsuwane na co dzień,Kolor,Brązowy,Rozmiar,39,,,,0.0,shopify,continue,manual,209.95,,true,true,https://cdn.shopify.com/s/files/1/0988/5725/5244/files/Meskie_zamszowe_mokasyny_wsuwane_na_co_dzien-1.jpg?v=1790575433,,,
meskie-zamszowe-mokasyny-wsuwane-na-co-dzien,,,Brązowy,,40,,,,0.0,shopify,continue,manual,209.95,,true,true,https://cdn.shopify.com/s/files/1/0988/5725/5244/files/Meskie_zamszowe_mokasyny_wsuwane_na_co_dzien-1.jpg?v=1790575433,,,
meskie-zamszowe-mokasyny-wsuwane-na-co-dzien,,,Brązowy,,41,,,,0.0,shopify,continue,manual,209.95,,true,true,https://cdn.shopify.com/s/files/1/0988/5725/5244/files/Meskie_zamszowe_mokasyny_wsuwane_na_co_dzien-1.jpg?v=1790575433,,,
meskie-zamszowe-mokasyny-wsuwane-na-co-dzien,,,Brązowy,,42,,,,0.0,shopify,continue,manual,209.95,,true,true,https://cdn.shopify.com/s/files/1/0988/5725/5244/files/Meskie_zamszowe_mokasyny_wsuwane_na_co_dzien-1.jpg?v=1790575433,,,
meskie-zamszowe-mokasyny-wsuwane-na-co-dzien,,,Brązowy,,43,,,,0.0,shopify,continue,manual,209.95,,true,true,https://cdn.shopify.com/s/files/1/0988/5725/5244/files/Meskie_zamszowe_mokasyny_wsuwane_na_co_dzien-1.jpg?v=1790575433,,,
meskie-zamszowe-mokasyny-wsuwane-na-co-dzien,,,Brązowy,,44,,,,0.0,shopify,continue,manual,209.95,,true,true,https://cdn.shopify.com/s/files/1/0988/5725/5244/files/Meskie_zamszowe_mokasyny_wsuwane_na_co_dzien-1.jpg?v=1790575433,,,
meskie-zamszowe-mokasyny-wsuwane-na-co-dzien,,,Czarny,,39,,,,0.0,shopify,continue,manual,209.95,,true,true,https://cdn.shopify.com/s/files/1/0988/5725/5244/files/Meskie_zamszowe_mokasyny_wsuwane_na_co_dzien-9.jpg?v=1790575432,,,
meskie-zamszowe-mokasyny-wsuwane-na-co-dzien,,,Czarny,,40,,,,0.0,shopify,continue,manual,209.95,,true,true,https://cdn.shopify.com/s/files/1/0988/5725/5244/files/Meskie_zamszowe_mokasyny_wsuwane_na_co_dzien-9.jpg?v=1790575432,,,
meskie-zamszowe-mokasyny-wsuwane-na-co-dzien,,,Czarny,,41,,,,0.0,shopify,continue,manual,209.95,,true,true,https://cdn.shopify.com/s/files/1/0988/5725/5244/files/Meskie_zamszowe_mokasyny_wsuwane_na_co_dzien-9.jpg?v=1790575432,,,
meskie-zamszowe-mokasyny-wsuwane-na-co-dzien,,,Czarny,,42,,,,0.0,shopify,continue,manual,209.95,,true,true,https://cdn.shopify.com/s/files/1/0988/5725/5244/files/Meskie_zamszowe_mokasyny_wsuwane_na_co_dzien-9.jpg?v=1790575432,,,
meskie-zamszowe-mokasyny-wsuwane-na-co-dzien,,,Czarny,,43,,,,0.0,shopify,continue,manual,209.95,,true,true,https://cdn.shopify.com/s/files/1/0988/5725/5244/files/Meskie_zamszowe_mokasyny_wsuwane_na_co_dzien-9.jpg?v=1790575432,,,
meskie-zamszowe-mokasyny-wsuwane-na-co-dzien,,,Czarny,,44,,,,0.0,shopify,continue,manual,209.95,,true,true,https://cdn.shopify.com/s/files/1/0988/5725/5244/files/Meskie_zamszowe_mokasyny_wsuwane_na_co_dzien-9.jpg?v=1790575432,,,
meskie-zamszowe-mokasyny-wsuwane-na-co-dzien,,,Granatowy,,39,,,,0.0,shopify,continue,manual,209.95,,true,true,https://cdn.shopify.com/s/files/1/0988/5725/5244/files/Meskie_zamszowe_mokasyny_wsuwane_na_co_dzien-10.jpg?v=1790575433,,,
meskie-zamszowe-mokasyny-wsuwane-na-co-dzien,,,Granatowy,,40,,,,0.0,shopify,continue,manual,209.95,,true,true,https://cdn.shopify.com/s/files/1/0988/5725/5244/files/Meskie_zamszowe_mokasyny_wsuwane_na_co_dzien-10.jpg?v=1790575433,,,
meskie-zamszowe-mokasyny-wsuwane-na-co-dzien,,,Granatowy,,41,,,,0.0,shopify,continue,manual,209.95,,true,true,https://cdn.shopify.com/s/files/1/0988/5725/5244/files/Meskie_zamszowe_mokasyny_wsuwane_na_co_dzien-10.jpg?v=1790575433,,,
meskie-zamszowe-mokasyny-wsuwane-na-co-dzien,,,Granatowy,,42,,,,0.0,shopify,continue,manual,209.95,,true,true,https://cdn.shopify.com/s/files/1/0988/5725/5244/files/Meskie_zamszowe_mokasyny_wsuwane_na_co_dzien-10.jpg?v=1790575433,,,
meskie-zamszowe-mokasyny-wsuwane-na-co-dzien,,,Granatowy,,43,,,,0.0,shopify,continue,manual,209.95,,true,true,https://cdn.shopify.com/s/files/1/0988/5725/5244/files/Meskie_zamszowe_mokasyny_wsuwane_na_co_dzien-10.jpg?v=1790575433,,,
meskie-zamszowe-mokasyny-wsuwane-na-co-dzien,,,Granatowy,,44,,,,0.0,shopify,continue,manual,209.95,,true,true,https://cdn.shopify.com/s/files/1/0988/5725/5244/files/Meskie_zamszowe_mokasyny_wsuwane_na_co_dzien-10.jpg?v=1790575433,,,
meskie-zamszowe-mokasyny-wsuwane-na-co-dzien,,,Jasnobrązowy,,39,,,,0.0,shopify,continue,manual,209.95,,true,true,https://cdn.shopify.com/s/files/1/0988/5725/5244/files/Meskie_zamszowe_mokasyny_wsuwane_na_co_dzien-12.jpg?v=1790575433,,,
meskie-zamszowe-mokasyny-wsuwane-na-co-dzien,,,Jasnobrązowy,,40,,,,0.0,shopify,continue,manual,209.95,,true,true,https://cdn.shopify.com/s/files/1/0988/5725/5244/files/Meskie_zamszowe_mokasyny_wsuwane_na_co_dzien-12.jpg?v=1790575433,,,
meskie-zamszowe-mokasyny-wsuwane-na-co-dzien,,,Jasnobrązowy,,41,,,,0.0,shopify,continue,manual,209.95,,true,true,https://cdn.shopify.com/s/files/1/0988/5725/5244/files/Meskie_zamszowe_mokasyny_wsuwane_na_co_dzien-12.jpg?v=1790575433,,,
meskie-zamszowe-mokasyny-wsuwane-na-co-dzien,,,Jasnobrązowy,,42,,,,0.0,shopify,continue,manual,209.95,,true,true,https://cdn.shopify.com/s/files/1/0988/5725/5244/files/Meskie_zamszowe_mokasyny_wsuwane_na_co_dzien-12.jpg?v=1790575433,,,
meskie-zamszowe-mokasyny-wsuwane-na-co-dzien,,,Jasnobrązowy,,43,,,,0.0,shopify,continue,manual,209.95,,true,true,https://cdn.shopify.com/s/files/1/0988/5725/5244/files/Meskie_zamszowe_mokasyny_wsuwane_na_co_dzien-12.jpg?v=1790575433,,,
meskie-zamszowe-mokasyny-wsuwane-na-co-dzien,,,Jasnobrązowy,,44,,,,0.0,shopify,continue,manual,209.95,,true,true,https://cdn.shopify.com/s/files/1/0988/5725/5244/files/Meskie_zamszowe_mokasyny_wsuwane_na_co_dzien-12.jpg?v=1790575433,,,
meskie-zamszowe-mokasyny-wsuwane-na-co-dzien,,,Szary,,39,,,,0.0,shopify,continue,manual,209.95,,true,true,https://cdn.shopify.com/s/files/1/0988/5725/5244/files/Meskie_zamszowe_mokasyny_wsuwane_na_co_dzien-8.jpg?v=1790575433,,,
meskie-zamszowe-mokasyny-wsuwane-na-co-dzien,,,Szary,,40,,,,0.0,shopify,continue,manual,209.95,,true,true,https://cdn.shopify.com/s/files/1/0988/5725/5244/files/Meskie_zamszowe_mokasyny_wsuwane_na_co_dzien-8.jpg?v=1790575433,,,
meskie-zamszowe-mokasyny-wsuwane-na-co-dzien,,,Szary,,41,,,,0.0,shopify,continue,manual,209.95,,true,true,https://cdn.shopify.com/s/files/1/0988/5725/5244/files/Meskie_zamszowe_mokasyny_wsuwane_na_co_dzien-8.jpg?v=1790575433,,,
meskie-zamszowe-mokasyny-wsuwane-na-co-dzien,,,Szary,,42,,,,0.0,shopify,continue,manual,209.95,,true,true,https://cdn.shopify.com/s/files/1/0988/5725/5244/files/Meskie_zamszowe_mokasyny_wsuwane_na_co_dzien-8.jpg?v=1790575433,,,
meskie-zamszowe-mokasyny-wsuwane-na-co-dzien,,,Szary,,43,,,,0.0,shopify,continue,manual,209.95,,true,true,https://cdn.shopify.com/s/files/1/0988/5725/5244/files/Meskie_zamszowe_mokasyny_wsuwane_na_co_dzien-8.jpg?v=1790575433,,,
meskie-zamszowe-mokasyny-wsuwane-na-co-dzien,,,Szary,,44,,,,0.0,shopify,continue,manual,209.95,,true,true,https://cdn.shopify.com/s/files/1/0988/5725/5244/files/Meskie_zamszowe_mokasyny_wsuwane_na_co_dzien-8.jpg?v=1790575433,,,
meskie-zamszowe-mokasyny-wsuwane-na-co-dzien,,,Zielony,,39,,,,0.0,shopify,continue,manual,209.95,,true,true,https://cdn.shopify.com/s/files/1/0988/5725/5244/files/Meskie_zamszowe_mokasyny_wsuwane_na_co_dzien-5.jpg?v=1790575432,,,
meskie-zamszowe-mokasyny-wsuwane-na-co-dzien,,,Zielony,,40,,,,0.0,shopify,continue,manual,209.95,,true,true,https://cdn.shopify.com/s/files/1/0988/5725/5244/files/Meskie_zamszowe_mokasyny_wsuwane_na_co_dzien-5.jpg?v=1790575432,,,
meskie-zamszowe-mokasyny-wsuwane-na-co-dzien,,,Zielony,,41,,,,0.0,shopify,continue,manual,209.95,,true,true,https://cdn.shopify.com/s/files/1/0988/5725/5244/files/Meskie_zamszowe_mokasyny_wsuwane_na_co_dzien-5.jpg?v=1790575432,,,
meskie-zamszowe-mokasyny-wsuwane-na-co-dzien,,,Zielony,,42,,,,0.0,shopify,continue,manual,209.95,,true,true,https://cdn.shopify.com/s/files/1/0988/5725/5244/files/Meskie_zamszowe_mokasyny_wsuwane_na_co_dzien-5.jpg?v=1790575432,,,
meskie-zamszowe-mokasyny-wsuwane-na-co-dzien,,,Zielony,,43,,,,0.0,shopify,continue,manual,209.95,,true,true,https://cdn.shopify.com/s/files/1/0988/5725/5244/files/Meskie_zamszowe_mokasyny_wsuwane_na_co_dzien-5.jpg?v=1790575432,,,
meskie-zamszowe-mokasyny-wsuwane-na-co-dzien,,,Zielony,,44,,,,0.0,shopify,continue,manual,209.95,,true,true,https://cdn.shopify.com/s/files/1/0988/5725/5244/files/Meskie_zamszowe_mokasyny_wsuwane_na_co_dzien-5.jpg?v=1790575432,,,
meskie-zamszowe-mokasyny-wsuwane-na-co-dzien,,,Pomarańczowy,,39,,,,0.0,shopify,continue,manual,209.95,,true,true,https://cdn.shopify.com/s/files/1/0988/5725/5244/files/Meskie_zamszowe_mokasyny_wsuwane_na_co_dzien-11.jpg?v=1790575433,,,
meskie-zamszowe-mokasyny-wsuwane-na-co-dzien,,,Pomarańczowy,,40,,,,0.0,shopify,continue,manual,209.95,,true,true,https://cdn.shopify.com/s/files/1/0988/5725/5244/files/Meskie_zamszowe_mokasyny_wsuwane_na_co_dzien-11.jpg?v=1790575433,,,
meskie-zamszowe-mokasyny-wsuwane-na-co-dzien,,,Pomarańczowy,,41,,,,0.0,shopify,continue,manual,209.95,,true,true,https://cdn.shopify.com/s/files/1/0988/5725/5244/files/Meskie_zamszowe_mokasyny_wsuwane_na_co_dzien-11.jpg?v=1790575433,,,
meskie-zamszowe-mokasyny-wsuwane-na-co-dzien,,,Pomarańczowy,,42,,,,0.0,shopify,continue,manual,209.95,,true,true,https://cdn.shopify.com/s/files/1/0988/5725/5244/files/Meskie_zamszowe_mokasyny_wsuwane_na_co_dzien-11.jpg?v=1790575433,,,
meskie-zamszowe-mokasyny-wsuwane-na-co-dzien,,,Pomarańczowy,,43,,,,0.0,shopify,continue,manual,209.95,,true,true,https://cdn.shopify.com/s/files/1/0988/5725/5244/files/Meskie_zamszowe_mokasyny_wsuwane_na_co_dzien-11.jpg?v=1790575433,,,
meskie-zamszowe-mokasyny-wsuwane-na-co-dzien,,,Pomarańczowy,,44,,,,0.0,shopify,continue,manual,209.95,,true,true,https://cdn.shopify.com/s/files/1/0988/5725/5244/files/Meskie_zamszowe_mokasyny_wsuwane_na_co_dzien-11.jpg?v=1790575433,,,
meskie-zamszowe-mokasyny-wsuwane-na-co-dzien,,,Bordowy,,39,,,,0.0,shopify,continue,manual,209.95,,true,true,https://cdn.shopify.com/s/files/1/0988/5725/5244/files/Meskie_zamszowe_mokasyny_wsuwane_na_co_dzien-6.jpg?v=1790575432,,,
meskie-zamszowe-mokasyny-wsuwane-na-co-dzien,,,Bordowy,,40,,,,0.0,shopify,continue,manual,209.95,,true,true,https://cdn.shopify.com/s/files/1/0988/5725/5244/files/Meskie_zamszowe_mokasyny_wsuwane_na_co_dzien-6.jpg?v=1790575432,,,
meskie-zamszowe-mokasyny-wsuwane-na-co-dzien,,,Bordowy,,41,,,,0.0,shopify,continue,manual,209.95,,true,true,https://cdn.shopify.com/s/files/1/0988/5725/5244/files/Meskie_zamszowe_mokasyny_wsuwane_na_co_dzien-6.jpg?v=1790575432,,,
meskie-zamszowe-mokasyny-wsuwane-na-co-dzien,,,Bordowy,,42,,,,0.0,shopify,continue,manual,209.95,,true,true,https://cdn.shopify.com/s/files/1/0988/5725/5244/files/Meskie_zamszowe_mokasyny_wsuwane_na_co_dzien-6.jpg?v=1790575432,,,
meskie-zamszowe-mokasyny-wsuwane-na-co-dzien,,,Bordowy,,43,,,,0.0,shopify,continue,manual,209.95,,true,true,https://cdn.shopify.com/s/files/1/0988/5725/5244/files/Meskie_zamszowe_mokasyny_wsuwane_na_co_dzien-6.jpg?v=1790575432,,,
meskie-zamszowe-mokasyny-wsuwane-na-co-dzien,,,Bordowy,,44,,,,0.0,shopify,continue,manual,209.95,,true,true,https://cdn.shopify.com/s/files/1/0988/5725/5244/files/Meskie_zamszowe_mokasyny_wsuwane_na_co_dzien-6.jpg?v=1790575432,,,
meskie-zamszowe-mokasyny-wsuwane-na-co-dzien,,,Brązowy,,45,,,,0.0,shopify,continue,manual,209.95,,true,true,,,,
meskie-zamszowe-mokasyny-wsuwane-na-co-dzien,,,Brązowy,,46,,,,0.0,shopify,continue,manual,209.95,,true,true,,,,
meskie-zamszowe-mokasyny-wsuwane-na-co-dzien,,,Czarny,,45,,,,0.0,shopify,continue,manual,209.95,,true,true,,,,
meskie-zamszowe-mokasyny-wsuwane-na-co-dzien,,,Czarny,,46,,,,0.0,shopify,continue,manual,209.95,,true,true,,,,
meskie-zamszowe-mokasyny-wsuwane-na-co-dzien,,,Granatowy,,45,,,,0.0,shopify,continue,manual,209.95,,true,true,,,,
meskie-zamszowe-mokasyny-wsuwane-na-co-dzien,,,Granatowy,,46,,,,0.0,shopify,continue,manual,209.95,,true,true,,,,
meskie-zamszowe-mokasyny-wsuwane-na-co-dzien,,,Jasnobrązowy,,45,,,,0.0,shopify,continue,manual,209.95,,true,true,,,,
meskie-zamszowe-mokasyny-wsuwane-na-co-dzien,,,Jasnobrązowy,,46,,,,0.0,shopify,continue,manual,209.95,,true,true,,,,
meskie-zamszowe-mokasyny-wsuwane-na-co-dzien,,,Szary,,45,,,,0.0,shopify,continue,manual,209.95,,true,true,,,,
meskie-zamszowe-mokasyny-wsuwane-na-co-dzien,,,Szary,,46,,,,0.0,shopify,continue,manual,209.95,,true,true,,,,
meskie-zamszowe-mokasyny-wsuwane-na-co-dzien,,,Zielony,,45,,,,0.0,shopify,continue,manual,209.95,,true,true,,,,
meskie-zamszowe-mokasyny-wsuwane-na-co-dzien,,,Zielony,,46,,,,0.0,shopify,continue,manual,209.95,,true,true,,,,
meskie-zamszowe-mokasyny-wsuwane-na-co-dzien,,,Pomarańczowy,,45,,,,0.0,shopify,continue,manual,209.95,,true,true,,,,
meskie-zamszowe-mokasyny-wsuwane-na-co-dzien,,,Pomarańczowy,,46,,,,0.0,shopify,continue,manual,209.95,,true,true,,,,
meskie-zamszowe-mokasyny-wsuwane-na-co-dzien,,,Bordowy,,45,,,,0.0,shopify,continue,manual,209.95,,true,true,,,,
meskie-zamszowe-mokasyny-wsuwane-na-co-dzien,,,Bordowy,,46,,,,0.0,shopify,continue,manual,209.95,,true,true,,,,
meskie-zamszowe-mokasyny-wsuwane-na-co-dzien,,,,,,,,,,,,,,,,,,https://cdn.shopify.com/s/files/1/0988/5725/5244/files/Meskie_zamszowe_mokasyny_wsuwane_na_co_dzien-1.jpg?v=1790575433,1,Brązowe męskie zamszowe mokasyny wsuwane
meskie-zamszowe-mokasyny-wsuwane-na-co-dzien,,,,,,,,,,,,,,,,,,https://cdn.shopify.com/s/files/1/0988/5725/5244/files/Meskie_zamszowe_mokasyny_wsuwane_na_co_dzien-2.jpg?v=1790575433,2,Brązowe mokasyny męskie na trawie – widok z boku
meskie-zamszowe-mokasyny-wsuwane-na-co-dzien,,,,,,,,,,,,,,,,,,https://cdn.shopify.com/s/files/1/0988/5725/5244/files/Meskie_zamszowe_mokasyny_wsuwane_na_co_dzien-3.jpg?v=1790575432,3,Jasnobrązowe zamszowe mokasyny męskie trzymane w dłoni
meskie-zamszowe-mokasyny-wsuwane-na-co-dzien,,,,,,,,,,,,,,,,,,https://cdn.shopify.com/s/files/1/0988/5725/5244/files/Meskie_zamszowe_mokasyny_wsuwane_na_co_dzien-4.jpg?v=1790575433,4,Granatowe mokasyny męskie na nogach – widok z góry
meskie-zamszowe-mokasyny-wsuwane-na-co-dzien,,,,,,,,,,,,,,,,,,https://cdn.shopify.com/s/files/1/0988/5725/5244/files/Meskie_zamszowe_mokasyny_wsuwane_na_co_dzien-5.jpg?v=1790575432,5,Zielone męskie zamszowe mokasyny wsuwane
meskie-zamszowe-mokasyny-wsuwane-na-co-dzien,,,,,,,,,,,,,,,,,,https://cdn.shopify.com/s/files/1/0988/5725/5244/files/Meskie_zamszowe_mokasyny_wsuwane_na_co_dzien-6.jpg?v=1790575432,6,Bordowe męskie zamszowe mokasyny wsuwane
meskie-zamszowe-mokasyny-wsuwane-na-co-dzien,,,,,,,,,,,,,,,,,,https://cdn.shopify.com/s/files/1/0988/5725/5244/files/Meskie_zamszowe_mokasyny_wsuwane_na_co_dzien-7.jpg?v=1790575433,7,Zielone mokasyny męskie – widok z boku
meskie-zamszowe-mokasyny-wsuwane-na-co-dzien,,,,,,,,,,,,,,,,,,https://cdn.shopify.com/s/files/1/0988/5725/5244/files/Meskie_zamszowe_mokasyny_wsuwane_na_co_dzien-8.jpg?v=1790575433,8,Szare męskie zamszowe mokasyny wsuwane
meskie-zamszowe-mokasyny-wsuwane-na-co-dzien,,,,,,,,,,,,,,,,,,https://cdn.shopify.com/s/files/1/0988/5725/5244/files/Meskie_zamszowe_mokasyny_wsuwane_na_co_dzien-9.jpg?v=1790575432,9,Czarne męskie zamszowe mokasyny wsuwane
meskie-zamszowe-mokasyny-wsuwane-na-co-dzien,,,,,,,,,,,,,,,,,,https://cdn.shopify.com/s/files/1/0988/5725/5244/files/Meskie_zamszowe_mokasyny_wsuwane_na_co_dzien-10.jpg?v=1790575433,10,Granatowe męskie zamszowe mokasyny wsuwane
meskie-zamszowe-mokasyny-wsuwane-na-co-dzien,,,,,,,,,,,,,,,,,,https://cdn.shopify.com/s/files/1/0988/5725/5244/files/Meskie_zamszowe_mokasyny_wsuwane_na_co_dzien-11.jpg?v=1790575433,11,Pomarańczowe męskie zamszowe mokasyny wsuwane
meskie-zamszowe-mokasyny-wsuwane-na-co-dzien,,,,,,,,,,,,,,,,,,https://cdn.shopify.com/s/files/1/0988/5725/5244/files/Meskie_zamszowe_mokasyny_wsuwane_na_co_dzien-12.jpg?v=1790575433,12,Jasnobrązowe męskie zamszowe mokasyny wsuwane
meskie-kapcie-z-puszysta-wysciolka-do-domu,Męskie kapcie z puszystą wyściółką do domu,Kolor,Czarny,Rozmiar,39,,,,0.0,shopify,continue,manual,244.95,,true,true,https://cdn.shopify.com/s/files/1/0988/5725/5244/files/Meskie_kapcie_z_puszysta_wysciolka_do_domu-1.jpg?v=1790442319,,,
meskie-kapcie-z-puszysta-wysciolka-do-domu,,,Czarny,,40,,,,0.0,shopify,continue,manual,244.95,,true,true,https://cdn.shopify.com/s/files/1/0988/5725/5244/files/Meskie_kapcie_z_puszysta_wysciolka_do_domu-1.jpg?v=1790442319,,,
meskie-kapcie-z-puszysta-wysciolka-do-domu,,,Czarny,,41,,,,0.0,shopify,continue,manual,244.95,,true,true,https://cdn.shopify.com/s/files/1/0988/5725/5244/files/Meskie_kapcie_z_puszysta_wysciolka_do_domu-1.jpg?v=1790442319,,,
meskie-kapcie-z-puszysta-wysciolka-do-domu,,,Czarny,,42,,,,0.0,shopify,continue,manual,244.95,,true,true,https://cdn.shopify.com/s/files/1/0988/5725/5244/files/Meskie_kapcie_z_puszysta_wysciolka_do_domu-1.jpg?v=1790442319,,,
meskie-kapcie-z-puszysta-wysciolka-do-domu,,,Czarny,,43,,,,0.0,shopify,continue,manual,244.95,,true,true,https://cdn.shopify.com/s/files/1/0988/5725/5244/files/Meskie_kapcie_z_puszysta_wysciolka_do_domu-1.jpg?v=1790442319,,,
meskie-kapcie-z-puszysta-wysciolka-do-domu,,,Czarny,,44,,,,0.0,shopify,continue,manual,244.95,,true,true,https://cdn.shopify.com/s/files/1/0988/5725/5244/files/Meskie_kapcie_z_puszysta_wysciolka_do_domu-1.jpg?v=1790442319,,,
meskie-kapcie-z-puszysta-wysciolka-do-domu,,,Brązowy,,39,,,,0.0,shopify,continue,manual,244.95,,true,true,https://cdn.shopify.com/s/files/1/0988/5725/5244/files/Meskie_kapcie_z_puszysta_wysciolka_do_domu-2.jpg?v=1790442320,,,
meskie-kapcie-z-puszysta-wysciolka-do-domu,,,Brązowy,,40,,,,0.0,shopify,continue,manual,244.95,,true,true,https://cdn.shopify.com/s/files/1/0988/5725/5244/files/Meskie_kapcie_z_puszysta_wysciolka_do_domu-2.jpg?v=1790442320,,,
meskie-kapcie-z-puszysta-wysciolka-do-domu,,,Brązowy,,41,,,,0.0,shopify,continue,manual,244.95,,true,true,https://cdn.shopify.com/s/files/1/0988/5725/5244/files/Meskie_kapcie_z_puszysta_wysciolka_do_domu-2.jpg?v=1790442320,,,
meskie-kapcie-z-puszysta-wysciolka-do-domu,,,Brązowy,,42,,,,0.0,shopify,continue,manual,244.95,,true,true,https://cdn.shopify.com/s/files/1/0988/5725/5244/files/Meskie_kapcie_z_puszysta_wysciolka_do_domu-2.jpg?v=1790442320,,,
meskie-kapcie-z-puszysta-wysciolka-do-domu,,,Brązowy,,43,,,,0.0,shopify,continue,manual,244.95,,true,true,https://cdn.shopify.com/s/files/1/0988/5725/5244/files/Meskie_kapcie_z_puszysta_wysciolka_do_domu-2.jpg?v=1790442320,,,
meskie-kapcie-z-puszysta-wysciolka-do-domu,,,Brązowy,,44,,,,0.0,shopify,continue,manual,244.95,,true,true,https://cdn.shopify.com/s/files/1/0988/5725/5244/files/Meskie_kapcie_z_puszysta_wysciolka_do_domu-2.jpg?v=1790442320,,,
meskie-kapcie-z-puszysta-wysciolka-do-domu,,,Kawowy,,39,,,,0.0,shopify,continue,manual,244.95,,true,true,https://cdn.shopify.com/s/files/1/0988/5725/5244/files/Meskie_kapcie_z_puszysta_wysciolka_do_domu-3.jpg?v=1790442320,,,
meskie-kapcie-z-puszysta-wysciolka-do-domu,,,Kawowy,,40,,,,0.0,shopify,continue,manual,244.95,,true,true,https://cdn.shopify.com/s/files/1/0988/5725/5244/files/Meskie_kapcie_z_puszysta_wysciolka_do_domu-3.jpg?v=1790442320,,,
meskie-kapcie-z-puszysta-wysciolka-do-domu,,,Kawowy,,41,,,,0.0,shopify,continue,manual,244.95,,true,true,https://cdn.shopify.com/s/files/1/0988/5725/5244/files/Meskie_kapcie_z_puszysta_wysciolka_do_domu-3.jpg?v=1790442320,,,
meskie-kapcie-z-puszysta-wysciolka-do-domu,,,Kawowy,,42,,,,0.0,shopify,continue,manual,244.95,,true,true,https://cdn.shopify.com/s/files/1/0988/5725/5244/files/Meskie_kapcie_z_puszysta_wysciolka_do_domu-3.jpg?v=1790442320,,,
meskie-kapcie-z-puszysta-wysciolka-do-domu,,,Kawowy,,43,,,,0.0,shopify,continue,manual,244.95,,true,true,https://cdn.shopify.com/s/files/1/0988/5725/5244/files/Meskie_kapcie_z_puszysta_wysciolka_do_domu-3.jpg?v=1790442320,,,
meskie-kapcie-z-puszysta-wysciolka-do-domu,,,Kawowy,,44,,,,0.0,shopify,continue,manual,244.95,,true,true,https://cdn.shopify.com/s/files/1/0988/5725/5244/files/Meskie_kapcie_z_puszysta_wysciolka_do_domu-3.jpg?v=1790442320,,,
meskie-kapcie-z-puszysta-wysciolka-do-domu,,,Szary,,39,,,,0.0,shopify,continue,manual,244.95,,true,true,https://cdn.shopify.com/s/files/1/0988/5725/5244/files/Meskie_kapcie_z_puszysta_wysciolka_do_domu-4.jpg?v=1790442320,,,
meskie-kapcie-z-puszysta-wysciolka-do-domu,,,Szary,,40,,,,0.0,shopify,continue,manual,244.95,,true,true,https://cdn.shopify.com/s/files/1/0988/5725/5244/files/Meskie_kapcie_z_puszysta_wysciolka_do_domu-4.jpg?v=1790442320,,,
meskie-kapcie-z-puszysta-wysciolka-do-domu,,,Szary,,41,,,,0.0,shopify,continue,manual,244.95,,true,true,https://cdn.shopify.com/s/files/1/0988/5725/5244/files/Meskie_kapcie_z_puszysta_wysciolka_do_domu-4.jpg?v=1790442320,,,
meskie-kapcie-z-puszysta-wysciolka-do-domu,,,Szary,,42,,,,0.0,shopify,continue,manual,244.95,,true,true,https://cdn.shopify.com/s/files/1/0988/5725/5244/files/Meskie_kapcie_z_puszysta_wysciolka_do_domu-4.jpg?v=1790442320,,,
meskie-kapcie-z-puszysta-wysciolka-do-domu,,,Szary,,43,,,,0.0,shopify,continue,manual,244.95,,true,true,https://cdn.shopify.com/s/files/1/0988/5725/5244/files/Meskie_kapcie_z_puszysta_wysciolka_do_domu-4.jpg?v=1790442320,,,
meskie-kapcie-z-puszysta-wysciolka-do-domu,,,Szary,,44,,,,0.0,shopify,continue,manual,244.95,,true,true,https://cdn.shopify.com/s/files/1/0988/5725/5244/files/Meskie_kapcie_z_puszysta_wysciolka_do_domu-4.jpg?v=1790442320,,,
meskie-kapcie-z-puszysta-wysciolka-do-domu,,,Szaro-czarny,,39,,,,0.0,shopify,continue,manual,244.95,,true,true,https://cdn.shopify.com/s/files/1/0988/5725/5244/files/Meskie_kapcie_z_puszysta_wysciolka_do_domu-5.jpg?v=1790442320,,,
meskie-kapcie-z-puszysta-wysciolka-do-domu,,,Szaro-czarny,,40,,,,0.0,shopify,continue,manual,244.95,,true,true,https://cdn.shopify.com/s/files/1/0988/5725/5244/files/Meskie_kapcie_z_puszysta_wysciolka_do_domu-5.jpg?v=1790442320,,,
meskie-kapcie-z-puszysta-wysciolka-do-domu,,,Szaro-czarny,,41,,,,0.0,shopify,continue,manual,244.95,,true,true,https://cdn.shopify.com/s/files/1/0988/5725/5244/files/Meskie_kapcie_z_puszysta_wysciolka_do_domu-5.jpg?v=1790442320,,,
meskie-kapcie-z-puszysta-wysciolka-do-domu,,,Szaro-czarny,,42,,,,0.0,shopify,continue,manual,244.95,,true,true,https://cdn.shopify.com/s/files/1/0988/5725/5244/files/Meskie_kapcie_z_puszysta_wysciolka_do_domu-5.jpg?v=1790442320,,,
meskie-kapcie-z-puszysta-wysciolka-do-domu,,,Szaro-czarny,,43,,,,0.0,shopify,continue,manual,244.95,,true,true,https://cdn.shopify.com/s/files/1/0988/5725/5244/files/Meskie_kapcie_z_puszysta_wysciolka_do_domu-5.jpg?v=1790442320,,,
meskie-kapcie-z-puszysta-wysciolka-do-domu,,,Szaro-czarny,,44,,,,0.0,shopify,continue,manual,244.95,,true,true,https://cdn.shopify.com/s/files/1/0988/5725/5244/files/Meskie_kapcie_z_puszysta_wysciolka_do_domu-5.jpg?v=1790442320,,,
meskie-kapcie-z-puszysta-wysciolka-do-domu,,,Czarny,,45,,,,0.0,shopify,continue,manual,244.95,,true,true,,,,
meskie-kapcie-z-puszysta-wysciolka-do-domu,,,Czarny,,46,,,,0.0,shopify,continue,manual,244.95,,true,true,,,,
meskie-kapcie-z-puszysta-wysciolka-do-domu,,,Brązowy,,45,,,,0.0,shopify,continue,manual,244.95,,true,true,,,,
meskie-kapcie-z-puszysta-wysciolka-do-domu,,,Brązowy,,46,,,,0.0,shopify,continue,manual,244.95,,true,true,,,,
meskie-kapcie-z-puszysta-wysciolka-do-domu,,,Kawowy,,45,,,,0.0,shopify,continue,manual,244.95,,true,true,,,,
meskie-kapcie-z-puszysta-wysciolka-do-domu,,,Kawowy,,46,,,,0.0,shopify,continue,manual,244.95,,true,true,,,,
meskie-kapcie-z-puszysta-wysciolka-do-domu,,,Szary,,45,,,,0.0,shopify,continue,manual,244.95,,true,true,,,,
meskie-kapcie-z-puszysta-wysciolka-do-domu,,,Szary,,46,,,,0.0,shopify,continue,manual,244.95,,true,true,,,,
meskie-kapcie-z-puszysta-wysciolka-do-domu,,,Szaro-czarny,,45,,,,0.0,shopify,continue,manual,244.95,,true,true,,,,
meskie-kapcie-z-puszysta-wysciolka-do-domu,,,Szaro-czarny,,46,,,,0.0,shopify,continue,manual,244.95,,true,true,,,,
meskie-kapcie-z-puszysta-wysciolka-do-domu,,,,,,,,,,,,,,,,,,https://cdn.shopify.com/s/files/1/0988/5725/5244/files/Meskie_kapcie_z_puszysta_wysciolka_do_domu-1.jpg?v=1790442319,1,Czarne męskie kapcie z puszystą wyściółką
meskie-kapcie-z-puszysta-wysciolka-do-domu,,,,,,,,,,,,,,,,,,https://cdn.shopify.com/s/files/1/0988/5725/5244/files/Meskie_kapcie_z_puszysta_wysciolka_do_domu-2.jpg?v=1790442320,2,Brązowe męskie kapcie z puszystą wyściółką
meskie-kapcie-z-puszysta-wysciolka-do-domu,,,,,,,,,,,,,,,,,,https://cdn.shopify.com/s/files/1/0988/5725/5244/files/Meskie_kapcie_z_puszysta_wysciolka_do_domu-3.jpg?v=1790442320,3,Kawowe męskie kapcie z puszystą wyściółką
meskie-kapcie-z-puszysta-wysciolka-do-domu,,,,,,,,,,,,,,,,,,https://cdn.shopify.com/s/files/1/0988/5725/5244/files/Meskie_kapcie_z_puszysta_wysciolka_do_domu-4.jpg?v=1790442320,4,Szare męskie kapcie z puszystą wyściółką
meskie-kapcie-z-puszysta-wysciolka-do-domu,,,,,,,,,,,,,,,,,,https://cdn.shopify.com/s/files/1/0988/5725/5244/files/Meskie_kapcie_z_puszysta_wysciolka_do_domu-5.jpg?v=1790442320,5,Szaro-czarne męskie kapcie z puszystą wyściółką
meskie-kapcie-z-puszysta-wysciolka-do-domu,,,,,,,,,,,,,,,,,,https://cdn.shopify.com/s/files/1/0988/5725/5244/files/Meskie_kapcie_z_puszysta_wysciolka_do_domu-6.jpg?v=1790442320,6,Mężczyzna w brązowych kapciach z wyściółką
meskie-kapcie-z-puszysta-wysciolka-do-domu,,,,,,,,,,,,,,,,,,https://cdn.shopify.com/s/files/1/0988/5725/5244/files/Meskie_kapcie_z_puszysta_wysciolka_do_domu-7.jpg?v=1790442320,7,Mężczyzna w czarnych kapciach na kanapie
meskie-kapcie-z-puszysta-wysciolka-do-domu,,,,,,,,,,,,,,,,,,https://cdn.shopify.com/s/files/1/0988/5725/5244/files/Meskie_kapcie_z_puszysta_wysciolka_do_domu-8.png?v=1790442320,8,Męskie kapcie z puszystą wyściółką – wszystkie kolory
damskie-wysokie-kozaki-z-klamra-na-zime,Damskie wysokie kozaki z klamrą na zimę,Kolor,Ciemnobrązowy,Rozmiar,36,,,,0.0,shopify,continue,manual,289.95,,true,true,https://cdn.shopify.com/s/files/1/0988/5725/5244/files/Damskie_wysokie_kozaki_z_klamra_na_zime-1.webp?v=1790441914,,,
damskie-wysokie-kozaki-z-klamra-na-zime,,,Ciemnobrązowy,,37,,,,0.0,shopify,continue,manual,289.95,,true,true,https://cdn.shopify.com/s/files/1/0988/5725/5244/files/Damskie_wysokie_kozaki_z_klamra_na_zime-1.webp?v=1790441914,,,
damskie-wysokie-kozaki-z-klamra-na-zime,,,Ciemnobrązowy,,38,,,,0.0,shopify,continue,manual,289.95,,true,true,https://cdn.shopify.com/s/files/1/0988/5725/5244/files/Damskie_wysokie_kozaki_z_klamra_na_zime-1.webp?v=1790441914,,,
damskie-wysokie-kozaki-z-klamra-na-zime,,,Ciemnobrązowy,,39,,,,0.0,shopify,continue,manual,289.95,,true,true,https://cdn.shopify.com/s/files/1/0988/5725/5244/files/Damskie_wysokie_kozaki_z_klamra_na_zime-1.webp?v=1790441914,,,
damskie-wysokie-kozaki-z-klamra-na-zime,,,Ciemnobrązowy,,40,,,,0.0,shopify,continue,manual,289.95,,true,true,https://cdn.shopify.com/s/files/1/0988/5725/5244/files/Damskie_wysokie_kozaki_z_klamra_na_zime-1.webp?v=1790441914,,,
damskie-wysokie-kozaki-z-klamra-na-zime,,,Ciemnobrązowy,,41,,,,0.0,shopify,continue,manual,289.95,,true,true,https://cdn.shopify.com/s/files/1/0988/5725/5244/files/Damskie_wysokie_kozaki_z_klamra_na_zime-1.webp?v=1790441914,,,
damskie-wysokie-kozaki-z-klamra-na-zime,,,Ciemnobrązowy,,42,,,,0.0,shopify,continue,manual,289.95,,true,true,https://cdn.shopify.com/s/files/1/0988/5725/5244/files/Damskie_wysokie_kozaki_z_klamra_na_zime-1.webp?v=1790441914,,,
damskie-wysokie-kozaki-z-klamra-na-zime,,,Czarny,,36,,,,0.0,shopify,continue,manual,289.95,,true,true,https://cdn.shopify.com/s/files/1/0988/5725/5244/files/Damskie_wysokie_kozaki_z_klamra_na_zime-2.webp?v=1790441914,,,
damskie-wysokie-kozaki-z-klamra-na-zime,,,Czarny,,37,,,,0.0,shopify,continue,manual,289.95,,true,true,https://cdn.shopify.com/s/files/1/0988/5725/5244/files/Damskie_wysokie_kozaki_z_klamra_na_zime-2.webp?v=1790441914,,,
damskie-wysokie-kozaki-z-klamra-na-zime,,,Czarny,,38,,,,0.0,shopify,continue,manual,289.95,,true,true,https://cdn.shopify.com/s/files/1/0988/5725/5244/files/Damskie_wysokie_kozaki_z_klamra_na_zime-2.webp?v=1790441914,,,
damskie-wysokie-kozaki-z-klamra-na-zime,,,Czarny,,39,,,,0.0,shopify,continue,manual,289.95,,true,true,https://cdn.shopify.com/s/files/1/0988/5725/5244/files/Damskie_wysokie_kozaki_z_klamra_na_zime-2.webp?v=1790441914,,,
damskie-wysokie-kozaki-z-klamra-na-zime,,,Czarny,,40,,,,0.0,shopify,continue,manual,289.95,,true,true,https://cdn.shopify.com/s/files/1/0988/5725/5244/files/Damskie_wysokie_kozaki_z_klamra_na_zime-2.webp?v=1790441914,,,
damskie-wysokie-kozaki-z-klamra-na-zime,,,Czarny,,41,,,,0.0,shopify,continue,manual,289.95,,true,true,https://cdn.shopify.com/s/files/1/0988/5725/5244/files/Damskie_wysokie_kozaki_z_klamra_na_zime-2.webp?v=1790441914,,,
damskie-wysokie-kozaki-z-klamra-na-zime,,,Czarny,,42,,,,0.0,shopify,continue,manual,289.95,,true,true,https://cdn.shopify.com/s/files/1/0988/5725/5244/files/Damskie_wysokie_kozaki_z_klamra_na_zime-2.webp?v=1790441914,,,
damskie-wysokie-kozaki-z-klamra-na-zime,,,Fioletowy,,36,,,,0.0,shopify,continue,manual,289.95,,true,true,https://cdn.shopify.com/s/files/1/0988/5725/5244/files/Damskie_wysokie_kozaki_z_klamra_na_zime-3.webp?v=1790441914,,,
damskie-wysokie-kozaki-z-klamra-na-zime,,,Fioletowy,,37,,,,0.0,shopify,continue,manual,289.95,,true,true,https://cdn.shopify.com/s/files/1/0988/5725/5244/files/Damskie_wysokie_kozaki_z_klamra_na_zime-3.webp?v=1790441914,,,
damskie-wysokie-kozaki-z-klamra-na-zime,,,Fioletowy,,38,,,,0.0,shopify,continue,manual,289.95,,true,true,https://cdn.shopify.com/s/files/1/0988/5725/5244/files/Damskie_wysokie_kozaki_z_klamra_na_zime-3.webp?v=1790441914,,,
damskie-wysokie-kozaki-z-klamra-na-zime,,,Fioletowy,,39,,,,0.0,shopify,continue,manual,289.95,,true,true,https://cdn.shopify.com/s/files/1/0988/5725/5244/files/Damskie_wysokie_kozaki_z_klamra_na_zime-3.webp?v=1790441914,,,
damskie-wysokie-kozaki-z-klamra-na-zime,,,Fioletowy,,40,,,,0.0,shopify,continue,manual,289.95,,true,true,https://cdn.shopify.com/s/files/1/0988/5725/5244/files/Damskie_wysokie_kozaki_z_klamra_na_zime-3.webp?v=1790441914,,,
damskie-wysokie-kozaki-z-klamra-na-zime,,,Fioletowy,,41,,,,0.0,shopify,continue,manual,289.95,,true,true,https://cdn.shopify.com/s/files/1/0988/5725/5244/files/Damskie_wysokie_kozaki_z_klamra_na_zime-3.webp?v=1790441914,,,
damskie-wysokie-kozaki-z-klamra-na-zime,,,Fioletowy,,42,,,,0.0,shopify,continue,manual,289.95,,true,true,https://cdn.shopify.com/s/files/1/0988/5725/5244/files/Damskie_wysokie_kozaki_z_klamra_na_zime-3.webp?v=1790441914,,,
damskie-wysokie-kozaki-z-klamra-na-zime,,,Zielony,,36,,,,0.0,shopify,continue,manual,289.95,,true,true,https://cdn.shopify.com/s/files/1/0988/5725/5244/files/Damskie_wysokie_kozaki_z_klamra_na_zime-4.webp?v=1790441914,,,
damskie-wysokie-kozaki-z-klamra-na-zime,,,Zielony,,37,,,,0.0,shopify,continue,manual,289.95,,true,true,https://cdn.shopify.com/s/files/1/0988/5725/5244/files/Damskie_wysokie_kozaki_z_klamra_na_zime-4.webp?v=1790441914,,,
damskie-wysokie-kozaki-z-klamra-na-zime,,,Zielony,,38,,,,0.0,shopify,continue,manual,289.95,,true,true,https://cdn.shopify.com/s/files/1/0988/5725/5244/files/Damskie_wysokie_kozaki_z_klamra_na_zime-4.webp?v=1790441914,,,
damskie-wysokie-kozaki-z-klamra-na-zime,,,Zielony,,39,,,,0.0,shopify,continue,manual,289.95,,true,true,https://cdn.shopify.com/s/files/1/0988/5725/5244/files/Damskie_wysokie_kozaki_z_klamra_na_zime-4.webp?v=1790441914,,,
damskie-wysokie-kozaki-z-klamra-na-zime,,,Zielony,,40,,,,0.0,shopify,continue,manual,289.95,,true,true,https://cdn.shopify.com/s/files/1/0988/5725/5244/files/Damskie_wysokie_kozaki_z_klamra_na_zime-4.webp?v=1790441914,,,
damskie-wysokie-kozaki-z-klamra-na-zime,,,Zielony,,41,,,,0.0,shopify,continue,manual,289.95,,true,true,https://cdn.shopify.com/s/files/1/0988/5725/5244/files/Damskie_wysokie_kozaki_z_klamra_na_zime-4.webp?v=1790441914,,,
damskie-wysokie-kozaki-z-klamra-na-zime,,,Zielony,,42,,,,0.0,shopify,continue,manual,289.95,,true,true,https://cdn.shopify.com/s/files/1/0988/5725/5244/files/Damskie_wysokie_kozaki_z_klamra_na_zime-4.webp?v=1790441914,,,
damskie-wysokie-kozaki-z-klamra-na-zime,,,Ciemnobrązowy,,43,,,,0.0,shopify,continue,manual,289.95,,true,true,,,,
damskie-wysokie-kozaki-z-klamra-na-zime,,,Czarny,,43,,,,0.0,shopify,continue,manual,289.95,,true,true,,,,
damskie-wysokie-kozaki-z-klamra-na-zime,,,Fioletowy,,43,,,,0.0,shopify,continue,manual,289.95,,true,true,,,,
damskie-wysokie-kozaki-z-klamra-na-zime,,,Zielony,,43,,,,0.0,shopify,continue,manual,289.95,,true,true,,,,
damskie-wysokie-kozaki-z-klamra-na-zime,,,,,,,,,,,,,,,,,,https://cdn.shopify.com/s/files/1/0988/5725/5244/files/Damskie_wysokie_kozaki_z_klamra_na_zime-1.webp?v=1790441914,1,Ciemnobrązowe damskie wysokie kozaki z klamrą
damskie-wysokie-kozaki-z-klamra-na-zime,,,,,,,,,,,,,,,,,,https://cdn.shopify.com/s/files/1/0988/5725/5244/files/Damskie_wysokie_kozaki_z_klamra_na_zime-2.webp?v=1790441914,2,Czarne damskie wysokie kozaki z klamrą
damskie-wysokie-kozaki-z-klamra-na-zime,,,,,,,,,,,,,,,,,,https://cdn.shopify.com/s/files/1/0988/5725/5244/files/Damskie_wysokie_kozaki_z_klamra_na_zime-3.webp?v=1790441914,3,Fioletowe damskie wysokie kozaki z klamrą
damskie-wysokie-kozaki-z-klamra-na-zime,,,,,,,,,,,,,,,,,,https://cdn.shopify.com/s/files/1/0988/5725/5244/files/Damskie_wysokie_kozaki_z_klamra_na_zime-4.webp?v=1790441914,4,Zielone damskie wysokie kozaki z klamrą
meskie-eleganckie-polbuty-sznurowane-na-wesela-i-uroczystosci,Męskie eleganckie półbuty sznurowane na wesela i uroczystości,Kolor,Czarny,Rozmiar,39,,,,0.0,shopify,continue,manual,219.95,,true,true,https://cdn.shopify.com/s/files/1/0988/5725/5244/files/Meskie_eleganckie_polbuty_sznurowane_na_wesela_i_uroczystosci-4.jpg?v=1790422945,,,
meskie-eleganckie-polbuty-sznurowane-na-wesela-i-uroczystosci,,,Czarny,,40,,,,0.0,shopify,continue,manual,219.95,,true,true,https://cdn.shopify.com/s/files/1/0988/5725/5244/files/Meskie_eleganckie_polbuty_sznurowane_na_wesela_i_uroczystosci-4.jpg?v=1790422945,,,
meskie-eleganckie-polbuty-sznurowane-na-wesela-i-uroczystosci,,,Czarny,,41,,,,0.0,shopify,continue,manual,219.95,,true,true,https://cdn.shopify.com/s/files/1/0988/5725/5244/files/Meskie_eleganckie_polbuty_sznurowane_na_wesela_i_uroczystosci-4.jpg?v=1790422945,,,
meskie-eleganckie-polbuty-sznurowane-na-wesela-i-uroczystosci,,,Czarny,,42,,,,0.0,shopify,continue,manual,219.95,,true,true,https://cdn.shopify.com/s/files/1/0988/5725/5244/files/Meskie_eleganckie_polbuty_sznurowane_na_wesela_i_uroczystosci-4.jpg?v=1790422945,,,
meskie-eleganckie-polbuty-sznurowane-na-wesela-i-uroczystosci,,,Czarny,,43,,,,0.0,shopify,continue,manual,219.95,,true,true,https://cdn.shopify.com/s/files/1/0988/5725/5244/files/Meskie_eleganckie_polbuty_sznurowane_na_wesela_i_uroczystosci-4.jpg?v=1790422945,,,
meskie-eleganckie-polbuty-sznurowane-na-wesela-i-uroczystosci,,,Czarny,,44,,,,0.0,shopify,continue,manual,219.95,,true,true,https://cdn.shopify.com/s/files/1/0988/5725/5244/files/Meskie_eleganckie_polbuty_sznurowane_na_wesela_i_uroczystosci-4.jpg?v=1790422945,,,
meskie-eleganckie-polbuty-sznurowane-na-wesela-i-uroczystosci,,,Brązowy,,39,,,,0.0,shopify,continue,manual,219.95,,true,true,https://cdn.shopify.com/s/files/1/0988/5725/5244/files/Meskie_eleganckie_polbuty_sznurowane_na_wesela_i_uroczystosci-5.jpg?v=1790422945,,,
meskie-eleganckie-polbuty-sznurowane-na-wesela-i-uroczystosci,,,Brązowy,,40,,,,0.0,shopify,continue,manual,219.95,,true,true,https://cdn.shopify.com/s/files/1/0988/5725/5244/files/Meskie_eleganckie_polbuty_sznurowane_na_wesela_i_uroczystosci-5.jpg?v=1790422945,,,
meskie-eleganckie-polbuty-sznurowane-na-wesela-i-uroczystosci,,,Brązowy,,41,,,,0.0,shopify,continue,manual,219.95,,true,true,https://cdn.shopify.com/s/files/1/0988/5725/5244/files/Meskie_eleganckie_polbuty_sznurowane_na_wesela_i_uroczystosci-5.jpg?v=1790422945,,,
meskie-eleganckie-polbuty-sznurowane-na-wesela-i-uroczystosci,,,Brązowy,,42,,,,0.0,shopify,continue,manual,219.95,,true,true,https://cdn.shopify.com/s/files/1/0988/5725/5244/files/Meskie_eleganckie_polbuty_sznurowane_na_wesela_i_uroczystosci-5.jpg?v=1790422945,,,
meskie-eleganckie-polbuty-sznurowane-na-wesela-i-uroczystosci,,,Brązowy,,43,,,,0.0,shopify,continue,manual,219.95,,true,true,https://cdn.shopify.com/s/files/1/0988/5725/5244/files/Meskie_eleganckie_polbuty_sznurowane_na_wesela_i_uroczystosci-5.jpg?v=1790422945,,,
meskie-eleganckie-polbuty-sznurowane-na-wesela-i-uroczystosci,,,Brązowy,,44,,,,0.0,shopify,continue,manual,219.95,,true,true,https://cdn.shopify.com/s/files/1/0988/5725/5244/files/Meskie_eleganckie_polbuty_sznurowane_na_wesela_i_uroczystosci-5.jpg?v=1790422945,,,
meskie-eleganckie-polbuty-sznurowane-na-wesela-i-uroczystosci,,,Czarny,,45,,,,0.0,shopify,continue,manual,219.95,,true,true,,,,
meskie-eleganckie-polbuty-sznurowane-na-wesela-i-uroczystosci,,,Czarny,,46,,,,0.0,shopify,continue,manual,219.95,,true,true,,,,
meskie-eleganckie-polbuty-sznurowane-na-wesela-i-uroczystosci,,,Brązowy,,45,,,,0.0,shopify,continue,manual,219.95,,true,true,,,,
meskie-eleganckie-polbuty-sznurowane-na-wesela-i-uroczystosci,,,Brązowy,,46,,,,0.0,shopify,continue,manual,219.95,,true,true,,,,
meskie-eleganckie-polbuty-sznurowane-na-wesela-i-uroczystosci,,,,,,,,,,,,,,,,,,https://cdn.shopify.com/s/files/1/0988/5725/5244/files/Meskie_eleganckie_polbuty_sznurowane_na_wesela_i_uroczystosci-1.jpg?v=1790422945,1,Mężczyzna w czarnych eleganckich półbutach sznurowanych na sali weselnej
meskie-eleganckie-polbuty-sznurowane-na-wesela-i-uroczystosci,,,,,,,,,,,,,,,,,,https://cdn.shopify.com/s/files/1/0988/5725/5244/files/Meskie_eleganckie_polbuty_sznurowane_na_wesela_i_uroczystosci-2.jpg?v=1790422945,2,Czarne męskie półbuty sznurowane z zaokrąglonym noskiem
meskie-eleganckie-polbuty-sznurowane-na-wesela-i-uroczystosci,,,,,,,,,,,,,,,,,,https://cdn.shopify.com/s/files/1/0988/5725/5244/files/Meskie_eleganckie_polbuty_sznurowane_na_wesela_i_uroczystosci-3.jpg?v=1790422945,3,Błyszczące wykończenie czarnych męskich półbutów – zbliżenie
meskie-eleganckie-polbuty-sznurowane-na-wesela-i-uroczystosci,,,,,,,,,,,,,,,,,,https://cdn.shopify.com/s/files/1/0988/5725/5244/files/Meskie_eleganckie_polbuty_sznurowane_na_wesela_i_uroczystosci-4.jpg?v=1790422945,4,Czarne męskie eleganckie półbuty sznurowane – widok z boku
meskie-eleganckie-polbuty-sznurowane-na-wesela-i-uroczystosci,,,,,,,,,,,,,,,,,,https://cdn.shopify.com/s/files/1/0988/5725/5244/files/Meskie_eleganckie_polbuty_sznurowane_na_wesela_i_uroczystosci-5.jpg?v=1790422945,5,Brązowe męskie eleganckie półbuty sznurowane – widok z boku
meskie-eleganckie-polbuty-sznurowane-do-codziennych-stylizacji,Męskie eleganckie półbuty sznurowane do codziennych stylizacji,Kolor,Brązowy,Rozmiar,39,,,,0.0,shopify,continue,manual,264.95,,true,false,https://cdn.shopify.com/s/files/1/0988/5725/5244/files/M_skie_eleganckie_p_buty_sznurowane_do_codziennych_stylizacjigh.webp?v=1790135806,,,
meskie-eleganckie-polbuty-sznurowane-do-codziennych-stylizacji,,,Brązowy,,40,,,,0.0,shopify,continue,manual,264.95,,true,false,https://cdn.shopify.com/s/files/1/0988/5725/5244/files/M_skie_eleganckie_p_buty_sznurowane_do_codziennych_stylizacjigh.webp?v=1790135806,,,
meskie-eleganckie-polbuty-sznurowane-do-codziennych-stylizacji,,,Brązowy,,41,,,,0.0,shopify,continue,manual,264.95,,true,false,https://cdn.shopify.com/s/files/1/0988/5725/5244/files/M_skie_eleganckie_p_buty_sznurowane_do_codziennych_stylizacjigh.webp?v=1790135806,,,
meskie-eleganckie-polbuty-sznurowane-do-codziennych-stylizacji,,,Brązowy,,42,,,,0.0,shopify,continue,manual,264.95,,true,false,https://cdn.shopify.com/s/files/1/0988/5725/5244/files/M_skie_eleganckie_p_buty_sznurowane_do_codziennych_stylizacjigh.webp?v=1790135806,,,
meskie-eleganckie-polbuty-sznurowane-do-codziennych-stylizacji,,,Brązowy,,43,,,,0.0,shopify,continue,manual,264.95,,true,false,https://cdn.shopify.com/s/files/1/0988/5725/5244/files/M_skie_eleganckie_p_buty_sznurowane_do_codziennych_stylizacjigh.webp?v=1790135806,,,
meskie-eleganckie-polbuty-sznurowane-do-codziennych-stylizacji,,,Brązowy,,44,,,,0.0,shopify,continue,manual,264.95,,true,false,https://cdn.shopify.com/s/files/1/0988/5725/5244/files/M_skie_eleganckie_p_buty_sznurowane_do_codziennych_stylizacjigh.webp?v=1790135806,,,
meskie-eleganckie-polbuty-sznurowane-do-codziennych-stylizacji,,,Khaki,,39,,,,0.0,shopify,continue,manual,264.95,,true,false,https://cdn.shopify.com/s/files/1/0988/5725/5244/files/M_skie_eleganckie_p_buty_sznurowane_do_codziennych_stylizacjink.webp?v=1790135813,,,
meskie-eleganckie-polbuty-sznurowane-do-codziennych-stylizacji,,,Khaki,,40,,,,0.0,shopify,continue,manual,264.95,,true,false,https://cdn.shopify.com/s/files/1/0988/5725/5244/files/M_skie_eleganckie_p_buty_sznurowane_do_codziennych_stylizacjink.webp?v=1790135813,,,
meskie-eleganckie-polbuty-sznurowane-do-codziennych-stylizacji,,,Khaki,,41,,,,0.0,shopify,continue,manual,264.95,,true,false,https://cdn.shopify.com/s/files/1/0988/5725/5244/files/M_skie_eleganckie_p_buty_sznurowane_do_codziennych_stylizacjink.webp?v=1790135813,,,
meskie-eleganckie-polbuty-sznurowane-do-codziennych-stylizacji,,,Khaki,,42,,,,0.0,shopify,continue,manual,264.95,,true,false,https://cdn.shopify.com/s/files/1/0988/5725/5244/files/M_skie_eleganckie_p_buty_sznurowane_do_codziennych_stylizacjink.webp?v=1790135813,,,
meskie-eleganckie-polbuty-sznurowane-do-codziennych-stylizacji,,,Khaki,,43,,,,0.0,shopify,continue,manual,264.95,,true,false,https://cdn.shopify.com/s/files/1/0988/5725/5244/files/M_skie_eleganckie_p_buty_sznurowane_do_codziennych_stylizacjink.webp?v=1790135813,,,
meskie-eleganckie-polbuty-sznurowane-do-codziennych-stylizacji,,,Khaki,,44,,,,0.0,shopify,continue,manual,264.95,,true,false,https://cdn.shopify.com/s/files/1/0988/5725/5244/files/M_skie_eleganckie_p_buty_sznurowane_do_codziennych_stylizacjink.webp?v=1790135813,,,
meskie-eleganckie-polbuty-sznurowane-do-codziennych-stylizacji,,,Czarny,,39,,,,0.0,shopify,continue,manual,264.95,,true,false,https://cdn.shopify.com/s/files/1/0988/5725/5244/files/M_skie_eleganckie_p_buty_sznurowane_do_codziennych_stylizacjiae.jpg?v=1790135828,,,
meskie-eleganckie-polbuty-sznurowane-do-codziennych-stylizacji,,,Czarny,,40,,,,0.0,shopify,continue,manual,264.95,,true,false,https://cdn.shopify.com/s/files/1/0988/5725/5244/files/M_skie_eleganckie_p_buty_sznurowane_do_codziennych_stylizacjiae.jpg?v=1790135828,,,
meskie-eleganckie-polbuty-sznurowane-do-codziennych-stylizacji,,,Czarny,,41,,,,0.0,shopify,continue,manual,264.95,,true,false,https://cdn.shopify.com/s/files/1/0988/5725/5244/files/M_skie_eleganckie_p_buty_sznurowane_do_codziennych_stylizacjiae.jpg?v=1790135828,,,
meskie-eleganckie-polbuty-sznurowane-do-codziennych-stylizacji,,,Czarny,,42,,,,0.0,shopify,continue,manual,264.95,,true,false,https://cdn.shopify.com/s/files/1/0988/5725/5244/files/M_skie_eleganckie_p_buty_sznurowane_do_codziennych_stylizacjiae.jpg?v=1790135828,,,
meskie-eleganckie-polbuty-sznurowane-do-codziennych-stylizacji,,,Czarny,,43,,,,0.0,shopify,continue,manual,264.95,,true,false,https://cdn.shopify.com/s/files/1/0988/5725/5244/files/M_skie_eleganckie_p_buty_sznurowane_do_codziennych_stylizacjiae.jpg?v=1790135828,,,
meskie-eleganckie-polbuty-sznurowane-do-codziennych-stylizacji,,,Czarny,,44,,,,0.0,shopify,continue,manual,264.95,,true,false,https://cdn.shopify.com/s/files/1/0988/5725/5244/files/M_skie_eleganckie_p_buty_sznurowane_do_codziennych_stylizacjiae.jpg?v=1790135828,,,
meskie-eleganckie-polbuty-sznurowane-do-codziennych-stylizacji,,,Brązowy,,45,,,,0.0,shopify,continue,manual,264.95,,true,false,,,,
meskie-eleganckie-polbuty-sznurowane-do-codziennych-stylizacji,,,Brązowy,,46,,,,0.0,shopify,continue,manual,264.95,,true,false,,,,
meskie-eleganckie-polbuty-sznurowane-do-codziennych-stylizacji,,,Khaki,,45,,,,0.0,shopify,continue,manual,264.95,,true,false,,,,
meskie-eleganckie-polbuty-sznurowane-do-codziennych-stylizacji,,,Khaki,,46,,,,0.0,shopify,continue,manual,264.95,,true,false,,,,
meskie-eleganckie-polbuty-sznurowane-do-codziennych-stylizacji,,,Czarny,,45,,,,0.0,shopify,continue,manual,264.95,,true,false,,,,
meskie-eleganckie-polbuty-sznurowane-do-codziennych-stylizacji,,,Czarny,,46,,,,0.0,shopify,continue,manual,264.95,,true,false,,,,
meskie-eleganckie-polbuty-sznurowane-do-codziennych-stylizacji,,,,,,,,,,,,,,,,,,https://cdn.shopify.com/s/files/1/0988/5725/5244/files/M_skie_eleganckie_p_buty_sznurowane_do_codziennych_stylizacjidf.webp?v=1790135799,1,Męskie eleganckie półbuty sznurowane do codziennych stylizacji 
meskie-eleganckie-polbuty-sznurowane-do-codziennych-stylizacji,,,,,,,,,,,,,,,,,,https://cdn.shopify.com/s/files/1/0988/5725/5244/files/M_skie_eleganckie_p_buty_sznurowane_do_codziennych_stylizacjigh.webp?v=1790135806,2,Męskie eleganckie półbuty sznurowane do codziennych stylizacji
meskie-eleganckie-polbuty-sznurowane-do-codziennych-stylizacji,,,,,,,,,,,,,,,,,,https://cdn.shopify.com/s/files/1/0988/5725/5244/files/M_skie_eleganckie_p_buty_sznurowane_do_codziennych_stylizacjink.webp?v=1790135813,3,Męskie eleganckie półbuty sznurowane do codziennych stylizacji
meskie-eleganckie-polbuty-sznurowane-do-codziennych-stylizacji,,,,,,,,,,,,,,,,,,https://cdn.shopify.com/s/files/1/0988/5725/5244/files/M_skie_eleganckie_p_buty_sznurowane_do_codziennych_stylizacjisd.webp?v=1790135820,4,Męskie eleganckie półbuty sznurowane do codziennych stylizacji
meskie-eleganckie-polbuty-sznurowane-do-codziennych-stylizacji,,,,,,,,,,,,,,,,,,https://cdn.shopify.com/s/files/1/0988/5725/5244/files/M_skie_eleganckie_p_buty_sznurowane_do_codziennych_stylizacjiae.jpg?v=1790135828,5,Męskie eleganckie półbuty sznurowane do codziennych stylizacji
meskie-eleganckie-polbuty-sznurowane-do-codziennych-stylizacji,,,,,,,,,,,,,,,,,,https://cdn.shopify.com/s/files/1/0988/5725/5244/files/M_skie_eleganckie_p_buty_sznurowane_do_codziennych_stylizacjiyu.webp?v=1790135835,6,Męskie eleganckie półbuty sznurowane do codziennych stylizacji
meskie-eleganckie-polbuty-sznurowane-do-codziennych-stylizacji,,,,,,,,,,,,,,,,,,https://cdn.shopify.com/s/files/1/0988/5725/5244/files/M_skie_eleganckie_p_buty_sznurowane_do_codziennych_stylizacjiri.jpg?v=1790135844,7,Męskie eleganckie półbuty sznurowane do codziennych stylizacji
meskie-sneakersy-sportowe-z-wygodna-podeszwa-na-co-dzien,Męskie sneakersy sportowe z wygodną podeszwą na co dzień,Kolor,Czarny,Rozmiar,39,,,,0.0,shopify,continue,manual,219.95,,true,false,https://cdn.shopify.com/s/files/1/0988/5725/5244/files/Jens_-_M_skie_buty_solidnefg.webp?v=1790135632,,,
meskie-sneakersy-sportowe-z-wygodna-podeszwa-na-co-dzien,,,Czarny,,40,,,,0.0,shopify,continue,manual,219.95,,true,false,https://cdn.shopify.com/s/files/1/0988/5725/5244/files/Jens_-_M_skie_buty_solidnefg.webp?v=1790135632,,,
meskie-sneakersy-sportowe-z-wygodna-podeszwa-na-co-dzien,,,Czarny,,41,,,,0.0,shopify,continue,manual,219.95,,true,false,https://cdn.shopify.com/s/files/1/0988/5725/5244/files/Jens_-_M_skie_buty_solidnefg.webp?v=1790135632,,,
meskie-sneakersy-sportowe-z-wygodna-podeszwa-na-co-dzien,,,Czarny,,42,,,,0.0,shopify,continue,manual,219.95,,true,false,https://cdn.shopify.com/s/files/1/0988/5725/5244/files/Jens_-_M_skie_buty_solidnefg.webp?v=1790135632,,,
meskie-sneakersy-sportowe-z-wygodna-podeszwa-na-co-dzien,,,Czarny,,43,,,,0.0,shopify,continue,manual,219.95,,true,false,https://cdn.shopify.com/s/files/1/0988/5725/5244/files/Jens_-_M_skie_buty_solidnefg.webp?v=1790135632,,,
meskie-sneakersy-sportowe-z-wygodna-podeszwa-na-co-dzien,,,Czarny,,44,,,,0.0,shopify,continue,manual,219.95,,true,false,https://cdn.shopify.com/s/files/1/0988/5725/5244/files/Jens_-_M_skie_buty_solidnefg.webp?v=1790135632,,,
meskie-sneakersy-sportowe-z-wygodna-podeszwa-na-co-dzien,,,Brązowy,,39,,,,0.0,shopify,continue,manual,219.95,,true,false,https://cdn.shopify.com/s/files/1/0988/5725/5244/files/Jens_-_M_skie_buty_solidneza.webp?v=1790135638,,,
meskie-sneakersy-sportowe-z-wygodna-podeszwa-na-co-dzien,,,Brązowy,,40,,,,0.0,shopify,continue,manual,219.95,,true,false,https://cdn.shopify.com/s/files/1/0988/5725/5244/files/Jens_-_M_skie_buty_solidneza.webp?v=1790135638,,,
meskie-sneakersy-sportowe-z-wygodna-podeszwa-na-co-dzien,,,Brązowy,,41,,,,0.0,shopify,continue,manual,219.95,,true,false,https://cdn.shopify.com/s/files/1/0988/5725/5244/files/Jens_-_M_skie_buty_solidneza.webp?v=1790135638,,,
meskie-sneakersy-sportowe-z-wygodna-podeszwa-na-co-dzien,,,Brązowy,,42,,,,0.0,shopify,continue,manual,219.95,,true,false,https://cdn.shopify.com/s/files/1/0988/5725/5244/files/Jens_-_M_skie_buty_solidneza.webp?v=1790135638,,,
meskie-sneakersy-sportowe-z-wygodna-podeszwa-na-co-dzien,,,Brązowy,,43,,,,0.0,shopify,continue,manual,219.95,,true,false,https://cdn.shopify.com/s/files/1/0988/5725/5244/files/Jens_-_M_skie_buty_solidneza.webp?v=1790135638,,,
meskie-sneakersy-sportowe-z-wygodna-podeszwa-na-co-dzien,,,Brązowy,,44,,,,0.0,shopify,continue,manual,219.95,,true,false,https://cdn.shopify.com/s/files/1/0988/5725/5244/files/Jens_-_M_skie_buty_solidneza.webp?v=1790135638,,,
meskie-sneakersy-sportowe-z-wygodna-podeszwa-na-co-dzien,,,Czarny,,45,,,,0.0,shopify,continue,manual,219.95,,true,false,,,,
meskie-sneakersy-sportowe-z-wygodna-podeszwa-na-co-dzien,,,Czarny,,46,,,,0.0,shopify,continue,manual,219.95,,true,false,,,,
meskie-sneakersy-sportowe-z-wygodna-podeszwa-na-co-dzien,,,Brązowy,,45,,,,0.0,shopify,continue,manual,219.95,,true,false,,,,
meskie-sneakersy-sportowe-z-wygodna-podeszwa-na-co-dzien,,,Brązowy,,46,,,,0.0,shopify,continue,manual,219.95,,true,false,,,,
meskie-sneakersy-sportowe-z-wygodna-podeszwa-na-co-dzien,,,,,,,,,,,,,,,,,,https://cdn.shopify.com/s/files/1/0988/5725/5244/files/Jens_-_M_skie_buty_solidnefg.webp?v=1790135632,1,Jens - Męskie buty solidne 
meskie-sneakersy-sportowe-z-wygodna-podeszwa-na-co-dzien,,,,,,,,,,,,,,,,,,https://cdn.shopify.com/s/files/1/0988/5725/5244/files/Jens_-_M_skie_buty_solidneza.webp?v=1790135638,2,Jens - Męskie buty solidne
meskie-sneakersy-sportowe-z-wygodna-podeszwa-na-co-dzien,,,,,,,,,,,,,,,,,,https://cdn.shopify.com/s/files/1/0988/5725/5244/files/Jens_-_M_skie_buty_solidnehij.webp?v=1790135644,3,Jens - Męskie buty solidne
meskie-sneakersy-sportowe-z-wygodna-podeszwa-na-co-dzien,,,,,,,,,,,,,,,,,,https://cdn.shopify.com/s/files/1/0988/5725/5244/files/Jens_-_M_skie_buty_solidnedu.webp?v=1790135650,4,Jens - Męskie buty solidne
meskie-sneakersy-sportowe-z-wygodna-podeszwa-na-co-dzien,,,,,,,,,,,,,,,,,,https://cdn.shopify.com/s/files/1/0988/5725/5244/files/Jens_-_M_skie_buty_solidnefoi.jpg?v=1790135658,5,Jens - Męskie buty solidne 
meskie-sneakersy-sportowe-z-wygodna-podeszwa-na-co-dzien,,,,,,,,,,,,,,,,,,https://cdn.shopify.com/s/files/1/0988/5725/5244/files/Jens_-_M_skie_buty_solidneawq.jpg?v=1790135665,6,Jens - Męskie buty solidne
meskie-sneakersy-sportowe-z-wygodna-podeszwa-na-co-dzien,,,,,,,,,,,,,,,,,,https://cdn.shopify.com/s/files/1/0988/5725/5244/files/Jens_-_M_skie_buty_solidnedf.jpg?v=1790135672,7,Jens - Męskie buty solidne 
meskie-sneakersy-sportowe-z-wygodna-podeszwa-na-co-dzien,,,,,,,,,,,,,,,,,,https://cdn.shopify.com/s/files/1/0988/5725/5244/files/Jens_-_M_skie_buty_solidnedj.jpg?v=1790135678,8,Jens - Męskie buty solidne
meskie-sneakersy-sportowe-z-wygodna-podeszwa-na-co-dzien,,,,,,,,,,,,,,,,,,https://cdn.shopify.com/s/files/1/0988/5725/5244/files/Jens_-_M_skie_buty_solidneew.jpg?v=1790135684,9,Jens - Męskie buty solidne
damskie-brazowe-polbuty-wsuwane-z-przeszyciami,Damskie brązowe półbuty wsuwane z przeszyciami,Kolor,Brązowy,Rozmiar,36,,,,0.0,shopify,continue,manual,309.95,,true,false,https://cdn.shopify.com/s/files/1/0988/5725/5244/files/Nieuwe-Sneeuw-Boot-Stijl-Korte-Mini-Winter-Schapenvacht-Laarzen-Vrouwen-Waterdichte-Natuurlijke-Wol-Enkellaars-Bont-Gevoerde_34be1180-a437-49a6-9aac-b120d95f8473.jpg?v=1790134392,,,
damskie-brazowe-polbuty-wsuwane-z-przeszyciami,,,Brązowy,,37,,,,0.0,shopify,continue,manual,309.95,,true,false,https://cdn.shopify.com/s/files/1/0988/5725/5244/files/Nieuwe-Sneeuw-Boot-Stijl-Korte-Mini-Winter-Schapenvacht-Laarzen-Vrouwen-Waterdichte-Natuurlijke-Wol-Enkellaars-Bont-Gevoerde_34be1180-a437-49a6-9aac-b120d95f8473.jpg?v=1790134392,,,
damskie-brazowe-polbuty-wsuwane-z-przeszyciami,,,Brązowy,,38,,,,0.0,shopify,continue,manual,309.95,,true,false,https://cdn.shopify.com/s/files/1/0988/5725/5244/files/Nieuwe-Sneeuw-Boot-Stijl-Korte-Mini-Winter-Schapenvacht-Laarzen-Vrouwen-Waterdichte-Natuurlijke-Wol-Enkellaars-Bont-Gevoerde_34be1180-a437-49a6-9aac-b120d95f8473.jpg?v=1790134392,,,
damskie-brazowe-polbuty-wsuwane-z-przeszyciami,,,Brązowy,,39,,,,0.0,shopify,continue,manual,309.95,,true,false,https://cdn.shopify.com/s/files/1/0988/5725/5244/files/Nieuwe-Sneeuw-Boot-Stijl-Korte-Mini-Winter-Schapenvacht-Laarzen-Vrouwen-Waterdichte-Natuurlijke-Wol-Enkellaars-Bont-Gevoerde_34be1180-a437-49a6-9aac-b120d95f8473.jpg?v=1790134392,,,
damskie-brazowe-polbuty-wsuwane-z-przeszyciami,,,Brązowy,,40,,,,0.0,shopify,continue,manual,309.95,,true,false,https://cdn.shopify.com/s/files/1/0988/5725/5244/files/Nieuwe-Sneeuw-Boot-Stijl-Korte-Mini-Winter-Schapenvacht-Laarzen-Vrouwen-Waterdichte-Natuurlijke-Wol-Enkellaars-Bont-Gevoerde_34be1180-a437-49a6-9aac-b120d95f8473.jpg?v=1790134392,,,
damskie-brazowe-polbuty-wsuwane-z-przeszyciami,,,Brązowy,,41,,,,0.0,shopify,continue,manual,309.95,,true,false,https://cdn.shopify.com/s/files/1/0988/5725/5244/files/Nieuwe-Sneeuw-Boot-Stijl-Korte-Mini-Winter-Schapenvacht-Laarzen-Vrouwen-Waterdichte-Natuurlijke-Wol-Enkellaars-Bont-Gevoerde_34be1180-a437-49a6-9aac-b120d95f8473.jpg?v=1790134392,,,
damskie-brazowe-polbuty-wsuwane-z-przeszyciami,,,Brązowy,,42,,,,0.0,shopify,continue,manual,309.95,,true,false,https://cdn.shopify.com/s/files/1/0988/5725/5244/files/Nieuwe-Sneeuw-Boot-Stijl-Korte-Mini-Winter-Schapenvacht-Laarzen-Vrouwen-Waterdichte-Natuurlijke-Wol-Enkellaars-Bont-Gevoerde_34be1180-a437-49a6-9aac-b120d95f8473.jpg?v=1790134392,,,
damskie-brazowe-polbuty-wsuwane-z-przeszyciami,,,Beżowy,,36,,,,0.0,shopify,continue,manual,309.95,,true,false,https://cdn.shopify.com/s/files/1/0988/5725/5244/files/Nieuwe-Sneeuw-Boot-Stijl-Korte-Mini-Winter-Schapenvacht-Laarzen-Vrouwen-Waterdichte-Natuurlijke-Wol-Enkellaars-Bont-Gevoerde_2_9b93c453-3f24-4ab1-83f3-dbf010cdf6d3.jpg?v=1790134392,,,
damskie-brazowe-polbuty-wsuwane-z-przeszyciami,,,Beżowy,,37,,,,0.0,shopify,continue,manual,309.95,,true,false,https://cdn.shopify.com/s/files/1/0988/5725/5244/files/Nieuwe-Sneeuw-Boot-Stijl-Korte-Mini-Winter-Schapenvacht-Laarzen-Vrouwen-Waterdichte-Natuurlijke-Wol-Enkellaars-Bont-Gevoerde_2_9b93c453-3f24-4ab1-83f3-dbf010cdf6d3.jpg?v=1790134392,,,
damskie-brazowe-polbuty-wsuwane-z-przeszyciami,,,Beżowy,,38,,,,0.0,shopify,continue,manual,309.95,,true,false,https://cdn.shopify.com/s/files/1/0988/5725/5244/files/Nieuwe-Sneeuw-Boot-Stijl-Korte-Mini-Winter-Schapenvacht-Laarzen-Vrouwen-Waterdichte-Natuurlijke-Wol-Enkellaars-Bont-Gevoerde_2_9b93c453-3f24-4ab1-83f3-dbf010cdf6d3.jpg?v=1790134392,,,
damskie-brazowe-polbuty-wsuwane-z-przeszyciami,,,Beżowy,,39,,,,0.0,shopify,continue,manual,309.95,,true,false,https://cdn.shopify.com/s/files/1/0988/5725/5244/files/Nieuwe-Sneeuw-Boot-Stijl-Korte-Mini-Winter-Schapenvacht-Laarzen-Vrouwen-Waterdichte-Natuurlijke-Wol-Enkellaars-Bont-Gevoerde_2_9b93c453-3f24-4ab1-83f3-dbf010cdf6d3.jpg?v=1790134392,,,
damskie-brazowe-polbuty-wsuwane-z-przeszyciami,,,Beżowy,,40,,,,0.0,shopify,continue,manual,309.95,,true,false,https://cdn.shopify.com/s/files/1/0988/5725/5244/files/Nieuwe-Sneeuw-Boot-Stijl-Korte-Mini-Winter-Schapenvacht-Laarzen-Vrouwen-Waterdichte-Natuurlijke-Wol-Enkellaars-Bont-Gevoerde_2_9b93c453-3f24-4ab1-83f3-dbf010cdf6d3.jpg?v=1790134392,,,
damskie-brazowe-polbuty-wsuwane-z-przeszyciami,,,Beżowy,,41,,,,0.0,shopify,continue,manual,309.95,,true,false,https://cdn.shopify.com/s/files/1/0988/5725/5244/files/Nieuwe-Sneeuw-Boot-Stijl-Korte-Mini-Winter-Schapenvacht-Laarzen-Vrouwen-Waterdichte-Natuurlijke-Wol-Enkellaars-Bont-Gevoerde_2_9b93c453-3f24-4ab1-83f3-dbf010cdf6d3.jpg?v=1790134392,,,
damskie-brazowe-polbuty-wsuwane-z-przeszyciami,,,Beżowy,,42,,,,0.0,shopify,continue,manual,309.95,,true,false,https://cdn.shopify.com/s/files/1/0988/5725/5244/files/Nieuwe-Sneeuw-Boot-Stijl-Korte-Mini-Winter-Schapenvacht-Laarzen-Vrouwen-Waterdichte-Natuurlijke-Wol-Enkellaars-Bont-Gevoerde_2_9b93c453-3f24-4ab1-83f3-dbf010cdf6d3.jpg?v=1790134392,,,
damskie-brazowe-polbuty-wsuwane-z-przeszyciami,,,Czarny,,36,,,,0.0,shopify,continue,manual,309.95,,true,false,https://cdn.shopify.com/s/files/1/0988/5725/5244/files/Nieuwe-Sneeuw-Boot-Stijl-Korte-Mini-Winter-Schapenvacht-Laarzen-Vrouwen-Waterdichte-Natuurlijke-Wol-Enkellaars-Bont-Gevoerde_1_a830180f-43e2-453f-925a-de14628fcd47.jpg?v=1790134392,,,
damskie-brazowe-polbuty-wsuwane-z-przeszyciami,,,Czarny,,37,,,,0.0,shopify,continue,manual,309.95,,true,false,https://cdn.shopify.com/s/files/1/0988/5725/5244/files/Nieuwe-Sneeuw-Boot-Stijl-Korte-Mini-Winter-Schapenvacht-Laarzen-Vrouwen-Waterdichte-Natuurlijke-Wol-Enkellaars-Bont-Gevoerde_1_a830180f-43e2-453f-925a-de14628fcd47.jpg?v=1790134392,,,
damskie-brazowe-polbuty-wsuwane-z-przeszyciami,,,Czarny,,38,,,,0.0,shopify,continue,manual,309.95,,true,false,https://cdn.shopify.com/s/files/1/0988/5725/5244/files/Nieuwe-Sneeuw-Boot-Stijl-Korte-Mini-Winter-Schapenvacht-Laarzen-Vrouwen-Waterdichte-Natuurlijke-Wol-Enkellaars-Bont-Gevoerde_1_a830180f-43e2-453f-925a-de14628fcd47.jpg?v=1790134392,,,
damskie-brazowe-polbuty-wsuwane-z-przeszyciami,,,Czarny,,39,,,,0.0,shopify,continue,manual,309.95,,true,false,https://cdn.shopify.com/s/files/1/0988/5725/5244/files/Nieuwe-Sneeuw-Boot-Stijl-Korte-Mini-Winter-Schapenvacht-Laarzen-Vrouwen-Waterdichte-Natuurlijke-Wol-Enkellaars-Bont-Gevoerde_1_a830180f-43e2-453f-925a-de14628fcd47.jpg?v=1790134392,,,
damskie-brazowe-polbuty-wsuwane-z-przeszyciami,,,Czarny,,40,,,,0.0,shopify,continue,manual,309.95,,true,false,https://cdn.shopify.com/s/files/1/0988/5725/5244/files/Nieuwe-Sneeuw-Boot-Stijl-Korte-Mini-Winter-Schapenvacht-Laarzen-Vrouwen-Waterdichte-Natuurlijke-Wol-Enkellaars-Bont-Gevoerde_1_a830180f-43e2-453f-925a-de14628fcd47.jpg?v=1790134392,,,
damskie-brazowe-polbuty-wsuwane-z-przeszyciami,,,Czarny,,41,,,,0.0,shopify,continue,manual,309.95,,true,false,https://cdn.shopify.com/s/files/1/0988/5725/5244/files/Nieuwe-Sneeuw-Boot-Stijl-Korte-Mini-Winter-Schapenvacht-Laarzen-Vrouwen-Waterdichte-Natuurlijke-Wol-Enkellaars-Bont-Gevoerde_1_a830180f-43e2-453f-925a-de14628fcd47.jpg?v=1790134392,,,
damskie-brazowe-polbuty-wsuwane-z-przeszyciami,,,Czarny,,42,,,,0.0,shopify,continue,manual,309.95,,true,false,https://cdn.shopify.com/s/files/1/0988/5725/5244/files/Nieuwe-Sneeuw-Boot-Stijl-Korte-Mini-Winter-Schapenvacht-Laarzen-Vrouwen-Waterdichte-Natuurlijke-Wol-Enkellaars-Bont-Gevoerde_1_a830180f-43e2-453f-925a-de14628fcd47.jpg?v=1790134392,,,
damskie-brazowe-polbuty-wsuwane-z-przeszyciami,,,Brązowy,,43,,,,0.0,shopify,continue,manual,309.95,,true,false,,,,
damskie-brazowe-polbuty-wsuwane-z-przeszyciami,,,Beżowy,,43,,,,0.0,shopify,continue,manual,309.95,,true,false,,,,
damskie-brazowe-polbuty-wsuwane-z-przeszyciami,,,Czarny,,43,,,,0.0,shopify,continue,manual,309.95,,true,false,,,,
damskie-brazowe-polbuty-wsuwane-z-przeszyciami,,,,,,,,,,,,,,,,,,https://cdn.shopify.com/s/files/1/0988/5725/5244/files/Vrouwen-Snowboots-Australi-Klassieke-Vrouwen-Enkellaarzen-Winter-Faux-Bont-Vrouwen-Schoenen_2_0fea1ce6-11c3-4526-a812-79442e1798bc.jpg?v=1790134392,1,
damskie-brazowe-polbuty-wsuwane-z-przeszyciami,,,,,,,,,,,,,,,,,,https://cdn.shopify.com/s/files/1/0988/5725/5244/files/Vrouwen-Snowboots-Australi-Klassieke-Vrouwen-Enkellaarzen-Winter-Faux-Bont-Vrouwen-Schoenen_26dc6ef2-7694-4e02-b07e-83551df0bb89.jpg?v=1790134392,2,
damskie-brazowe-polbuty-wsuwane-z-przeszyciami,,,,,,,,,,,,,,,,,,https://cdn.shopify.com/s/files/1/0988/5725/5244/files/Vrouwen-Snowboots-Australi-Klassieke-Vrouwen-Enkellaarzen-Winter-Faux-Bont-Vrouwen-Schoenen_6_bce39c05-229b-47d2-a749-6a0b06fc0346.jpg?v=1790134392,3,
damskie-brazowe-polbuty-wsuwane-z-przeszyciami,,,,,,,,,,,,,,,,,,https://cdn.shopify.com/s/files/1/0988/5725/5244/files/Vrouwen-Snowboots-Australi-Klassieke-Vrouwen-Enkellaarzen-Winter-Faux-Bont-Vrouwen-Schoenen_1_609fe785-ced0-427d-a714-503f8883c07b.jpg?v=1790134392,4,
damskie-brazowe-polbuty-wsuwane-z-przeszyciami,,,,,,,,,,,,,,,,,,https://cdn.shopify.com/s/files/1/0988/5725/5244/files/Nieuwe-Sneeuw-Boot-Stijl-Korte-Mini-Winter-Schapenvacht-Laarzen-Vrouwen-Waterdichte-Natuurlijke-Wol-Enkellaars-Bont-Gevoerde_34be1180-a437-49a6-9aac-b120d95f8473.jpg?v=1790134392,5,
damskie-brazowe-polbuty-wsuwane-z-przeszyciami,,,,,,,,,,,,,,,,,,https://cdn.shopify.com/s/files/1/0988/5725/5244/files/Nieuwe-Sneeuw-Boot-Stijl-Korte-Mini-Winter-Schapenvacht-Laarzen-Vrouwen-Waterdichte-Natuurlijke-Wol-Enkellaars-Bont-Gevoerde_2_9b93c453-3f24-4ab1-83f3-dbf010cdf6d3.jpg?v=1790134392,6,
damskie-brazowe-polbuty-wsuwane-z-przeszyciami,,,,,,,,,,,,,,,,,,https://cdn.shopify.com/s/files/1/0988/5725/5244/files/Nieuwe-Sneeuw-Boot-Stijl-Korte-Mini-Winter-Schapenvacht-Laarzen-Vrouwen-Waterdichte-Natuurlijke-Wol-Enkellaars-Bont-Gevoerde_1_a830180f-43e2-453f-925a-de14628fcd47.jpg?v=1790134392,7,
meskie-kapcie-zimowe-za-kostke-z-szerokim-zapieciem,Męskie kapcie zimowe za kostkę z szerokim zapięciem,Kolor,szary,Rozmiar,39,,,,0.0,shopify,continue,manual,199.95,,true,false,https://cdn.shopify.com/s/files/1/0988/5725/5244/files/M_skie_kapcie_zimowe_za_kostk_z_szerokim_zapi_ciem.jpg?v=1790158443,,,
meskie-kapcie-zimowe-za-kostke-z-szerokim-zapieciem,,,szary,,40,,,,0.0,shopify,continue,manual,199.95,,true,false,https://cdn.shopify.com/s/files/1/0988/5725/5244/files/M_skie_kapcie_zimowe_za_kostk_z_szerokim_zapi_ciem.jpg?v=1790158443,,,
meskie-kapcie-zimowe-za-kostke-z-szerokim-zapieciem,,,szary,,41,,,,0.0,shopify,continue,manual,199.95,,true,false,https://cdn.shopify.com/s/files/1/0988/5725/5244/files/M_skie_kapcie_zimowe_za_kostk_z_szerokim_zapi_ciem.jpg?v=1790158443,,,
meskie-kapcie-zimowe-za-kostke-z-szerokim-zapieciem,,,szary,,42,,,,0.0,shopify,continue,manual,199.95,,true,false,https://cdn.shopify.com/s/files/1/0988/5725/5244/files/M_skie_kapcie_zimowe_za_kostk_z_szerokim_zapi_ciem.jpg?v=1790158443,,,
meskie-kapcie-zimowe-za-kostke-z-szerokim-zapieciem,,,szary,,43,,,,0.0,shopify,continue,manual,199.95,,true,false,https://cdn.shopify.com/s/files/1/0988/5725/5244/files/M_skie_kapcie_zimowe_za_kostk_z_szerokim_zapi_ciem.jpg?v=1790158443,,,
meskie-kapcie-zimowe-za-kostke-z-szerokim-zapieciem,,,szary,,44,,,,0.0,shopify,continue,manual,199.95,,true,false,https://cdn.shopify.com/s/files/1/0988/5725/5244/files/M_skie_kapcie_zimowe_za_kostk_z_szerokim_zapi_ciem.jpg?v=1790158443,,,
meskie-kapcie-zimowe-za-kostke-z-szerokim-zapieciem,,,szary,,45,,,,0.0,shopify,continue,manual,199.95,,true,false,,,,
meskie-kapcie-zimowe-za-kostke-z-szerokim-zapieciem,,,szary,,46,,,,0.0,shopify,continue,manual,199.95,,true,false,,,,
meskie-kapcie-zimowe-za-kostke-z-szerokim-zapieciem,,,,,,,,,,,,,,,,,,https://cdn.shopify.com/s/files/1/0988/5725/5244/files/M_skie_kapcie_zimowe_za_kostk_z_szerokim_zapi_ciem.jpg?v=1790158443,1,Męskie kapcie zimowe za kostkę z szerokim zapięciem
meskie-kapcie-zimowe-za-kostke-z-szerokim-zapieciem,,,,,,,,,,,,,,,,,,https://cdn.shopify.com/s/files/1/0988/5725/5244/files/M_skie_kapcie_zimowe_za_kostk_z_szerokim_zapi_ciem-1.jpg?v=1790158430,2,Męskie kapcie zimowe za kostkę z szerokim zapięciem
meskie-kapcie-zimowe-za-kostke-z-szerokim-zapieciem,,,,,,,,,,,,,,,,,,https://cdn.shopify.com/s/files/1/0988/5725/5244/files/M_skie_kapcie_zimowe_za_kostk_z_szerokim_zapi_ciem-2.jpg?v=1790158475,3,Męskie kapcie zimowe za kostkę z szerokim zapięciem
meskie-kapcie-zimowe-za-kostke-z-szerokim-zapieciem,,,,,,,,,,,,,,,,,,https://cdn.shopify.com/s/files/1/0988/5725/5244/files/M_skie_kapcie_zimowe_za_kostk_z_szerokim_zapi_ciem-3.jpg?v=1790158697,4,Męskie kapcie zimowe za kostkę z szerokim zapięciem
meskie-kapcie-zimowe-za-kostke-z-szerokim-zapieciem,,,,,,,,,,,,,,,,,,https://cdn.shopify.com/s/files/1/0988/5725/5244/files/M_skie_kapcie_zimowe_za_kostk_z_szerokim_zapi_ciem-4.jpg?v=1790158721,5,Męskie kapcie zimowe za kostkę z szerokim zapięciem
meskie-kapcie-zimowe-za-kostke-z-szerokim-zapieciem,,,,,,,,,,,,,,,,,,https://cdn.shopify.com/s/files/1/0988/5725/5244/files/M_skie_kapcie_zimowe_za_kostk_z_szerokim_zapi_ciem-5.jpg?v=1790158763,6,Męskie kapcie zimowe za kostkę z szerokim zapięciem
meskie-kapcie-zimowe-za-kostke-z-szerokim-zapieciem,,,,,,,,,,,,,,,,,,https://cdn.shopify.com/s/files/1/0988/5725/5244/files/M_skie_kapcie_zimowe_za_kostk_z_szerokim_zapi_ciem-6.jpg?v=1790158784,7,Męskie kapcie zimowe za kostkę z szerokim zapięciem
meskie-kapcie-zimowe-za-kostke-z-szerokim-zapieciem,,,,,,,,,,,,,,,,,,https://cdn.shopify.com/s/files/1/0988/5725/5244/files/M_skie_kapcie_zimowe_za_kostk_z_szerokim_zapi_ciem-7.jpg?v=1790158795,8,Męskie kapcie zimowe za kostkę z szerokim zapięciem
meskie-kapcie-zimowe-za-kostke-z-szerokim-zapieciem,,,,,,,,,,,,,,,,,,https://cdn.shopify.com/s/files/1/0988/5725/5244/files/M_skie_kapcie_zimowe_za_kostk_z_szerokim_zapi_ciem-8.jpg?v=1790158806,9,Męskie kapcie zimowe za kostkę z szerokim zapięciem
meskie-kapcie-zimowe-za-kostke-z-szerokim-zapieciem,,,,,,,,,,,,,,,,,,https://cdn.shopify.com/s/files/1/0988/5725/5244/files/M_skie_kapcie_zimowe_za_kostk_z_szerokim_zapi_ciem-9.jpg?v=1790158841,10,Męskie kapcie zimowe za kostkę z szerokim zapięciem
damskie-botki-na-chlodniejsze-dni-jesienia,Damskie botki na chłodniejsze dni jesienią,Kolor,Brązowy,Rozmiar,36,,,,0.0,shopify,continue,manual,259.95,,true,false,https://cdn.shopify.com/s/files/1/0988/5725/5244/files/Damskie_botki_na_ch_odniejsze_dni_jesieni_vsd.png?v=1790030272,,,
damskie-botki-na-chlodniejsze-dni-jesienia,,,Brązowy,,37,,,,0.0,shopify,continue,manual,259.95,,true,false,https://cdn.shopify.com/s/files/1/0988/5725/5244/files/Damskie_botki_na_ch_odniejsze_dni_jesieni_vsd.png?v=1790030272,,,
damskie-botki-na-chlodniejsze-dni-jesienia,,,Brązowy,,38,,,,0.0,shopify,continue,manual,259.95,,true,false,https://cdn.shopify.com/s/files/1/0988/5725/5244/files/Damskie_botki_na_ch_odniejsze_dni_jesieni_vsd.png?v=1790030272,,,
damskie-botki-na-chlodniejsze-dni-jesienia,,,Brązowy,,39,,,,0.0,shopify,continue,manual,259.95,,true,false,https://cdn.shopify.com/s/files/1/0988/5725/5244/files/Damskie_botki_na_ch_odniejsze_dni_jesieni_vsd.png?v=1790030272,,,
damskie-botki-na-chlodniejsze-dni-jesienia,,,Brązowy,,40,,,,0.0,shopify,continue,manual,259.95,,true,false,https://cdn.shopify.com/s/files/1/0988/5725/5244/files/Damskie_botki_na_ch_odniejsze_dni_jesieni_vsd.png?v=1790030272,,,
damskie-botki-na-chlodniejsze-dni-jesienia,,,Brązowy,,41,,,,0.0,shopify,continue,manual,259.95,,true,false,https://cdn.shopify.com/s/files/1/0988/5725/5244/files/Damskie_botki_na_ch_odniejsze_dni_jesieni_vsd.png?v=1790030272,,,
damskie-botki-na-chlodniejsze-dni-jesienia,,,Brązowy,,42,,,,0.0,shopify,continue,manual,259.95,,true,false,https://cdn.shopify.com/s/files/1/0988/5725/5244/files/Damskie_botki_na_ch_odniejsze_dni_jesieni_vsd.png?v=1790030272,,,
damskie-botki-na-chlodniejsze-dni-jesienia,,,Niebieski,,36,,,,0.0,shopify,continue,manual,259.95,,true,false,https://cdn.shopify.com/s/files/1/0988/5725/5244/files/Damskie_botki_na_ch_odniejsze_dni_jesieni_vsde4.png?v=1790030328,,,
damskie-botki-na-chlodniejsze-dni-jesienia,,,Niebieski,,37,,,,0.0,shopify,continue,manual,259.95,,true,false,https://cdn.shopify.com/s/files/1/0988/5725/5244/files/Damskie_botki_na_ch_odniejsze_dni_jesieni_vsde4.png?v=1790030328,,,
damskie-botki-na-chlodniejsze-dni-jesienia,,,Niebieski,,38,,,,0.0,shopify,continue,manual,259.95,,true,false,https://cdn.shopify.com/s/files/1/0988/5725/5244/files/Damskie_botki_na_ch_odniejsze_dni_jesieni_vsde4.png?v=1790030328,,,
damskie-botki-na-chlodniejsze-dni-jesienia,,,Niebieski,,39,,,,0.0,shopify,continue,manual,259.95,,true,false,https://cdn.shopify.com/s/files/1/0988/5725/5244/files/Damskie_botki_na_ch_odniejsze_dni_jesieni_vsde4.png?v=1790030328,,,
damskie-botki-na-chlodniejsze-dni-jesienia,,,Niebieski,,40,,,,0.0,shopify,continue,manual,259.95,,true,false,https://cdn.shopify.com/s/files/1/0988/5725/5244/files/Damskie_botki_na_ch_odniejsze_dni_jesieni_vsde4.png?v=1790030328,,,
damskie-botki-na-chlodniejsze-dni-jesienia,,,Niebieski,,41,,,,0.0,shopify,continue,manual,259.95,,true,false,https://cdn.shopify.com/s/files/1/0988/5725/5244/files/Damskie_botki_na_ch_odniejsze_dni_jesieni_vsde4.png?v=1790030328,,,
damskie-botki-na-chlodniejsze-dni-jesienia,,,Niebieski,,42,,,,0.0,shopify,continue,manual,259.95,,true,false,https://cdn.shopify.com/s/files/1/0988/5725/5244/files/Damskie_botki_na_ch_odniejsze_dni_jesieni_vsde4.png?v=1790030328,,,
damskie-botki-na-chlodniejsze-dni-jesienia,,,Czarny,,36,,,,0.0,shopify,continue,manual,259.95,,true,false,https://cdn.shopify.com/s/files/1/0988/5725/5244/files/Damskie_botki_na_ch_odniejsze_dni_jesieni_vsdd.png?v=1790030350,,,
damskie-botki-na-chlodniejsze-dni-jesienia,,,Czarny,,37,,,,0.0,shopify,continue,manual,259.95,,true,false,https://cdn.shopify.com/s/files/1/0988/5725/5244/files/Damskie_botki_na_ch_odniejsze_dni_jesieni_vsdd.png?v=1790030350,,,
damskie-botki-na-chlodniejsze-dni-jesienia,,,Czarny,,38,,,,0.0,shopify,continue,manual,259.95,,true,false,https://cdn.shopify.com/s/files/1/0988/5725/5244/files/Damskie_botki_na_ch_odniejsze_dni_jesieni_vsdd.png?v=1790030350,,,
damskie-botki-na-chlodniejsze-dni-jesienia,,,Czarny,,39,,,,0.0,shopify,continue,manual,259.95,,true,false,https://cdn.shopify.com/s/files/1/0988/5725/5244/files/Damskie_botki_na_ch_odniejsze_dni_jesieni_vsdd.png?v=1790030350,,,
damskie-botki-na-chlodniejsze-dni-jesienia,,,Czarny,,40,,,,0.0,shopify,continue,manual,259.95,,true,false,https://cdn.shopify.com/s/files/1/0988/5725/5244/files/Damskie_botki_na_ch_odniejsze_dni_jesieni_vsdd.png?v=1790030350,,,
damskie-botki-na-chlodniejsze-dni-jesienia,,,Czarny,,41,,,,0.0,shopify,continue,manual,259.95,,true,false,https://cdn.shopify.com/s/files/1/0988/5725/5244/files/Damskie_botki_na_ch_odniejsze_dni_jesieni_vsdd.png?v=1790030350,,,
damskie-botki-na-chlodniejsze-dni-jesienia,,,Czarny,,42,,,,0.0,shopify,continue,manual,259.95,,true,false,https://cdn.shopify.com/s/files/1/0988/5725/5244/files/Damskie_botki_na_ch_odniejsze_dni_jesieni_vsdd.png?v=1790030350,,,
damskie-botki-na-chlodniejsze-dni-jesienia,,,Szary,,36,,,,0.0,shopify,continue,manual,259.95,,true,false,https://cdn.shopify.com/s/files/1/0988/5725/5244/files/Damskie_botki_na_ch_odniejsze_dni_jesieni_vdds.png?v=1790030387,,,
damskie-botki-na-chlodniejsze-dni-jesienia,,,Szary,,37,,,,0.0,shopify,continue,manual,259.95,,true,false,https://cdn.shopify.com/s/files/1/0988/5725/5244/files/Damskie_botki_na_ch_odniejsze_dni_jesieni_vdds.png?v=1790030387,,,
damskie-botki-na-chlodniejsze-dni-jesienia,,,Szary,,38,,,,0.0,shopify,continue,manual,259.95,,true,false,https://cdn.shopify.com/s/files/1/0988/5725/5244/files/Damskie_botki_na_ch_odniejsze_dni_jesieni_vdds.png?v=1790030387,,,
damskie-botki-na-chlodniejsze-dni-jesienia,,,Szary,,39,,,,0.0,shopify,continue,manual,259.95,,true,false,https://cdn.shopify.com/s/files/1/0988/5725/5244/files/Damskie_botki_na_ch_odniejsze_dni_jesieni_vdds.png?v=1790030387,,,
damskie-botki-na-chlodniejsze-dni-jesienia,,,Szary,,40,,,,0.0,shopify,continue,manual,259.95,,true,false,https://cdn.shopify.com/s/files/1/0988/5725/5244/files/Damskie_botki_na_ch_odniejsze_dni_jesieni_vdds.png?v=1790030387,,,
damskie-botki-na-chlodniejsze-dni-jesienia,,,Szary,,41,,,,0.0,shopify,continue,manual,259.95,,true,false,https://cdn.shopify.com/s/files/1/0988/5725/5244/files/Damskie_botki_na_ch_odniejsze_dni_jesieni_vdds.png?v=1790030387,,,
damskie-botki-na-chlodniejsze-dni-jesienia,,,Szary,,42,,,,0.0,shopify,continue,manual,259.95,,true,false,https://cdn.shopify.com/s/files/1/0988/5725/5244/files/Damskie_botki_na_ch_odniejsze_dni_jesieni_vdds.png?v=1790030387,,,
damskie-botki-na-chlodniejsze-dni-jesienia,,,Różowy,,36,,,,0.0,shopify,continue,manual,259.95,,true,false,https://cdn.shopify.com/s/files/1/0988/5725/5244/files/Damskie_botki_na_ch_odniejsze_dni_jesieni_vdsd.png?v=1790030404,,,
damskie-botki-na-chlodniejsze-dni-jesienia,,,Różowy,,37,,,,0.0,shopify,continue,manual,259.95,,true,false,https://cdn.shopify.com/s/files/1/0988/5725/5244/files/Damskie_botki_na_ch_odniejsze_dni_jesieni_vdsd.png?v=1790030404,,,
damskie-botki-na-chlodniejsze-dni-jesienia,,,Różowy,,38,,,,0.0,shopify,continue,manual,259.95,,true,false,https://cdn.shopify.com/s/files/1/0988/5725/5244/files/Damskie_botki_na_ch_odniejsze_dni_jesieni_vdsd.png?v=1790030404,,,
damskie-botki-na-chlodniejsze-dni-jesienia,,,Różowy,,39,,,,0.0,shopify,continue,manual,259.95,,true,false,https://cdn.shopify.com/s/files/1/0988/5725/5244/files/Damskie_botki_na_ch_odniejsze_dni_jesieni_vdsd.png?v=1790030404,,,
damskie-botki-na-chlodniejsze-dni-jesienia,,,Różowy,,40,,,,0.0,shopify,continue,manual,259.95,,true,false,https://cdn.shopify.com/s/files/1/0988/5725/5244/files/Damskie_botki_na_ch_odniejsze_dni_jesieni_vdsd.png?v=1790030404,,,
damskie-botki-na-chlodniejsze-dni-jesienia,,,Różowy,,41,,,,0.0,shopify,continue,manual,259.95,,true,false,https://cdn.shopify.com/s/files/1/0988/5725/5244/files/Damskie_botki_na_ch_odniejsze_dni_jesieni_vdsd.png?v=1790030404,,,
damskie-botki-na-chlodniejsze-dni-jesienia,,,Różowy,,42,,,,0.0,shopify,continue,manual,259.95,,true,false,https://cdn.shopify.com/s/files/1/0988/5725/5244/files/Damskie_botki_na_ch_odniejsze_dni_jesieni_vdsd.png?v=1790030404,,,
damskie-botki-na-chlodniejsze-dni-jesienia,,,Brązowy,,43,,,,0.0,shopify,continue,manual,259.95,,true,false,,,,
damskie-botki-na-chlodniejsze-dni-jesienia,,,Niebieski,,43,,,,0.0,shopify,continue,manual,259.95,,true,false,,,,
damskie-botki-na-chlodniejsze-dni-jesienia,,,Czarny,,43,,,,0.0,shopify,continue,manual,259.95,,true,false,,,,
damskie-botki-na-chlodniejsze-dni-jesienia,,,Szary,,43,,,,0.0,shopify,continue,manual,259.95,,true,false,,,,
damskie-botki-na-chlodniejsze-dni-jesienia,,,Różowy,,43,,,,0.0,shopify,continue,manual,259.95,,true,false,,,,
damskie-botki-na-chlodniejsze-dni-jesienia,,,,,,,,,,,,,,,,,,https://cdn.shopify.com/s/files/1/0988/5725/5244/files/Damskie_botki_na_ch_odniejsze_dni_jesieni_vsd.png?v=1790030272,1,Damskie botki na chłodniejsze dni jesienią
damskie-botki-na-chlodniejsze-dni-jesienia,,,,,,,,,,,,,,,,,,https://cdn.shopify.com/s/files/1/0988/5725/5244/files/Damskie_botki_na_ch_odniejsze_dni_jesieni_vdf3.png?v=1790030298,2,Damskie botki na chłodniejsze dni jesienią
damskie-botki-na-chlodniejsze-dni-jesienia,,,,,,,,,,,,,,,,,,https://cdn.shopify.com/s/files/1/0988/5725/5244/files/Damskie_botki_na_ch_odniejsze_dni_jesieni_vsde4.png?v=1790030328,3,Damskie botki na chłodniejsze dni jesienią
damskie-botki-na-chlodniejsze-dni-jesienia,,,,,,,,,,,,,,,,,,https://cdn.shopify.com/s/files/1/0988/5725/5244/files/Damskie_botki_na_ch_odniejsze_dni_jesieni_vsdd.png?v=1790030350,4,Damskie botki na chłodniejsze dni jesienią
damskie-botki-na-chlodniejsze-dni-jesienia,,,,,,,,,,,,,,,,,,https://cdn.shopify.com/s/files/1/0988/5725/5244/files/Damskie_botki_na_ch_odniejsze_dni_jesieni_vdds.png?v=1790030387,5,Damskie botki na chłodniejsze dni jesienią
damskie-botki-na-chlodniejsze-dni-jesienia,,,,,,,,,,,,,,,,,,https://cdn.shopify.com/s/files/1/0988/5725/5244/files/Damskie_botki_na_ch_odniejsze_dni_jesieni_vdsd.png?v=1790030404,6,Damskie botki na chłodniejsze dni jesienią
meskie-sneakersy-sportowe-z-elastyczna-cholewka,Męskie sneakersy sportowe z elastyczną cholewką,Kolor,Beżowy,Rozmiar,39,,,,0.0,shopify,continue,manual,264.95,,true,false,https://cdn.shopify.com/s/files/1/0988/5725/5244/files/M_ska_bluza_z_kapturem_i_praktycznymi_kieszeniamivsdew.jpg?v=1789950207,,,
meskie-sneakersy-sportowe-z-elastyczna-cholewka,,,Beżowy,,40,,,,0.0,shopify,continue,manual,264.95,,true,false,https://cdn.shopify.com/s/files/1/0988/5725/5244/files/M_ska_bluza_z_kapturem_i_praktycznymi_kieszeniamivsdew.jpg?v=1789950207,,,
meskie-sneakersy-sportowe-z-elastyczna-cholewka,,,Beżowy,,41,,,,0.0,shopify,continue,manual,264.95,,true,false,https://cdn.shopify.com/s/files/1/0988/5725/5244/files/M_ska_bluza_z_kapturem_i_praktycznymi_kieszeniamivsdew.jpg?v=1789950207,,,
meskie-sneakersy-sportowe-z-elastyczna-cholewka,,,Beżowy,,42,,,,0.0,shopify,continue,manual,264.95,,true,false,https://cdn.shopify.com/s/files/1/0988/5725/5244/files/M_ska_bluza_z_kapturem_i_praktycznymi_kieszeniamivsdew.jpg?v=1789950207,,,
meskie-sneakersy-sportowe-z-elastyczna-cholewka,,,Beżowy,,43,,,,0.0,shopify,continue,manual,264.95,,true,false,https://cdn.shopify.com/s/files/1/0988/5725/5244/files/M_ska_bluza_z_kapturem_i_praktycznymi_kieszeniamivsdew.jpg?v=1789950207,,,
meskie-sneakersy-sportowe-z-elastyczna-cholewka,,,Beżowy,,44,,,,0.0,shopify,continue,manual,264.95,,true,false,https://cdn.shopify.com/s/files/1/0988/5725/5244/files/M_ska_bluza_z_kapturem_i_praktycznymi_kieszeniamivsdew.jpg?v=1789950207,,,
meskie-sneakersy-sportowe-z-elastyczna-cholewka,,,Biały,,39,,,,0.0,shopify,continue,manual,264.95,,true,false,https://cdn.shopify.com/s/files/1/0988/5725/5244/files/M_ska_bluza_z_kapturem_i_praktycznymi_kieszeniamivdfsdw2.jpg?v=1789950248,,,
meskie-sneakersy-sportowe-z-elastyczna-cholewka,,,Biały,,40,,,,0.0,shopify,continue,manual,264.95,,true,false,https://cdn.shopify.com/s/files/1/0988/5725/5244/files/M_ska_bluza_z_kapturem_i_praktycznymi_kieszeniamivdfsdw2.jpg?v=1789950248,,,
meskie-sneakersy-sportowe-z-elastyczna-cholewka,,,Biały,,41,,,,0.0,shopify,continue,manual,264.95,,true,false,https://cdn.shopify.com/s/files/1/0988/5725/5244/files/M_ska_bluza_z_kapturem_i_praktycznymi_kieszeniamivdfsdw2.jpg?v=1789950248,,,
meskie-sneakersy-sportowe-z-elastyczna-cholewka,,,Biały,,42,,,,0.0,shopify,continue,manual,264.95,,true,false,https://cdn.shopify.com/s/files/1/0988/5725/5244/files/M_ska_bluza_z_kapturem_i_praktycznymi_kieszeniamivdfsdw2.jpg?v=1789950248,,,
meskie-sneakersy-sportowe-z-elastyczna-cholewka,,,Biały,,43,,,,0.0,shopify,continue,manual,264.95,,true,false,https://cdn.shopify.com/s/files/1/0988/5725/5244/files/M_ska_bluza_z_kapturem_i_praktycznymi_kieszeniamivdfsdw2.jpg?v=1789950248,,,
meskie-sneakersy-sportowe-z-elastyczna-cholewka,,,Biały,,44,,,,0.0,shopify,continue,manual,264.95,,true,false,https://cdn.shopify.com/s/files/1/0988/5725/5244/files/M_ska_bluza_z_kapturem_i_praktycznymi_kieszeniamivdfsdw2.jpg?v=1789950248,,,
meskie-sneakersy-sportowe-z-elastyczna-cholewka,,,Czarny,,39,,,,0.0,shopify,continue,manual,264.95,,true,false,https://cdn.shopify.com/s/files/1/0988/5725/5244/files/M_ska_bluza_z_kapturem_i_praktycznymi_kieszeniamisdsa.jpg?v=1789950222,,,
meskie-sneakersy-sportowe-z-elastyczna-cholewka,,,Czarny,,40,,,,0.0,shopify,continue,manual,264.95,,true,false,https://cdn.shopify.com/s/files/1/0988/5725/5244/files/M_ska_bluza_z_kapturem_i_praktycznymi_kieszeniamisdsa.jpg?v=1789950222,,,
meskie-sneakersy-sportowe-z-elastyczna-cholewka,,,Czarny,,41,,,,0.0,shopify,continue,manual,264.95,,true,false,https://cdn.shopify.com/s/files/1/0988/5725/5244/files/M_ska_bluza_z_kapturem_i_praktycznymi_kieszeniamisdsa.jpg?v=1789950222,,,
meskie-sneakersy-sportowe-z-elastyczna-cholewka,,,Czarny,,42,,,,0.0,shopify,continue,manual,264.95,,true,false,https://cdn.shopify.com/s/files/1/0988/5725/5244/files/M_ska_bluza_z_kapturem_i_praktycznymi_kieszeniamisdsa.jpg?v=1789950222,,,
meskie-sneakersy-sportowe-z-elastyczna-cholewka,,,Czarny,,43,,,,0.0,shopify,continue,manual,264.95,,true,false,https://cdn.shopify.com/s/files/1/0988/5725/5244/files/M_ska_bluza_z_kapturem_i_praktycznymi_kieszeniamisdsa.jpg?v=1789950222,,,
meskie-sneakersy-sportowe-z-elastyczna-cholewka,,,Czarny,,44,,,,0.0,shopify,continue,manual,264.95,,true,false,https://cdn.shopify.com/s/files/1/0988/5725/5244/files/M_ska_bluza_z_kapturem_i_praktycznymi_kieszeniamisdsa.jpg?v=1789950222,,,
meskie-sneakersy-sportowe-z-elastyczna-cholewka,,,Niebieski,,39,,,,0.0,shopify,continue,manual,264.95,,true,false,https://cdn.shopify.com/s/files/1/0988/5725/5244/files/M_ska_bluza_z_kapturem_i_praktycznymi_kieszeniamivwe.jpg?v=1789950229,,,
meskie-sneakersy-sportowe-z-elastyczna-cholewka,,,Niebieski,,40,,,,0.0,shopify,continue,manual,264.95,,true,false,https://cdn.shopify.com/s/files/1/0988/5725/5244/files/M_ska_bluza_z_kapturem_i_praktycznymi_kieszeniamivwe.jpg?v=1789950229,,,
meskie-sneakersy-sportowe-z-elastyczna-cholewka,,,Niebieski,,41,,,,0.0,shopify,continue,manual,264.95,,true,false,https://cdn.shopify.com/s/files/1/0988/5725/5244/files/M_ska_bluza_z_kapturem_i_praktycznymi_kieszeniamivwe.jpg?v=1789950229,,,
meskie-sneakersy-sportowe-z-elastyczna-cholewka,,,Niebieski,,42,,,,0.0,shopify,continue,manual,264.95,,true,false,https://cdn.shopify.com/s/files/1/0988/5725/5244/files/M_ska_bluza_z_kapturem_i_praktycznymi_kieszeniamivwe.jpg?v=1789950229,,,
meskie-sneakersy-sportowe-z-elastyczna-cholewka,,,Niebieski,,43,,,,0.0,shopify,continue,manual,264.95,,true,false,https://cdn.shopify.com/s/files/1/0988/5725/5244/files/M_ska_bluza_z_kapturem_i_praktycznymi_kieszeniamivwe.jpg?v=1789950229,,,
meskie-sneakersy-sportowe-z-elastyczna-cholewka,,,Niebieski,,44,,,,0.0,shopify,continue,manual,264.95,,true,false,https://cdn.shopify.com/s/files/1/0988/5725/5244/files/M_ska_bluza_z_kapturem_i_praktycznymi_kieszeniamivwe.jpg?v=1789950229,,,
meskie-sneakersy-sportowe-z-elastyczna-cholewka,,,Beżowy,,45,,,,0.0,shopify,continue,manual,264.95,,true,false,,,,
meskie-sneakersy-sportowe-z-elastyczna-cholewka,,,Beżowy,,46,,,,0.0,shopify,continue,manual,264.95,,true,false,,,,
meskie-sneakersy-sportowe-z-elastyczna-cholewka,,,Biały,,45,,,,0.0,shopify,continue,manual,264.95,,true,false,,,,
meskie-sneakersy-sportowe-z-elastyczna-cholewka,,,Biały,,46,,,,0.0,shopify,continue,manual,264.95,,true,false,,,,
meskie-sneakersy-sportowe-z-elastyczna-cholewka,,,Czarny,,45,,,,0.0,shopify,continue,manual,264.95,,true,false,,,,
meskie-sneakersy-sportowe-z-elastyczna-cholewka,,,Czarny,,46,,,,0.0,shopify,continue,manual,264.95,,true,false,,,,
meskie-sneakersy-sportowe-z-elastyczna-cholewka,,,Niebieski,,45,,,,0.0,shopify,continue,manual,264.95,,true,false,,,,
meskie-sneakersy-sportowe-z-elastyczna-cholewka,,,Niebieski,,46,,,,0.0,shopify,continue,manual,264.95,,true,false,,,,
meskie-sneakersy-sportowe-z-elastyczna-cholewka,,,,,,,,,,,,,,,,,,https://cdn.shopify.com/s/files/1/0988/5725/5244/files/M_ska_bluza_z_kapturem_i_praktycznymi_kieszeniamivsdew.jpg?v=1789950207,1,Męska bluza z kapturem i praktycznymi kieszeniami
meskie-sneakersy-sportowe-z-elastyczna-cholewka,,,,,,,,,,,,,,,,,,https://cdn.shopify.com/s/files/1/0988/5725/5244/files/M_ska_bluza_z_kapturem_i_praktycznymi_kieszeniamivsd.jpg?v=1789950215,2,Męska bluza z kapturem i praktycznymi kieszeniami
meskie-sneakersy-sportowe-z-elastyczna-cholewka,,,,,,,,,,,,,,,,,,https://cdn.shopify.com/s/files/1/0988/5725/5244/files/M_ska_bluza_z_kapturem_i_praktycznymi_kieszeniamisdsa.jpg?v=1789950222,3,Męska bluza z kapturem i praktycznymi kieszeniami
meskie-sneakersy-sportowe-z-elastyczna-cholewka,,,,,,,,,,,,,,,,,,https://cdn.shopify.com/s/files/1/0988/5725/5244/files/M_ska_bluza_z_kapturem_i_praktycznymi_kieszeniamivwe.jpg?v=1789950229,4,Męska bluza z kapturem i praktycznymi kieszeniami
meskie-sneakersy-sportowe-z-elastyczna-cholewka,,,,,,,,,,,,,,,,,,https://cdn.shopify.com/s/files/1/0988/5725/5244/files/M_ska_bluza_z_kapturem_i_praktycznymi_kieszeniamivdfsdw2.jpg?v=1789950248,5,Męska bluza z kapturem i praktycznymi kieszeniami
meskie-sneakersy-sportowe-z-elastyczna-cholewka,,,,,,,,,,,,,,,,,,https://cdn.shopify.com/s/files/1/0988/5725/5244/files/M_ska_bluza_z_kapturem_i_praktycznymi_kieszeniamivd.jpg?v=1789950264,6,Męska bluza z kapturem i praktycznymi kieszeniami
meskie-sneakersy-sportowe-z-elastyczna-cholewka,,,,,,,,,,,,,,,,,,https://cdn.shopify.com/s/files/1/0988/5725/5244/files/M_ska_bluza_z_kapturem_i_praktycznymi_kieszeniamivdsd.jpg?v=1789950272,7,Męska bluza z kapturem i praktycznymi kieszeniami
meskie-sneakersy-sportowe-z-elastyczna-cholewka,,,,,,,,,,,,,,,,,,https://cdn.shopify.com/s/files/1/0988/5725/5244/files/M_ska_bluza_z_kapturem_i_praktycznymi_kieszeniamisds.jpg?v=1789950279,8,Męska bluza z kapturem i praktycznymi kieszeniami
meskie-sneakersy-sportowe-z-elastyczna-cholewka,,,,,,,,,,,,,,,,,,https://cdn.shopify.com/s/files/1/0988/5725/5244/files/M_ska_bluza_z_kapturem_i_praktycznymi_kieszeniamivdfs.jpg?v=1789950289,9,Męska bluza z kapturem i praktycznymi kieszeniami
meskie-sneakersy-sportowe-z-elastyczna-cholewka,,,,,,,,,,,,,,,,,,https://cdn.shopify.com/s/files/1/0988/5725/5244/files/M_ska_bluza_z_kapturem_i_praktycznymi_kieszeniamivsdsw.jpg?v=1789950300,10,Męska bluza z kapturem i praktycznymi kieszeniami
meskie-zimowe-buty-za-kostke-na-sniezne-dni,Męskie zimowe buty za kostkę na śnieżne dni,Kolor,Czarny,Rozmiar,36,,,,0.0,shopify,continue,manual,254.95,423.95,true,false,https://cdn.shopify.com/s/files/1/0988/5725/5244/files/M_skie_zimowe_buty_za_kostk_na_nie_ne_dnivd.jpg?v=1789840444,,,
meskie-zimowe-buty-za-kostke-na-sniezne-dni,,,Czarny,,37,,,,0.0,shopify,continue,manual,254.95,423.95,true,false,https://cdn.shopify.com/s/files/1/0988/5725/5244/files/M_skie_zimowe_buty_za_kostk_na_nie_ne_dnivd.jpg?v=1789840444,,,
meskie-zimowe-buty-za-kostke-na-sniezne-dni,,,Czarny,,38,,,,0.0,shopify,continue,manual,254.95,423.95,true,false,https://cdn.shopify.com/s/files/1/0988/5725/5244/files/M_skie_zimowe_buty_za_kostk_na_nie_ne_dnivd.jpg?v=1789840444,,,
meskie-zimowe-buty-za-kostke-na-sniezne-dni,,,Czarny,,39,,,,0.0,shopify,continue,manual,254.95,423.95,true,false,https://cdn.shopify.com/s/files/1/0988/5725/5244/files/M_skie_zimowe_buty_za_kostk_na_nie_ne_dnivd.jpg?v=1789840444,,,
meskie-zimowe-buty-za-kostke-na-sniezne-dni,,,Czarny,,40,,,,0.0,shopify,continue,manual,254.95,423.95,true,false,https://cdn.shopify.com/s/files/1/0988/5725/5244/files/M_skie_zimowe_buty_za_kostk_na_nie_ne_dnivd.jpg?v=1789840444,,,
meskie-zimowe-buty-za-kostke-na-sniezne-dni,,,Czarny,,41,,,,0.0,shopify,continue,manual,254.95,423.95,true,false,https://cdn.shopify.com/s/files/1/0988/5725/5244/files/M_skie_zimowe_buty_za_kostk_na_nie_ne_dnivd.jpg?v=1789840444,,,
meskie-zimowe-buty-za-kostke-na-sniezne-dni,,,Czarny,,42,,,,0.0,shopify,continue,manual,254.95,423.95,true,false,https://cdn.shopify.com/s/files/1/0988/5725/5244/files/M_skie_zimowe_buty_za_kostk_na_nie_ne_dnivd.jpg?v=1789840444,,,
meskie-zimowe-buty-za-kostke-na-sniezne-dni,,,Biały,,36,,,,0.0,shopify,continue,manual,254.95,423.95,true,false,https://cdn.shopify.com/s/files/1/0988/5725/5244/files/M_skie_zimowe_buty_za_kostk_na_nie_ne_dnivdsd.jpg?v=1789840453,,,
meskie-zimowe-buty-za-kostke-na-sniezne-dni,,,Biały,,37,,,,0.0,shopify,continue,manual,254.95,423.95,true,false,https://cdn.shopify.com/s/files/1/0988/5725/5244/files/M_skie_zimowe_buty_za_kostk_na_nie_ne_dnivdsd.jpg?v=1789840453,,,
meskie-zimowe-buty-za-kostke-na-sniezne-dni,,,Biały,,38,,,,0.0,shopify,continue,manual,254.95,423.95,true,false,https://cdn.shopify.com/s/files/1/0988/5725/5244/files/M_skie_zimowe_buty_za_kostk_na_nie_ne_dnivdsd.jpg?v=1789840453,,,
meskie-zimowe-buty-za-kostke-na-sniezne-dni,,,Biały,,39,,,,0.0,shopify,continue,manual,254.95,423.95,true,false,https://cdn.shopify.com/s/files/1/0988/5725/5244/files/M_skie_zimowe_buty_za_kostk_na_nie_ne_dnivdsd.jpg?v=1789840453,,,
meskie-zimowe-buty-za-kostke-na-sniezne-dni,,,Biały,,40,,,,0.0,shopify,continue,manual,254.95,423.95,true,false,https://cdn.shopify.com/s/files/1/0988/5725/5244/files/M_skie_zimowe_buty_za_kostk_na_nie_ne_dnivdsd.jpg?v=1789840453,,,
meskie-zimowe-buty-za-kostke-na-sniezne-dni,,,Biały,,41,,,,0.0,shopify,continue,manual,254.95,423.95,true,false,https://cdn.shopify.com/s/files/1/0988/5725/5244/files/M_skie_zimowe_buty_za_kostk_na_nie_ne_dnivdsd.jpg?v=1789840453,,,
meskie-zimowe-buty-za-kostke-na-sniezne-dni,,,Biały,,42,,,,0.0,shopify,continue,manual,254.95,423.95,true,false,https://cdn.shopify.com/s/files/1/0988/5725/5244/files/M_skie_zimowe_buty_za_kostk_na_nie_ne_dnivdsd.jpg?v=1789840453,,,
meskie-zimowe-buty-za-kostke-na-sniezne-dni,,,Granatowy,,36,,,,0.0,shopify,continue,manual,254.95,423.95,true,false,https://cdn.shopify.com/s/files/1/0988/5725/5244/files/M_skie_zimowe_buty_za_kostk_na_nie_ne_dnivsd.jpg?v=1789840462,,,
meskie-zimowe-buty-za-kostke-na-sniezne-dni,,,Granatowy,,37,,,,0.0,shopify,continue,manual,254.95,423.95,true,false,https://cdn.shopify.com/s/files/1/0988/5725/5244/files/M_skie_zimowe_buty_za_kostk_na_nie_ne_dnivsd.jpg?v=1789840462,,,
meskie-zimowe-buty-za-kostke-na-sniezne-dni,,,Granatowy,,38,,,,0.0,shopify,continue,manual,254.95,423.95,true,false,https://cdn.shopify.com/s/files/1/0988/5725/5244/files/M_skie_zimowe_buty_za_kostk_na_nie_ne_dnivsd.jpg?v=1789840462,,,
meskie-zimowe-buty-za-kostke-na-sniezne-dni,,,Granatowy,,39,,,,0.0,shopify,continue,manual,254.95,423.95,true,false,https://cdn.shopify.com/s/files/1/0988/5725/5244/files/M_skie_zimowe_buty_za_kostk_na_nie_ne_dnivsd.jpg?v=1789840462,,,
meskie-zimowe-buty-za-kostke-na-sniezne-dni,,,Granatowy,,40,,,,0.0,shopify,continue,manual,254.95,423.95,true,false,https://cdn.shopify.com/s/files/1/0988/5725/5244/files/M_skie_zimowe_buty_za_kostk_na_nie_ne_dnivsd.jpg?v=1789840462,,,
meskie-zimowe-buty-za-kostke-na-sniezne-dni,,,Granatowy,,41,,,,0.0,shopify,continue,manual,254.95,423.95,true,false,https://cdn.shopify.com/s/files/1/0988/5725/5244/files/M_skie_zimowe_buty_za_kostk_na_nie_ne_dnivsd.jpg?v=1789840462,,,
meskie-zimowe-buty-za-kostke-na-sniezne-dni,,,Granatowy,,42,,,,0.0,shopify,continue,manual,254.95,423.95,true,false,https://cdn.shopify.com/s/files/1/0988/5725/5244/files/M_skie_zimowe_buty_za_kostk_na_nie_ne_dnivsd.jpg?v=1789840462,,,
meskie-zimowe-buty-za-kostke-na-sniezne-dni,,,Czarny,,43,,,,0.0,shopify,continue,manual,254.95,423.95,true,false,,,,
meskie-zimowe-buty-za-kostke-na-sniezne-dni,,,Czarny,,44,,,,0.0,shopify,continue,manual,254.95,423.95,true,false,,,,
meskie-zimowe-buty-za-kostke-na-sniezne-dni,,,Czarny,,45,,,,0.0,shopify,continue,manual,254.95,423.95,true,false,,,,
meskie-zimowe-buty-za-kostke-na-sniezne-dni,,,Czarny,,46,,,,0.0,shopify,continue,manual,254.95,423.95,true,false,,,,
meskie-zimowe-buty-za-kostke-na-sniezne-dni,,,Biały,,43,,,,0.0,shopify,continue,manual,254.95,423.95,true,false,,,,
meskie-zimowe-buty-za-kostke-na-sniezne-dni,,,Biały,,44,,,,0.0,shopify,continue,manual,254.95,423.95,true,false,,,,
meskie-zimowe-buty-za-kostke-na-sniezne-dni,,,Biały,,45,,,,0.0,shopify,continue,manual,254.95,423.95,true,false,,,,
meskie-zimowe-buty-za-kostke-na-sniezne-dni,,,Biały,,46,,,,0.0,shopify,continue,manual,254.95,423.95,true,false,,,,
meskie-zimowe-buty-za-kostke-na-sniezne-dni,,,Granatowy,,43,,,,0.0,shopify,continue,manual,254.95,423.95,true,false,,,,
meskie-zimowe-buty-za-kostke-na-sniezne-dni,,,Granatowy,,44,,,,0.0,shopify,continue,manual,254.95,423.95,true,false,,,,
meskie-zimowe-buty-za-kostke-na-sniezne-dni,,,Granatowy,,45,,,,0.0,shopify,continue,manual,254.95,423.95,true,false,,,,
meskie-zimowe-buty-za-kostke-na-sniezne-dni,,,Granatowy,,46,,,,0.0,shopify,continue,manual,254.95,423.95,true,false,,,,
meskie-zimowe-buty-za-kostke-na-sniezne-dni,,,,,,,,,,,,,,,,,,https://cdn.shopify.com/s/files/1/0988/5725/5244/files/M_skie_zimowe_buty_za_kostk_na_nie_ne_dnivd.jpg?v=1789840444,1,Męskie zimowe buty za kostkę na śnieżne dni
meskie-zimowe-buty-za-kostke-na-sniezne-dni,,,,,,,,,,,,,,,,,,https://cdn.shopify.com/s/files/1/0988/5725/5244/files/M_skie_zimowe_buty_za_kostk_na_nie_ne_dnivdsd.jpg?v=1789840453,2,Męskie zimowe buty za kostkę na śnieżne dni
meskie-zimowe-buty-za-kostke-na-sniezne-dni,,,,,,,,,,,,,,,,,,https://cdn.shopify.com/s/files/1/0988/5725/5244/files/M_skie_zimowe_buty_za_kostk_na_nie_ne_dnivsd.jpg?v=1789840462,3,Męskie zimowe buty za kostkę na śnieżne dni
meskie-buty-za-kostke-na-chlodniejsze-dni,Męskie buty za kostkę na chłodniejsze dni,Kolor,Czarny,Rozmiar,39,,,,0.0,shopify,continue,manual,229.95,,true,false,https://cdn.shopify.com/s/files/1/0988/5725/5244/files/M_skie_buty_za_kostk_na_ch_odniejsze_dnivdd.png?v=1789840394,,,
meskie-buty-za-kostke-na-chlodniejsze-dni,,,Czarny,,40,,,,0.0,shopify,continue,manual,229.95,,true,false,https://cdn.shopify.com/s/files/1/0988/5725/5244/files/M_skie_buty_za_kostk_na_ch_odniejsze_dnivdd.png?v=1789840394,,,
meskie-buty-za-kostke-na-chlodniejsze-dni,,,Czarny,,41,,,,0.0,shopify,continue,manual,229.95,,true,false,https://cdn.shopify.com/s/files/1/0988/5725/5244/files/M_skie_buty_za_kostk_na_ch_odniejsze_dnivdd.png?v=1789840394,,,
meskie-buty-za-kostke-na-chlodniejsze-dni,,,Czarny,,42,,,,0.0,shopify,continue,manual,229.95,,true,false,https://cdn.shopify.com/s/files/1/0988/5725/5244/files/M_skie_buty_za_kostk_na_ch_odniejsze_dnivdd.png?v=1789840394,,,
meskie-buty-za-kostke-na-chlodniejsze-dni,,,Czarny,,43,,,,0.0,shopify,continue,manual,229.95,,true,false,https://cdn.shopify.com/s/files/1/0988/5725/5244/files/M_skie_buty_za_kostk_na_ch_odniejsze_dnivdd.png?v=1789840394,,,
meskie-buty-za-kostke-na-chlodniejsze-dni,,,Czarny,,44,,,,0.0,shopify,continue,manual,229.95,,true,false,https://cdn.shopify.com/s/files/1/0988/5725/5244/files/M_skie_buty_za_kostk_na_ch_odniejsze_dnivdd.png?v=1789840394,,,
meskie-buty-za-kostke-na-chlodniejsze-dni,,,Ciemnobrązowy,,39,,,,0.0,shopify,continue,manual,229.95,,true,false,https://cdn.shopify.com/s/files/1/0988/5725/5244/files/M_skie_buty_za_kostk_na_ch_odniejsze_dnivs.png?v=1789840404,,,
meskie-buty-za-kostke-na-chlodniejsze-dni,,,Ciemnobrązowy,,40,,,,0.0,shopify,continue,manual,229.95,,true,false,https://cdn.shopify.com/s/files/1/0988/5725/5244/files/M_skie_buty_za_kostk_na_ch_odniejsze_dnivs.png?v=1789840404,,,
meskie-buty-za-kostke-na-chlodniejsze-dni,,,Ciemnobrązowy,,41,,,,0.0,shopify,continue,manual,229.95,,true,false,https://cdn.shopify.com/s/files/1/0988/5725/5244/files/M_skie_buty_za_kostk_na_ch_odniejsze_dnivs.png?v=1789840404,,,
meskie-buty-za-kostke-na-chlodniejsze-dni,,,Ciemnobrązowy,,42,,,,0.0,shopify,continue,manual,229.95,,true,false,https://cdn.shopify.com/s/files/1/0988/5725/5244/files/M_skie_buty_za_kostk_na_ch_odniejsze_dnivs.png?v=1789840404,,,
meskie-buty-za-kostke-na-chlodniejsze-dni,,,Ciemnobrązowy,,43,,,,0.0,shopify,continue,manual,229.95,,true,false,https://cdn.shopify.com/s/files/1/0988/5725/5244/files/M_skie_buty_za_kostk_na_ch_odniejsze_dnivs.png?v=1789840404,,,
meskie-buty-za-kostke-na-chlodniejsze-dni,,,Ciemnobrązowy,,44,,,,0.0,shopify,continue,manual,229.95,,true,false,https://cdn.shopify.com/s/files/1/0988/5725/5244/files/M_skie_buty_za_kostk_na_ch_odniejsze_dnivs.png?v=1789840404,,,
meskie-buty-za-kostke-na-chlodniejsze-dni,,,Czarny,,45,,,,0.0,shopify,continue,manual,229.95,,true,false,,,,
meskie-buty-za-kostke-na-chlodniejsze-dni,,,Czarny,,46,,,,0.0,shopify,continue,manual,229.95,,true,false,,,,
meskie-buty-za-kostke-na-chlodniejsze-dni,,,Ciemnobrązowy,,45,,,,0.0,shopify,continue,manual,229.95,,true,false,,,,
meskie-buty-za-kostke-na-chlodniejsze-dni,,,Ciemnobrązowy,,46,,,,0.0,shopify,continue,manual,229.95,,true,false,,,,
meskie-buty-za-kostke-na-chlodniejsze-dni,,,,,,,,,,,,,,,,,,https://cdn.shopify.com/s/files/1/0988/5725/5244/files/M_skie_buty_za_kostk_na_ch_odniejsze_dnivdd.png?v=1789840394,1,Męskie buty za kostkę na chłodniejsze dni
meskie-buty-za-kostke-na-chlodniejsze-dni,,,,,,,,,,,,,,,,,,https://cdn.shopify.com/s/files/1/0988/5725/5244/files/M_skie_buty_za_kostk_na_ch_odniejsze_dnivs.png?v=1789840404,2,Męskie buty za kostkę na chłodniejsze dni
damskie-chodaki-na-codzienne-wiosenne-i-letnie-zestawy,Damskie chodaki na codzienne wiosenne i letnie zestawy,Kolor,Czarny,Rozmiar,36,,,,0.0,shopify,continue,manual,204.95,,true,false,https://cdn.shopify.com/s/files/1/0988/5725/5244/files/Damskie_chodaki_na_codzienne_wiosenne_i_letnie_zestawyvdsd.png?v=1789840177,,,
damskie-chodaki-na-codzienne-wiosenne-i-letnie-zestawy,,,Czarny,,37,,,,0.0,shopify,continue,manual,204.95,,true,false,https://cdn.shopify.com/s/files/1/0988/5725/5244/files/Damskie_chodaki_na_codzienne_wiosenne_i_letnie_zestawyvdsd.png?v=1789840177,,,
damskie-chodaki-na-codzienne-wiosenne-i-letnie-zestawy,,,Czarny,,38,,,,0.0,shopify,continue,manual,204.95,,true,false,https://cdn.shopify.com/s/files/1/0988/5725/5244/files/Damskie_chodaki_na_codzienne_wiosenne_i_letnie_zestawyvdsd.png?v=1789840177,,,
damskie-chodaki-na-codzienne-wiosenne-i-letnie-zestawy,,,Czarny,,39,,,,0.0,shopify,continue,manual,204.95,,true,false,https://cdn.shopify.com/s/files/1/0988/5725/5244/files/Damskie_chodaki_na_codzienne_wiosenne_i_letnie_zestawyvdsd.png?v=1789840177,,,
damskie-chodaki-na-codzienne-wiosenne-i-letnie-zestawy,,,Czarny,,40,,,,0.0,shopify,continue,manual,204.95,,true,false,https://cdn.shopify.com/s/files/1/0988/5725/5244/files/Damskie_chodaki_na_codzienne_wiosenne_i_letnie_zestawyvdsd.png?v=1789840177,,,
damskie-chodaki-na-codzienne-wiosenne-i-letnie-zestawy,,,Czarny,,41,,,,0.0,shopify,continue,manual,204.95,,true,false,https://cdn.shopify.com/s/files/1/0988/5725/5244/files/Damskie_chodaki_na_codzienne_wiosenne_i_letnie_zestawyvdsd.png?v=1789840177,,,
damskie-chodaki-na-codzienne-wiosenne-i-letnie-zestawy,,,Czarny,,42,,,,0.0,shopify,continue,manual,204.95,,true,false,https://cdn.shopify.com/s/files/1/0988/5725/5244/files/Damskie_chodaki_na_codzienne_wiosenne_i_letnie_zestawyvdsd.png?v=1789840177,,,
damskie-chodaki-na-codzienne-wiosenne-i-letnie-zestawy,,,Biały,,36,,,,0.0,shopify,continue,manual,204.95,,true,false,https://cdn.shopify.com/s/files/1/0988/5725/5244/files/Damskie_chodaki_na_codzienne_wiosenne_i_letnie_zestawyDamskie_chodaki_na_codzienne_wiosenne_i_letnie_zestawyvdsd.png?v=1789840188,,,
damskie-chodaki-na-codzienne-wiosenne-i-letnie-zestawy,,,Biały,,37,,,,0.0,shopify,continue,manual,204.95,,true,false,https://cdn.shopify.com/s/files/1/0988/5725/5244/files/Damskie_chodaki_na_codzienne_wiosenne_i_letnie_zestawyDamskie_chodaki_na_codzienne_wiosenne_i_letnie_zestawyvdsd.png?v=1789840188,,,
damskie-chodaki-na-codzienne-wiosenne-i-letnie-zestawy,,,Biały,,38,,,,0.0,shopify,continue,manual,204.95,,true,false,https://cdn.shopify.com/s/files/1/0988/5725/5244/files/Damskie_chodaki_na_codzienne_wiosenne_i_letnie_zestawyDamskie_chodaki_na_codzienne_wiosenne_i_letnie_zestawyvdsd.png?v=1789840188,,,
damskie-chodaki-na-codzienne-wiosenne-i-letnie-zestawy,,,Biały,,39,,,,0.0,shopify,continue,manual,204.95,,true,false,https://cdn.shopify.com/s/files/1/0988/5725/5244/files/Damskie_chodaki_na_codzienne_wiosenne_i_letnie_zestawyDamskie_chodaki_na_codzienne_wiosenne_i_letnie_zestawyvdsd.png?v=1789840188,,,
damskie-chodaki-na-codzienne-wiosenne-i-letnie-zestawy,,,Biały,,40,,,,0.0,shopify,continue,manual,204.95,,true,false,https://cdn.shopify.com/s/files/1/0988/5725/5244/files/Damskie_chodaki_na_codzienne_wiosenne_i_letnie_zestawyDamskie_chodaki_na_codzienne_wiosenne_i_letnie_zestawyvdsd.png?v=1789840188,,,
damskie-chodaki-na-codzienne-wiosenne-i-letnie-zestawy,,,Biały,,41,,,,0.0,shopify,continue,manual,204.95,,true,false,https://cdn.shopify.com/s/files/1/0988/5725/5244/files/Damskie_chodaki_na_codzienne_wiosenne_i_letnie_zestawyDamskie_chodaki_na_codzienne_wiosenne_i_letnie_zestawyvdsd.png?v=1789840188,,,
damskie-chodaki-na-codzienne-wiosenne-i-letnie-zestawy,,,Biały,,42,,,,0.0,shopify,continue,manual,204.95,,true,false,https://cdn.shopify.com/s/files/1/0988/5725/5244/files/Damskie_chodaki_na_codzienne_wiosenne_i_letnie_zestawyDamskie_chodaki_na_codzienne_wiosenne_i_letnie_zestawyvdsd.png?v=1789840188,,,
damskie-chodaki-na-codzienne-wiosenne-i-letnie-zestawy,,,Bordowy,,36,,,,0.0,shopify,continue,manual,204.95,,true,false,https://cdn.shopify.com/s/files/1/0988/5725/5244/files/Damskie_chodaki_na_codzienne_wiosenne_i_letnie_zestawyvddse.png?v=1789840198,,,
damskie-chodaki-na-codzienne-wiosenne-i-letnie-zestawy,,,Bordowy,,37,,,,0.0,shopify,continue,manual,204.95,,true,false,https://cdn.shopify.com/s/files/1/0988/5725/5244/files/Damskie_chodaki_na_codzienne_wiosenne_i_letnie_zestawyvddse.png?v=1789840198,,,
damskie-chodaki-na-codzienne-wiosenne-i-letnie-zestawy,,,Bordowy,,38,,,,0.0,shopify,continue,manual,204.95,,true,false,https://cdn.shopify.com/s/files/1/0988/5725/5244/files/Damskie_chodaki_na_codzienne_wiosenne_i_letnie_zestawyvddse.png?v=1789840198,,,
damskie-chodaki-na-codzienne-wiosenne-i-letnie-zestawy,,,Bordowy,,39,,,,0.0,shopify,continue,manual,204.95,,true,false,https://cdn.shopify.com/s/files/1/0988/5725/5244/files/Damskie_chodaki_na_codzienne_wiosenne_i_letnie_zestawyvddse.png?v=1789840198,,,
damskie-chodaki-na-codzienne-wiosenne-i-letnie-zestawy,,,Bordowy,,40,,,,0.0,shopify,continue,manual,204.95,,true,false,https://cdn.shopify.com/s/files/1/0988/5725/5244/files/Damskie_chodaki_na_codzienne_wiosenne_i_letnie_zestawyvddse.png?v=1789840198,,,
damskie-chodaki-na-codzienne-wiosenne-i-letnie-zestawy,,,Bordowy,,41,,,,0.0,shopify,continue,manual,204.95,,true,false,https://cdn.shopify.com/s/files/1/0988/5725/5244/files/Damskie_chodaki_na_codzienne_wiosenne_i_letnie_zestawyvddse.png?v=1789840198,,,
damskie-chodaki-na-codzienne-wiosenne-i-letnie-zestawy,,,Bordowy,,42,,,,0.0,shopify,continue,manual,204.95,,true,false,https://cdn.shopify.com/s/files/1/0988/5725/5244/files/Damskie_chodaki_na_codzienne_wiosenne_i_letnie_zestawyvddse.png?v=1789840198,,,
damskie-chodaki-na-codzienne-wiosenne-i-letnie-zestawy,,,Granatowy,,36,,,,0.0,shopify,continue,manual,204.95,,true,false,https://cdn.shopify.com/s/files/1/0988/5725/5244/files/Damskie_chodaki_na_codzienne_wiosenne_i_letnie_zestawyvdds.png?v=1789840208,,,
damskie-chodaki-na-codzienne-wiosenne-i-letnie-zestawy,,,Granatowy,,37,,,,0.0,shopify,continue,manual,204.95,,true,false,https://cdn.shopify.com/s/files/1/0988/5725/5244/files/Damskie_chodaki_na_codzienne_wiosenne_i_letnie_zestawyvdds.png?v=1789840208,,,
damskie-chodaki-na-codzienne-wiosenne-i-letnie-zestawy,,,Granatowy,,38,,,,0.0,shopify,continue,manual,204.95,,true,false,https://cdn.shopify.com/s/files/1/0988/5725/5244/files/Damskie_chodaki_na_codzienne_wiosenne_i_letnie_zestawyvdds.png?v=1789840208,,,
damskie-chodaki-na-codzienne-wiosenne-i-letnie-zestawy,,,Granatowy,,39,,,,0.0,shopify,continue,manual,204.95,,true,false,https://cdn.shopify.com/s/files/1/0988/5725/5244/files/Damskie_chodaki_na_codzienne_wiosenne_i_letnie_zestawyvdds.png?v=1789840208,,,
damskie-chodaki-na-codzienne-wiosenne-i-letnie-zestawy,,,Granatowy,,40,,,,0.0,shopify,continue,manual,204.95,,true,false,https://cdn.shopify.com/s/files/1/0988/5725/5244/files/Damskie_chodaki_na_codzienne_wiosenne_i_letnie_zestawyvdds.png?v=1789840208,,,
damskie-chodaki-na-codzienne-wiosenne-i-letnie-zestawy,,,Granatowy,,41,,,,0.0,shopify,continue,manual,204.95,,true,false,https://cdn.shopify.com/s/files/1/0988/5725/5244/files/Damskie_chodaki_na_codzienne_wiosenne_i_letnie_zestawyvdds.png?v=1789840208,,,
damskie-chodaki-na-codzienne-wiosenne-i-letnie-zestawy,,,Granatowy,,42,,,,0.0,shopify,continue,manual,204.95,,true,false,https://cdn.shopify.com/s/files/1/0988/5725/5244/files/Damskie_chodaki_na_codzienne_wiosenne_i_letnie_zestawyvdds.png?v=1789840208,,,
damskie-chodaki-na-codzienne-wiosenne-i-letnie-zestawy,,,Beżowy,,36,,,,0.0,shopify,continue,manual,204.95,,true,false,https://cdn.shopify.com/s/files/1/0988/5725/5244/files/Damskie_chodaki_na_codzienne_wiosenne_i_letnie_zestawyvds.png?v=1789840218,,,
damskie-chodaki-na-codzienne-wiosenne-i-letnie-zestawy,,,Beżowy,,37,,,,0.0,shopify,continue,manual,204.95,,true,false,https://cdn.shopify.com/s/files/1/0988/5725/5244/files/Damskie_chodaki_na_codzienne_wiosenne_i_letnie_zestawyvds.png?v=1789840218,,,
damskie-chodaki-na-codzienne-wiosenne-i-letnie-zestawy,,,Beżowy,,38,,,,0.0,shopify,continue,manual,204.95,,true,false,https://cdn.shopify.com/s/files/1/0988/5725/5244/files/Damskie_chodaki_na_codzienne_wiosenne_i_letnie_zestawyvds.png?v=1789840218,,,
damskie-chodaki-na-codzienne-wiosenne-i-letnie-zestawy,,,Beżowy,,39,,,,0.0,shopify,continue,manual,204.95,,true,false,https://cdn.shopify.com/s/files/1/0988/5725/5244/files/Damskie_chodaki_na_codzienne_wiosenne_i_letnie_zestawyvds.png?v=1789840218,,,
damskie-chodaki-na-codzienne-wiosenne-i-letnie-zestawy,,,Beżowy,,40,,,,0.0,shopify,continue,manual,204.95,,true,false,https://cdn.shopify.com/s/files/1/0988/5725/5244/files/Damskie_chodaki_na_codzienne_wiosenne_i_letnie_zestawyvds.png?v=1789840218,,,
damskie-chodaki-na-codzienne-wiosenne-i-letnie-zestawy,,,Beżowy,,41,,,,0.0,shopify,continue,manual,204.95,,true,false,https://cdn.shopify.com/s/files/1/0988/5725/5244/files/Damskie_chodaki_na_codzienne_wiosenne_i_letnie_zestawyvds.png?v=1789840218,,,
damskie-chodaki-na-codzienne-wiosenne-i-letnie-zestawy,,,Beżowy,,42,,,,0.0,shopify,continue,manual,204.95,,true,false,https://cdn.shopify.com/s/files/1/0988/5725/5244/files/Damskie_chodaki_na_codzienne_wiosenne_i_letnie_zestawyvds.png?v=1789840218,,,
damskie-chodaki-na-codzienne-wiosenne-i-letnie-zestawy,,,Czarny,,43,,,,0.0,shopify,continue,manual,204.95,,true,false,,,,
damskie-chodaki-na-codzienne-wiosenne-i-letnie-zestawy,,,Biały,,43,,,,0.0,shopify,continue,manual,204.95,,true,false,,,,
damskie-chodaki-na-codzienne-wiosenne-i-letnie-zestawy,,,Bordowy,,43,,,,0.0,shopify,continue,manual,204.95,,true,false,,,,
damskie-chodaki-na-codzienne-wiosenne-i-letnie-zestawy,,,Granatowy,,43,,,,0.0,shopify,continue,manual,204.95,,true,false,,,,
damskie-chodaki-na-codzienne-wiosenne-i-letnie-zestawy,,,Beżowy,,43,,,,0.0,shopify,continue,manual,204.95,,true,false,,,,
damskie-chodaki-na-codzienne-wiosenne-i-letnie-zestawy,,,,,,,,,,,,,,,,,,https://cdn.shopify.com/s/files/1/0988/5725/5244/files/Damskie_chodaki_na_codzienne_wiosenne_i_letnie_zestawyvdsd.png?v=1789840177,1,Damskie chodaki na codzienne wiosenne i letnie zestawy
damskie-chodaki-na-codzienne-wiosenne-i-letnie-zestawy,,,,,,,,,,,,,,,,,,https://cdn.shopify.com/s/files/1/0988/5725/5244/files/Damskie_chodaki_na_codzienne_wiosenne_i_letnie_zestawyDamskie_chodaki_na_codzienne_wiosenne_i_letnie_zestawyvdsd.png?v=1789840188,2,Damskie chodaki na codzienne wiosenne i letnie zestawy
damskie-chodaki-na-codzienne-wiosenne-i-letnie-zestawy,,,,,,,,,,,,,,,,,,https://cdn.shopify.com/s/files/1/0988/5725/5244/files/Damskie_chodaki_na_codzienne_wiosenne_i_letnie_zestawyvddse.png?v=1789840198,3,Damskie chodaki na codzienne wiosenne i letnie zestawy
damskie-chodaki-na-codzienne-wiosenne-i-letnie-zestawy,,,,,,,,,,,,,,,,,,https://cdn.shopify.com/s/files/1/0988/5725/5244/files/Damskie_chodaki_na_codzienne_wiosenne_i_letnie_zestawyvdds.png?v=1789840208,4,Damskie chodaki na codzienne wiosenne i letnie zestawy
damskie-chodaki-na-codzienne-wiosenne-i-letnie-zestawy,,,,,,,,,,,,,,,,,,https://cdn.shopify.com/s/files/1/0988/5725/5244/files/Damskie_chodaki_na_codzienne_wiosenne_i_letnie_zestawyvds.png?v=1789840218,5,Damskie chodaki na codzienne wiosenne i letnie zestawy
meskie-botki-z-ozdobnymi-paskami-na-zime,Męskie botki z ozdobnymi paskami na zimę,Kolor,Brązowy,Rozmiar,39,,,,0.0,shopify,continue,manual,309.95,,true,false,https://cdn.shopify.com/s/files/1/0988/5725/5244/files/M_skie_botki_z_ozdobnymi_paskami_na_zim_vds.jpg?v=1789654290,,,
meskie-botki-z-ozdobnymi-paskami-na-zime,,,Brązowy,,40,,,,0.0,shopify,continue,manual,309.95,,true,false,https://cdn.shopify.com/s/files/1/0988/5725/5244/files/M_skie_botki_z_ozdobnymi_paskami_na_zim_vds.jpg?v=1789654290,,,
meskie-botki-z-ozdobnymi-paskami-na-zime,,,Brązowy,,41,,,,0.0,shopify,continue,manual,309.95,,true,false,https://cdn.shopify.com/s/files/1/0988/5725/5244/files/M_skie_botki_z_ozdobnymi_paskami_na_zim_vds.jpg?v=1789654290,,,
meskie-botki-z-ozdobnymi-paskami-na-zime,,,Brązowy,,42,,,,0.0,shopify,continue,manual,309.95,,true,false,https://cdn.shopify.com/s/files/1/0988/5725/5244/files/M_skie_botki_z_ozdobnymi_paskami_na_zim_vds.jpg?v=1789654290,,,
meskie-botki-z-ozdobnymi-paskami-na-zime,,,Brązowy,,43,,,,0.0,shopify,continue,manual,309.95,,true,false,https://cdn.shopify.com/s/files/1/0988/5725/5244/files/M_skie_botki_z_ozdobnymi_paskami_na_zim_vds.jpg?v=1789654290,,,
meskie-botki-z-ozdobnymi-paskami-na-zime,,,Brązowy,,44,,,,0.0,shopify,continue,manual,309.95,,true,false,https://cdn.shopify.com/s/files/1/0988/5725/5244/files/M_skie_botki_z_ozdobnymi_paskami_na_zim_vds.jpg?v=1789654290,,,
meskie-botki-z-ozdobnymi-paskami-na-zime,,,Ciemnobrązowy,,39,,,,0.0,shopify,continue,manual,309.95,,true,false,https://cdn.shopify.com/s/files/1/0988/5725/5244/files/M_skie_botki_z_ozdobnymi_paskami_na_zim_vfd.jpg?v=1789654303,,,
meskie-botki-z-ozdobnymi-paskami-na-zime,,,Ciemnobrązowy,,40,,,,0.0,shopify,continue,manual,309.95,,true,false,https://cdn.shopify.com/s/files/1/0988/5725/5244/files/M_skie_botki_z_ozdobnymi_paskami_na_zim_vfd.jpg?v=1789654303,,,
meskie-botki-z-ozdobnymi-paskami-na-zime,,,Ciemnobrązowy,,41,,,,0.0,shopify,continue,manual,309.95,,true,false,https://cdn.shopify.com/s/files/1/0988/5725/5244/files/M_skie_botki_z_ozdobnymi_paskami_na_zim_vfd.jpg?v=1789654303,,,
meskie-botki-z-ozdobnymi-paskami-na-zime,,,Ciemnobrązowy,,42,,,,0.0,shopify,continue,manual,309.95,,true,false,https://cdn.shopify.com/s/files/1/0988/5725/5244/files/M_skie_botki_z_ozdobnymi_paskami_na_zim_vfd.jpg?v=1789654303,,,
meskie-botki-z-ozdobnymi-paskami-na-zime,,,Ciemnobrązowy,,43,,,,0.0,shopify,continue,manual,309.95,,true,false,https://cdn.shopify.com/s/files/1/0988/5725/5244/files/M_skie_botki_z_ozdobnymi_paskami_na_zim_vfd.jpg?v=1789654303,,,
meskie-botki-z-ozdobnymi-paskami-na-zime,,,Ciemnobrązowy,,44,,,,0.0,shopify,continue,manual,309.95,,true,false,https://cdn.shopify.com/s/files/1/0988/5725/5244/files/M_skie_botki_z_ozdobnymi_paskami_na_zim_vfd.jpg?v=1789654303,,,
meskie-botki-z-ozdobnymi-paskami-na-zime,,,Czarny,,39,,,,0.0,shopify,continue,manual,309.95,,true,false,https://cdn.shopify.com/s/files/1/0988/5725/5244/files/M_skie_botki_z_ozdobnymi_paskami_na_zim_vdsd.jpg?v=1789654313,,,
meskie-botki-z-ozdobnymi-paskami-na-zime,,,Czarny,,40,,,,0.0,shopify,continue,manual,309.95,,true,false,https://cdn.shopify.com/s/files/1/0988/5725/5244/files/M_skie_botki_z_ozdobnymi_paskami_na_zim_vdsd.jpg?v=1789654313,,,
meskie-botki-z-ozdobnymi-paskami-na-zime,,,Czarny,,41,,,,0.0,shopify,continue,manual,309.95,,true,false,https://cdn.shopify.com/s/files/1/0988/5725/5244/files/M_skie_botki_z_ozdobnymi_paskami_na_zim_vdsd.jpg?v=1789654313,,,
meskie-botki-z-ozdobnymi-paskami-na-zime,,,Czarny,,42,,,,0.0,shopify,continue,manual,309.95,,true,false,https://cdn.shopify.com/s/files/1/0988/5725/5244/files/M_skie_botki_z_ozdobnymi_paskami_na_zim_vdsd.jpg?v=1789654313,,,
meskie-botki-z-ozdobnymi-paskami-na-zime,,,Czarny,,43,,,,0.0,shopify,continue,manual,309.95,,true,false,https://cdn.shopify.com/s/files/1/0988/5725/5244/files/M_skie_botki_z_ozdobnymi_paskami_na_zim_vdsd.jpg?v=1789654313,,,
meskie-botki-z-ozdobnymi-paskami-na-zime,,,Czarny,,44,,,,0.0,shopify,continue,manual,309.95,,true,false,https://cdn.shopify.com/s/files/1/0988/5725/5244/files/M_skie_botki_z_ozdobnymi_paskami_na_zim_vdsd.jpg?v=1789654313,,,
meskie-botki-z-ozdobnymi-paskami-na-zime,,,Brązowy,,45,,,,0.0,shopify,continue,manual,309.95,,true,false,,,,
meskie-botki-z-ozdobnymi-paskami-na-zime,,,Brązowy,,46,,,,0.0,shopify,continue,manual,309.95,,true,false,,,,
meskie-botki-z-ozdobnymi-paskami-na-zime,,,Ciemnobrązowy,,45,,,,0.0,shopify,continue,manual,309.95,,true,false,,,,
meskie-botki-z-ozdobnymi-paskami-na-zime,,,Ciemnobrązowy,,46,,,,0.0,shopify,continue,manual,309.95,,true,false,,,,
meskie-botki-z-ozdobnymi-paskami-na-zime,,,Czarny,,45,,,,0.0,shopify,continue,manual,309.95,,true,false,,,,
meskie-botki-z-ozdobnymi-paskami-na-zime,,,Czarny,,46,,,,0.0,shopify,continue,manual,309.95,,true,false,,,,
meskie-botki-z-ozdobnymi-paskami-na-zime,,,,,,,,,,,,,,,,,,https://cdn.shopify.com/s/files/1/0988/5725/5244/files/M_skie_botki_z_ozdobnymi_paskami_na_zim_vds.jpg?v=1789654290,1,Męskie botki z ozdobnymi paskami na zimę
meskie-botki-z-ozdobnymi-paskami-na-zime,,,,,,,,,,,,,,,,,,https://cdn.shopify.com/s/files/1/0988/5725/5244/files/M_skie_botki_z_ozdobnymi_paskami_na_zim_vfd.jpg?v=1789654303,2,Męskie botki z ozdobnymi paskami na zimę
meskie-botki-z-ozdobnymi-paskami-na-zime,,,,,,,,,,,,,,,,,,https://cdn.shopify.com/s/files/1/0988/5725/5244/files/M_skie_botki_z_ozdobnymi_paskami_na_zim_vdsd.jpg?v=1789654313,3,Męskie botki z ozdobnymi paskami na zimę
meskie-botki-z-ozdobnymi-paskami-na-zime,,,,,,,,,,,,,,,,,,https://cdn.shopify.com/s/files/1/0988/5725/5244/files/M_skie_botki_z_ozdobnymi_paskami_na_zim_ffgrd.jpg?v=1789654331,4,Męskie botki z ozdobnymi paskami na zimę
meskie-botki-z-ozdobnymi-paskami-na-zime,,,,,,,,,,,,,,,,,,https://cdn.shopify.com/s/files/1/0988/5725/5244/files/M_skie_botki_z_ozdobnymi_paskami_na_zim_vffd.jpg?v=1789654345,5,Męskie botki z ozdobnymi paskami na zimę
meskie-wysokie-botki-z-paskami-na-jesien,Męskie wysokie botki z paskami na jesień,Kolor,Brązowy,Rozmiar,39,,,,0.0,shopify,continue,manual,354.95,,true,false,https://cdn.shopify.com/s/files/1/0988/5725/5244/files/M_skie_wysokie_botki_z_paskami_na_jesie_vds.jpg?v=1789654163,,,
meskie-wysokie-botki-z-paskami-na-jesien,,,Brązowy,,40,,,,0.0,shopify,continue,manual,354.95,,true,false,https://cdn.shopify.com/s/files/1/0988/5725/5244/files/M_skie_wysokie_botki_z_paskami_na_jesie_vds.jpg?v=1789654163,,,
meskie-wysokie-botki-z-paskami-na-jesien,,,Brązowy,,41,,,,0.0,shopify,continue,manual,354.95,,true,false,https://cdn.shopify.com/s/files/1/0988/5725/5244/files/M_skie_wysokie_botki_z_paskami_na_jesie_vds.jpg?v=1789654163,,,
meskie-wysokie-botki-z-paskami-na-jesien,,,Brązowy,,42,,,,0.0,shopify,continue,manual,354.95,,true,false,https://cdn.shopify.com/s/files/1/0988/5725/5244/files/M_skie_wysokie_botki_z_paskami_na_jesie_vds.jpg?v=1789654163,,,
meskie-wysokie-botki-z-paskami-na-jesien,,,Brązowy,,43,,,,0.0,shopify,continue,manual,354.95,,true,false,https://cdn.shopify.com/s/files/1/0988/5725/5244/files/M_skie_wysokie_botki_z_paskami_na_jesie_vds.jpg?v=1789654163,,,
meskie-wysokie-botki-z-paskami-na-jesien,,,Brązowy,,44,,,,0.0,shopify,continue,manual,354.95,,true,false,https://cdn.shopify.com/s/files/1/0988/5725/5244/files/M_skie_wysokie_botki_z_paskami_na_jesie_vds.jpg?v=1789654163,,,
meskie-wysokie-botki-z-paskami-na-jesien,,,Czerwony Wino,,39,,,,0.0,shopify,continue,manual,354.95,,true,false,https://cdn.shopify.com/s/files/1/0988/5725/5244/files/M_skie_wysokie_botki_z_paskami_na_jesie_vs.jpg?v=1789654173,,,
meskie-wysokie-botki-z-paskami-na-jesien,,,Czerwony Wino,,40,,,,0.0,shopify,continue,manual,354.95,,true,false,https://cdn.shopify.com/s/files/1/0988/5725/5244/files/M_skie_wysokie_botki_z_paskami_na_jesie_vs.jpg?v=1789654173,,,
meskie-wysokie-botki-z-paskami-na-jesien,,,Czerwony Wino,,41,,,,0.0,shopify,continue,manual,354.95,,true,false,https://cdn.shopify.com/s/files/1/0988/5725/5244/files/M_skie_wysokie_botki_z_paskami_na_jesie_vs.jpg?v=1789654173,,,
meskie-wysokie-botki-z-paskami-na-jesien,,,Czerwony Wino,,42,,,,0.0,shopify,continue,manual,354.95,,true,false,https://cdn.shopify.com/s/files/1/0988/5725/5244/files/M_skie_wysokie_botki_z_paskami_na_jesie_vs.jpg?v=1789654173,,,
meskie-wysokie-botki-z-paskami-na-jesien,,,Czerwony Wino,,43,,,,0.0,shopify,continue,manual,354.95,,true,false,https://cdn.shopify.com/s/files/1/0988/5725/5244/files/M_skie_wysokie_botki_z_paskami_na_jesie_vs.jpg?v=1789654173,,,
meskie-wysokie-botki-z-paskami-na-jesien,,,Czerwony Wino,,44,,,,0.0,shopify,continue,manual,354.95,,true,false,https://cdn.shopify.com/s/files/1/0988/5725/5244/files/M_skie_wysokie_botki_z_paskami_na_jesie_vs.jpg?v=1789654173,,,
meskie-wysokie-botki-z-paskami-na-jesien,,,Czarny,,39,,,,0.0,shopify,continue,manual,354.95,,true,false,https://cdn.shopify.com/s/files/1/0988/5725/5244/files/M_skie_wysokie_botki_z_paskami_na_jesie_fdf.jpg?v=1789654188,,,
meskie-wysokie-botki-z-paskami-na-jesien,,,Czarny,,40,,,,0.0,shopify,continue,manual,354.95,,true,false,https://cdn.shopify.com/s/files/1/0988/5725/5244/files/M_skie_wysokie_botki_z_paskami_na_jesie_fdf.jpg?v=1789654188,,,
meskie-wysokie-botki-z-paskami-na-jesien,,,Czarny,,41,,,,0.0,shopify,continue,manual,354.95,,true,false,https://cdn.shopify.com/s/files/1/0988/5725/5244/files/M_skie_wysokie_botki_z_paskami_na_jesie_fdf.jpg?v=1789654188,,,
meskie-wysokie-botki-z-paskami-na-jesien,,,Czarny,,42,,,,0.0,shopify,continue,manual,354.95,,true,false,https://cdn.shopify.com/s/files/1/0988/5725/5244/files/M_skie_wysokie_botki_z_paskami_na_jesie_fdf.jpg?v=1789654188,,,
meskie-wysokie-botki-z-paskami-na-jesien,,,Czarny,,43,,,,0.0,shopify,continue,manual,354.95,,true,false,https://cdn.shopify.com/s/files/1/0988/5725/5244/files/M_skie_wysokie_botki_z_paskami_na_jesie_fdf.jpg?v=1789654188,,,
meskie-wysokie-botki-z-paskami-na-jesien,,,Czarny,,44,,,,0.0,shopify,continue,manual,354.95,,true,false,https://cdn.shopify.com/s/files/1/0988/5725/5244/files/M_skie_wysokie_botki_z_paskami_na_jesie_fdf.jpg?v=1789654188,,,
meskie-wysokie-botki-z-paskami-na-jesien,,,Ciemnobrązowy,,39,,,,0.0,shopify,continue,manual,354.95,,true,false,https://cdn.shopify.com/s/files/1/0988/5725/5244/files/M_skie_wysokie_botki_z_paskami_na_jesie_fgfgd.jpg?v=1789654205,,,
meskie-wysokie-botki-z-paskami-na-jesien,,,Ciemnobrązowy,,40,,,,0.0,shopify,continue,manual,354.95,,true,false,https://cdn.shopify.com/s/files/1/0988/5725/5244/files/M_skie_wysokie_botki_z_paskami_na_jesie_fgfgd.jpg?v=1789654205,,,
meskie-wysokie-botki-z-paskami-na-jesien,,,Ciemnobrązowy,,41,,,,0.0,shopify,continue,manual,354.95,,true,false,https://cdn.shopify.com/s/files/1/0988/5725/5244/files/M_skie_wysokie_botki_z_paskami_na_jesie_fgfgd.jpg?v=1789654205,,,
meskie-wysokie-botki-z-paskami-na-jesien,,,Ciemnobrązowy,,42,,,,0.0,shopify,continue,manual,354.95,,true,false,https://cdn.shopify.com/s/files/1/0988/5725/5244/files/M_skie_wysokie_botki_z_paskami_na_jesie_fgfgd.jpg?v=1789654205,,,
meskie-wysokie-botki-z-paskami-na-jesien,,,Ciemnobrązowy,,43,,,,0.0,shopify,continue,manual,354.95,,true,false,https://cdn.shopify.com/s/files/1/0988/5725/5244/files/M_skie_wysokie_botki_z_paskami_na_jesie_fgfgd.jpg?v=1789654205,,,
meskie-wysokie-botki-z-paskami-na-jesien,,,Ciemnobrązowy,,44,,,,0.0,shopify,continue,manual,354.95,,true,false,https://cdn.shopify.com/s/files/1/0988/5725/5244/files/M_skie_wysokie_botki_z_paskami_na_jesie_fgfgd.jpg?v=1789654205,,,
meskie-wysokie-botki-z-paskami-na-jesien,,,Brązowy,,45,,,,0.0,shopify,continue,manual,354.95,,true,false,,,,
meskie-wysokie-botki-z-paskami-na-jesien,,,Brązowy,,46,,,,0.0,shopify,continue,manual,354.95,,true,false,,,,
meskie-wysokie-botki-z-paskami-na-jesien,,,Czerwony Wino,,45,,,,0.0,shopify,continue,manual,354.95,,true,false,,,,
meskie-wysokie-botki-z-paskami-na-jesien,,,Czerwony Wino,,46,,,,0.0,shopify,continue,manual,354.95,,true,false,,,,
meskie-wysokie-botki-z-paskami-na-jesien,,,Czarny,,45,,,,0.0,shopify,continue,manual,354.95,,true,false,,,,
meskie-wysokie-botki-z-paskami-na-jesien,,,Czarny,,46,,,,0.0,shopify,continue,manual,354.95,,true,false,,,,
meskie-wysokie-botki-z-paskami-na-jesien,,,Ciemnobrązowy,,45,,,,0.0,shopify,continue,manual,354.95,,true,false,,,,
meskie-wysokie-botki-z-paskami-na-jesien,,,Ciemnobrązowy,,46,,,,0.0,shopify,continue,manual,354.95,,true,false,,,,
meskie-wysokie-botki-z-paskami-na-jesien,,,,,,,,,,,,,,,,,,https://cdn.shopify.com/s/files/1/0988/5725/5244/files/M_skie_wysokie_botki_z_paskami_na_jesie_vds.jpg?v=1789654163,1,Męskie wysokie botki z paskami na jesień
meskie-wysokie-botki-z-paskami-na-jesien,,,,,,,,,,,,,,,,,,https://cdn.shopify.com/s/files/1/0988/5725/5244/files/M_skie_wysokie_botki_z_paskami_na_jesie_vs.jpg?v=1789654173,2,Męskie wysokie botki z paskami na jesień
meskie-wysokie-botki-z-paskami-na-jesien,,,,,,,,,,,,,,,,,,https://cdn.shopify.com/s/files/1/0988/5725/5244/files/M_skie_wysokie_botki_z_paskami_na_jesie_fdf.jpg?v=1789654188,3,Męskie wysokie botki z paskami na jesień
meskie-wysokie-botki-z-paskami-na-jesien,,,,,,,,,,,,,,,,,,https://cdn.shopify.com/s/files/1/0988/5725/5244/files/M_skie_wysokie_botki_z_paskami_na_jesie_fgfgd.jpg?v=1789654205,4,Męskie wysokie botki z paskami na jesień
meskie-wysokie-botki-z-paskami-na-jesien,,,,,,,,,,,,,,,,,,https://cdn.shopify.com/s/files/1/0988/5725/5244/files/M_skie_wysokie_botki_z_paskami_na_jesie_bfgr.jpg?v=1789654228,5,Męskie wysokie botki z paskami na jesień
meskie-wysokie-botki-z-paskami-na-jesien,,,,,,,,,,,,,,,,,,https://cdn.shopify.com/s/files/1/0988/5725/5244/files/M_skie_wysokie_botki_z_paskami_na_jesie_ffdf.jpg?v=1789654242,6,Męskie wysokie botki z paskami na jesień
meskie-botki-sznurowane-na-chlodniejsze-dni-jesienia,Męskie botki sznurowane na chłodniejsze dni jesienią,Kolor,Brązowy,Rozmiar,39,,,,0.0,shopify,continue,manual,254.95,,true,false,https://cdn.shopify.com/s/files/1/0988/5725/5244/files/M_skie_botki_sznurowane_na_ch_odniejsze_dni_jesieni_vdsf.jpg?v=1789654079,,,
meskie-botki-sznurowane-na-chlodniejsze-dni-jesienia,,,Brązowy,,40,,,,0.0,shopify,continue,manual,254.95,,true,false,https://cdn.shopify.com/s/files/1/0988/5725/5244/files/M_skie_botki_sznurowane_na_ch_odniejsze_dni_jesieni_vdsf.jpg?v=1789654079,,,
meskie-botki-sznurowane-na-chlodniejsze-dni-jesienia,,,Brązowy,,41,,,,0.0,shopify,continue,manual,254.95,,true,false,https://cdn.shopify.com/s/files/1/0988/5725/5244/files/M_skie_botki_sznurowane_na_ch_odniejsze_dni_jesieni_vdsf.jpg?v=1789654079,,,
meskie-botki-sznurowane-na-chlodniejsze-dni-jesienia,,,Brązowy,,42,,,,0.0,shopify,continue,manual,254.95,,true,false,https://cdn.shopify.com/s/files/1/0988/5725/5244/files/M_skie_botki_sznurowane_na_ch_odniejsze_dni_jesieni_vdsf.jpg?v=1789654079,,,
meskie-botki-sznurowane-na-chlodniejsze-dni-jesienia,,,Brązowy,,43,,,,0.0,shopify,continue,manual,254.95,,true,false,https://cdn.shopify.com/s/files/1/0988/5725/5244/files/M_skie_botki_sznurowane_na_ch_odniejsze_dni_jesieni_vdsf.jpg?v=1789654079,,,
meskie-botki-sznurowane-na-chlodniejsze-dni-jesienia,,,Brązowy,,44,,,,0.0,shopify,continue,manual,254.95,,true,false,https://cdn.shopify.com/s/files/1/0988/5725/5244/files/M_skie_botki_sznurowane_na_ch_odniejsze_dni_jesieni_vdsf.jpg?v=1789654079,,,
meskie-botki-sznurowane-na-chlodniejsze-dni-jesienia,,,Czarny,,39,,,,0.0,shopify,continue,manual,254.95,,true,false,https://cdn.shopify.com/s/files/1/0988/5725/5244/files/M_skie_botki_sznurowane_na_ch_odniejsze_dni_jesieni_vs.jpg?v=1789654088,,,
meskie-botki-sznurowane-na-chlodniejsze-dni-jesienia,,,Czarny,,40,,,,0.0,shopify,continue,manual,254.95,,true,false,https://cdn.shopify.com/s/files/1/0988/5725/5244/files/M_skie_botki_sznurowane_na_ch_odniejsze_dni_jesieni_vs.jpg?v=1789654088,,,
meskie-botki-sznurowane-na-chlodniejsze-dni-jesienia,,,Czarny,,41,,,,0.0,shopify,continue,manual,254.95,,true,false,https://cdn.shopify.com/s/files/1/0988/5725/5244/files/M_skie_botki_sznurowane_na_ch_odniejsze_dni_jesieni_vs.jpg?v=1789654088,,,
meskie-botki-sznurowane-na-chlodniejsze-dni-jesienia,,,Czarny,,42,,,,0.0,shopify,continue,manual,254.95,,true,false,https://cdn.shopify.com/s/files/1/0988/5725/5244/files/M_skie_botki_sznurowane_na_ch_odniejsze_dni_jesieni_vs.jpg?v=1789654088,,,
meskie-botki-sznurowane-na-chlodniejsze-dni-jesienia,,,Czarny,,43,,,,0.0,shopify,continue,manual,254.95,,true,false,https://cdn.shopify.com/s/files/1/0988/5725/5244/files/M_skie_botki_sznurowane_na_ch_odniejsze_dni_jesieni_vs.jpg?v=1789654088,,,
meskie-botki-sznurowane-na-chlodniejsze-dni-jesienia,,,Czarny,,44,,,,0.0,shopify,continue,manual,254.95,,true,false,https://cdn.shopify.com/s/files/1/0988/5725/5244/files/M_skie_botki_sznurowane_na_ch_odniejsze_dni_jesieni_vs.jpg?v=1789654088,,,
meskie-botki-sznurowane-na-chlodniejsze-dni-jesienia,,,Brązowy,,45,,,,0.0,shopify,continue,manual,254.95,,true,false,,,,
meskie-botki-sznurowane-na-chlodniejsze-dni-jesienia,,,Brązowy,,46,,,,0.0,shopify,continue,manual,254.95,,true,false,,,,
meskie-botki-sznurowane-na-chlodniejsze-dni-jesienia,,,Czarny,,45,,,,0.0,shopify,continue,manual,254.95,,true,false,,,,
meskie-botki-sznurowane-na-chlodniejsze-dni-jesienia,,,Czarny,,46,,,,0.0,shopify,continue,manual,254.95,,true,false,,,,
meskie-botki-sznurowane-na-chlodniejsze-dni-jesienia,,,,,,,,,,,,,,,,,,https://cdn.shopify.com/s/files/1/0988/5725/5244/files/M_skie_botki_sznurowane_na_ch_odniejsze_dni_jesieni_vdsf.jpg?v=1789654079,1,Męskie botki sznurowane na chłodniejsze dni jesienią
meskie-botki-sznurowane-na-chlodniejsze-dni-jesienia,,,,,,,,,,,,,,,,,,https://cdn.shopify.com/s/files/1/0988/5725/5244/files/M_skie_botki_sznurowane_na_ch_odniejsze_dni_jesieni_vs.jpg?v=1789654088,2,Męskie botki sznurowane na chłodniejsze dni jesienią
meskie-botki-sznurowane-na-chlodniejsze-dni-jesienia,,,,,,,,,,,,,,,,,,https://cdn.shopify.com/s/files/1/0988/5725/5244/files/M_skie_botki_sznurowane_na_ch_odniejsze_dni_jesieni_vds.jpg?v=1789654096,3,Męskie botki sznurowane na chłodniejsze dni jesienią
meskie-botki-sznurowane-na-chlodniejsze-dni-jesienia,,,,,,,,,,,,,,,,,,https://cdn.shopify.com/s/files/1/0988/5725/5244/files/M_skie_botki_sznurowane_na_ch_odniejsze_dni_jesieni_vfre.jpg?v=1789654110,4,Męskie botki sznurowane na chłodniejsze dni jesienią
meskie-botki-sznurowane-na-chlodniejsze-dni-jesieni,Męskie botki sznurowane na chłodniejsze dni jesieni,Kolor,Brązowy,Rozmiar,39,,,,0.0,shopify,continue,manual,254.95,,true,false,https://cdn.shopify.com/s/files/1/0988/5725/5244/files/M_skie_botki_sznurowane_na_ch_odniejsze_dni_jesienivd.jpg?v=1789653975,,,
meskie-botki-sznurowane-na-chlodniejsze-dni-jesieni,,,Brązowy,,40,,,,0.0,shopify,continue,manual,254.95,,true,false,https://cdn.shopify.com/s/files/1/0988/5725/5244/files/M_skie_botki_sznurowane_na_ch_odniejsze_dni_jesienivd.jpg?v=1789653975,,,
meskie-botki-sznurowane-na-chlodniejsze-dni-jesieni,,,Brązowy,,41,,,,0.0,shopify,continue,manual,254.95,,true,false,https://cdn.shopify.com/s/files/1/0988/5725/5244/files/M_skie_botki_sznurowane_na_ch_odniejsze_dni_jesienivd.jpg?v=1789653975,,,
meskie-botki-sznurowane-na-chlodniejsze-dni-jesieni,,,Brązowy,,42,,,,0.0,shopify,continue,manual,254.95,,true,false,https://cdn.shopify.com/s/files/1/0988/5725/5244/files/M_skie_botki_sznurowane_na_ch_odniejsze_dni_jesienivd.jpg?v=1789653975,,,
meskie-botki-sznurowane-na-chlodniejsze-dni-jesieni,,,Brązowy,,43,,,,0.0,shopify,continue,manual,254.95,,true,false,https://cdn.shopify.com/s/files/1/0988/5725/5244/files/M_skie_botki_sznurowane_na_ch_odniejsze_dni_jesienivd.jpg?v=1789653975,,,
meskie-botki-sznurowane-na-chlodniejsze-dni-jesieni,,,Brązowy,,44,,,,0.0,shopify,continue,manual,254.95,,true,false,https://cdn.shopify.com/s/files/1/0988/5725/5244/files/M_skie_botki_sznurowane_na_ch_odniejsze_dni_jesienivd.jpg?v=1789653975,,,
meskie-botki-sznurowane-na-chlodniejsze-dni-jesieni,,,Ciemnobrązowy,,39,,,,0.0,shopify,continue,manual,254.95,,true,false,https://cdn.shopify.com/s/files/1/0988/5725/5244/files/M_skie_botki_sznurowane_na_ch_odniejsze_dni_jesienivdfs.jpg?v=1789653984,,,
meskie-botki-sznurowane-na-chlodniejsze-dni-jesieni,,,Ciemnobrązowy,,40,,,,0.0,shopify,continue,manual,254.95,,true,false,https://cdn.shopify.com/s/files/1/0988/5725/5244/files/M_skie_botki_sznurowane_na_ch_odniejsze_dni_jesienivdfs.jpg?v=1789653984,,,
meskie-botki-sznurowane-na-chlodniejsze-dni-jesieni,,,Ciemnobrązowy,,41,,,,0.0,shopify,continue,manual,254.95,,true,false,https://cdn.shopify.com/s/files/1/0988/5725/5244/files/M_skie_botki_sznurowane_na_ch_odniejsze_dni_jesienivdfs.jpg?v=1789653984,,,
meskie-botki-sznurowane-na-chlodniejsze-dni-jesieni,,,Ciemnobrązowy,,42,,,,0.0,shopify,continue,manual,254.95,,true,false,https://cdn.shopify.com/s/files/1/0988/5725/5244/files/M_skie_botki_sznurowane_na_ch_odniejsze_dni_jesienivdfs.jpg?v=1789653984,,,
meskie-botki-sznurowane-na-chlodniejsze-dni-jesieni,,,Ciemnobrązowy,,43,,,,0.0,shopify,continue,manual,254.95,,true,false,https://cdn.shopify.com/s/files/1/0988/5725/5244/files/M_skie_botki_sznurowane_na_ch_odniejsze_dni_jesienivdfs.jpg?v=1789653984,,,
meskie-botki-sznurowane-na-chlodniejsze-dni-jesieni,,,Ciemnobrązowy,,44,,,,0.0,shopify,continue,manual,254.95,,true,false,https://cdn.shopify.com/s/files/1/0988/5725/5244/files/M_skie_botki_sznurowane_na_ch_odniejsze_dni_jesienivdfs.jpg?v=1789653984,,,
meskie-botki-sznurowane-na-chlodniejsze-dni-jesieni,,,Czarny,,39,,,,0.0,shopify,continue,manual,254.95,,true,false,https://cdn.shopify.com/s/files/1/0988/5725/5244/files/M_skie_botki_sznurowane_na_ch_odniejsze_dni_jesienivds.jpg?v=1789653992,,,
meskie-botki-sznurowane-na-chlodniejsze-dni-jesieni,,,Czarny,,40,,,,0.0,shopify,continue,manual,254.95,,true,false,https://cdn.shopify.com/s/files/1/0988/5725/5244/files/M_skie_botki_sznurowane_na_ch_odniejsze_dni_jesienivds.jpg?v=1789653992,,,
meskie-botki-sznurowane-na-chlodniejsze-dni-jesieni,,,Czarny,,41,,,,0.0,shopify,continue,manual,254.95,,true,false,https://cdn.shopify.com/s/files/1/0988/5725/5244/files/M_skie_botki_sznurowane_na_ch_odniejsze_dni_jesienivds.jpg?v=1789653992,,,
meskie-botki-sznurowane-na-chlodniejsze-dni-jesieni,,,Czarny,,42,,,,0.0,shopify,continue,manual,254.95,,true,false,https://cdn.shopify.com/s/files/1/0988/5725/5244/files/M_skie_botki_sznurowane_na_ch_odniejsze_dni_jesienivds.jpg?v=1789653992,,,
meskie-botki-sznurowane-na-chlodniejsze-dni-jesieni,,,Czarny,,43,,,,0.0,shopify,continue,manual,254.95,,true,false,https://cdn.shopify.com/s/files/1/0988/5725/5244/files/M_skie_botki_sznurowane_na_ch_odniejsze_dni_jesienivds.jpg?v=1789653992,,,
meskie-botki-sznurowane-na-chlodniejsze-dni-jesieni,,,Czarny,,44,,,,0.0,shopify,continue,manual,254.95,,true,false,https://cdn.shopify.com/s/files/1/0988/5725/5244/files/M_skie_botki_sznurowane_na_ch_odniejsze_dni_jesienivds.jpg?v=1789653992,,,
meskie-botki-sznurowane-na-chlodniejsze-dni-jesieni,,,Brązowy,,45,,,,0.0,shopify,continue,manual,254.95,,true,false,,,,
meskie-botki-sznurowane-na-chlodniejsze-dni-jesieni,,,Brązowy,,46,,,,0.0,shopify,continue,manual,254.95,,true,false,,,,
meskie-botki-sznurowane-na-chlodniejsze-dni-jesieni,,,Ciemnobrązowy,,45,,,,0.0,shopify,continue,manual,254.95,,true,false,,,,
meskie-botki-sznurowane-na-chlodniejsze-dni-jesieni,,,Ciemnobrązowy,,46,,,,0.0,shopify,continue,manual,254.95,,true,false,,,,
meskie-botki-sznurowane-na-chlodniejsze-dni-jesieni,,,Czarny,,45,,,,0.0,shopify,continue,manual,254.95,,true,false,,,,
meskie-botki-sznurowane-na-chlodniejsze-dni-jesieni,,,Czarny,,46,,,,0.0,shopify,continue,manual,254.95,,true,false,,,,
meskie-botki-sznurowane-na-chlodniejsze-dni-jesieni,,,,,,,,,,,,,,,,,,https://cdn.shopify.com/s/files/1/0988/5725/5244/files/M_skie_botki_sznurowane_na_ch_odniejsze_dni_jesienivd.jpg?v=1789653975,1,Męskie botki sznurowane na chłodniejsze dni jesieni
meskie-botki-sznurowane-na-chlodniejsze-dni-jesieni,,,,,,,,,,,,,,,,,,https://cdn.shopify.com/s/files/1/0988/5725/5244/files/M_skie_botki_sznurowane_na_ch_odniejsze_dni_jesienivdfs.jpg?v=1789653984,2,Męskie botki sznurowane na chłodniejsze dni jesieni
meskie-botki-sznurowane-na-chlodniejsze-dni-jesieni,,,,,,,,,,,,,,,,,,https://cdn.shopify.com/s/files/1/0988/5725/5244/files/M_skie_botki_sznurowane_na_ch_odniejsze_dni_jesienivds.jpg?v=1789653992,3,Męskie botki sznurowane na chłodniejsze dni jesieni
meskie-botki-sznurowane-na-chlodniejsze-dni-jesieni,,,,,,,,,,,,,,,,,,https://cdn.shopify.com/s/files/1/0988/5725/5244/files/M_skie_botki_sznurowane_na_ch_odniejsze_dni_jesieniyuty.jpg?v=1789654006,4,Męskie botki sznurowane na chłodniejsze dni jesieni
meskie-botki-sznurowane-na-chlodniejsze-dni-jesieni,,,,,,,,,,,,,,,,,,https://cdn.shopify.com/s/files/1/0988/5725/5244/files/M_skie_botki_sznurowane_na_ch_odniejsze_dni_jesienivdfe.jpg?v=1789654020,5,Męskie botki sznurowane na chłodniejsze dni jesieni
meskie-botki-sznurowane-na-chlodniejsze-dni-jesieni,,,,,,,,,,,,,,,,,,https://cdn.shopify.com/s/files/1/0988/5725/5244/files/M_skie_botki_sznurowane_na_ch_odniejsze_dni_jesienivdf.jpg?v=1789654030,6,Męskie botki sznurowane na chłodniejsze dni jesieni
meskie-mokasyny-z-eleganckim-charakterem-na-rozne-okazje,Męskie mokasyny z eleganckim charakterem na różne okazje,Kolor,Granatowy,Rozmiar,39,,,,0.0,shopify,continue,manual,254.95,,true,false,https://cdn.shopify.com/s/files/1/0988/5725/5244/files/M_skie_mokasyny_z_eleganckim_charakterem_na_r_ne_okazjevfgre.jpg?v=1789653890,,,
meskie-mokasyny-z-eleganckim-charakterem-na-rozne-okazje,,,Granatowy,,40,,,,0.0,shopify,continue,manual,254.95,,true,false,https://cdn.shopify.com/s/files/1/0988/5725/5244/files/M_skie_mokasyny_z_eleganckim_charakterem_na_r_ne_okazjevfgre.jpg?v=1789653890,,,
meskie-mokasyny-z-eleganckim-charakterem-na-rozne-okazje,,,Granatowy,,41,,,,0.0,shopify,continue,manual,254.95,,true,false,https://cdn.shopify.com/s/files/1/0988/5725/5244/files/M_skie_mokasyny_z_eleganckim_charakterem_na_r_ne_okazjevfgre.jpg?v=1789653890,,,
meskie-mokasyny-z-eleganckim-charakterem-na-rozne-okazje,,,Granatowy,,42,,,,0.0,shopify,continue,manual,254.95,,true,false,https://cdn.shopify.com/s/files/1/0988/5725/5244/files/M_skie_mokasyny_z_eleganckim_charakterem_na_r_ne_okazjevfgre.jpg?v=1789653890,,,
meskie-mokasyny-z-eleganckim-charakterem-na-rozne-okazje,,,Granatowy,,43,,,,0.0,shopify,continue,manual,254.95,,true,false,https://cdn.shopify.com/s/files/1/0988/5725/5244/files/M_skie_mokasyny_z_eleganckim_charakterem_na_r_ne_okazjevfgre.jpg?v=1789653890,,,
meskie-mokasyny-z-eleganckim-charakterem-na-rozne-okazje,,,Granatowy,,44,,,,0.0,shopify,continue,manual,254.95,,true,false,https://cdn.shopify.com/s/files/1/0988/5725/5244/files/M_skie_mokasyny_z_eleganckim_charakterem_na_r_ne_okazjevfgre.jpg?v=1789653890,,,
meskie-mokasyny-z-eleganckim-charakterem-na-rozne-okazje,,,Czarny,,39,,,,0.0,shopify,continue,manual,254.95,,true,false,https://cdn.shopify.com/s/files/1/0988/5725/5244/files/M_skie_mokasyny_z_eleganckim_charakterem_na_r_ne_okazjevds.jpg?v=1789653903,,,
meskie-mokasyny-z-eleganckim-charakterem-na-rozne-okazje,,,Czarny,,40,,,,0.0,shopify,continue,manual,254.95,,true,false,https://cdn.shopify.com/s/files/1/0988/5725/5244/files/M_skie_mokasyny_z_eleganckim_charakterem_na_r_ne_okazjevds.jpg?v=1789653903,,,
meskie-mokasyny-z-eleganckim-charakterem-na-rozne-okazje,,,Czarny,,41,,,,0.0,shopify,continue,manual,254.95,,true,false,https://cdn.shopify.com/s/files/1/0988/5725/5244/files/M_skie_mokasyny_z_eleganckim_charakterem_na_r_ne_okazjevds.jpg?v=1789653903,,,
meskie-mokasyny-z-eleganckim-charakterem-na-rozne-okazje,,,Czarny,,42,,,,0.0,shopify,continue,manual,254.95,,true,false,https://cdn.shopify.com/s/files/1/0988/5725/5244/files/M_skie_mokasyny_z_eleganckim_charakterem_na_r_ne_okazjevds.jpg?v=1789653903,,,
meskie-mokasyny-z-eleganckim-charakterem-na-rozne-okazje,,,Czarny,,43,,,,0.0,shopify,continue,manual,254.95,,true,false,https://cdn.shopify.com/s/files/1/0988/5725/5244/files/M_skie_mokasyny_z_eleganckim_charakterem_na_r_ne_okazjevds.jpg?v=1789653903,,,
meskie-mokasyny-z-eleganckim-charakterem-na-rozne-okazje,,,Czarny,,44,,,,0.0,shopify,continue,manual,254.95,,true,false,https://cdn.shopify.com/s/files/1/0988/5725/5244/files/M_skie_mokasyny_z_eleganckim_charakterem_na_r_ne_okazjevds.jpg?v=1789653903,,,
meskie-mokasyny-z-eleganckim-charakterem-na-rozne-okazje,,,Brązowy,,39,,,,0.0,shopify,continue,manual,254.95,,true,false,https://cdn.shopify.com/s/files/1/0988/5725/5244/files/M_skie_mokasyny_z_eleganckim_charakterem_na_r_ne_okazjevdd.jpg?v=1789653912,,,
meskie-mokasyny-z-eleganckim-charakterem-na-rozne-okazje,,,Brązowy,,40,,,,0.0,shopify,continue,manual,254.95,,true,false,https://cdn.shopify.com/s/files/1/0988/5725/5244/files/M_skie_mokasyny_z_eleganckim_charakterem_na_r_ne_okazjevdd.jpg?v=1789653912,,,
meskie-mokasyny-z-eleganckim-charakterem-na-rozne-okazje,,,Brązowy,,41,,,,0.0,shopify,continue,manual,254.95,,true,false,https://cdn.shopify.com/s/files/1/0988/5725/5244/files/M_skie_mokasyny_z_eleganckim_charakterem_na_r_ne_okazjevdd.jpg?v=1789653912,,,
meskie-mokasyny-z-eleganckim-charakterem-na-rozne-okazje,,,Brązowy,,42,,,,0.0,shopify,continue,manual,254.95,,true,false,https://cdn.shopify.com/s/files/1/0988/5725/5244/files/M_skie_mokasyny_z_eleganckim_charakterem_na_r_ne_okazjevdd.jpg?v=1789653912,,,
meskie-mokasyny-z-eleganckim-charakterem-na-rozne-okazje,,,Brązowy,,43,,,,0.0,shopify,continue,manual,254.95,,true,false,https://cdn.shopify.com/s/files/1/0988/5725/5244/files/M_skie_mokasyny_z_eleganckim_charakterem_na_r_ne_okazjevdd.jpg?v=1789653912,,,
meskie-mokasyny-z-eleganckim-charakterem-na-rozne-okazje,,,Brązowy,,44,,,,0.0,shopify,continue,manual,254.95,,true,false,https://cdn.shopify.com/s/files/1/0988/5725/5244/files/M_skie_mokasyny_z_eleganckim_charakterem_na_r_ne_okazjevdd.jpg?v=1789653912,,,
meskie-mokasyny-z-eleganckim-charakterem-na-rozne-okazje,,,Granatowy,,45,,,,0.0,shopify,continue,manual,254.95,,true,false,,,,
meskie-mokasyny-z-eleganckim-charakterem-na-rozne-okazje,,,Granatowy,,46,,,,0.0,shopify,continue,manual,254.95,,true,false,,,,
meskie-mokasyny-z-eleganckim-charakterem-na-rozne-okazje,,,Czarny,,45,,,,0.0,shopify,continue,manual,254.95,,true,false,,,,
meskie-mokasyny-z-eleganckim-charakterem-na-rozne-okazje,,,Czarny,,46,,,,0.0,shopify,continue,manual,254.95,,true,false,,,,
meskie-mokasyny-z-eleganckim-charakterem-na-rozne-okazje,,,Brązowy,,45,,,,0.0,shopify,continue,manual,254.95,,true,false,,,,
meskie-mokasyny-z-eleganckim-charakterem-na-rozne-okazje,,,Brązowy,,46,,,,0.0,shopify,continue,manual,254.95,,true,false,,,,
meskie-mokasyny-z-eleganckim-charakterem-na-rozne-okazje,,,,,,,,,,,,,,,,,,https://cdn.shopify.com/s/files/1/0988/5725/5244/files/M_skie_mokasyny_z_eleganckim_charakterem_na_r_ne_okazjevd.jpg?v=1789653877,1,Męskie mokasyny z eleganckim charakterem na różne okazje
meskie-mokasyny-z-eleganckim-charakterem-na-rozne-okazje,,,,,,,,,,,,,,,,,,https://cdn.shopify.com/s/files/1/0988/5725/5244/files/M_skie_mokasyny_z_eleganckim_charakterem_na_r_ne_okazjevfgre.jpg?v=1789653890,2,Męskie mokasyny z eleganckim charakterem na różne okazje
meskie-mokasyny-z-eleganckim-charakterem-na-rozne-okazje,,,,,,,,,,,,,,,,,,https://cdn.shopify.com/s/files/1/0988/5725/5244/files/M_skie_mokasyny_z_eleganckim_charakterem_na_r_ne_okazjevds.jpg?v=1789653903,3,Męskie mokasyny z eleganckim charakterem na różne okazje
meskie-mokasyny-z-eleganckim-charakterem-na-rozne-okazje,,,,,,,,,,,,,,,,,,https://cdn.shopify.com/s/files/1/0988/5725/5244/files/M_skie_mokasyny_z_eleganckim_charakterem_na_r_ne_okazjevdd.jpg?v=1789653912,4,Męskie mokasyny z eleganckim charakterem na różne okazje
meskie-mokasyny-z-eleganckim-charakterem-na-rozne-okazje,,,,,,,,,,,,,,,,,,https://cdn.shopify.com/s/files/1/0988/5725/5244/files/M_skie_mokasyny_z_elM_skie_mokasyny_z_eleganckim_charakterem_na_r_ne_okazjeyghteganckim_charakterem_na_r_ne_okazjevds.jpg?v=1789653926,5,Męskie mokasyny z eleganckim charakterem na różne okazje
meskie-botki-o-eleganckim-charakterze-na-jesien,Męskie botki o eleganckim charakterze na jesień,Kolor,Brązowy,Rozmiar,39,,,,0.0,shopify,continue,manual,304.95,,true,false,https://cdn.shopify.com/s/files/1/0988/5725/5244/files/M_skie_botki_o_eleganckim_charakterze_na_jesie_vdsd.jpg?v=1789653625,,,
meskie-botki-o-eleganckim-charakterze-na-jesien,,,Brązowy,,40,,,,0.0,shopify,continue,manual,304.95,,true,false,https://cdn.shopify.com/s/files/1/0988/5725/5244/files/M_skie_botki_o_eleganckim_charakterze_na_jesie_vdsd.jpg?v=1789653625,,,
meskie-botki-o-eleganckim-charakterze-na-jesien,,,Brązowy,,41,,,,0.0,shopify,continue,manual,304.95,,true,false,https://cdn.shopify.com/s/files/1/0988/5725/5244/files/M_skie_botki_o_eleganckim_charakterze_na_jesie_vdsd.jpg?v=1789653625,,,
meskie-botki-o-eleganckim-charakterze-na-jesien,,,Brązowy,,42,,,,0.0,shopify,continue,manual,304.95,,true,false,https://cdn.shopify.com/s/files/1/0988/5725/5244/files/M_skie_botki_o_eleganckim_charakterze_na_jesie_vdsd.jpg?v=1789653625,,,
meskie-botki-o-eleganckim-charakterze-na-jesien,,,Brązowy,,43,,,,0.0,shopify,continue,manual,304.95,,true,false,https://cdn.shopify.com/s/files/1/0988/5725/5244/files/M_skie_botki_o_eleganckim_charakterze_na_jesie_vdsd.jpg?v=1789653625,,,
meskie-botki-o-eleganckim-charakterze-na-jesien,,,Brązowy,,44,,,,0.0,shopify,continue,manual,304.95,,true,false,https://cdn.shopify.com/s/files/1/0988/5725/5244/files/M_skie_botki_o_eleganckim_charakterze_na_jesie_vdsd.jpg?v=1789653625,,,
meskie-botki-o-eleganckim-charakterze-na-jesien,,,Czarny,,39,,,,0.0,shopify,continue,manual,304.95,,true,false,https://cdn.shopify.com/s/files/1/0988/5725/5244/files/M_skie_botki_o_eleganckim_charakterze_na_jesie_vd.jpg?v=1789653635,,,
meskie-botki-o-eleganckim-charakterze-na-jesien,,,Czarny,,40,,,,0.0,shopify,continue,manual,304.95,,true,false,https://cdn.shopify.com/s/files/1/0988/5725/5244/files/M_skie_botki_o_eleganckim_charakterze_na_jesie_vd.jpg?v=1789653635,,,
meskie-botki-o-eleganckim-charakterze-na-jesien,,,Czarny,,41,,,,0.0,shopify,continue,manual,304.95,,true,false,https://cdn.shopify.com/s/files/1/0988/5725/5244/files/M_skie_botki_o_eleganckim_charakterze_na_jesie_vd.jpg?v=1789653635,,,
meskie-botki-o-eleganckim-charakterze-na-jesien,,,Czarny,,42,,,,0.0,shopify,continue,manual,304.95,,true,false,https://cdn.shopify.com/s/files/1/0988/5725/5244/files/M_skie_botki_o_eleganckim_charakterze_na_jesie_vd.jpg?v=1789653635,,,
meskie-botki-o-eleganckim-charakterze-na-jesien,,,Czarny,,43,,,,0.0,shopify,continue,manual,304.95,,true,false,https://cdn.shopify.com/s/files/1/0988/5725/5244/files/M_skie_botki_o_eleganckim_charakterze_na_jesie_vd.jpg?v=1789653635,,,
meskie-botki-o-eleganckim-charakterze-na-jesien,,,Czarny,,44,,,,0.0,shopify,continue,manual,304.95,,true,false,https://cdn.shopify.com/s/files/1/0988/5725/5244/files/M_skie_botki_o_eleganckim_charakterze_na_jesie_vd.jpg?v=1789653635,,,
meskie-botki-o-eleganckim-charakterze-na-jesien,,,Brązowy,,45,,,,0.0,shopify,continue,manual,304.95,,true,false,,,,
meskie-botki-o-eleganckim-charakterze-na-jesien,,,Brązowy,,46,,,,0.0,shopify,continue,manual,304.95,,true,false,,,,
meskie-botki-o-eleganckim-charakterze-na-jesien,,,Czarny,,45,,,,0.0,shopify,continue,manual,304.95,,true,false,,,,
meskie-botki-o-eleganckim-charakterze-na-jesien,,,Czarny,,46,,,,0.0,shopify,continue,manual,304.95,,true,false,,,,
meskie-botki-o-eleganckim-charakterze-na-jesien,,,,,,,,,,,,,,,,,,https://cdn.shopify.com/s/files/1/0988/5725/5244/files/M_skie_botki_o_eleganckim_charakterze_na_jesie_vdsd.jpg?v=1789653625,1,Męskie botki o eleganckim charakterze na jesień
meskie-botki-o-eleganckim-charakterze-na-jesien,,,,,,,,,,,,,,,,,,https://cdn.shopify.com/s/files/1/0988/5725/5244/files/M_skie_botki_o_eleganckim_charakterze_na_jesie_vd.jpg?v=1789653635,2,Męskie botki o eleganckim charakterze na jesień
meskie-botki-o-eleganckim-charakterze-na-jesien,,,,,,,,,,,,,,,,,,https://cdn.shopify.com/s/files/1/0988/5725/5244/files/M_skie_botki_o_eleganckim_charakterze_na_jesie_vds.jpg?v=1789653645,3,Męskie botki o eleganckim charakterze na jesień
meskie-botki-o-eleganckim-charakterze-na-jesien,,,,,,,,,,,,,,,,,,https://cdn.shopify.com/s/files/1/0988/5725/5244/files/M_skie_botki_o_eleganckim_charakterze_na_jesie_bfgr.jpg?v=1789653657,4,Męskie botki o eleganckim charakterze na jesień
meskie-botki-o-eleganckim-charakterze-na-jesien,,,,,,,,,,,,,,,,,,https://cdn.shopify.com/s/files/1/0988/5725/5244/files/M_skie_botki_o_eleganckim_charakterze_na_jesie_vdf.jpg?v=1789653670,5,Męskie botki o eleganckim charakterze na jesień
meskie-botki-kowbojskie-do-wyrazistych-zestawow,Męskie botki kowbojskie do wyrazistych zestawów,Kolor,Czarny,Rozmiar,39,,,,0.0,shopify,continue,manual,254.95,423.95,true,false,https://cdn.shopify.com/s/files/1/0988/5725/5244/files/M_skie_botki_kowbojskie_do_wyrazistych_zestaw_wfg.webp?v=1789637888,,,
meskie-botki-kowbojskie-do-wyrazistych-zestawow,,,Czarny,,40,,,,0.0,shopify,continue,manual,254.95,423.95,true,false,https://cdn.shopify.com/s/files/1/0988/5725/5244/files/M_skie_botki_kowbojskie_do_wyrazistych_zestaw_wfg.webp?v=1789637888,,,
meskie-botki-kowbojskie-do-wyrazistych-zestawow,,,Czarny,,41,,,,0.0,shopify,continue,manual,254.95,423.95,true,false,https://cdn.shopify.com/s/files/1/0988/5725/5244/files/M_skie_botki_kowbojskie_do_wyrazistych_zestaw_wfg.webp?v=1789637888,,,
meskie-botki-kowbojskie-do-wyrazistych-zestawow,,,Czarny,,42,,,,0.0,shopify,continue,manual,254.95,423.95,true,false,https://cdn.shopify.com/s/files/1/0988/5725/5244/files/M_skie_botki_kowbojskie_do_wyrazistych_zestaw_wfg.webp?v=1789637888,,,
meskie-botki-kowbojskie-do-wyrazistych-zestawow,,,Czarny,,43,,,,0.0,shopify,continue,manual,254.95,423.95,true,false,https://cdn.shopify.com/s/files/1/0988/5725/5244/files/M_skie_botki_kowbojskie_do_wyrazistych_zestaw_wfg.webp?v=1789637888,,,
meskie-botki-kowbojskie-do-wyrazistych-zestawow,,,Czarny,,44,,,,0.0,shopify,continue,manual,254.95,423.95,true,false,https://cdn.shopify.com/s/files/1/0988/5725/5244/files/M_skie_botki_kowbojskie_do_wyrazistych_zestaw_wfg.webp?v=1789637888,,,
meskie-botki-kowbojskie-do-wyrazistych-zestawow,,,Brązowy,,39,,,,0.0,shopify,continue,manual,254.95,423.95,true,false,https://cdn.shopify.com/s/files/1/0988/5725/5244/files/M_skie_botki_kowbojskie_do_wyrazistych_zestaw_wmj.webp?v=1789637895,,,
meskie-botki-kowbojskie-do-wyrazistych-zestawow,,,Brązowy,,40,,,,0.0,shopify,continue,manual,254.95,423.95,true,false,https://cdn.shopify.com/s/files/1/0988/5725/5244/files/M_skie_botki_kowbojskie_do_wyrazistych_zestaw_wmj.webp?v=1789637895,,,
meskie-botki-kowbojskie-do-wyrazistych-zestawow,,,Brązowy,,41,,,,0.0,shopify,continue,manual,254.95,423.95,true,false,https://cdn.shopify.com/s/files/1/0988/5725/5244/files/M_skie_botki_kowbojskie_do_wyrazistych_zestaw_wmj.webp?v=1789637895,,,
meskie-botki-kowbojskie-do-wyrazistych-zestawow,,,Brązowy,,42,,,,0.0,shopify,continue,manual,254.95,423.95,true,false,https://cdn.shopify.com/s/files/1/0988/5725/5244/files/M_skie_botki_kowbojskie_do_wyrazistych_zestaw_wmj.webp?v=1789637895,,,
meskie-botki-kowbojskie-do-wyrazistych-zestawow,,,Brązowy,,43,,,,0.0,shopify,continue,manual,254.95,423.95,true,false,https://cdn.shopify.com/s/files/1/0988/5725/5244/files/M_skie_botki_kowbojskie_do_wyrazistych_zestaw_wmj.webp?v=1789637895,,,
meskie-botki-kowbojskie-do-wyrazistych-zestawow,,,Brązowy,,44,,,,0.0,shopify,continue,manual,254.95,423.95,true,false,https://cdn.shopify.com/s/files/1/0988/5725/5244/files/M_skie_botki_kowbojskie_do_wyrazistych_zestaw_wmj.webp?v=1789637895,,,
meskie-botki-kowbojskie-do-wyrazistych-zestawow,,,Czarny,,45,,,,0.0,shopify,continue,manual,254.95,423.95,true,false,,,,
meskie-botki-kowbojskie-do-wyrazistych-zestawow,,,Czarny,,46,,,,0.0,shopify,continue,manual,254.95,423.95,true,false,,,,
meskie-botki-kowbojskie-do-wyrazistych-zestawow,,,Brązowy,,45,,,,0.0,shopify,continue,manual,254.95,423.95,true,false,,,,
meskie-botki-kowbojskie-do-wyrazistych-zestawow,,,Brązowy,,46,,,,0.0,shopify,continue,manual,254.95,423.95,true,false,,,,
meskie-botki-kowbojskie-do-wyrazistych-zestawow,,,,,,,,,,,,,,,,,,https://cdn.shopify.com/s/files/1/0988/5725/5244/files/M_skie_botki_kowbojskie_do_wyrazistych_zestaw_wfg.webp?v=1789637888,1,Męskie botki kowbojskie do wyrazistych zestawów
meskie-botki-kowbojskie-do-wyrazistych-zestawow,,,,,,,,,,,,,,,,,,https://cdn.shopify.com/s/files/1/0988/5725/5244/files/M_skie_botki_kowbojskie_do_wyrazistych_zestaw_wmj.webp?v=1789637895,2,Męskie botki kowbojskie do wyrazistych zestawów
meskie-sneakersy-do-miejskich-zestawien-przez-caly-rok,Męskie sneakersy do miejskich zestawień przez cały rok,Kolor,Biały,Rozmiar,39,,,,0.0,shopify,continue,manual,254.94,423.95,true,false,https://cdn.shopify.com/s/files/1/0988/5725/5244/files/M_skie_sneakersy_do_miejskich_zestawie_przez_ca_y_rokkj.jpg?v=1789637496,,,
meskie-sneakersy-do-miejskich-zestawien-przez-caly-rok,,,Biały,,40,,,,0.0,shopify,continue,manual,254.94,423.95,true,false,https://cdn.shopify.com/s/files/1/0988/5725/5244/files/M_skie_sneakersy_do_miejskich_zestawie_przez_ca_y_rokkj.jpg?v=1789637496,,,
meskie-sneakersy-do-miejskich-zestawien-przez-caly-rok,,,Biały,,41,,,,0.0,shopify,continue,manual,254.94,423.95,true,false,https://cdn.shopify.com/s/files/1/0988/5725/5244/files/M_skie_sneakersy_do_miejskich_zestawie_przez_ca_y_rokkj.jpg?v=1789637496,,,
meskie-sneakersy-do-miejskich-zestawien-przez-caly-rok,,,Biały,,42,,,,0.0,shopify,continue,manual,254.94,423.95,true,false,https://cdn.shopify.com/s/files/1/0988/5725/5244/files/M_skie_sneakersy_do_miejskich_zestawie_przez_ca_y_rokkj.jpg?v=1789637496,,,
meskie-sneakersy-do-miejskich-zestawien-przez-caly-rok,,,Biały,,43,,,,0.0,shopify,continue,manual,254.94,423.95,true,false,https://cdn.shopify.com/s/files/1/0988/5725/5244/files/M_skie_sneakersy_do_miejskich_zestawie_przez_ca_y_rokkj.jpg?v=1789637496,,,
meskie-sneakersy-do-miejskich-zestawien-przez-caly-rok,,,Biały,,44,,,,0.0,shopify,continue,manual,254.94,423.95,true,false,https://cdn.shopify.com/s/files/1/0988/5725/5244/files/M_skie_sneakersy_do_miejskich_zestawie_przez_ca_y_rokkj.jpg?v=1789637496,,,
meskie-sneakersy-do-miejskich-zestawien-przez-caly-rok,,,Czarny,,39,,,,0.0,shopify,continue,manual,254.94,423.95,true,false,https://cdn.shopify.com/s/files/1/0988/5725/5244/files/M_skie_sneakersy_do_miejskich_zestawie_przez_ca_y_rokty.jpg?v=1789637511,,,
meskie-sneakersy-do-miejskich-zestawien-przez-caly-rok,,,Czarny,,40,,,,0.0,shopify,continue,manual,254.94,423.95,true,false,https://cdn.shopify.com/s/files/1/0988/5725/5244/files/M_skie_sneakersy_do_miejskich_zestawie_przez_ca_y_rokty.jpg?v=1789637511,,,
meskie-sneakersy-do-miejskich-zestawien-przez-caly-rok,,,Czarny,,41,,,,0.0,shopify,continue,manual,254.94,423.95,true,false,https://cdn.shopify.com/s/files/1/0988/5725/5244/files/M_skie_sneakersy_do_miejskich_zestawie_przez_ca_y_rokty.jpg?v=1789637511,,,
meskie-sneakersy-do-miejskich-zestawien-przez-caly-rok,,,Czarny,,42,,,,0.0,shopify,continue,manual,254.94,423.95,true,false,https://cdn.shopify.com/s/files/1/0988/5725/5244/files/M_skie_sneakersy_do_miejskich_zestawie_przez_ca_y_rokty.jpg?v=1789637511,,,
meskie-sneakersy-do-miejskich-zestawien-przez-caly-rok,,,Czarny,,43,,,,0.0,shopify,continue,manual,254.94,423.95,true,false,https://cdn.shopify.com/s/files/1/0988/5725/5244/files/M_skie_sneakersy_do_miejskich_zestawie_przez_ca_y_rokty.jpg?v=1789637511,,,
meskie-sneakersy-do-miejskich-zestawien-przez-caly-rok,,,Czarny,,44,,,,0.0,shopify,continue,manual,254.94,423.95,true,false,https://cdn.shopify.com/s/files/1/0988/5725/5244/files/M_skie_sneakersy_do_miejskich_zestawie_przez_ca_y_rokty.jpg?v=1789637511,,,
meskie-sneakersy-do-miejskich-zestawien-przez-caly-rok,,,Biały,,45,,,,0.0,shopify,continue,manual,254.94,423.95,true,false,,,,
meskie-sneakersy-do-miejskich-zestawien-przez-caly-rok,,,Biały,,46,,,,0.0,shopify,continue,manual,254.94,423.95,true,false,,,,
meskie-sneakersy-do-miejskich-zestawien-przez-caly-rok,,,Czarny,,45,,,,0.0,shopify,continue,manual,254.94,423.95,true,false,,,,
meskie-sneakersy-do-miejskich-zestawien-przez-caly-rok,,,Czarny,,46,,,,0.0,shopify,continue,manual,254.94,423.95,true,false,,,,
meskie-sneakersy-do-miejskich-zestawien-przez-caly-rok,,,,,,,,,,,,,,,,,,https://cdn.shopify.com/s/files/1/0988/5725/5244/files/M_skie_sneakersy_do_miejskich_zestawie_przez_ca_y_rokfg.png?v=1789637463,1,Męskie sneakersy do miejskich zestawień przez cały rok
meskie-sneakersy-do-miejskich-zestawien-przez-caly-rok,,,,,,,,,,,,,,,,,,https://cdn.shopify.com/s/files/1/0988/5725/5244/files/M_skie_sneakersy_do_miejskich_zestawie_przez_ca_y_rokhk.jpg?v=1789637470,2,Męskie sneakersy do miejskich zestawień przez cały rok
meskie-sneakersy-do-miejskich-zestawien-przez-caly-rok,,,,,,,,,,,,,,,,,,https://cdn.shopify.com/s/files/1/0988/5725/5244/files/M_skie_sneakersy_do_miejskich_zestawie_przez_ca_y_rokazas.jpg?v=1789637479,3,Męskie sneakersy do miejskich zestawień przez cały rok
meskie-sneakersy-do-miejskich-zestawien-przez-caly-rok,,,,,,,,,,,,,,,,,,https://cdn.shopify.com/s/files/1/0988/5725/5244/files/M_skie_sneakersy_do_miejskich_zestawie_przez_ca_y_rokgi.jpg?v=1789637487,4,Męskie sneakersy do miejskich zestawień przez cały rok
meskie-sneakersy-do-miejskich-zestawien-przez-caly-rok,,,,,,,,,,,,,,,,,,https://cdn.shopify.com/s/files/1/0988/5725/5244/files/M_skie_sneakersy_do_miejskich_zestawie_przez_ca_y_rokkj.jpg?v=1789637496,5,Męskie sneakersy do miejskich zestawień przez cały rok
meskie-sneakersy-do-miejskich-zestawien-przez-caly-rok,,,,,,,,,,,,,,,,,,https://cdn.shopify.com/s/files/1/0988/5725/5244/files/M_skie_sneakersy_do_miejskich_zestawie_przez_ca_y_rokjk.png?v=1789637504,6,Męskie sneakersy do miejskich zestawień przez cały rok
meskie-sneakersy-do-miejskich-zestawien-przez-caly-rok,,,,,,,,,,,,,,,,,,https://cdn.shopify.com/s/files/1/0988/5725/5244/files/M_skie_sneakersy_do_miejskich_zestawie_przez_ca_y_rokty.jpg?v=1789637511,7,Męskie sneakersy do miejskich zestawień przez cały rok
meskie-mokasyny-wsuwane-do-codziennych-stylizacji,Męskie mokasyny wsuwane do codziennych stylizacji,Kolor,Beżowy,Rozmiar,39,,,,0.0,shopify,continue,manual,279.95,0.00,true,false,https://cdn.shopify.com/s/files/1/0988/5725/5244/files/M_skie_mokasyny_wsuwane_do_codziennych_stylizacjiui.png?v=1789637015,,,
meskie-mokasyny-wsuwane-do-codziennych-stylizacji,,,Beżowy,,40,,,,0.0,shopify,continue,manual,279.95,0.00,true,false,https://cdn.shopify.com/s/files/1/0988/5725/5244/files/M_skie_mokasyny_wsuwane_do_codziennych_stylizacjiui.png?v=1789637015,,,
meskie-mokasyny-wsuwane-do-codziennych-stylizacji,,,Beżowy,,41,,,,0.0,shopify,continue,manual,279.95,0.00,true,false,https://cdn.shopify.com/s/files/1/0988/5725/5244/files/M_skie_mokasyny_wsuwane_do_codziennych_stylizacjiui.png?v=1789637015,,,
meskie-mokasyny-wsuwane-do-codziennych-stylizacji,,,Beżowy,,42,,,,0.0,shopify,continue,manual,279.95,0.00,true,false,https://cdn.shopify.com/s/files/1/0988/5725/5244/files/M_skie_mokasyny_wsuwane_do_codziennych_stylizacjiui.png?v=1789637015,,,
meskie-mokasyny-wsuwane-do-codziennych-stylizacji,,,Beżowy,,43,,,,0.0,shopify,continue,manual,279.95,0.00,true,false,https://cdn.shopify.com/s/files/1/0988/5725/5244/files/M_skie_mokasyny_wsuwane_do_codziennych_stylizacjiui.png?v=1789637015,,,
meskie-mokasyny-wsuwane-do-codziennych-stylizacji,,,Beżowy,,44,,,,0.0,shopify,continue,manual,279.95,0.00,true,false,https://cdn.shopify.com/s/files/1/0988/5725/5244/files/M_skie_mokasyny_wsuwane_do_codziennych_stylizacjiui.png?v=1789637015,,,
meskie-mokasyny-wsuwane-do-codziennych-stylizacji,,,Granatowy,,39,,,,0.0,shopify,continue,manual,279.95,0.00,true,false,https://cdn.shopify.com/s/files/1/0988/5725/5244/files/M_skie_mokasyny_wsuwane_do_codziennych_stylizacjity.png?v=1789637049,,,
meskie-mokasyny-wsuwane-do-codziennych-stylizacji,,,Granatowy,,40,,,,0.0,shopify,continue,manual,279.95,0.00,true,false,https://cdn.shopify.com/s/files/1/0988/5725/5244/files/M_skie_mokasyny_wsuwane_do_codziennych_stylizacjity.png?v=1789637049,,,
meskie-mokasyny-wsuwane-do-codziennych-stylizacji,,,Granatowy,,41,,,,0.0,shopify,continue,manual,279.95,0.00,true,false,https://cdn.shopify.com/s/files/1/0988/5725/5244/files/M_skie_mokasyny_wsuwane_do_codziennych_stylizacjity.png?v=1789637049,,,
meskie-mokasyny-wsuwane-do-codziennych-stylizacji,,,Granatowy,,42,,,,0.0,shopify,continue,manual,279.95,0.00,true,false,https://cdn.shopify.com/s/files/1/0988/5725/5244/files/M_skie_mokasyny_wsuwane_do_codziennych_stylizacjity.png?v=1789637049,,,
meskie-mokasyny-wsuwane-do-codziennych-stylizacji,,,Granatowy,,43,,,,0.0,shopify,continue,manual,279.95,0.00,true,false,https://cdn.shopify.com/s/files/1/0988/5725/5244/files/M_skie_mokasyny_wsuwane_do_codziennych_stylizacjity.png?v=1789637049,,,
meskie-mokasyny-wsuwane-do-codziennych-stylizacji,,,Granatowy,,44,,,,0.0,shopify,continue,manual,279.95,0.00,true,false,https://cdn.shopify.com/s/files/1/0988/5725/5244/files/M_skie_mokasyny_wsuwane_do_codziennych_stylizacjity.png?v=1789637049,,,
meskie-mokasyny-wsuwane-do-codziennych-stylizacji,,,Brązowy,,39,,,,0.0,shopify,continue,manual,279.95,0.00,true,false,https://cdn.shopify.com/s/files/1/0988/5725/5244/files/M_skie_mokasyny_wsuwane_do_codziennych_stylizacjiaq.png?v=1789637057,,,
meskie-mokasyny-wsuwane-do-codziennych-stylizacji,,,Brązowy,,40,,,,0.0,shopify,continue,manual,279.95,0.00,true,false,https://cdn.shopify.com/s/files/1/0988/5725/5244/files/M_skie_mokasyny_wsuwane_do_codziennych_stylizacjiaq.png?v=1789637057,,,
meskie-mokasyny-wsuwane-do-codziennych-stylizacji,,,Brązowy,,41,,,,0.0,shopify,continue,manual,279.95,0.00,true,false,https://cdn.shopify.com/s/files/1/0988/5725/5244/files/M_skie_mokasyny_wsuwane_do_codziennych_stylizacjiaq.png?v=1789637057,,,
meskie-mokasyny-wsuwane-do-codziennych-stylizacji,,,Brązowy,,42,,,,0.0,shopify,continue,manual,279.95,0.00,true,false,https://cdn.shopify.com/s/files/1/0988/5725/5244/files/M_skie_mokasyny_wsuwane_do_codziennych_stylizacjiaq.png?v=1789637057,,,
meskie-mokasyny-wsuwane-do-codziennych-stylizacji,,,Brązowy,,43,,,,0.0,shopify,continue,manual,279.95,0.00,true,false,https://cdn.shopify.com/s/files/1/0988/5725/5244/files/M_skie_mokasyny_wsuwane_do_codziennych_stylizacjiaq.png?v=1789637057,,,
meskie-mokasyny-wsuwane-do-codziennych-stylizacji,,,Brązowy,,44,,,,0.0,shopify,continue,manual,279.95,0.00,true,false,https://cdn.shopify.com/s/files/1/0988/5725/5244/files/M_skie_mokasyny_wsuwane_do_codziennych_stylizacjiaq.png?v=1789637057,,,
meskie-mokasyny-wsuwane-do-codziennych-stylizacji,,,Jasnoniebieski,,39,,,,0.0,shopify,continue,manual,279.95,0.00,true,false,https://cdn.shopify.com/s/files/1/0988/5725/5244/files/M_skie_mokasyny_wsuwane_do_codziennych_stylizacjitu.png?v=1789637074,,,
meskie-mokasyny-wsuwane-do-codziennych-stylizacji,,,Jasnoniebieski,,40,,,,0.0,shopify,continue,manual,279.95,0.00,true,false,https://cdn.shopify.com/s/files/1/0988/5725/5244/files/M_skie_mokasyny_wsuwane_do_codziennych_stylizacjitu.png?v=1789637074,,,
meskie-mokasyny-wsuwane-do-codziennych-stylizacji,,,Jasnoniebieski,,41,,,,0.0,shopify,continue,manual,279.95,0.00,true,false,https://cdn.shopify.com/s/files/1/0988/5725/5244/files/M_skie_mokasyny_wsuwane_do_codziennych_stylizacjitu.png?v=1789637074,,,
meskie-mokasyny-wsuwane-do-codziennych-stylizacji,,,Jasnoniebieski,,42,,,,0.0,shopify,continue,manual,279.95,0.00,true,false,https://cdn.shopify.com/s/files/1/0988/5725/5244/files/M_skie_mokasyny_wsuwane_do_codziennych_stylizacjitu.png?v=1789637074,,,
meskie-mokasyny-wsuwane-do-codziennych-stylizacji,,,Jasnoniebieski,,43,,,,0.0,shopify,continue,manual,279.95,0.00,true,false,https://cdn.shopify.com/s/files/1/0988/5725/5244/files/M_skie_mokasyny_wsuwane_do_codziennych_stylizacjitu.png?v=1789637074,,,
meskie-mokasyny-wsuwane-do-codziennych-stylizacji,,,Jasnoniebieski,,44,,,,0.0,shopify,continue,manual,279.95,0.00,true,false,https://cdn.shopify.com/s/files/1/0988/5725/5244/files/M_skie_mokasyny_wsuwane_do_codziennych_stylizacjitu.png?v=1789637074,,,
meskie-mokasyny-wsuwane-do-codziennych-stylizacji,,,Beżowy,,45,,,,0.0,shopify,continue,manual,279.95,0.00,true,false,,,,
meskie-mokasyny-wsuwane-do-codziennych-stylizacji,,,Beżowy,,46,,,,0.0,shopify,continue,manual,279.95,0.00,true,false,,,,
meskie-mokasyny-wsuwane-do-codziennych-stylizacji,,,Granatowy,,45,,,,0.0,shopify,continue,manual,279.95,0.00,true,false,,,,
meskie-mokasyny-wsuwane-do-codziennych-stylizacji,,,Granatowy,,46,,,,0.0,shopify,continue,manual,279.95,0.00,true,false,,,,
meskie-mokasyny-wsuwane-do-codziennych-stylizacji,,,Brązowy,,45,,,,0.0,shopify,continue,manual,279.95,0.00,true,false,,,,
meskie-mokasyny-wsuwane-do-codziennych-stylizacji,,,Brązowy,,46,,,,0.0,shopify,continue,manual,279.95,0.00,true,false,,,,
meskie-mokasyny-wsuwane-do-codziennych-stylizacji,,,Jasnoniebieski,,45,,,,0.0,shopify,continue,manual,279.95,0.00,true,false,,,,
meskie-mokasyny-wsuwane-do-codziennych-stylizacji,,,Jasnoniebieski,,46,,,,0.0,shopify,continue,manual,279.95,0.00,true,false,,,,
meskie-mokasyny-wsuwane-do-codziennych-stylizacji,,,,,,,,,,,,,,,,,,https://cdn.shopify.com/s/files/1/0988/5725/5244/files/M_skie_mokasyny_wsuwane_do_codziennych_stylizacjifv.png?v=1789636955,1,Męskie mokasyny wsuwane do codziennych stylizacji
meskie-mokasyny-wsuwane-do-codziennych-stylizacji,,,,,,,,,,,,,,,,,,https://cdn.shopify.com/s/files/1/0988/5725/5244/files/M_skie_mokasyny_wsuwane_do_codziennych_stylizacjiza.png?v=1789636972,2,Męskie mokasyny wsuwane do codziennych stylizacji
meskie-mokasyny-wsuwane-do-codziennych-stylizacji,,,,,,,,,,,,,,,,,,https://cdn.shopify.com/s/files/1/0988/5725/5244/files/M_skie_mokasyny_wsuwane_do_codziennych_stylizacjidol.png?v=1789636996,3,Męskie mokasyny wsuwane do codziennych stylizacji
meskie-mokasyny-wsuwane-do-codziennych-stylizacji,,,,,,,,,,,,,,,,,,https://cdn.shopify.com/s/files/1/0988/5725/5244/files/M_skie_mokasyny_wsuwane_do_codziennych_stylizacjixu.png?v=1789637004,4,Męskie mokasyny wsuwane do codziennych stylizacji
meskie-mokasyny-wsuwane-do-codziennych-stylizacji,,,,,,,,,,,,,,,,,,https://cdn.shopify.com/s/files/1/0988/5725/5244/files/M_skie_mokasyny_wsuwane_do_codziennych_stylizacjiui.png?v=1789637015,5,Męskie mokasyny wsuwane do codziennych stylizacji
meskie-mokasyny-wsuwane-do-codziennych-stylizacji,,,,,,,,,,,,,,,,,,https://cdn.shopify.com/s/files/1/0988/5725/5244/files/M_skie_mokasyny_wsuwane_do_codziennych_stylizacjixz.png?v=1789637024,6,Męskie mokasyny wsuwane do codziennych stylizacji
meskie-mokasyny-wsuwane-do-codziennych-stylizacji,,,,,,,,,,,,,,,,,,https://cdn.shopify.com/s/files/1/0988/5725/5244/files/M_skie_mokasyny_wsuwane_do_codziennych_stylizacjimnj.png?v=1789637033,7,Męskie mokasyny wsuwane do codziennych stylizacji
meskie-mokasyny-wsuwane-do-codziennych-stylizacji,,,,,,,,,,,,,,,,,,https://cdn.shopify.com/s/files/1/0988/5725/5244/files/M_skie_mokasyny_wsuwane_do_codziennych_stylizacjity.png?v=1789637049,8,Męskie mokasyny wsuwane do codziennych stylizacji
meskie-mokasyny-wsuwane-do-codziennych-stylizacji,,,,,,,,,,,,,,,,,,https://cdn.shopify.com/s/files/1/0988/5725/5244/files/M_skie_mokasyny_wsuwane_do_codziennych_stylizacjiaq.png?v=1789637057,9,Męskie mokasyny wsuwane do codziennych stylizacji
meskie-mokasyny-wsuwane-do-codziennych-stylizacji,,,,,,,,,,,,,,,,,,https://cdn.shopify.com/s/files/1/0988/5725/5244/files/M_skie_mokasyny_wsuwane_do_codziennych_stylizacjil.png?v=1789637065,10,Męskie mokasyny wsuwane do codziennych stylizacji
meskie-mokasyny-wsuwane-do-codziennych-stylizacji,,,,,,,,,,,,,,,,,,https://cdn.shopify.com/s/files/1/0988/5725/5244/files/M_skie_mokasyny_wsuwane_do_codziennych_stylizacjitu.png?v=1789637074,11,Męskie mokasyny wsuwane do codziennych stylizacji
damskie-sneakersy-z-ozdobnymi-detalami-na-co-dzien,Damskie sneakersy z ozdobnymi detalami na co dzień,Kolor,Beżowy,Rozmiar,36,,,,0.0,shopify,continue,manual,409.95,,true,false,https://cdn.shopify.com/s/files/1/0988/5725/5244/files/Damskie_sneakersy_z_ozdobnymi_detalami_na_co_dzie_vds.png?v=1789485735,,,
damskie-sneakersy-z-ozdobnymi-detalami-na-co-dzien,,,Beżowy,,37,,,,0.0,shopify,continue,manual,409.95,,true,false,https://cdn.shopify.com/s/files/1/0988/5725/5244/files/Damskie_sneakersy_z_ozdobnymi_detalami_na_co_dzie_vds.png?v=1789485735,,,
damskie-sneakersy-z-ozdobnymi-detalami-na-co-dzien,,,Beżowy,,38,,,,0.0,shopify,continue,manual,409.95,,true,false,https://cdn.shopify.com/s/files/1/0988/5725/5244/files/Damskie_sneakersy_z_ozdobnymi_detalami_na_co_dzie_vds.png?v=1789485735,,,
damskie-sneakersy-z-ozdobnymi-detalami-na-co-dzien,,,Beżowy,,39,,,,0.0,shopify,continue,manual,409.95,,true,false,https://cdn.shopify.com/s/files/1/0988/5725/5244/files/Damskie_sneakersy_z_ozdobnymi_detalami_na_co_dzie_vds.png?v=1789485735,,,
damskie-sneakersy-z-ozdobnymi-detalami-na-co-dzien,,,Beżowy,,40,,,,0.0,shopify,continue,manual,409.95,,true,false,https://cdn.shopify.com/s/files/1/0988/5725/5244/files/Damskie_sneakersy_z_ozdobnymi_detalami_na_co_dzie_vds.png?v=1789485735,,,
damskie-sneakersy-z-ozdobnymi-detalami-na-co-dzien,,,Beżowy,,41,,,,0.0,shopify,continue,manual,409.95,,true,false,https://cdn.shopify.com/s/files/1/0988/5725/5244/files/Damskie_sneakersy_z_ozdobnymi_detalami_na_co_dzie_vds.png?v=1789485735,,,
damskie-sneakersy-z-ozdobnymi-detalami-na-co-dzien,,,Beżowy,,42,,,,0.0,shopify,continue,manual,409.95,,true,false,https://cdn.shopify.com/s/files/1/0988/5725/5244/files/Damskie_sneakersy_z_ozdobnymi_detalami_na_co_dzie_vds.png?v=1789485735,,,
damskie-sneakersy-z-ozdobnymi-detalami-na-co-dzien,,,Brązowy,,36,,,,0.0,shopify,continue,manual,409.95,,true,false,https://cdn.shopify.com/s/files/1/0988/5725/5244/files/Damskie_sneakersy_z_ozdobnymi_detalami_na_co_dzie_vs.png?v=1789485771,,,
damskie-sneakersy-z-ozdobnymi-detalami-na-co-dzien,,,Brązowy,,37,,,,0.0,shopify,continue,manual,409.95,,true,false,https://cdn.shopify.com/s/files/1/0988/5725/5244/files/Damskie_sneakersy_z_ozdobnymi_detalami_na_co_dzie_vs.png?v=1789485771,,,
damskie-sneakersy-z-ozdobnymi-detalami-na-co-dzien,,,Brązowy,,38,,,,0.0,shopify,continue,manual,409.95,,true,false,https://cdn.shopify.com/s/files/1/0988/5725/5244/files/Damskie_sneakersy_z_ozdobnymi_detalami_na_co_dzie_vs.png?v=1789485771,,,
damskie-sneakersy-z-ozdobnymi-detalami-na-co-dzien,,,Brązowy,,39,,,,0.0,shopify,continue,manual,409.95,,true,false,https://cdn.shopify.com/s/files/1/0988/5725/5244/files/Damskie_sneakersy_z_ozdobnymi_detalami_na_co_dzie_vs.png?v=1789485771,,,
damskie-sneakersy-z-ozdobnymi-detalami-na-co-dzien,,,Brązowy,,40,,,,0.0,shopify,continue,manual,409.95,,true,false,https://cdn.shopify.com/s/files/1/0988/5725/5244/files/Damskie_sneakersy_z_ozdobnymi_detalami_na_co_dzie_vs.png?v=1789485771,,,
damskie-sneakersy-z-ozdobnymi-detalami-na-co-dzien,,,Brązowy,,41,,,,0.0,shopify,continue,manual,409.95,,true,false,https://cdn.shopify.com/s/files/1/0988/5725/5244/files/Damskie_sneakersy_z_ozdobnymi_detalami_na_co_dzie_vs.png?v=1789485771,,,
damskie-sneakersy-z-ozdobnymi-detalami-na-co-dzien,,,Brązowy,,42,,,,0.0,shopify,continue,manual,409.95,,true,false,https://cdn.shopify.com/s/files/1/0988/5725/5244/files/Damskie_sneakersy_z_ozdobnymi_detalami_na_co_dzie_vs.png?v=1789485771,,,
damskie-sneakersy-z-ozdobnymi-detalami-na-co-dzien,,,Czarny,,36,,,,0.0,shopify,continue,manual,409.95,,true,false,https://cdn.shopify.com/s/files/1/0988/5725/5244/files/Damskie_sneakersy_z_ozdobnymi_detalami_na_co_dzie_Damskie_sneakersy_z_ozdobnymi_detalami_na_co_dzie_dfe.png?v=1789485813,,,
damskie-sneakersy-z-ozdobnymi-detalami-na-co-dzien,,,Czarny,,37,,,,0.0,shopify,continue,manual,409.95,,true,false,https://cdn.shopify.com/s/files/1/0988/5725/5244/files/Damskie_sneakersy_z_ozdobnymi_detalami_na_co_dzie_Damskie_sneakersy_z_ozdobnymi_detalami_na_co_dzie_dfe.png?v=1789485813,,,
damskie-sneakersy-z-ozdobnymi-detalami-na-co-dzien,,,Czarny,,38,,,,0.0,shopify,continue,manual,409.95,,true,false,https://cdn.shopify.com/s/files/1/0988/5725/5244/files/Damskie_sneakersy_z_ozdobnymi_detalami_na_co_dzie_Damskie_sneakersy_z_ozdobnymi_detalami_na_co_dzie_dfe.png?v=1789485813,,,
damskie-sneakersy-z-ozdobnymi-detalami-na-co-dzien,,,Czarny,,39,,,,0.0,shopify,continue,manual,409.95,,true,false,https://cdn.shopify.com/s/files/1/0988/5725/5244/files/Damskie_sneakersy_z_ozdobnymi_detalami_na_co_dzie_Damskie_sneakersy_z_ozdobnymi_detalami_na_co_dzie_dfe.png?v=1789485813,,,
damskie-sneakersy-z-ozdobnymi-detalami-na-co-dzien,,,Czarny,,40,,,,0.0,shopify,continue,manual,409.95,,true,false,https://cdn.shopify.com/s/files/1/0988/5725/5244/files/Damskie_sneakersy_z_ozdobnymi_detalami_na_co_dzie_Damskie_sneakersy_z_ozdobnymi_detalami_na_co_dzie_dfe.png?v=1789485813,,,
damskie-sneakersy-z-ozdobnymi-detalami-na-co-dzien,,,Czarny,,41,,,,0.0,shopify,continue,manual,409.95,,true,false,https://cdn.shopify.com/s/files/1/0988/5725/5244/files/Damskie_sneakersy_z_ozdobnymi_detalami_na_co_dzie_Damskie_sneakersy_z_ozdobnymi_detalami_na_co_dzie_dfe.png?v=1789485813,,,
damskie-sneakersy-z-ozdobnymi-detalami-na-co-dzien,,,Czarny,,42,,,,0.0,shopify,continue,manual,409.95,,true,false,https://cdn.shopify.com/s/files/1/0988/5725/5244/files/Damskie_sneakersy_z_ozdobnymi_detalami_na_co_dzie_Damskie_sneakersy_z_ozdobnymi_detalami_na_co_dzie_dfe.png?v=1789485813,,,
damskie-sneakersy-z-ozdobnymi-detalami-na-co-dzien,,,Beżowy,,43,,,,0.0,shopify,continue,manual,409.95,,true,false,,,,
damskie-sneakersy-z-ozdobnymi-detalami-na-co-dzien,,,Brązowy,,43,,,,0.0,shopify,continue,manual,409.95,,true,false,,,,
damskie-sneakersy-z-ozdobnymi-detalami-na-co-dzien,,,Czarny,,43,,,,0.0,shopify,continue,manual,409.95,,true,false,,,,
damskie-sneakersy-z-ozdobnymi-detalami-na-co-dzien,,,,,,,,,,,,,,,,,,https://cdn.shopify.com/s/files/1/0988/5725/5244/files/Damskie_sneakersy_z_ozdobnymi_detalami_na_co_dzie_vds.png?v=1789485735,1,Damskie sneakersy z ozdobnymi detalami na co dzień
damskie-sneakersy-z-ozdobnymi-detalami-na-co-dzien,,,,,,,,,,,,,,,,,,https://cdn.shopify.com/s/files/1/0988/5725/5244/files/Damskie_sneakersy_z_ozdobnymi_detalami_na_co_dzie_vd.webp?v=1789485720,2,Damskie sneakersy z ozdobnymi detalami na co dzień
damskie-sneakersy-z-ozdobnymi-detalami-na-co-dzien,,,,,,,,,,,,,,,,,,https://cdn.shopify.com/s/files/1/0988/5725/5244/files/Damskie_sneakersy_z_ozdobnymi_detalami_na_co_dzie_vsd.webp?v=1789485749,3,Damskie sneakersy z ozdobnymi detalami na co dzień
damskie-sneakersy-z-ozdobnymi-detalami-na-co-dzien,,,,,,,,,,,,,,,,,,https://cdn.shopify.com/s/files/1/0988/5725/5244/files/Damskie_sneakersy_z_ozdobnymi_detalami_na_co_dzie_vs.png?v=1789485771,4,Damskie sneakersy z ozdobnymi detalami na co dzień
damskie-sneakersy-z-ozdobnymi-detalami-na-co-dzien,,,,,,,,,,,,,,,,,,https://cdn.shopify.com/s/files/1/0988/5725/5244/files/Damskie_sneakersy_z_ozdobnymi_detalami_na_co_dzie_vs.webp?v=1789485778,5,Damskie sneakersy z ozdobnymi detalami na co dzień
damskie-sneakersy-z-ozdobnymi-detalami-na-co-dzien,,,,,,,,,,,,,,,,,,https://cdn.shopify.com/s/files/1/0988/5725/5244/files/Damskie_sneakersy_z_ozdobnymi_detalami_na_co_dzie_vdf4.webp?v=1789485791,6,Damskie sneakersy z ozdobnymi detalami na co dzień
damskie-sneakersy-z-ozdobnymi-detalami-na-co-dzien,,,,,,,,,,,,,,,,,,https://cdn.shopify.com/s/files/1/0988/5725/5244/files/Damskie_sneakersy_z_ozdobnymi_detalami_na_co_dzie_Damskie_sneakersy_z_ozdobnymi_detalami_na_co_dzie_dfe.png?v=1789485813,7,Damskie sneakersy z ozdobnymi detalami na co dzień
damskie-sneakersy-z-ozdobnymi-detalami-na-co-dzien,,,,,,,,,,,,,,,,,,https://cdn.shopify.com/s/files/1/0988/5725/5244/files/Damskie_sneakersy_z_ozdobnymi_detalami_na_co_dzie_vdfer.webp?v=1789485842,8,Damskie sneakersy z ozdobnymi detalami na co dzień
damskie-sneakersy-z-ozdobnymi-detalami-na-co-dzien,,,,,,,,,,,,,,,,,,https://cdn.shopify.com/s/files/1/0988/5725/5244/files/Damskie_sneakersy_z_ozdobnymi_detalami_na_co_dzie_dfe.webp?v=1789485850,9,Damskie sneakersy z ozdobnymi detalami na co dzień
damskie-chodaki-z-paskiem-na-co-dzien,Damskie chodaki z paskiem na co dzień,Kolor,Brązowy,Rozmiar,36,,,,0.0,shopify,continue,manual,179.95,,true,false,https://cdn.shopify.com/s/files/1/0988/5725/5244/files/Damskie_chodaki_z_paskiem_do_r_nych_codziennych_stylizacjivds.webp?v=1789485141,,,
damskie-chodaki-z-paskiem-na-co-dzien,,,Brązowy,,37,,,,0.0,shopify,continue,manual,179.95,,true,false,https://cdn.shopify.com/s/files/1/0988/5725/5244/files/Damskie_chodaki_z_paskiem_do_r_nych_codziennych_stylizacjivds.webp?v=1789485141,,,
damskie-chodaki-z-paskiem-na-co-dzien,,,Brązowy,,38,,,,0.0,shopify,continue,manual,179.95,,true,false,https://cdn.shopify.com/s/files/1/0988/5725/5244/files/Damskie_chodaki_z_paskiem_do_r_nych_codziennych_stylizacjivds.webp?v=1789485141,,,
damskie-chodaki-z-paskiem-na-co-dzien,,,Brązowy,,39,,,,0.0,shopify,continue,manual,179.95,,true,false,https://cdn.shopify.com/s/files/1/0988/5725/5244/files/Damskie_chodaki_z_paskiem_do_r_nych_codziennych_stylizacjivds.webp?v=1789485141,,,
damskie-chodaki-z-paskiem-na-co-dzien,,,Brązowy,,40,,,,0.0,shopify,continue,manual,179.95,,true,false,https://cdn.shopify.com/s/files/1/0988/5725/5244/files/Damskie_chodaki_z_paskiem_do_r_nych_codziennych_stylizacjivds.webp?v=1789485141,,,
damskie-chodaki-z-paskiem-na-co-dzien,,,Brązowy,,41,,,,0.0,shopify,continue,manual,179.95,,true,false,https://cdn.shopify.com/s/files/1/0988/5725/5244/files/Damskie_chodaki_z_paskiem_do_r_nych_codziennych_stylizacjivds.webp?v=1789485141,,,
damskie-chodaki-z-paskiem-na-co-dzien,,,Brązowy,,42,,,,0.0,shopify,continue,manual,179.95,,true,false,https://cdn.shopify.com/s/files/1/0988/5725/5244/files/Damskie_chodaki_z_paskiem_do_r_nych_codziennych_stylizacjivds.webp?v=1789485141,,,
damskie-chodaki-z-paskiem-na-co-dzien,,,Czarny,,36,,,,0.0,shopify,continue,manual,179.95,,true,false,https://cdn.shopify.com/s/files/1/0988/5725/5244/files/Damskie_chodaki_z_paskiem_do_r_nych_codziennych_stylizacjivsd.webp?v=1789485169,,,
damskie-chodaki-z-paskiem-na-co-dzien,,,Czarny,,37,,,,0.0,shopify,continue,manual,179.95,,true,false,https://cdn.shopify.com/s/files/1/0988/5725/5244/files/Damskie_chodaki_z_paskiem_do_r_nych_codziennych_stylizacjivsd.webp?v=1789485169,,,
damskie-chodaki-z-paskiem-na-co-dzien,,,Czarny,,38,,,,0.0,shopify,continue,manual,179.95,,true,false,https://cdn.shopify.com/s/files/1/0988/5725/5244/files/Damskie_chodaki_z_paskiem_do_r_nych_codziennych_stylizacjivsd.webp?v=1789485169,,,
damskie-chodaki-z-paskiem-na-co-dzien,,,Czarny,,39,,,,0.0,shopify,continue,manual,179.95,,true,false,https://cdn.shopify.com/s/files/1/0988/5725/5244/files/Damskie_chodaki_z_paskiem_do_r_nych_codziennych_stylizacjivsd.webp?v=1789485169,,,
damskie-chodaki-z-paskiem-na-co-dzien,,,Czarny,,40,,,,0.0,shopify,continue,manual,179.95,,true,false,https://cdn.shopify.com/s/files/1/0988/5725/5244/files/Damskie_chodaki_z_paskiem_do_r_nych_codziennych_stylizacjivsd.webp?v=1789485169,,,
damskie-chodaki-z-paskiem-na-co-dzien,,,Czarny,,41,,,,0.0,shopify,continue,manual,179.95,,true,false,https://cdn.shopify.com/s/files/1/0988/5725/5244/files/Damskie_chodaki_z_paskiem_do_r_nych_codziennych_stylizacjivsd.webp?v=1789485169,,,
damskie-chodaki-z-paskiem-na-co-dzien,,,Czarny,,42,,,,0.0,shopify,continue,manual,179.95,,true,false,https://cdn.shopify.com/s/files/1/0988/5725/5244/files/Damskie_chodaki_z_paskiem_do_r_nych_codziennych_stylizacjivsd.webp?v=1789485169,,,
damskie-chodaki-z-paskiem-na-co-dzien,,,Zielony,,36,,,,0.0,shopify,continue,manual,179.95,,true,false,https://cdn.shopify.com/s/files/1/0988/5725/5244/files/Damskie_chodaki_z_paskiem_do_r_nych_codziennych_stylizacjivdss.webp?v=1789485200,,,
damskie-chodaki-z-paskiem-na-co-dzien,,,Zielony,,37,,,,0.0,shopify,continue,manual,179.95,,true,false,https://cdn.shopify.com/s/files/1/0988/5725/5244/files/Damskie_chodaki_z_paskiem_do_r_nych_codziennych_stylizacjivdss.webp?v=1789485200,,,
damskie-chodaki-z-paskiem-na-co-dzien,,,Zielony,,38,,,,0.0,shopify,continue,manual,179.95,,true,false,https://cdn.shopify.com/s/files/1/0988/5725/5244/files/Damskie_chodaki_z_paskiem_do_r_nych_codziennych_stylizacjivdss.webp?v=1789485200,,,
damskie-chodaki-z-paskiem-na-co-dzien,,,Zielony,,39,,,,0.0,shopify,continue,manual,179.95,,true,false,https://cdn.shopify.com/s/files/1/0988/5725/5244/files/Damskie_chodaki_z_paskiem_do_r_nych_codziennych_stylizacjivdss.webp?v=1789485200,,,
damskie-chodaki-z-paskiem-na-co-dzien,,,Zielony,,40,,,,0.0,shopify,continue,manual,179.95,,true,false,https://cdn.shopify.com/s/files/1/0988/5725/5244/files/Damskie_chodaki_z_paskiem_do_r_nych_codziennych_stylizacjivdss.webp?v=1789485200,,,
damskie-chodaki-z-paskiem-na-co-dzien,,,Zielony,,41,,,,0.0,shopify,continue,manual,179.95,,true,false,https://cdn.shopify.com/s/files/1/0988/5725/5244/files/Damskie_chodaki_z_paskiem_do_r_nych_codziennych_stylizacjivdss.webp?v=1789485200,,,
damskie-chodaki-z-paskiem-na-co-dzien,,,Zielony,,42,,,,0.0,shopify,continue,manual,179.95,,true,false,https://cdn.shopify.com/s/files/1/0988/5725/5244/files/Damskie_chodaki_z_paskiem_do_r_nych_codziennych_stylizacjivdss.webp?v=1789485200,,,
damskie-chodaki-z-paskiem-na-co-dzien,,,Czerwony,,36,,,,0.0,shopify,continue,manual,179.95,,true,false,https://cdn.shopify.com/s/files/1/0988/5725/5244/files/Damskie_chodaki_z_paskiem_do_r_nych_codziennych_stylizacjivdfe2.webp?v=1789485233,,,
damskie-chodaki-z-paskiem-na-co-dzien,,,Czerwony,,37,,,,0.0,shopify,continue,manual,179.95,,true,false,https://cdn.shopify.com/s/files/1/0988/5725/5244/files/Damskie_chodaki_z_paskiem_do_r_nych_codziennych_stylizacjivdfe2.webp?v=1789485233,,,
damskie-chodaki-z-paskiem-na-co-dzien,,,Czerwony,,38,,,,0.0,shopify,continue,manual,179.95,,true,false,https://cdn.shopify.com/s/files/1/0988/5725/5244/files/Damskie_chodaki_z_paskiem_do_r_nych_codziennych_stylizacjivdfe2.webp?v=1789485233,,,
damskie-chodaki-z-paskiem-na-co-dzien,,,Czerwony,,39,,,,0.0,shopify,continue,manual,179.95,,true,false,https://cdn.shopify.com/s/files/1/0988/5725/5244/files/Damskie_chodaki_z_paskiem_do_r_nych_codziennych_stylizacjivdfe2.webp?v=1789485233,,,
damskie-chodaki-z-paskiem-na-co-dzien,,,Czerwony,,40,,,,0.0,shopify,continue,manual,179.95,,true,false,https://cdn.shopify.com/s/files/1/0988/5725/5244/files/Damskie_chodaki_z_paskiem_do_r_nych_codziennych_stylizacjivdfe2.webp?v=1789485233,,,
damskie-chodaki-z-paskiem-na-co-dzien,,,Czerwony,,41,,,,0.0,shopify,continue,manual,179.95,,true,false,https://cdn.shopify.com/s/files/1/0988/5725/5244/files/Damskie_chodaki_z_paskiem_do_r_nych_codziennych_stylizacjivdfe2.webp?v=1789485233,,,
damskie-chodaki-z-paskiem-na-co-dzien,,,Czerwony,,42,,,,0.0,shopify,continue,manual,179.95,,true,false,https://cdn.shopify.com/s/files/1/0988/5725/5244/files/Damskie_chodaki_z_paskiem_do_r_nych_codziennych_stylizacjivdfe2.webp?v=1789485233,,,
damskie-chodaki-z-paskiem-na-co-dzien,,,Niebieski,,36,,,,0.0,shopify,continue,manual,179.95,,true,false,https://cdn.shopify.com/s/files/1/0988/5725/5244/files/Damskie_chodaki_z_paskiem_do_r_nych_codziennych_stylizacjivdfe4.webp?v=1789485270,,,
damskie-chodaki-z-paskiem-na-co-dzien,,,Niebieski,,37,,,,0.0,shopify,continue,manual,179.95,,true,false,https://cdn.shopify.com/s/files/1/0988/5725/5244/files/Damskie_chodaki_z_paskiem_do_r_nych_codziennych_stylizacjivdfe4.webp?v=1789485270,,,
damskie-chodaki-z-paskiem-na-co-dzien,,,Niebieski,,38,,,,0.0,shopify,continue,manual,179.95,,true,false,https://cdn.shopify.com/s/files/1/0988/5725/5244/files/Damskie_chodaki_z_paskiem_do_r_nych_codziennych_stylizacjivdfe4.webp?v=1789485270,,,
damskie-chodaki-z-paskiem-na-co-dzien,,,Niebieski,,39,,,,0.0,shopify,continue,manual,179.95,,true,false,https://cdn.shopify.com/s/files/1/0988/5725/5244/files/Damskie_chodaki_z_paskiem_do_r_nych_codziennych_stylizacjivdfe4.webp?v=1789485270,,,
damskie-chodaki-z-paskiem-na-co-dzien,,,Niebieski,,40,,,,0.0,shopify,continue,manual,179.95,,true,false,https://cdn.shopify.com/s/files/1/0988/5725/5244/files/Damskie_chodaki_z_paskiem_do_r_nych_codziennych_stylizacjivdfe4.webp?v=1789485270,,,
damskie-chodaki-z-paskiem-na-co-dzien,,,Niebieski,,41,,,,0.0,shopify,continue,manual,179.95,,true,false,https://cdn.shopify.com/s/files/1/0988/5725/5244/files/Damskie_chodaki_z_paskiem_do_r_nych_codziennych_stylizacjivdfe4.webp?v=1789485270,,,
damskie-chodaki-z-paskiem-na-co-dzien,,,Niebieski,,42,,,,0.0,shopify,continue,manual,179.95,,true,false,https://cdn.shopify.com/s/files/1/0988/5725/5244/files/Damskie_chodaki_z_paskiem_do_r_nych_codziennych_stylizacjivdfe4.webp?v=1789485270,,,
damskie-chodaki-z-paskiem-na-co-dzien,,,Brązowy,,43,,,,0.0,shopify,continue,manual,179.95,,true,false,,,,
damskie-chodaki-z-paskiem-na-co-dzien,,,Czarny,,43,,,,0.0,shopify,continue,manual,179.95,,true,false,,,,
damskie-chodaki-z-paskiem-na-co-dzien,,,Zielony,,43,,,,0.0,shopify,continue,manual,179.95,,true,false,,,,
damskie-chodaki-z-paskiem-na-co-dzien,,,Czerwony,,43,,,,0.0,shopify,continue,manual,179.95,,true,false,,,,
damskie-chodaki-z-paskiem-na-co-dzien,,,Niebieski,,43,,,,0.0,shopify,continue,manual,179.95,,true,false,,,,
damskie-chodaki-z-paskiem-na-co-dzien,,,,,,,,,,,,,,,,,,https://cdn.shopify.com/s/files/1/0988/5725/5244/files/Damskie_chodaki_z_paskiem_do_r_nych_codziennych_stylizacjivds.webp?v=1789485141,1,Damskie chodaki z paskiem do różnych codziennych stylizacji
damskie-chodaki-z-paskiem-na-co-dzien,,,,,,,,,,,,,,,,,,https://cdn.shopify.com/s/files/1/0988/5725/5244/files/Damskie_chodaki_z_paskiem_do_r_nych_codziennych_stylizacjivsd.webp?v=1789485169,2,Damskie chodaki z paskiem do różnych codziennych stylizacji
damskie-chodaki-z-paskiem-na-co-dzien,,,,,,,,,,,,,,,,,,https://cdn.shopify.com/s/files/1/0988/5725/5244/files/Damskie_chodaki_z_paskiem_do_r_nych_codziennych_stylizacjivdss.webp?v=1789485200,3,Damskie chodaki z paskiem do różnych codziennych stylizacji
damskie-chodaki-z-paskiem-na-co-dzien,,,,,,,,,,,,,,,,,,https://cdn.shopify.com/s/files/1/0988/5725/5244/files/Damskie_chodaki_z_paskiem_do_r_nych_codziennych_stylizacjivdfe2.webp?v=1789485233,4,Damskie chodaki z paskiem do różnych codziennych stylizacji
damskie-chodaki-z-paskiem-na-co-dzien,,,,,,,,,,,,,,,,,,https://cdn.shopify.com/s/files/1/0988/5725/5244/files/Damskie_chodaki_z_paskiem_do_r_nych_codziennych_stylizacjivdfe4.webp?v=1789485270,5,Damskie chodaki z paskiem do różnych codziennych stylizacji
damskie-chodaki-z-paskiem-na-co-dzien,,,,,,,,,,,,,,,,,,https://cdn.shopify.com/s/files/1/0988/5725/5244/files/Damskie_chodaki_z_paskiem_do_r_nych_codziennych_stylizacjiDamskie_chodaki_z_paskiem_do_r_nych_codziennych_stylizacjidsd.webp?v=1789485289,6,Damskie chodaki z paskiem do różnych codziennych stylizacji
damskie-kozaki-sznurowane-na-chlodniejsze-dni,Damskie kozaki sznurowane na chłodniejsze dni,Kolor,Beżowy,Rozmiar,36,,,,0.0,shopify,continue,manual,279.95,0.00,true,true,https://cdn.shopify.com/s/files/1/0988/5725/5244/files/Damskie_kozaki_sznurowane_na_ch_odniejsze_dnivr4.png?v=1789398434,,,
damskie-kozaki-sznurowane-na-chlodniejsze-dni,,,Beżowy,,37,,,,0.0,shopify,continue,manual,279.95,0.00,true,true,https://cdn.shopify.com/s/files/1/0988/5725/5244/files/Damskie_kozaki_sznurowane_na_ch_odniejsze_dnivr4.png?v=1789398434,,,
damskie-kozaki-sznurowane-na-chlodniejsze-dni,,,Beżowy,,38,,,,0.0,shopify,continue,manual,279.95,0.00,true,true,https://cdn.shopify.com/s/files/1/0988/5725/5244/files/Damskie_kozaki_sznurowane_na_ch_odniejsze_dnivr4.png?v=1789398434,,,
damskie-kozaki-sznurowane-na-chlodniejsze-dni,,,Beżowy,,39,,,,0.0,shopify,continue,manual,279.95,0.00,true,true,https://cdn.shopify.com/s/files/1/0988/5725/5244/files/Damskie_kozaki_sznurowane_na_ch_odniejsze_dnivr4.png?v=1789398434,,,
damskie-kozaki-sznurowane-na-chlodniejsze-dni,,,Beżowy,,40,,,,0.0,shopify,continue,manual,279.95,0.00,true,true,https://cdn.shopify.com/s/files/1/0988/5725/5244/files/Damskie_kozaki_sznurowane_na_ch_odniejsze_dnivr4.png?v=1789398434,,,
damskie-kozaki-sznurowane-na-chlodniejsze-dni,,,Beżowy,,41,,,,0.0,shopify,continue,manual,279.95,0.00,true,true,https://cdn.shopify.com/s/files/1/0988/5725/5244/files/Damskie_kozaki_sznurowane_na_ch_odniejsze_dnivr4.png?v=1789398434,,,
damskie-kozaki-sznurowane-na-chlodniejsze-dni,,,Beżowy,,42,,,,0.0,shopify,continue,manual,279.95,0.00,true,true,https://cdn.shopify.com/s/files/1/0988/5725/5244/files/Damskie_kozaki_sznurowane_na_ch_odniejsze_dnivr4.png?v=1789398434,,,
damskie-kozaki-sznurowane-na-chlodniejsze-dni,,,Czarny,,36,,,,0.0,shopify,continue,manual,279.95,0.00,true,true,https://cdn.shopify.com/s/files/1/0988/5725/5244/files/Damskie_kozaki_sznurowane_na_ch_odniejsze_dnivdf.webp?v=1789398509,,,
damskie-kozaki-sznurowane-na-chlodniejsze-dni,,,Czarny,,37,,,,0.0,shopify,continue,manual,279.95,0.00,true,true,https://cdn.shopify.com/s/files/1/0988/5725/5244/files/Damskie_kozaki_sznurowane_na_ch_odniejsze_dnivdf.webp?v=1789398509,,,
damskie-kozaki-sznurowane-na-chlodniejsze-dni,,,Czarny,,38,,,,0.0,shopify,continue,manual,279.95,0.00,true,true,https://cdn.shopify.com/s/files/1/0988/5725/5244/files/Damskie_kozaki_sznurowane_na_ch_odniejsze_dnivdf.webp?v=1789398509,,,
damskie-kozaki-sznurowane-na-chlodniejsze-dni,,,Czarny,,39,,,,0.0,shopify,continue,manual,279.95,0.00,true,true,https://cdn.shopify.com/s/files/1/0988/5725/5244/files/Damskie_kozaki_sznurowane_na_ch_odniejsze_dnivdf.webp?v=1789398509,,,
damskie-kozaki-sznurowane-na-chlodniejsze-dni,,,Czarny,,40,,,,0.0,shopify,continue,manual,279.95,0.00,true,true,https://cdn.shopify.com/s/files/1/0988/5725/5244/files/Damskie_kozaki_sznurowane_na_ch_odniejsze_dnivdf.webp?v=1789398509,,,
damskie-kozaki-sznurowane-na-chlodniejsze-dni,,,Czarny,,41,,,,0.0,shopify,continue,manual,279.95,0.00,true,true,https://cdn.shopify.com/s/files/1/0988/5725/5244/files/Damskie_kozaki_sznurowane_na_ch_odniejsze_dnivdf.webp?v=1789398509,,,
damskie-kozaki-sznurowane-na-chlodniejsze-dni,,,Czarny,,42,,,,0.0,shopify,continue,manual,279.95,0.00,true,true,https://cdn.shopify.com/s/files/1/0988/5725/5244/files/Damskie_kozaki_sznurowane_na_ch_odniejsze_dnivdf.webp?v=1789398509,,,
damskie-kozaki-sznurowane-na-chlodniejsze-dni,,,Brązowy,,36,,,,0.0,shopify,continue,manual,279.95,0.00,true,true,https://cdn.shopify.com/s/files/1/0988/5725/5244/files/Damskie_kozaki_sznurowane_na_ch_odniejsze_dnivdfe.webp?v=1789398531,,,
damskie-kozaki-sznurowane-na-chlodniejsze-dni,,,Brązowy,,37,,,,0.0,shopify,continue,manual,279.95,0.00,true,true,https://cdn.shopify.com/s/files/1/0988/5725/5244/files/Damskie_kozaki_sznurowane_na_ch_odniejsze_dnivdfe.webp?v=1789398531,,,
damskie-kozaki-sznurowane-na-chlodniejsze-dni,,,Brązowy,,38,,,,0.0,shopify,continue,manual,279.95,0.00,true,true,https://cdn.shopify.com/s/files/1/0988/5725/5244/files/Damskie_kozaki_sznurowane_na_ch_odniejsze_dnivdfe.webp?v=1789398531,,,
damskie-kozaki-sznurowane-na-chlodniejsze-dni,,,Brązowy,,39,,,,0.0,shopify,continue,manual,279.95,0.00,true,true,https://cdn.shopify.com/s/files/1/0988/5725/5244/files/Damskie_kozaki_sznurowane_na_ch_odniejsze_dnivdfe.webp?v=1789398531,,,
damskie-kozaki-sznurowane-na-chlodniejsze-dni,,,Brązowy,,40,,,,0.0,shopify,continue,manual,279.95,0.00,true,true,https://cdn.shopify.com/s/files/1/0988/5725/5244/files/Damskie_kozaki_sznurowane_na_ch_odniejsze_dnivdfe.webp?v=1789398531,,,
damskie-kozaki-sznurowane-na-chlodniejsze-dni,,,Brązowy,,41,,,,0.0,shopify,continue,manual,279.95,0.00,true,true,https://cdn.shopify.com/s/files/1/0988/5725/5244/files/Damskie_kozaki_sznurowane_na_ch_odniejsze_dnivdfe.webp?v=1789398531,,,
damskie-kozaki-sznurowane-na-chlodniejsze-dni,,,Brązowy,,42,,,,0.0,shopify,continue,manual,279.95,0.00,true,true,https://cdn.shopify.com/s/files/1/0988/5725/5244/files/Damskie_kozaki_sznurowane_na_ch_odniejsze_dnivdfe.webp?v=1789398531,,,
damskie-kozaki-sznurowane-na-chlodniejsze-dni,,,Fioletowy,,36,,,,0.0,shopify,continue,manual,279.95,0.00,true,true,https://cdn.shopify.com/s/files/1/0988/5725/5244/files/Damskie_kozaki_sznurowane_na_ch_odniejsze_dnivdfr.webp?v=1789398558,,,
damskie-kozaki-sznurowane-na-chlodniejsze-dni,,,Fioletowy,,37,,,,0.0,shopify,continue,manual,279.95,0.00,true,true,https://cdn.shopify.com/s/files/1/0988/5725/5244/files/Damskie_kozaki_sznurowane_na_ch_odniejsze_dnivdfr.webp?v=1789398558,,,
damskie-kozaki-sznurowane-na-chlodniejsze-dni,,,Fioletowy,,38,,,,0.0,shopify,continue,manual,279.95,0.00,true,true,https://cdn.shopify.com/s/files/1/0988/5725/5244/files/Damskie_kozaki_sznurowane_na_ch_odniejsze_dnivdfr.webp?v=1789398558,,,
damskie-kozaki-sznurowane-na-chlodniejsze-dni,,,Fioletowy,,39,,,,0.0,shopify,continue,manual,279.95,0.00,true,true,https://cdn.shopify.com/s/files/1/0988/5725/5244/files/Damskie_kozaki_sznurowane_na_ch_odniejsze_dnivdfr.webp?v=1789398558,,,
damskie-kozaki-sznurowane-na-chlodniejsze-dni,,,Fioletowy,,40,,,,0.0,shopify,continue,manual,279.95,0.00,true,true,https://cdn.shopify.com/s/files/1/0988/5725/5244/files/Damskie_kozaki_sznurowane_na_ch_odniejsze_dnivdfr.webp?v=1789398558,,,
damskie-kozaki-sznurowane-na-chlodniejsze-dni,,,Fioletowy,,41,,,,0.0,shopify,continue,manual,279.95,0.00,true,true,https://cdn.shopify.com/s/files/1/0988/5725/5244/files/Damskie_kozaki_sznurowane_na_ch_odniejsze_dnivdfr.webp?v=1789398558,,,
damskie-kozaki-sznurowane-na-chlodniejsze-dni,,,Fioletowy,,42,,,,0.0,shopify,continue,manual,279.95,0.00,true,true,https://cdn.shopify.com/s/files/1/0988/5725/5244/files/Damskie_kozaki_sznurowane_na_ch_odniejsze_dnivdfr.webp?v=1789398558,,,
damskie-kozaki-sznurowane-na-chlodniejsze-dni,,,Beżowy,,43,,,,0.0,shopify,continue,manual,279.95,0.00,true,true,,,,
damskie-kozaki-sznurowane-na-chlodniejsze-dni,,,Czarny,,43,,,,0.0,shopify,continue,manual,279.95,0.00,true,true,,,,
damskie-kozaki-sznurowane-na-chlodniejsze-dni,,,Brązowy,,43,,,,0.0,shopify,continue,manual,279.95,0.00,true,true,,,,
damskie-kozaki-sznurowane-na-chlodniejsze-dni,,,Fioletowy,,43,,,,0.0,shopify,continue,manual,279.95,0.00,true,true,,,,
damskie-kozaki-sznurowane-na-chlodniejsze-dni,,,,,,,,,,,,,,,,,,https://cdn.shopify.com/s/files/1/0988/5725/5244/files/Damskie_kozaki_sznurowane_na_ch_odniejsze_dnivr4.png?v=1789398434,1,Damskie kozaki sznurowane na chłodniejsze dni
damskie-kozaki-sznurowane-na-chlodniejsze-dni,,,,,,,,,,,,,,,,,,https://cdn.shopify.com/s/files/1/0988/5725/5244/files/Damskie_kozaki_sznurowane_na_ch_odniejsze_dnivr.webp?v=1789398453,2,Damskie kozaki sznurowane na chłodniejsze dni
damskie-kozaki-sznurowane-na-chlodniejsze-dni,,,,,,,,,,,,,,,,,,https://cdn.shopify.com/s/files/1/0988/5725/5244/files/Damskie_kozaki_sznurowane_na_ch_odniejsze_dnivfr.webp?v=1789398474,3,Damskie kozaki sznurowane na chłodniejsze dni
damskie-kozaki-sznurowane-na-chlodniejsze-dni,,,,,,,,,,,,,,,,,,https://cdn.shopify.com/s/files/1/0988/5725/5244/files/Damskie_kozaki_sznurowane_na_ch_odniejsze_dnivdf.webp?v=1789398509,4,Damskie kozaki sznurowane na chłodniejsze dni
damskie-kozaki-sznurowane-na-chlodniejsze-dni,,,,,,,,,,,,,,,,,,https://cdn.shopify.com/s/files/1/0988/5725/5244/files/Damskie_kozaki_sznurowane_na_ch_odniejsze_dnivdfe.webp?v=1789398531,5,Damskie kozaki sznurowane na chłodniejsze dni
damskie-kozaki-sznurowane-na-chlodniejsze-dni,,,,,,,,,,,,,,,,,,https://cdn.shopify.com/s/files/1/0988/5725/5244/files/Damskie_kozaki_sznurowane_na_ch_odniejsze_dnivdfr.webp?v=1789398558,6,Damskie kozaki sznurowane na chłodniejsze dni
damskie-kozaki-sznurowane-na-chlodniejsze-dni,,,,,,,,,,,,,,,,,,https://cdn.shopify.com/s/files/1/0988/5725/5244/files/Damskie_kozaki_sznurowane_na_ch_odniejsze_dnivfdfr.webp?v=1789398580,7,Damskie kozaki sznurowane na chłodniejsze dni
damskie-kozaki-sznurowane-na-chlodniejsze-dni,,,,,,,,,,,,,,,,,,https://cdn.shopify.com/s/files/1/0988/5725/5244/files/Damskie_kozaki_sznurowane_na_ch_odniejsze_dnivf5.webp?v=1789398604,8,Damskie kozaki sznurowane na chłodniejsze dni
damskie-kozaki-sznurowane-na-chlodniejsze-dni,,,,,,,,,,,,,,,,,,https://cdn.shopify.com/s/files/1/0988/5725/5244/files/Damskie_kozaki_sznurowane_na_ch_odniejsze_dnivfdr.webp?v=1789398632,9,Damskie kozaki sznurowane na chłodniejsze dni
damskie-botki-na-chlodniejsze-dni,Damskie botki na chłodniejsze dni,Kolor,Beżowy,Rozmiar,36,,,,0.0,shopify,continue,manual,229.95,0.00,true,true,https://cdn.shopify.com/s/files/1/0988/5725/5244/files/Damskie_wsuwane_p_buty_na_co_dzie_vfgf5.png?v=1789398272,,,
damskie-botki-na-chlodniejsze-dni,,,Beżowy,,37,,,,0.0,shopify,continue,manual,229.95,0.00,true,true,https://cdn.shopify.com/s/files/1/0988/5725/5244/files/Damskie_wsuwane_p_buty_na_co_dzie_vfgf5.png?v=1789398272,,,
damskie-botki-na-chlodniejsze-dni,,,Beżowy,,38,,,,0.0,shopify,continue,manual,229.95,0.00,true,true,https://cdn.shopify.com/s/files/1/0988/5725/5244/files/Damskie_wsuwane_p_buty_na_co_dzie_vfgf5.png?v=1789398272,,,
damskie-botki-na-chlodniejsze-dni,,,Beżowy,,39,,,,0.0,shopify,continue,manual,229.95,0.00,true,true,https://cdn.shopify.com/s/files/1/0988/5725/5244/files/Damskie_wsuwane_p_buty_na_co_dzie_vfgf5.png?v=1789398272,,,
damskie-botki-na-chlodniejsze-dni,,,Beżowy,,40,,,,0.0,shopify,continue,manual,229.95,0.00,true,true,https://cdn.shopify.com/s/files/1/0988/5725/5244/files/Damskie_wsuwane_p_buty_na_co_dzie_vfgf5.png?v=1789398272,,,
damskie-botki-na-chlodniejsze-dni,,,Beżowy,,41,,,,0.0,shopify,continue,manual,229.95,0.00,true,true,https://cdn.shopify.com/s/files/1/0988/5725/5244/files/Damskie_wsuwane_p_buty_na_co_dzie_vfgf5.png?v=1789398272,,,
damskie-botki-na-chlodniejsze-dni,,,Beżowy,,42,,,,0.0,shopify,continue,manual,229.95,0.00,true,true,https://cdn.shopify.com/s/files/1/0988/5725/5244/files/Damskie_wsuwane_p_buty_na_co_dzie_vfgf5.png?v=1789398272,,,
damskie-botki-na-chlodniejsze-dni,,,Czarny,,36,,,,0.0,shopify,continue,manual,229.95,0.00,true,true,https://cdn.shopify.com/s/files/1/0988/5725/5244/files/Damskie_wsuwane_p_buty_na_co_dzie_vdgr.png?v=1789398289,,,
damskie-botki-na-chlodniejsze-dni,,,Czarny,,37,,,,0.0,shopify,continue,manual,229.95,0.00,true,true,https://cdn.shopify.com/s/files/1/0988/5725/5244/files/Damskie_wsuwane_p_buty_na_co_dzie_vdgr.png?v=1789398289,,,
damskie-botki-na-chlodniejsze-dni,,,Czarny,,38,,,,0.0,shopify,continue,manual,229.95,0.00,true,true,https://cdn.shopify.com/s/files/1/0988/5725/5244/files/Damskie_wsuwane_p_buty_na_co_dzie_vdgr.png?v=1789398289,,,
damskie-botki-na-chlodniejsze-dni,,,Czarny,,39,,,,0.0,shopify,continue,manual,229.95,0.00,true,true,https://cdn.shopify.com/s/files/1/0988/5725/5244/files/Damskie_wsuwane_p_buty_na_co_dzie_vdgr.png?v=1789398289,,,
damskie-botki-na-chlodniejsze-dni,,,Czarny,,40,,,,0.0,shopify,continue,manual,229.95,0.00,true,true,https://cdn.shopify.com/s/files/1/0988/5725/5244/files/Damskie_wsuwane_p_buty_na_co_dzie_vdgr.png?v=1789398289,,,
damskie-botki-na-chlodniejsze-dni,,,Czarny,,41,,,,0.0,shopify,continue,manual,229.95,0.00,true,true,https://cdn.shopify.com/s/files/1/0988/5725/5244/files/Damskie_wsuwane_p_buty_na_co_dzie_vdgr.png?v=1789398289,,,
damskie-botki-na-chlodniejsze-dni,,,Czarny,,42,,,,0.0,shopify,continue,manual,229.95,0.00,true,true,https://cdn.shopify.com/s/files/1/0988/5725/5244/files/Damskie_wsuwane_p_buty_na_co_dzie_vdgr.png?v=1789398289,,,
damskie-botki-na-chlodniejsze-dni,,,Beżowy,,43,,,,0.0,shopify,continue,manual,229.95,0.00,true,true,,,,
damskie-botki-na-chlodniejsze-dni,,,Czarny,,43,,,,0.0,shopify,continue,manual,229.95,0.00,true,true,,,,
damskie-botki-na-chlodniejsze-dni,,,,,,,,,,,,,,,,,,https://cdn.shopify.com/s/files/1/0988/5725/5244/files/Damskie_wsuwane_p_buty_na_co_dzie_vfgf5.png?v=1789398272,1,Damskie wsuwane półbuty na co dzień
damskie-botki-na-chlodniejsze-dni,,,,,,,,,,,,,,,,,,https://cdn.shopify.com/s/files/1/0988/5725/5244/files/Damskie_wsuwane_p_buty_na_co_dzie_vdgr.png?v=1789398289,2,Damskie wsuwane półbuty na co dzień
damskie-botki-na-chlodniejsze-dni,,,,,,,,,,,,,,,,,,https://cdn.shopify.com/s/files/1/0988/5725/5244/files/Damskie_wsuwane_p_buty_na_co_dzie_vdfr.jpg?v=1789398300,3,Damskie wsuwane półbuty na co dzień
damskie-botki-na-chlodniejsze-dni,,,,,,,,,,,,,,,,,,https://cdn.shopify.com/s/files/1/0988/5725/5244/files/Damskie_wsuwane_p_buty_na_co_dzie_vdfr.png?v=1789398333,4,Damskie wsuwane półbuty na co dzień
damskie-botki-na-chlodniejsze-dni,,,,,,,,,,,,,,,,,,https://cdn.shopify.com/s/files/1/0988/5725/5244/files/Damskie_wsuwane_p_buty_na_co_dzie_vf4.webp?v=1789398355,5,Damskie wsuwane półbuty na co dzień
damskie-wsuwane-polbuty-na-co-dzien,Damskie wsuwane półbuty na co dzień,Kolor,Czarny,Rozmiar,36,,,,0.0,shopify,continue,manual,179.95,0.00,true,true,https://cdn.shopify.com/s/files/1/0988/5725/5244/files/Damskie_wsuwane_p_buty_na_co_dzie_vdfe.png?v=1789397863,,,
damskie-wsuwane-polbuty-na-co-dzien,,,Czarny,,37,,,,0.0,shopify,continue,manual,179.95,0.00,true,true,https://cdn.shopify.com/s/files/1/0988/5725/5244/files/Damskie_wsuwane_p_buty_na_co_dzie_vdfe.png?v=1789397863,,,
damskie-wsuwane-polbuty-na-co-dzien,,,Czarny,,38,,,,0.0,shopify,continue,manual,179.95,0.00,true,true,https://cdn.shopify.com/s/files/1/0988/5725/5244/files/Damskie_wsuwane_p_buty_na_co_dzie_vdfe.png?v=1789397863,,,
damskie-wsuwane-polbuty-na-co-dzien,,,Czarny,,39,,,,0.0,shopify,continue,manual,179.95,0.00,true,true,https://cdn.shopify.com/s/files/1/0988/5725/5244/files/Damskie_wsuwane_p_buty_na_co_dzie_vdfe.png?v=1789397863,,,
damskie-wsuwane-polbuty-na-co-dzien,,,Czarny,,40,,,,0.0,shopify,continue,manual,179.95,0.00,true,true,https://cdn.shopify.com/s/files/1/0988/5725/5244/files/Damskie_wsuwane_p_buty_na_co_dzie_vdfe.png?v=1789397863,,,
damskie-wsuwane-polbuty-na-co-dzien,,,Czarny,,41,,,,0.0,shopify,continue,manual,179.95,0.00,true,true,https://cdn.shopify.com/s/files/1/0988/5725/5244/files/Damskie_wsuwane_p_buty_na_co_dzie_vdfe.png?v=1789397863,,,
damskie-wsuwane-polbuty-na-co-dzien,,,Czarny,,42,,,,0.0,shopify,continue,manual,179.95,0.00,true,true,https://cdn.shopify.com/s/files/1/0988/5725/5244/files/Damskie_wsuwane_p_buty_na_co_dzie_vdfe.png?v=1789397863,,,
damskie-wsuwane-polbuty-na-co-dzien,,,Szary,,36,,,,0.0,shopify,continue,manual,179.95,0.00,true,true,https://cdn.shopify.com/s/files/1/0988/5725/5244/files/Damskie_wsuwane_p_buty_na_co_dzie_vdfr.webp?v=1789397950,,,
damskie-wsuwane-polbuty-na-co-dzien,,,Szary,,37,,,,0.0,shopify,continue,manual,179.95,0.00,true,true,https://cdn.shopify.com/s/files/1/0988/5725/5244/files/Damskie_wsuwane_p_buty_na_co_dzie_vdfr.webp?v=1789397950,,,
damskie-wsuwane-polbuty-na-co-dzien,,,Szary,,38,,,,0.0,shopify,continue,manual,179.95,0.00,true,true,https://cdn.shopify.com/s/files/1/0988/5725/5244/files/Damskie_wsuwane_p_buty_na_co_dzie_vdfr.webp?v=1789397950,,,
damskie-wsuwane-polbuty-na-co-dzien,,,Szary,,39,,,,0.0,shopify,continue,manual,179.95,0.00,true,true,https://cdn.shopify.com/s/files/1/0988/5725/5244/files/Damskie_wsuwane_p_buty_na_co_dzie_vdfr.webp?v=1789397950,,,
damskie-wsuwane-polbuty-na-co-dzien,,,Szary,,40,,,,0.0,shopify,continue,manual,179.95,0.00,true,true,https://cdn.shopify.com/s/files/1/0988/5725/5244/files/Damskie_wsuwane_p_buty_na_co_dzie_vdfr.webp?v=1789397950,,,
damskie-wsuwane-polbuty-na-co-dzien,,,Szary,,41,,,,0.0,shopify,continue,manual,179.95,0.00,true,true,https://cdn.shopify.com/s/files/1/0988/5725/5244/files/Damskie_wsuwane_p_buty_na_co_dzie_vdfr.webp?v=1789397950,,,
damskie-wsuwane-polbuty-na-co-dzien,,,Szary,,42,,,,0.0,shopify,continue,manual,179.95,0.00,true,true,https://cdn.shopify.com/s/files/1/0988/5725/5244/files/Damskie_wsuwane_p_buty_na_co_dzie_vdfr.webp?v=1789397950,,,
damskie-wsuwane-polbuty-na-co-dzien,,,Niebieski,,36,,,,0.0,shopify,continue,manual,179.95,0.00,true,true,https://cdn.shopify.com/s/files/1/0988/5725/5244/files/Damskie_wsuwane_p_buty_na_co_dzie_vdfer.webp?v=1789398043,,,
damskie-wsuwane-polbuty-na-co-dzien,,,Niebieski,,37,,,,0.0,shopify,continue,manual,179.95,0.00,true,true,https://cdn.shopify.com/s/files/1/0988/5725/5244/files/Damskie_wsuwane_p_buty_na_co_dzie_vdfer.webp?v=1789398043,,,
damskie-wsuwane-polbuty-na-co-dzien,,,Niebieski,,38,,,,0.0,shopify,continue,manual,179.95,0.00,true,true,https://cdn.shopify.com/s/files/1/0988/5725/5244/files/Damskie_wsuwane_p_buty_na_co_dzie_vdfer.webp?v=1789398043,,,
damskie-wsuwane-polbuty-na-co-dzien,,,Niebieski,,39,,,,0.0,shopify,continue,manual,179.95,0.00,true,true,https://cdn.shopify.com/s/files/1/0988/5725/5244/files/Damskie_wsuwane_p_buty_na_co_dzie_vdfer.webp?v=1789398043,,,
damskie-wsuwane-polbuty-na-co-dzien,,,Niebieski,,40,,,,0.0,shopify,continue,manual,179.95,0.00,true,true,https://cdn.shopify.com/s/files/1/0988/5725/5244/files/Damskie_wsuwane_p_buty_na_co_dzie_vdfer.webp?v=1789398043,,,
damskie-wsuwane-polbuty-na-co-dzien,,,Niebieski,,41,,,,0.0,shopify,continue,manual,179.95,0.00,true,true,https://cdn.shopify.com/s/files/1/0988/5725/5244/files/Damskie_wsuwane_p_buty_na_co_dzie_vdfer.webp?v=1789398043,,,
damskie-wsuwane-polbuty-na-co-dzien,,,Niebieski,,42,,,,0.0,shopify,continue,manual,179.95,0.00,true,true,https://cdn.shopify.com/s/files/1/0988/5725/5244/files/Damskie_wsuwane_p_buty_na_co_dzie_vdfer.webp?v=1789398043,,,
damskie-wsuwane-polbuty-na-co-dzien,,,Czarny,,43,,,,0.0,shopify,continue,manual,179.95,0.00,true,true,,,,
damskie-wsuwane-polbuty-na-co-dzien,,,Szary,,43,,,,0.0,shopify,continue,manual,179.95,0.00,true,true,,,,
damskie-wsuwane-polbuty-na-co-dzien,,,Niebieski,,43,,,,0.0,shopify,continue,manual,179.95,0.00,true,true,,,,
damskie-wsuwane-polbuty-na-co-dzien,,,,,,,,,,,,,,,,,,https://cdn.shopify.com/s/files/1/0988/5725/5244/files/Damskie_wsuwane_p_buty_na_co_dzie_vdfe.png?v=1789397863,1,Damskie wsuwane półbuty na co dzień
damskie-wsuwane-polbuty-na-co-dzien,,,,,,,,,,,,,,,,,,https://cdn.shopify.com/s/files/1/0988/5725/5244/files/Damskie_wsuwane_p_buty_na_co_dzie_vdfe.webp?v=1789397875,2,Damskie wsuwane półbuty na co dzień
damskie-wsuwane-polbuty-na-co-dzien,,,,,,,,,,,,,,,,,,https://cdn.shopify.com/s/files/1/0988/5725/5244/files/Damskie_wsuwane_p_buty_na_co_dzie_Damskie_wsuwane_p_buty_na_co_dzie_dr.webp?v=1789397889,3,Damskie wsuwane półbuty na co dzień
damskie-wsuwane-polbuty-na-co-dzien,,,,,,,,,,,,,,,,,,https://cdn.shopify.com/s/files/1/0988/5725/5244/files/Damskie_wsuwane_p_buty_na_co_dzie_vder.webp?v=1789397900,4,Damskie wsuwane półbuty na co dzień
damskie-wsuwane-polbuty-na-co-dzien,,,,,,,,,,,,,,,,,,https://cdn.shopify.com/s/files/1/0988/5725/5244/files/Damskie_wsuwane_p_buty_na_co_dzie_vdfr.webp?v=1789397950,5,Damskie wsuwane półbuty na co dzień
damskie-wsuwane-polbuty-na-co-dzien,,,,,,,,,,,,,,,,,,https://cdn.shopify.com/s/files/1/0988/5725/5244/files/Damskie_wsuwane_p_buty_na_co_dzie_dvf4.webp?v=1789397966,6,Damskie wsuwane półbuty na co dzień
damskie-wsuwane-polbuty-na-co-dzien,,,,,,,,,,,,,,,,,,https://cdn.shopify.com/s/files/1/0988/5725/5244/files/Damskie_wsuwane_p_buty_na_co_dzie_df.webp?v=1789398002,7,Damskie wsuwane półbuty na co dzień
damskie-wsuwane-polbuty-na-co-dzien,,,,,,,,,,,,,,,,,,https://cdn.shopify.com/s/files/1/0988/5725/5244/files/Damskie_wsuwane_p_buty_na_co_dzie_vcfr.webp?v=1789398029,8,Damskie wsuwane półbuty na co dzień
damskie-wsuwane-polbuty-na-co-dzien,,,,,,,,,,,,,,,,,,https://cdn.shopify.com/s/files/1/0988/5725/5244/files/Damskie_wsuwane_p_buty_na_co_dzie_vdfer.webp?v=1789398043,9,Damskie wsuwane półbuty na co dzień
damskie-wsuwane-polbuty-na-co-dzien,,,,,,,,,,,,,,,,,,https://cdn.shopify.com/s/files/1/0988/5725/5244/files/Damskie_wsuwane_p_buty_na_co_dzie_vf4r.webp?v=1789398058,10,Damskie wsuwane półbuty na co dzień
damskie-wsuwane-polbuty-na-co-dzien,,,,,,,,,,,,,,,,,,https://cdn.shopify.com/s/files/1/0988/5725/5244/files/Damskie_wsuwane_p_buty_na_co_dzie_vg4.webp?v=1789398079,11,Damskie wsuwane półbuty na co dzień
damskie-wsuwane-polbuty-na-co-dzien,,,,,,,,,,,,,,,,,,https://cdn.shopify.com/s/files/1/0988/5725/5244/files/Damskie_wsuwane_p_buty_na_co_dzie_vf3.webp?v=1789398097,12,Damskie wsuwane półbuty na co dzień
damskie-sneakersy-idealne-na-co-dzien,Damskie sneakersy idealne na co dzień,Kolor,Jasnoszary,Rozmiar,36,,,,0.0,shopify,continue,manual,204.95,0.00,true,true,https://cdn.shopify.com/s/files/1/0988/5725/5244/files/Damskie_sneakersy_na_codzienne_wyj_ciavdf5.png?v=1789397580,,,
damskie-sneakersy-idealne-na-co-dzien,,,Jasnoszary,,37,,,,0.0,shopify,continue,manual,204.95,0.00,true,true,https://cdn.shopify.com/s/files/1/0988/5725/5244/files/Damskie_sneakersy_na_codzienne_wyj_ciavdf5.png?v=1789397580,,,
damskie-sneakersy-idealne-na-co-dzien,,,Jasnoszary,,38,,,,0.0,shopify,continue,manual,204.95,0.00,true,true,https://cdn.shopify.com/s/files/1/0988/5725/5244/files/Damskie_sneakersy_na_codzienne_wyj_ciavdf5.png?v=1789397580,,,
damskie-sneakersy-idealne-na-co-dzien,,,Jasnoszary,,39,,,,0.0,shopify,continue,manual,204.95,0.00,true,true,https://cdn.shopify.com/s/files/1/0988/5725/5244/files/Damskie_sneakersy_na_codzienne_wyj_ciavdf5.png?v=1789397580,,,
damskie-sneakersy-idealne-na-co-dzien,,,Jasnoszary,,40,,,,0.0,shopify,continue,manual,204.95,0.00,true,true,https://cdn.shopify.com/s/files/1/0988/5725/5244/files/Damskie_sneakersy_na_codzienne_wyj_ciavdf5.png?v=1789397580,,,
damskie-sneakersy-idealne-na-co-dzien,,,Jasnoszary,,41,,,,0.0,shopify,continue,manual,204.95,0.00,true,true,https://cdn.shopify.com/s/files/1/0988/5725/5244/files/Damskie_sneakersy_na_codzienne_wyj_ciavdf5.png?v=1789397580,,,
damskie-sneakersy-idealne-na-co-dzien,,,Jasnoszary,,42,,,,0.0,shopify,continue,manual,204.95,0.00,true,true,https://cdn.shopify.com/s/files/1/0988/5725/5244/files/Damskie_sneakersy_na_codzienne_wyj_ciavdf5.png?v=1789397580,,,
damskie-sneakersy-idealne-na-co-dzien,,,Szary,,36,,,,0.0,shopify,continue,manual,204.95,0.00,true,true,https://cdn.shopify.com/s/files/1/0988/5725/5244/files/Damskie_sneakersy_na_codzienne_wyj_ciavdf4.png?v=1789397633,,,
damskie-sneakersy-idealne-na-co-dzien,,,Szary,,37,,,,0.0,shopify,continue,manual,204.95,0.00,true,true,https://cdn.shopify.com/s/files/1/0988/5725/5244/files/Damskie_sneakersy_na_codzienne_wyj_ciavdf4.png?v=1789397633,,,
damskie-sneakersy-idealne-na-co-dzien,,,Szary,,38,,,,0.0,shopify,continue,manual,204.95,0.00,true,true,https://cdn.shopify.com/s/files/1/0988/5725/5244/files/Damskie_sneakersy_na_codzienne_wyj_ciavdf4.png?v=1789397633,,,
damskie-sneakersy-idealne-na-co-dzien,,,Szary,,39,,,,0.0,shopify,continue,manual,204.95,0.00,true,true,https://cdn.shopify.com/s/files/1/0988/5725/5244/files/Damskie_sneakersy_na_codzienne_wyj_ciavdf4.png?v=1789397633,,,
damskie-sneakersy-idealne-na-co-dzien,,,Szary,,40,,,,0.0,shopify,continue,manual,204.95,0.00,true,true,https://cdn.shopify.com/s/files/1/0988/5725/5244/files/Damskie_sneakersy_na_codzienne_wyj_ciavdf4.png?v=1789397633,,,
damskie-sneakersy-idealne-na-co-dzien,,,Szary,,41,,,,0.0,shopify,continue,manual,204.95,0.00,true,true,https://cdn.shopify.com/s/files/1/0988/5725/5244/files/Damskie_sneakersy_na_codzienne_wyj_ciavdf4.png?v=1789397633,,,
damskie-sneakersy-idealne-na-co-dzien,,,Szary,,42,,,,0.0,shopify,continue,manual,204.95,0.00,true,true,https://cdn.shopify.com/s/files/1/0988/5725/5244/files/Damskie_sneakersy_na_codzienne_wyj_ciavdf4.png?v=1789397633,,,
damskie-sneakersy-idealne-na-co-dzien,,,Czarny,,36,,,,0.0,shopify,continue,manual,204.95,0.00,true,true,https://cdn.shopify.com/s/files/1/0988/5725/5244/files/Damskie_sneakersy_na_codzienne_wyj_ciavdg7.png?v=1789397777,,,
damskie-sneakersy-idealne-na-co-dzien,,,Czarny,,37,,,,0.0,shopify,continue,manual,204.95,0.00,true,true,https://cdn.shopify.com/s/files/1/0988/5725/5244/files/Damskie_sneakersy_na_codzienne_wyj_ciavdg7.png?v=1789397777,,,
damskie-sneakersy-idealne-na-co-dzien,,,Czarny,,38,,,,0.0,shopify,continue,manual,204.95,0.00,true,true,https://cdn.shopify.com/s/files/1/0988/5725/5244/files/Damskie_sneakersy_na_codzienne_wyj_ciavdg7.png?v=1789397777,,,
damskie-sneakersy-idealne-na-co-dzien,,,Czarny,,39,,,,0.0,shopify,continue,manual,204.95,0.00,true,true,https://cdn.shopify.com/s/files/1/0988/5725/5244/files/Damskie_sneakersy_na_codzienne_wyj_ciavdg7.png?v=1789397777,,,
damskie-sneakersy-idealne-na-co-dzien,,,Czarny,,40,,,,0.0,shopify,continue,manual,204.95,0.00,true,true,https://cdn.shopify.com/s/files/1/0988/5725/5244/files/Damskie_sneakersy_na_codzienne_wyj_ciavdg7.png?v=1789397777,,,
damskie-sneakersy-idealne-na-co-dzien,,,Czarny,,41,,,,0.0,shopify,continue,manual,204.95,0.00,true,true,https://cdn.shopify.com/s/files/1/0988/5725/5244/files/Damskie_sneakersy_na_codzienne_wyj_ciavdg7.png?v=1789397777,,,
damskie-sneakersy-idealne-na-co-dzien,,,Czarny,,42,,,,0.0,shopify,continue,manual,204.95,0.00,true,true,https://cdn.shopify.com/s/files/1/0988/5725/5244/files/Damskie_sneakersy_na_codzienne_wyj_ciavdg7.png?v=1789397777,,,
damskie-sneakersy-idealne-na-co-dzien,,,Czerwony,,36,,,,0.0,shopify,continue,manual,204.95,0.00,true,true,https://cdn.shopify.com/s/files/1/0988/5725/5244/files/Damskie_sneakersy_na_codzienne_wyj_ciaDamskie_sneakersy_na_codzienne_wyj_ciadfe.png?v=1789397693,,,
damskie-sneakersy-idealne-na-co-dzien,,,Czerwony,,37,,,,0.0,shopify,continue,manual,204.95,0.00,true,true,https://cdn.shopify.com/s/files/1/0988/5725/5244/files/Damskie_sneakersy_na_codzienne_wyj_ciaDamskie_sneakersy_na_codzienne_wyj_ciadfe.png?v=1789397693,,,
damskie-sneakersy-idealne-na-co-dzien,,,Czerwony,,38,,,,0.0,shopify,continue,manual,204.95,0.00,true,true,https://cdn.shopify.com/s/files/1/0988/5725/5244/files/Damskie_sneakersy_na_codzienne_wyj_ciaDamskie_sneakersy_na_codzienne_wyj_ciadfe.png?v=1789397693,,,
damskie-sneakersy-idealne-na-co-dzien,,,Czerwony,,39,,,,0.0,shopify,continue,manual,204.95,0.00,true,true,https://cdn.shopify.com/s/files/1/0988/5725/5244/files/Damskie_sneakersy_na_codzienne_wyj_ciaDamskie_sneakersy_na_codzienne_wyj_ciadfe.png?v=1789397693,,,
damskie-sneakersy-idealne-na-co-dzien,,,Czerwony,,40,,,,0.0,shopify,continue,manual,204.95,0.00,true,true,https://cdn.shopify.com/s/files/1/0988/5725/5244/files/Damskie_sneakersy_na_codzienne_wyj_ciaDamskie_sneakersy_na_codzienne_wyj_ciadfe.png?v=1789397693,,,
damskie-sneakersy-idealne-na-co-dzien,,,Czerwony,,41,,,,0.0,shopify,continue,manual,204.95,0.00,true,true,https://cdn.shopify.com/s/files/1/0988/5725/5244/files/Damskie_sneakersy_na_codzienne_wyj_ciaDamskie_sneakersy_na_codzienne_wyj_ciadfe.png?v=1789397693,,,
damskie-sneakersy-idealne-na-co-dzien,,,Czerwony,,42,,,,0.0,shopify,continue,manual,204.95,0.00,true,true,https://cdn.shopify.com/s/files/1/0988/5725/5244/files/Damskie_sneakersy_na_codzienne_wyj_ciaDamskie_sneakersy_na_codzienne_wyj_ciadfe.png?v=1789397693,,,
damskie-sneakersy-idealne-na-co-dzien,,,Granatowy,,36,,,,0.0,shopify,continue,manual,204.95,0.00,true,true,https://cdn.shopify.com/s/files/1/0988/5725/5244/files/Damskie_sneakersy_na_codzienne_wyj_ciavdee.png?v=1789397734,,,
damskie-sneakersy-idealne-na-co-dzien,,,Granatowy,,37,,,,0.0,shopify,continue,manual,204.95,0.00,true,true,https://cdn.shopify.com/s/files/1/0988/5725/5244/files/Damskie_sneakersy_na_codzienne_wyj_ciavdee.png?v=1789397734,,,
damskie-sneakersy-idealne-na-co-dzien,,,Granatowy,,38,,,,0.0,shopify,continue,manual,204.95,0.00,true,true,https://cdn.shopify.com/s/files/1/0988/5725/5244/files/Damskie_sneakersy_na_codzienne_wyj_ciavdee.png?v=1789397734,,,
damskie-sneakersy-idealne-na-co-dzien,,,Granatowy,,39,,,,0.0,shopify,continue,manual,204.95,0.00,true,true,https://cdn.shopify.com/s/files/1/0988/5725/5244/files/Damskie_sneakersy_na_codzienne_wyj_ciavdee.png?v=1789397734,,,
damskie-sneakersy-idealne-na-co-dzien,,,Granatowy,,40,,,,0.0,shopify,continue,manual,204.95,0.00,true,true,https://cdn.shopify.com/s/files/1/0988/5725/5244/files/Damskie_sneakersy_na_codzienne_wyj_ciavdee.png?v=1789397734,,,
damskie-sneakersy-idealne-na-co-dzien,,,Granatowy,,41,,,,0.0,shopify,continue,manual,204.95,0.00,true,true,https://cdn.shopify.com/s/files/1/0988/5725/5244/files/Damskie_sneakersy_na_codzienne_wyj_ciavdee.png?v=1789397734,,,
damskie-sneakersy-idealne-na-co-dzien,,,Granatowy,,42,,,,0.0,shopify,continue,manual,204.95,0.00,true,true,https://cdn.shopify.com/s/files/1/0988/5725/5244/files/Damskie_sneakersy_na_codzienne_wyj_ciavdee.png?v=1789397734,,,
damskie-sneakersy-idealne-na-co-dzien,,,Jasnoszary,,43,,,,0.0,shopify,continue,manual,204.95,0.00,true,true,,,,
damskie-sneakersy-idealne-na-co-dzien,,,Szary,,43,,,,0.0,shopify,continue,manual,204.95,0.00,true,true,,,,
damskie-sneakersy-idealne-na-co-dzien,,,Czarny,,43,,,,0.0,shopify,continue,manual,204.95,0.00,true,true,,,,
damskie-sneakersy-idealne-na-co-dzien,,,Czerwony,,43,,,,0.0,shopify,continue,manual,204.95,0.00,true,true,,,,
damskie-sneakersy-idealne-na-co-dzien,,,Granatowy,,43,,,,0.0,shopify,continue,manual,204.95,0.00,true,true,,,,
damskie-sneakersy-idealne-na-co-dzien,,,,,,,,,,,,,,,,,,https://cdn.shopify.com/s/files/1/0988/5725/5244/files/Damskie_sneakersy_na_codzienne_wyj_ciavdf5.png?v=1789397580,1,Damskie sneakersy na codzienne wyjścia
damskie-sneakersy-idealne-na-co-dzien,,,,,,,,,,,,,,,,,,https://cdn.shopify.com/s/files/1/0988/5725/5244/files/Damskie_sneakersy_na_codzienne_wyj_ciavdfe.webp?v=1789397593,2,Damskie sneakersy na codzienne wyjścia
damskie-sneakersy-idealne-na-co-dzien,,,,,,,,,,,,,,,,,,https://cdn.shopify.com/s/files/1/0988/5725/5244/files/Damskie_sneakersy_na_codzienne_wyj_ciavdf4.png?v=1789397633,3,Damskie sneakersy na codzienne wyjścia
damskie-sneakersy-idealne-na-co-dzien,,,,,,,,,,,,,,,,,,https://cdn.shopify.com/s/files/1/0988/5725/5244/files/Damskie_sneakersy_na_codzienne_wyj_ciavdg7.png?v=1789397777,4,Damskie sneakersy na codzienne wyjścia
damskie-sneakersy-idealne-na-co-dzien,,,,,,,,,,,,,,,,,,https://cdn.shopify.com/s/files/1/0988/5725/5244/files/Damskie_sneakersy_na_codzienne_wyj_ciaDamskie_sneakersy_na_codzienne_wyj_ciadfe.png?v=1789397693,5,Damskie sneakersy na codzienne wyjścia
damskie-sneakersy-idealne-na-co-dzien,,,,,,,,,,,,,,,,,,https://cdn.shopify.com/s/files/1/0988/5725/5244/files/Damskie_sneakersy_na_codzienne_wyj_ciavdee.png?v=1789397734,6,Damskie sneakersy na codzienne wyjścia
damskie-polbuty-sznurowane-na-co-dzien,Damskie półbuty sznurowane na co dzień,Kolor,Niebieski,Rozmiar,36,,,,0.0,shopify,continue,manual,279.95,0.00,true,true,https://cdn.shopify.com/s/files/1/0988/5725/5244/files/Damskie_p_buty_sznurowane_na_co_dzie_vdfr.png?v=1789397238,,,
damskie-polbuty-sznurowane-na-co-dzien,,,Niebieski,,37,,,,0.0,shopify,continue,manual,279.95,0.00,true,true,https://cdn.shopify.com/s/files/1/0988/5725/5244/files/Damskie_p_buty_sznurowane_na_co_dzie_vdfr.png?v=1789397238,,,
damskie-polbuty-sznurowane-na-co-dzien,,,Niebieski,,38,,,,0.0,shopify,continue,manual,279.95,0.00,true,true,https://cdn.shopify.com/s/files/1/0988/5725/5244/files/Damskie_p_buty_sznurowane_na_co_dzie_vdfr.png?v=1789397238,,,
damskie-polbuty-sznurowane-na-co-dzien,,,Niebieski,,39,,,,0.0,shopify,continue,manual,279.95,0.00,true,true,https://cdn.shopify.com/s/files/1/0988/5725/5244/files/Damskie_p_buty_sznurowane_na_co_dzie_vdfr.png?v=1789397238,,,
damskie-polbuty-sznurowane-na-co-dzien,,,Niebieski,,40,,,,0.0,shopify,continue,manual,279.95,0.00,true,true,https://cdn.shopify.com/s/files/1/0988/5725/5244/files/Damskie_p_buty_sznurowane_na_co_dzie_vdfr.png?v=1789397238,,,
damskie-polbuty-sznurowane-na-co-dzien,,,Niebieski,,41,,,,0.0,shopify,continue,manual,279.95,0.00,true,true,https://cdn.shopify.com/s/files/1/0988/5725/5244/files/Damskie_p_buty_sznurowane_na_co_dzie_vdfr.png?v=1789397238,,,
damskie-polbuty-sznurowane-na-co-dzien,,,Niebieski,,42,,,,0.0,shopify,continue,manual,279.95,0.00,true,true,https://cdn.shopify.com/s/files/1/0988/5725/5244/files/Damskie_p_buty_sznurowane_na_co_dzie_vdfr.png?v=1789397238,,,
damskie-polbuty-sznurowane-na-co-dzien,,,Brązowy,,36,,,,0.0,shopify,continue,manual,279.95,0.00,true,true,https://cdn.shopify.com/s/files/1/0988/5725/5244/files/Damskie_p_buty_sznurowane_na_co_dzie_vdfe.png?v=1789397261,,,
damskie-polbuty-sznurowane-na-co-dzien,,,Brązowy,,37,,,,0.0,shopify,continue,manual,279.95,0.00,true,true,https://cdn.shopify.com/s/files/1/0988/5725/5244/files/Damskie_p_buty_sznurowane_na_co_dzie_vdfe.png?v=1789397261,,,
damskie-polbuty-sznurowane-na-co-dzien,,,Brązowy,,38,,,,0.0,shopify,continue,manual,279.95,0.00,true,true,https://cdn.shopify.com/s/files/1/0988/5725/5244/files/Damskie_p_buty_sznurowane_na_co_dzie_vdfe.png?v=1789397261,,,
damskie-polbuty-sznurowane-na-co-dzien,,,Brązowy,,39,,,,0.0,shopify,continue,manual,279.95,0.00,true,true,https://cdn.shopify.com/s/files/1/0988/5725/5244/files/Damskie_p_buty_sznurowane_na_co_dzie_vdfe.png?v=1789397261,,,
damskie-polbuty-sznurowane-na-co-dzien,,,Brązowy,,40,,,,0.0,shopify,continue,manual,279.95,0.00,true,true,https://cdn.shopify.com/s/files/1/0988/5725/5244/files/Damskie_p_buty_sznurowane_na_co_dzie_vdfe.png?v=1789397261,,,
damskie-polbuty-sznurowane-na-co-dzien,,,Brązowy,,41,,,,0.0,shopify,continue,manual,279.95,0.00,true,true,https://cdn.shopify.com/s/files/1/0988/5725/5244/files/Damskie_p_buty_sznurowane_na_co_dzie_vdfe.png?v=1789397261,,,
damskie-polbuty-sznurowane-na-co-dzien,,,Brązowy,,42,,,,0.0,shopify,continue,manual,279.95,0.00,true,true,https://cdn.shopify.com/s/files/1/0988/5725/5244/files/Damskie_p_buty_sznurowane_na_co_dzie_vdfe.png?v=1789397261,,,
damskie-polbuty-sznurowane-na-co-dzien,,,Czarny,,36,,,,0.0,shopify,continue,manual,279.95,0.00,true,true,https://cdn.shopify.com/s/files/1/0988/5725/5244/files/Damskie_p_buty_sznurowane_na_co_dzie_cgd4.png?v=1789397278,,,
damskie-polbuty-sznurowane-na-co-dzien,,,Czarny,,37,,,,0.0,shopify,continue,manual,279.95,0.00,true,true,https://cdn.shopify.com/s/files/1/0988/5725/5244/files/Damskie_p_buty_sznurowane_na_co_dzie_cgd4.png?v=1789397278,,,
damskie-polbuty-sznurowane-na-co-dzien,,,Czarny,,38,,,,0.0,shopify,continue,manual,279.95,0.00,true,true,https://cdn.shopify.com/s/files/1/0988/5725/5244/files/Damskie_p_buty_sznurowane_na_co_dzie_cgd4.png?v=1789397278,,,
damskie-polbuty-sznurowane-na-co-dzien,,,Czarny,,39,,,,0.0,shopify,continue,manual,279.95,0.00,true,true,https://cdn.shopify.com/s/files/1/0988/5725/5244/files/Damskie_p_buty_sznurowane_na_co_dzie_cgd4.png?v=1789397278,,,
damskie-polbuty-sznurowane-na-co-dzien,,,Czarny,,40,,,,0.0,shopify,continue,manual,279.95,0.00,true,true,https://cdn.shopify.com/s/files/1/0988/5725/5244/files/Damskie_p_buty_sznurowane_na_co_dzie_cgd4.png?v=1789397278,,,
damskie-polbuty-sznurowane-na-co-dzien,,,Czarny,,41,,,,0.0,shopify,continue,manual,279.95,0.00,true,true,https://cdn.shopify.com/s/files/1/0988/5725/5244/files/Damskie_p_buty_sznurowane_na_co_dzie_cgd4.png?v=1789397278,,,
damskie-polbuty-sznurowane-na-co-dzien,,,Czarny,,42,,,,0.0,shopify,continue,manual,279.95,0.00,true,true,https://cdn.shopify.com/s/files/1/0988/5725/5244/files/Damskie_p_buty_sznurowane_na_co_dzie_cgd4.png?v=1789397278,,,
damskie-polbuty-sznurowane-na-co-dzien,,,Jasnobrązowy,,36,,,,0.0,shopify,continue,manual,279.95,0.00,true,true,https://cdn.shopify.com/s/files/1/0988/5725/5244/files/Damskie_p_buty_sznurowane_na_co_dzie_vdr.png?v=1789397353,,,
damskie-polbuty-sznurowane-na-co-dzien,,,Jasnobrązowy,,37,,,,0.0,shopify,continue,manual,279.95,0.00,true,true,https://cdn.shopify.com/s/files/1/0988/5725/5244/files/Damskie_p_buty_sznurowane_na_co_dzie_vdr.png?v=1789397353,,,
damskie-polbuty-sznurowane-na-co-dzien,,,Jasnobrązowy,,38,,,,0.0,shopify,continue,manual,279.95,0.00,true,true,https://cdn.shopify.com/s/files/1/0988/5725/5244/files/Damskie_p_buty_sznurowane_na_co_dzie_vdr.png?v=1789397353,,,
damskie-polbuty-sznurowane-na-co-dzien,,,Jasnobrązowy,,39,,,,0.0,shopify,continue,manual,279.95,0.00,true,true,https://cdn.shopify.com/s/files/1/0988/5725/5244/files/Damskie_p_buty_sznurowane_na_co_dzie_vdr.png?v=1789397353,,,
damskie-polbuty-sznurowane-na-co-dzien,,,Jasnobrązowy,,40,,,,0.0,shopify,continue,manual,279.95,0.00,true,true,https://cdn.shopify.com/s/files/1/0988/5725/5244/files/Damskie_p_buty_sznurowane_na_co_dzie_vdr.png?v=1789397353,,,
damskie-polbuty-sznurowane-na-co-dzien,,,Jasnobrązowy,,41,,,,0.0,shopify,continue,manual,279.95,0.00,true,true,https://cdn.shopify.com/s/files/1/0988/5725/5244/files/Damskie_p_buty_sznurowane_na_co_dzie_vdr.png?v=1789397353,,,
damskie-polbuty-sznurowane-na-co-dzien,,,Jasnobrązowy,,42,,,,0.0,shopify,continue,manual,279.95,0.00,true,true,https://cdn.shopify.com/s/files/1/0988/5725/5244/files/Damskie_p_buty_sznurowane_na_co_dzie_vdr.png?v=1789397353,,,
damskie-polbuty-sznurowane-na-co-dzien,,,Niebieski,,43,,,,0.0,shopify,continue,manual,279.95,0.00,true,true,,,,
damskie-polbuty-sznurowane-na-co-dzien,,,Brązowy,,43,,,,0.0,shopify,continue,manual,279.95,0.00,true,true,,,,
damskie-polbuty-sznurowane-na-co-dzien,,,Czarny,,43,,,,0.0,shopify,continue,manual,279.95,0.00,true,true,,,,
damskie-polbuty-sznurowane-na-co-dzien,,,Jasnobrązowy,,43,,,,0.0,shopify,continue,manual,279.95,0.00,true,true,,,,
damskie-polbuty-sznurowane-na-co-dzien,,,,,,,,,,,,,,,,,,https://cdn.shopify.com/s/files/1/0988/5725/5244/files/Damskie_p_buty_sznurowane_na_co_dzie_vdfr.png?v=1789397238,1,Damskie półbuty sznurowane na co dzień
damskie-polbuty-sznurowane-na-co-dzien,,,,,,,,,,,,,,,,,,https://cdn.shopify.com/s/files/1/0988/5725/5244/files/Damskie_p_buty_sznurowane_na_co_dzie_vdfe.png?v=1789397261,2,Damskie półbuty sznurowane na co dzień
damskie-polbuty-sznurowane-na-co-dzien,,,,,,,,,,,,,,,,,,https://cdn.shopify.com/s/files/1/0988/5725/5244/files/Damskie_p_buty_sznurowane_na_co_dzie_cgd4.png?v=1789397278,3,Damskie półbuty sznurowane na co dzień
damskie-polbuty-sznurowane-na-co-dzien,,,,,,,,,,,,,,,,,,https://cdn.shopify.com/s/files/1/0988/5725/5244/files/Damskie_p_buty_sznurowane_na_co_dzie_vdr.png?v=1789397353,4,Damskie półbuty sznurowane na co dzień
damskie-czolenka-na-eleganckie-okazje,Damskie czółenka na eleganckie okazje,Kolor,Czarny,Rozmiar,36,,,,0.0,shopify,continue,manual,229.95,0.00,true,true,https://cdn.shopify.com/s/files/1/0988/5725/5244/files/Damskie_cz_enka_na_eleganckie_okazjevdf4.png?v=1789396976,,,
damskie-czolenka-na-eleganckie-okazje,,,Czarny,,37,,,,0.0,shopify,continue,manual,229.95,0.00,true,true,https://cdn.shopify.com/s/files/1/0988/5725/5244/files/Damskie_cz_enka_na_eleganckie_okazjevdf4.png?v=1789396976,,,
damskie-czolenka-na-eleganckie-okazje,,,Czarny,,38,,,,0.0,shopify,continue,manual,229.95,0.00,true,true,https://cdn.shopify.com/s/files/1/0988/5725/5244/files/Damskie_cz_enka_na_eleganckie_okazjevdf4.png?v=1789396976,,,
damskie-czolenka-na-eleganckie-okazje,,,Czarny,,39,,,,0.0,shopify,continue,manual,229.95,0.00,true,true,https://cdn.shopify.com/s/files/1/0988/5725/5244/files/Damskie_cz_enka_na_eleganckie_okazjevdf4.png?v=1789396976,,,
damskie-czolenka-na-eleganckie-okazje,,,Czarny,,40,,,,0.0,shopify,continue,manual,229.95,0.00,true,true,https://cdn.shopify.com/s/files/1/0988/5725/5244/files/Damskie_cz_enka_na_eleganckie_okazjevdf4.png?v=1789396976,,,
damskie-czolenka-na-eleganckie-okazje,,,Czarny,,41,,,,0.0,shopify,continue,manual,229.95,0.00,true,true,https://cdn.shopify.com/s/files/1/0988/5725/5244/files/Damskie_cz_enka_na_eleganckie_okazjevdf4.png?v=1789396976,,,
damskie-czolenka-na-eleganckie-okazje,,,Czarny,,42,,,,0.0,shopify,continue,manual,229.95,0.00,true,true,https://cdn.shopify.com/s/files/1/0988/5725/5244/files/Damskie_cz_enka_na_eleganckie_okazjevdf4.png?v=1789396976,,,
damskie-czolenka-na-eleganckie-okazje,,,Zwierzęcy,,36,,,,0.0,shopify,continue,manual,229.95,0.00,true,true,https://cdn.shopify.com/s/files/1/0988/5725/5244/files/Damskie_cz_enka_na_eleganckie_okazjefg4.png?v=1789397077,,,
damskie-czolenka-na-eleganckie-okazje,,,Zwierzęcy,,37,,,,0.0,shopify,continue,manual,229.95,0.00,true,true,https://cdn.shopify.com/s/files/1/0988/5725/5244/files/Damskie_cz_enka_na_eleganckie_okazjefg4.png?v=1789397077,,,
damskie-czolenka-na-eleganckie-okazje,,,Zwierzęcy,,38,,,,0.0,shopify,continue,manual,229.95,0.00,true,true,https://cdn.shopify.com/s/files/1/0988/5725/5244/files/Damskie_cz_enka_na_eleganckie_okazjefg4.png?v=1789397077,,,
damskie-czolenka-na-eleganckie-okazje,,,Zwierzęcy,,39,,,,0.0,shopify,continue,manual,229.95,0.00,true,true,https://cdn.shopify.com/s/files/1/0988/5725/5244/files/Damskie_cz_enka_na_eleganckie_okazjefg4.png?v=1789397077,,,
damskie-czolenka-na-eleganckie-okazje,,,Zwierzęcy,,40,,,,0.0,shopify,continue,manual,229.95,0.00,true,true,https://cdn.shopify.com/s/files/1/0988/5725/5244/files/Damskie_cz_enka_na_eleganckie_okazjefg4.png?v=1789397077,,,
damskie-czolenka-na-eleganckie-okazje,,,Zwierzęcy,,41,,,,0.0,shopify,continue,manual,229.95,0.00,true,true,https://cdn.shopify.com/s/files/1/0988/5725/5244/files/Damskie_cz_enka_na_eleganckie_okazjefg4.png?v=1789397077,,,
damskie-czolenka-na-eleganckie-okazje,,,Zwierzęcy,,42,,,,0.0,shopify,continue,manual,229.95,0.00,true,true,https://cdn.shopify.com/s/files/1/0988/5725/5244/files/Damskie_cz_enka_na_eleganckie_okazjefg4.png?v=1789397077,,,
damskie-czolenka-na-eleganckie-okazje,,,Beżowy,,36,,,,0.0,shopify,continue,manual,229.95,0.00,true,true,https://cdn.shopify.com/s/files/1/0988/5725/5244/files/Damskie_cz_enka_na_eleganckie_okazjebfg5g.png?v=1789397100,,,
damskie-czolenka-na-eleganckie-okazje,,,Beżowy,,37,,,,0.0,shopify,continue,manual,229.95,0.00,true,true,https://cdn.shopify.com/s/files/1/0988/5725/5244/files/Damskie_cz_enka_na_eleganckie_okazjebfg5g.png?v=1789397100,,,
damskie-czolenka-na-eleganckie-okazje,,,Beżowy,,38,,,,0.0,shopify,continue,manual,229.95,0.00,true,true,https://cdn.shopify.com/s/files/1/0988/5725/5244/files/Damskie_cz_enka_na_eleganckie_okazjebfg5g.png?v=1789397100,,,
damskie-czolenka-na-eleganckie-okazje,,,Beżowy,,39,,,,0.0,shopify,continue,manual,229.95,0.00,true,true,https://cdn.shopify.com/s/files/1/0988/5725/5244/files/Damskie_cz_enka_na_eleganckie_okazjebfg5g.png?v=1789397100,,,
damskie-czolenka-na-eleganckie-okazje,,,Beżowy,,40,,,,0.0,shopify,continue,manual,229.95,0.00,true,true,https://cdn.shopify.com/s/files/1/0988/5725/5244/files/Damskie_cz_enka_na_eleganckie_okazjebfg5g.png?v=1789397100,,,
damskie-czolenka-na-eleganckie-okazje,,,Beżowy,,41,,,,0.0,shopify,continue,manual,229.95,0.00,true,true,https://cdn.shopify.com/s/files/1/0988/5725/5244/files/Damskie_cz_enka_na_eleganckie_okazjebfg5g.png?v=1789397100,,,
damskie-czolenka-na-eleganckie-okazje,,,Beżowy,,42,,,,0.0,shopify,continue,manual,229.95,0.00,true,true,https://cdn.shopify.com/s/files/1/0988/5725/5244/files/Damskie_cz_enka_na_eleganckie_okazjebfg5g.png?v=1789397100,,,
damskie-czolenka-na-eleganckie-okazje,,,Biały,,36,,,,0.0,shopify,continue,manual,229.95,0.00,true,true,https://cdn.shopify.com/s/files/1/0988/5725/5244/files/Damskie_cz_enka_na_eleganckie_okazjevfr.png?v=1789397155,,,
damskie-czolenka-na-eleganckie-okazje,,,Biały,,37,,,,0.0,shopify,continue,manual,229.95,0.00,true,true,https://cdn.shopify.com/s/files/1/0988/5725/5244/files/Damskie_cz_enka_na_eleganckie_okazjevfr.png?v=1789397155,,,
damskie-czolenka-na-eleganckie-okazje,,,Biały,,38,,,,0.0,shopify,continue,manual,229.95,0.00,true,true,https://cdn.shopify.com/s/files/1/0988/5725/5244/files/Damskie_cz_enka_na_eleganckie_okazjevfr.png?v=1789397155,,,
damskie-czolenka-na-eleganckie-okazje,,,Biały,,39,,,,0.0,shopify,continue,manual,229.95,0.00,true,true,https://cdn.shopify.com/s/files/1/0988/5725/5244/files/Damskie_cz_enka_na_eleganckie_okazjevfr.png?v=1789397155,,,
damskie-czolenka-na-eleganckie-okazje,,,Biały,,40,,,,0.0,shopify,continue,manual,229.95,0.00,true,true,https://cdn.shopify.com/s/files/1/0988/5725/5244/files/Damskie_cz_enka_na_eleganckie_okazjevfr.png?v=1789397155,,,
damskie-czolenka-na-eleganckie-okazje,,,Biały,,41,,,,0.0,shopify,continue,manual,229.95,0.00,true,true,https://cdn.shopify.com/s/files/1/0988/5725/5244/files/Damskie_cz_enka_na_eleganckie_okazjevfr.png?v=1789397155,,,
damskie-czolenka-na-eleganckie-okazje,,,Biały,,42,,,,0.0,shopify,continue,manual,229.95,0.00,true,true,https://cdn.shopify.com/s/files/1/0988/5725/5244/files/Damskie_cz_enka_na_eleganckie_okazjevfr.png?v=1789397155,,,
damskie-czolenka-na-eleganckie-okazje,,,Czarny,,43,,,,0.0,shopify,continue,manual,229.95,0.00,true,true,,,,
damskie-czolenka-na-eleganckie-okazje,,,Zwierzęcy,,43,,,,0.0,shopify,continue,manual,229.95,0.00,true,true,,,,
damskie-czolenka-na-eleganckie-okazje,,,Beżowy,,43,,,,0.0,shopify,continue,manual,229.95,0.00,true,true,,,,
damskie-czolenka-na-eleganckie-okazje,,,Biały,,43,,,,0.0,shopify,continue,manual,229.95,0.00,true,true,,,,
damskie-czolenka-na-eleganckie-okazje,,,,,,,,,,,,,,,,,,https://cdn.shopify.com/s/files/1/0988/5725/5244/files/Damskie_cz_enka_na_eleganckie_okazjevdf4.png?v=1789396976,1,Damskie czółenka na eleganckie okazje
damskie-czolenka-na-eleganckie-okazje,,,,,,,,,,,,,,,,,,https://cdn.shopify.com/s/files/1/0988/5725/5244/files/Damskie_cz_enka_na_eleganckie_okazjevfdr.png?v=1789397027,2,Damskie czółenka na eleganckie okazje
damskie-czolenka-na-eleganckie-okazje,,,,,,,,,,,,,,,,,,https://cdn.shopify.com/s/files/1/0988/5725/5244/files/Damskie_cz_enka_na_eleganckie_okazjevdfe.png?v=1789397038,3,Damskie czółenka na eleganckie okazje
damskie-czolenka-na-eleganckie-okazje,,,,,,,,,,,,,,,,,,https://cdn.shopify.com/s/files/1/0988/5725/5244/files/Damskie_cz_enka_na_eleganckie_okazjevde.png?v=1789397062,4,Damskie czółenka na eleganckie okazje
damskie-czolenka-na-eleganckie-okazje,,,,,,,,,,,,,,,,,,https://cdn.shopify.com/s/files/1/0988/5725/5244/files/Damskie_cz_enka_na_eleganckie_okazjefg4.png?v=1789397077,5,Damskie czółenka na eleganckie okazje
damskie-czolenka-na-eleganckie-okazje,,,,,,,,,,,,,,,,,,https://cdn.shopify.com/s/files/1/0988/5725/5244/files/Damskie_cz_enka_na_eleganckie_okazjebfg5g.png?v=1789397100,6,Damskie czółenka na eleganckie okazje
damskie-czolenka-na-eleganckie-okazje,,,,,,,,,,,,,,,,,,https://cdn.shopify.com/s/files/1/0988/5725/5244/files/Damskie_cz_enka_na_eleganckie_okazjevfr.png?v=1789397155,7,Damskie czółenka na eleganckie okazje
damskie-sneakersy-na-codzienne-wyjscia,Damskie sneakersy na codzienne wyjścia,Kolor,Szary,Rozmiar,36,,,,0.0,shopify,continue,manual,254.95,0.00,true,true,https://cdn.shopify.com/s/files/1/0988/5725/5244/files/Damskie_sneakersy_na_codzienne_wyj_ciavdde.png?v=1789395171,,,
damskie-sneakersy-na-codzienne-wyjscia,,,Szary,,37,,,,0.0,shopify,continue,manual,254.95,0.00,true,true,https://cdn.shopify.com/s/files/1/0988/5725/5244/files/Damskie_sneakersy_na_codzienne_wyj_ciavdde.png?v=1789395171,,,
damskie-sneakersy-na-codzienne-wyjscia,,,Szary,,38,,,,0.0,shopify,continue,manual,254.95,0.00,true,true,https://cdn.shopify.com/s/files/1/0988/5725/5244/files/Damskie_sneakersy_na_codzienne_wyj_ciavdde.png?v=1789395171,,,
damskie-sneakersy-na-codzienne-wyjscia,,,Szary,,39,,,,0.0,shopify,continue,manual,254.95,0.00,true,true,https://cdn.shopify.com/s/files/1/0988/5725/5244/files/Damskie_sneakersy_na_codzienne_wyj_ciavdde.png?v=1789395171,,,
damskie-sneakersy-na-codzienne-wyjscia,,,Szary,,40,,,,0.0,shopify,continue,manual,254.95,0.00,true,true,https://cdn.shopify.com/s/files/1/0988/5725/5244/files/Damskie_sneakersy_na_codzienne_wyj_ciavdde.png?v=1789395171,,,
damskie-sneakersy-na-codzienne-wyjscia,,,Szary,,41,,,,0.0,shopify,continue,manual,254.95,0.00,true,true,https://cdn.shopify.com/s/files/1/0988/5725/5244/files/Damskie_sneakersy_na_codzienne_wyj_ciavdde.png?v=1789395171,,,
damskie-sneakersy-na-codzienne-wyjscia,,,Szary,,42,,,,0.0,shopify,continue,manual,254.95,0.00,true,true,https://cdn.shopify.com/s/files/1/0988/5725/5244/files/Damskie_sneakersy_na_codzienne_wyj_ciavdde.png?v=1789395171,,,
damskie-sneakersy-na-codzienne-wyjscia,,,Beżowy,,36,,,,0.0,shopify,continue,manual,254.95,0.00,true,true,https://cdn.shopify.com/s/files/1/0988/5725/5244/files/Damskie_sneakersy_na_codzienne_wyj_ciavdfe.png?v=1789395188,,,
damskie-sneakersy-na-codzienne-wyjscia,,,Beżowy,,37,,,,0.0,shopify,continue,manual,254.95,0.00,true,true,https://cdn.shopify.com/s/files/1/0988/5725/5244/files/Damskie_sneakersy_na_codzienne_wyj_ciavdfe.png?v=1789395188,,,
damskie-sneakersy-na-codzienne-wyjscia,,,Beżowy,,38,,,,0.0,shopify,continue,manual,254.95,0.00,true,true,https://cdn.shopify.com/s/files/1/0988/5725/5244/files/Damskie_sneakersy_na_codzienne_wyj_ciavdfe.png?v=1789395188,,,
damskie-sneakersy-na-codzienne-wyjscia,,,Beżowy,,39,,,,0.0,shopify,continue,manual,254.95,0.00,true,true,https://cdn.shopify.com/s/files/1/0988/5725/5244/files/Damskie_sneakersy_na_codzienne_wyj_ciavdfe.png?v=1789395188,,,
damskie-sneakersy-na-codzienne-wyjscia,,,Beżowy,,40,,,,0.0,shopify,continue,manual,254.95,0.00,true,true,https://cdn.shopify.com/s/files/1/0988/5725/5244/files/Damskie_sneakersy_na_codzienne_wyj_ciavdfe.png?v=1789395188,,,
damskie-sneakersy-na-codzienne-wyjscia,,,Beżowy,,41,,,,0.0,shopify,continue,manual,254.95,0.00,true,true,https://cdn.shopify.com/s/files/1/0988/5725/5244/files/Damskie_sneakersy_na_codzienne_wyj_ciavdfe.png?v=1789395188,,,
damskie-sneakersy-na-codzienne-wyjscia,,,Beżowy,,42,,,,0.0,shopify,continue,manual,254.95,0.00,true,true,https://cdn.shopify.com/s/files/1/0988/5725/5244/files/Damskie_sneakersy_na_codzienne_wyj_ciavdfe.png?v=1789395188,,,
damskie-sneakersy-na-codzienne-wyjscia,,,Zielony,,36,,,,0.0,shopify,continue,manual,254.95,0.00,true,true,https://cdn.shopify.com/s/files/1/0988/5725/5244/files/Damskie_sneakersy_na_codzienne_wyj_ciavdfd.png?v=1789395206,,,
damskie-sneakersy-na-codzienne-wyjscia,,,Zielony,,37,,,,0.0,shopify,continue,manual,254.95,0.00,true,true,https://cdn.shopify.com/s/files/1/0988/5725/5244/files/Damskie_sneakersy_na_codzienne_wyj_ciavdfd.png?v=1789395206,,,
damskie-sneakersy-na-codzienne-wyjscia,,,Zielony,,38,,,,0.0,shopify,continue,manual,254.95,0.00,true,true,https://cdn.shopify.com/s/files/1/0988/5725/5244/files/Damskie_sneakersy_na_codzienne_wyj_ciavdfd.png?v=1789395206,,,
damskie-sneakersy-na-codzienne-wyjscia,,,Zielony,,39,,,,0.0,shopify,continue,manual,254.95,0.00,true,true,https://cdn.shopify.com/s/files/1/0988/5725/5244/files/Damskie_sneakersy_na_codzienne_wyj_ciavdfd.png?v=1789395206,,,
damskie-sneakersy-na-codzienne-wyjscia,,,Zielony,,40,,,,0.0,shopify,continue,manual,254.95,0.00,true,true,https://cdn.shopify.com/s/files/1/0988/5725/5244/files/Damskie_sneakersy_na_codzienne_wyj_ciavdfd.png?v=1789395206,,,
damskie-sneakersy-na-codzienne-wyjscia,,,Zielony,,41,,,,0.0,shopify,continue,manual,254.95,0.00,true,true,https://cdn.shopify.com/s/files/1/0988/5725/5244/files/Damskie_sneakersy_na_codzienne_wyj_ciavdfd.png?v=1789395206,,,
damskie-sneakersy-na-codzienne-wyjscia,,,Zielony,,42,,,,0.0,shopify,continue,manual,254.95,0.00,true,true,https://cdn.shopify.com/s/files/1/0988/5725/5244/files/Damskie_sneakersy_na_codzienne_wyj_ciavdfd.png?v=1789395206,,,
damskie-sneakersy-na-codzienne-wyjscia,,,Szary,,43,,,,0.0,shopify,continue,manual,254.95,0.00,true,true,,,,
damskie-sneakersy-na-codzienne-wyjscia,,,Beżowy,,43,,,,0.0,shopify,continue,manual,254.95,0.00,true,true,,,,
damskie-sneakersy-na-codzienne-wyjscia,,,Zielony,,43,,,,0.0,shopify,continue,manual,254.95,0.00,true,true,,,,
damskie-sneakersy-na-codzienne-wyjscia,,,,,,,,,,,,,,,,,,https://cdn.shopify.com/s/files/1/0988/5725/5244/files/Damskie_sneakersy_na_codzienne_wyj_ciavdde.png?v=1789395171,1,Damskie sneakersy na codzienne wyjścia
damskie-sneakersy-na-codzienne-wyjscia,,,,,,,,,,,,,,,,,,https://cdn.shopify.com/s/files/1/0988/5725/5244/files/Damskie_sneakersy_na_codzienne_wyj_ciavdfe.png?v=1789395188,2,Damskie sneakersy na codzienne wyjścia
damskie-sneakersy-na-codzienne-wyjscia,,,,,,,,,,,,,,,,,,https://cdn.shopify.com/s/files/1/0988/5725/5244/files/Damskie_sneakersy_na_codzienne_wyj_ciavdfd.png?v=1789395206,3,Damskie sneakersy na codzienne wyjścia
damskie-sneakersy-do-codziennych-zestawow,Damskie sneakersy do codziennych zestawów,Kolor,Beżowy,Rozmiar,36,,,,0.0,shopify,continue,manual,279.95,0.00,true,true,https://cdn.shopify.com/s/files/1/0988/5725/5244/files/Damskie_sneakersy_do_codziennych_zestaw_wvdf4.png?v=1789394569,,,
damskie-sneakersy-do-codziennych-zestawow,,,Beżowy,,37,,,,0.0,shopify,continue,manual,279.95,0.00,true,true,https://cdn.shopify.com/s/files/1/0988/5725/5244/files/Damskie_sneakersy_do_codziennych_zestaw_wvdf4.png?v=1789394569,,,
damskie-sneakersy-do-codziennych-zestawow,,,Beżowy,,38,,,,0.0,shopify,continue,manual,279.95,0.00,true,true,https://cdn.shopify.com/s/files/1/0988/5725/5244/files/Damskie_sneakersy_do_codziennych_zestaw_wvdf4.png?v=1789394569,,,
damskie-sneakersy-do-codziennych-zestawow,,,Beżowy,,39,,,,0.0,shopify,continue,manual,279.95,0.00,true,true,https://cdn.shopify.com/s/files/1/0988/5725/5244/files/Damskie_sneakersy_do_codziennych_zestaw_wvdf4.png?v=1789394569,,,
damskie-sneakersy-do-codziennych-zestawow,,,Beżowy,,40,,,,0.0,shopify,continue,manual,279.95,0.00,true,true,https://cdn.shopify.com/s/files/1/0988/5725/5244/files/Damskie_sneakersy_do_codziennych_zestaw_wvdf4.png?v=1789394569,,,
damskie-sneakersy-do-codziennych-zestawow,,,Beżowy,,41,,,,0.0,shopify,continue,manual,279.95,0.00,true,true,https://cdn.shopify.com/s/files/1/0988/5725/5244/files/Damskie_sneakersy_do_codziennych_zestaw_wvdf4.png?v=1789394569,,,
damskie-sneakersy-do-codziennych-zestawow,,,Beżowy,,42,,,,0.0,shopify,continue,manual,279.95,0.00,true,true,https://cdn.shopify.com/s/files/1/0988/5725/5244/files/Damskie_sneakersy_do_codziennych_zestaw_wvdf4.png?v=1789394569,,,
damskie-sneakersy-do-codziennych-zestawow,,,Brązowy,,36,,,,0.0,shopify,continue,manual,279.95,0.00,true,true,https://cdn.shopify.com/s/files/1/0988/5725/5244/files/Damskie_sneakersy_do_codziennych_zestaw_wvdfee.png?v=1789394586,,,
damskie-sneakersy-do-codziennych-zestawow,,,Brązowy,,37,,,,0.0,shopify,continue,manual,279.95,0.00,true,true,https://cdn.shopify.com/s/files/1/0988/5725/5244/files/Damskie_sneakersy_do_codziennych_zestaw_wvdfee.png?v=1789394586,,,
damskie-sneakersy-do-codziennych-zestawow,,,Brązowy,,38,,,,0.0,shopify,continue,manual,279.95,0.00,true,true,https://cdn.shopify.com/s/files/1/0988/5725/5244/files/Damskie_sneakersy_do_codziennych_zestaw_wvdfee.png?v=1789394586,,,
damskie-sneakersy-do-codziennych-zestawow,,,Brązowy,,39,,,,0.0,shopify,continue,manual,279.95,0.00,true,true,https://cdn.shopify.com/s/files/1/0988/5725/5244/files/Damskie_sneakersy_do_codziennych_zestaw_wvdfee.png?v=1789394586,,,
damskie-sneakersy-do-codziennych-zestawow,,,Brązowy,,40,,,,0.0,shopify,continue,manual,279.95,0.00,true,true,https://cdn.shopify.com/s/files/1/0988/5725/5244/files/Damskie_sneakersy_do_codziennych_zestaw_wvdfee.png?v=1789394586,,,
damskie-sneakersy-do-codziennych-zestawow,,,Brązowy,,41,,,,0.0,shopify,continue,manual,279.95,0.00,true,true,https://cdn.shopify.com/s/files/1/0988/5725/5244/files/Damskie_sneakersy_do_codziennych_zestaw_wvdfee.png?v=1789394586,,,
damskie-sneakersy-do-codziennych-zestawow,,,Brązowy,,42,,,,0.0,shopify,continue,manual,279.95,0.00,true,true,https://cdn.shopify.com/s/files/1/0988/5725/5244/files/Damskie_sneakersy_do_codziennych_zestaw_wvdfee.png?v=1789394586,,,
damskie-sneakersy-do-codziennych-zestawow,,,Granatowy,,36,,,,0.0,shopify,continue,manual,279.95,0.00,true,true,https://cdn.shopify.com/s/files/1/0988/5725/5244/files/Damskie_sneakersy_do_codziennych_zestaw_wvdf3.png?v=1789394607,,,
damskie-sneakersy-do-codziennych-zestawow,,,Granatowy,,37,,,,0.0,shopify,continue,manual,279.95,0.00,true,true,https://cdn.shopify.com/s/files/1/0988/5725/5244/files/Damskie_sneakersy_do_codziennych_zestaw_wvdf3.png?v=1789394607,,,
damskie-sneakersy-do-codziennych-zestawow,,,Granatowy,,38,,,,0.0,shopify,continue,manual,279.95,0.00,true,true,https://cdn.shopify.com/s/files/1/0988/5725/5244/files/Damskie_sneakersy_do_codziennych_zestaw_wvdf3.png?v=1789394607,,,
damskie-sneakersy-do-codziennych-zestawow,,,Granatowy,,39,,,,0.0,shopify,continue,manual,279.95,0.00,true,true,https://cdn.shopify.com/s/files/1/0988/5725/5244/files/Damskie_sneakersy_do_codziennych_zestaw_wvdf3.png?v=1789394607,,,
damskie-sneakersy-do-codziennych-zestawow,,,Granatowy,,40,,,,0.0,shopify,continue,manual,279.95,0.00,true,true,https://cdn.shopify.com/s/files/1/0988/5725/5244/files/Damskie_sneakersy_do_codziennych_zestaw_wvdf3.png?v=1789394607,,,
damskie-sneakersy-do-codziennych-zestawow,,,Granatowy,,41,,,,0.0,shopify,continue,manual,279.95,0.00,true,true,https://cdn.shopify.com/s/files/1/0988/5725/5244/files/Damskie_sneakersy_do_codziennych_zestaw_wvdf3.png?v=1789394607,,,
damskie-sneakersy-do-codziennych-zestawow,,,Granatowy,,42,,,,0.0,shopify,continue,manual,279.95,0.00,true,true,https://cdn.shopify.com/s/files/1/0988/5725/5244/files/Damskie_sneakersy_do_codziennych_zestaw_wvdf3.png?v=1789394607,,,
damskie-sneakersy-do-codziennych-zestawow,,,Niebieski,,36,,,,0.0,shopify,continue,manual,279.95,0.00,true,true,https://cdn.shopify.com/s/files/1/0988/5725/5244/files/Damskie_sneakersy_do_codziennych_zestaw_wvdfe.png?v=1789394619,,,
damskie-sneakersy-do-codziennych-zestawow,,,Niebieski,,37,,,,0.0,shopify,continue,manual,279.95,0.00,true,true,https://cdn.shopify.com/s/files/1/0988/5725/5244/files/Damskie_sneakersy_do_codziennych_zestaw_wvdfe.png?v=1789394619,,,
damskie-sneakersy-do-codziennych-zestawow,,,Niebieski,,38,,,,0.0,shopify,continue,manual,279.95,0.00,true,true,https://cdn.shopify.com/s/files/1/0988/5725/5244/files/Damskie_sneakersy_do_codziennych_zestaw_wvdfe.png?v=1789394619,,,
damskie-sneakersy-do-codziennych-zestawow,,,Niebieski,,39,,,,0.0,shopify,continue,manual,279.95,0.00,true,true,https://cdn.shopify.com/s/files/1/0988/5725/5244/files/Damskie_sneakersy_do_codziennych_zestaw_wvdfe.png?v=1789394619,,,
damskie-sneakersy-do-codziennych-zestawow,,,Niebieski,,40,,,,0.0,shopify,continue,manual,279.95,0.00,true,true,https://cdn.shopify.com/s/files/1/0988/5725/5244/files/Damskie_sneakersy_do_codziennych_zestaw_wvdfe.png?v=1789394619,,,
damskie-sneakersy-do-codziennych-zestawow,,,Niebieski,,41,,,,0.0,shopify,continue,manual,279.95,0.00,true,true,https://cdn.shopify.com/s/files/1/0988/5725/5244/files/Damskie_sneakersy_do_codziennych_zestaw_wvdfe.png?v=1789394619,,,
damskie-sneakersy-do-codziennych-zestawow,,,Niebieski,,42,,,,0.0,shopify,continue,manual,279.95,0.00,true,true,https://cdn.shopify.com/s/files/1/0988/5725/5244/files/Damskie_sneakersy_do_codziennych_zestaw_wvdfe.png?v=1789394619,,,
damskie-sneakersy-do-codziennych-zestawow,,,Zielony,,36,,,,0.0,shopify,continue,manual,279.95,0.00,true,true,https://cdn.shopify.com/s/files/1/0988/5725/5244/files/Damskie_sneakersy_do_codziennych_zestaw_wvdfde.png?v=1789394705,,,
damskie-sneakersy-do-codziennych-zestawow,,,Zielony,,37,,,,0.0,shopify,continue,manual,279.95,0.00,true,true,https://cdn.shopify.com/s/files/1/0988/5725/5244/files/Damskie_sneakersy_do_codziennych_zestaw_wvdfde.png?v=1789394705,,,
damskie-sneakersy-do-codziennych-zestawow,,,Zielony,,38,,,,0.0,shopify,continue,manual,279.95,0.00,true,true,https://cdn.shopify.com/s/files/1/0988/5725/5244/files/Damskie_sneakersy_do_codziennych_zestaw_wvdfde.png?v=1789394705,,,
damskie-sneakersy-do-codziennych-zestawow,,,Zielony,,39,,,,0.0,shopify,continue,manual,279.95,0.00,true,true,https://cdn.shopify.com/s/files/1/0988/5725/5244/files/Damskie_sneakersy_do_codziennych_zestaw_wvdfde.png?v=1789394705,,,
damskie-sneakersy-do-codziennych-zestawow,,,Zielony,,40,,,,0.0,shopify,continue,manual,279.95,0.00,true,true,https://cdn.shopify.com/s/files/1/0988/5725/5244/files/Damskie_sneakersy_do_codziennych_zestaw_wvdfde.png?v=1789394705,,,
damskie-sneakersy-do-codziennych-zestawow,,,Zielony,,41,,,,0.0,shopify,continue,manual,279.95,0.00,true,true,https://cdn.shopify.com/s/files/1/0988/5725/5244/files/Damskie_sneakersy_do_codziennych_zestaw_wvdfde.png?v=1789394705,,,
damskie-sneakersy-do-codziennych-zestawow,,,Zielony,,42,,,,0.0,shopify,continue,manual,279.95,0.00,true,true,https://cdn.shopify.com/s/files/1/0988/5725/5244/files/Damskie_sneakersy_do_codziennych_zestaw_wvdfde.png?v=1789394705,,,
damskie-sneakersy-do-codziennych-zestawow,,,Czarny,,36,,,,0.0,shopify,continue,manual,279.95,0.00,true,true,https://cdn.shopify.com/s/files/1/0988/5725/5244/files/Damskie_sneakersy_do_codziennych_zestaw_wvdfd4-4f70-4716-ae60-cbeb5aa94589.png?v=1789395121,,,
damskie-sneakersy-do-codziennych-zestawow,,,Czarny,,37,,,,0.0,shopify,continue,manual,279.95,0.00,true,true,https://cdn.shopify.com/s/files/1/0988/5725/5244/files/Damskie_sneakersy_do_codziennych_zestaw_wvdfd4-4f70-4716-ae60-cbeb5aa94589.png?v=1789395121,,,
damskie-sneakersy-do-codziennych-zestawow,,,Czarny,,38,,,,0.0,shopify,continue,manual,279.95,0.00,true,true,https://cdn.shopify.com/s/files/1/0988/5725/5244/files/Damskie_sneakersy_do_codziennych_zestaw_wvdfd4-4f70-4716-ae60-cbeb5aa94589.png?v=1789395121,,,
damskie-sneakersy-do-codziennych-zestawow,,,Czarny,,39,,,,0.0,shopify,continue,manual,279.95,0.00,true,true,https://cdn.shopify.com/s/files/1/0988/5725/5244/files/Damskie_sneakersy_do_codziennych_zestaw_wvdfd4-4f70-4716-ae60-cbeb5aa94589.png?v=1789395121,,,
damskie-sneakersy-do-codziennych-zestawow,,,Czarny,,40,,,,0.0,shopify,continue,manual,279.95,0.00,true,true,https://cdn.shopify.com/s/files/1/0988/5725/5244/files/Damskie_sneakersy_do_codziennych_zestaw_wvdfd4-4f70-4716-ae60-cbeb5aa94589.png?v=1789395121,,,
damskie-sneakersy-do-codziennych-zestawow,,,Czarny,,41,,,,0.0,shopify,continue,manual,279.95,0.00,true,true,https://cdn.shopify.com/s/files/1/0988/5725/5244/files/Damskie_sneakersy_do_codziennych_zestaw_wvdfd4-4f70-4716-ae60-cbeb5aa94589.png?v=1789395121,,,
damskie-sneakersy-do-codziennych-zestawow,,,Czarny,,42,,,,0.0,shopify,continue,manual,279.95,0.00,true,true,https://cdn.shopify.com/s/files/1/0988/5725/5244/files/Damskie_sneakersy_do_codziennych_zestaw_wvdfd4-4f70-4716-ae60-cbeb5aa94589.png?v=1789395121,,,
damskie-sneakersy-do-codziennych-zestawow,,,Beżowy,,43,,,,0.0,shopify,continue,manual,279.95,0.00,true,true,,,,
damskie-sneakersy-do-codziennych-zestawow,,,Brązowy,,43,,,,0.0,shopify,continue,manual,279.95,0.00,true,true,,,,
damskie-sneakersy-do-codziennych-zestawow,,,Granatowy,,43,,,,0.0,shopify,continue,manual,279.95,0.00,true,true,,,,
damskie-sneakersy-do-codziennych-zestawow,,,Niebieski,,43,,,,0.0,shopify,continue,manual,279.95,0.00,true,true,,,,
damskie-sneakersy-do-codziennych-zestawow,,,Zielony,,43,,,,0.0,shopify,continue,manual,279.95,0.00,true,true,,,,
damskie-sneakersy-do-codziennych-zestawow,,,Czarny,,43,,,,0.0,shopify,continue,manual,279.95,0.00,true,true,,,,
damskie-sneakersy-do-codziennych-zestawow,,,,,,,,,,,,,,,,,,https://cdn.shopify.com/s/files/1/0988/5725/5244/files/Damskie_sneakersy_do_codziennych_zestaw_wvdf4.png?v=1789394569,1,Damskie sneakersy do codziennych zestawów
damskie-sneakersy-do-codziennych-zestawow,,,,,,,,,,,,,,,,,,https://cdn.shopify.com/s/files/1/0988/5725/5244/files/Damskie_sneakersy_do_codziennych_zestaw_wvdfee.png?v=1789394586,2,Damskie sneakersy do codziennych zestawów
damskie-sneakersy-do-codziennych-zestawow,,,,,,,,,,,,,,,,,,https://cdn.shopify.com/s/files/1/0988/5725/5244/files/Damskie_sneakersy_do_codziennych_zestaw_wvdf3.png?v=1789394607,3,Damskie sneakersy do codziennych zestawów
damskie-sneakersy-do-codziennych-zestawow,,,,,,,,,,,,,,,,,,https://cdn.shopify.com/s/files/1/0988/5725/5244/files/Damskie_sneakersy_do_codziennych_zestaw_wvdfe.png?v=1789394619,4,Damskie sneakersy do codziennych zestawów
damskie-sneakersy-do-codziennych-zestawow,,,,,,,,,,,,,,,,,,https://cdn.shopify.com/s/files/1/0988/5725/5244/files/Damskie_sneakersy_do_codziennych_zestaw_wvdfde.png?v=1789394705,5,Damskie sneakersy do codziennych zestawów
damskie-sneakersy-do-codziennych-zestawow,,,,,,,,,,,,,,,,,,https://cdn.shopify.com/s/files/1/0988/5725/5244/files/Damskie_sneakersy_do_codziennych_zestaw_wvdfd4-4f70-4716-ae60-cbeb5aa94589.png?v=1789395121,6,Damskie sneakersy do codziennych zestawów
damskie-kozaki-kowbojskie-na-jesienne-i-zimowe-dni,Damskie kozaki kowbojskie na jesienne i zimowe dni,Kolor,Brązowy,Rozmiar,36,,,,0.0,shopify,continue,manual,384.95,0.00,true,true,https://cdn.shopify.com/s/files/1/0988/5725/5244/files/Damskie_kozaki_kowbojskie_na_jesienne_i_zimowe_dnivd4.png?v=1789393549,,,
damskie-kozaki-kowbojskie-na-jesienne-i-zimowe-dni,,,Brązowy,,37,,,,0.0,shopify,continue,manual,384.95,0.00,true,true,https://cdn.shopify.com/s/files/1/0988/5725/5244/files/Damskie_kozaki_kowbojskie_na_jesienne_i_zimowe_dnivd4.png?v=1789393549,,,
damskie-kozaki-kowbojskie-na-jesienne-i-zimowe-dni,,,Brązowy,,38,,,,0.0,shopify,continue,manual,384.95,0.00,true,true,https://cdn.shopify.com/s/files/1/0988/5725/5244/files/Damskie_kozaki_kowbojskie_na_jesienne_i_zimowe_dnivd4.png?v=1789393549,,,
damskie-kozaki-kowbojskie-na-jesienne-i-zimowe-dni,,,Brązowy,,39,,,,0.0,shopify,continue,manual,384.95,0.00,true,true,https://cdn.shopify.com/s/files/1/0988/5725/5244/files/Damskie_kozaki_kowbojskie_na_jesienne_i_zimowe_dnivd4.png?v=1789393549,,,
damskie-kozaki-kowbojskie-na-jesienne-i-zimowe-dni,,,Brązowy,,40,,,,0.0,shopify,continue,manual,384.95,0.00,true,true,https://cdn.shopify.com/s/files/1/0988/5725/5244/files/Damskie_kozaki_kowbojskie_na_jesienne_i_zimowe_dnivd4.png?v=1789393549,,,
damskie-kozaki-kowbojskie-na-jesienne-i-zimowe-dni,,,Brązowy,,41,,,,0.0,shopify,continue,manual,384.95,0.00,true,true,https://cdn.shopify.com/s/files/1/0988/5725/5244/files/Damskie_kozaki_kowbojskie_na_jesienne_i_zimowe_dnivd4.png?v=1789393549,,,
damskie-kozaki-kowbojskie-na-jesienne-i-zimowe-dni,,,Brązowy,,42,,,,0.0,shopify,continue,manual,384.95,0.00,true,true,https://cdn.shopify.com/s/files/1/0988/5725/5244/files/Damskie_kozaki_kowbojskie_na_jesienne_i_zimowe_dnivd4.png?v=1789393549,,,
damskie-kozaki-kowbojskie-na-jesienne-i-zimowe-dni,,,Biały,,36,,,,0.0,shopify,continue,manual,384.95,0.00,true,true,https://cdn.shopify.com/s/files/1/0988/5725/5244/files/Damskie_kozaki_kowbojskie_na_jesienne_i_zimowe_dnivdf4.png?v=1789393570,,,
damskie-kozaki-kowbojskie-na-jesienne-i-zimowe-dni,,,Biały,,37,,,,0.0,shopify,continue,manual,384.95,0.00,true,true,https://cdn.shopify.com/s/files/1/0988/5725/5244/files/Damskie_kozaki_kowbojskie_na_jesienne_i_zimowe_dnivdf4.png?v=1789393570,,,
damskie-kozaki-kowbojskie-na-jesienne-i-zimowe-dni,,,Biały,,38,,,,0.0,shopify,continue,manual,384.95,0.00,true,true,https://cdn.shopify.com/s/files/1/0988/5725/5244/files/Damskie_kozaki_kowbojskie_na_jesienne_i_zimowe_dnivdf4.png?v=1789393570,,,
damskie-kozaki-kowbojskie-na-jesienne-i-zimowe-dni,,,Biały,,39,,,,0.0,shopify,continue,manual,384.95,0.00,true,true,https://cdn.shopify.com/s/files/1/0988/5725/5244/files/Damskie_kozaki_kowbojskie_na_jesienne_i_zimowe_dnivdf4.png?v=1789393570,,,
damskie-kozaki-kowbojskie-na-jesienne-i-zimowe-dni,,,Biały,,40,,,,0.0,shopify,continue,manual,384.95,0.00,true,true,https://cdn.shopify.com/s/files/1/0988/5725/5244/files/Damskie_kozaki_kowbojskie_na_jesienne_i_zimowe_dnivdf4.png?v=1789393570,,,
damskie-kozaki-kowbojskie-na-jesienne-i-zimowe-dni,,,Biały,,41,,,,0.0,shopify,continue,manual,384.95,0.00,true,true,https://cdn.shopify.com/s/files/1/0988/5725/5244/files/Damskie_kozaki_kowbojskie_na_jesienne_i_zimowe_dnivdf4.png?v=1789393570,,,
damskie-kozaki-kowbojskie-na-jesienne-i-zimowe-dni,,,Biały,,42,,,,0.0,shopify,continue,manual,384.95,0.00,true,true,https://cdn.shopify.com/s/files/1/0988/5725/5244/files/Damskie_kozaki_kowbojskie_na_jesienne_i_zimowe_dnivdf4.png?v=1789393570,,,
damskie-kozaki-kowbojskie-na-jesienne-i-zimowe-dni,,,Brązowy,,43,,,,0.0,shopify,continue,manual,384.95,0.00,true,true,,,,
damskie-kozaki-kowbojskie-na-jesienne-i-zimowe-dni,,,Biały,,43,,,,0.0,shopify,continue,manual,384.95,0.00,true,true,,,,
damskie-kozaki-kowbojskie-na-jesienne-i-zimowe-dni,,,,,,,,,,,,,,,,,,https://cdn.shopify.com/s/files/1/0988/5725/5244/files/Damskie_kozaki_kowbojskie_na_jesienne_i_zimowe_dnivd4.png?v=1789393549,1,Damskie kozaki kowbojskie na jesienne i zimowe dni
damskie-kozaki-kowbojskie-na-jesienne-i-zimowe-dni,,,,,,,,,,,,,,,,,,https://cdn.shopify.com/s/files/1/0988/5725/5244/files/Damskie_kozaki_kowbojskie_na_jesienne_i_zimowe_dnivdf4.png?v=1789393570,2,Damskie kozaki kowbojskie na jesienne i zimowe dni
damskie-kozaki-kowbojskie-na-jesienne-i-zimowe-dni,,,,,,,,,,,,,,,,,,https://cdn.shopify.com/s/files/1/0988/5725/5244/files/Damskie_kozaki_kowbojskie_na_jesienne_i_zimowe_dnibght6.png?v=1789393593,3,Damskie kozaki kowbojskie na jesienne i zimowe dni
damskie-kozaki-kowbojskie-na-jesienne-i-zimowe-dni,,,,,,,,,,,,,,,,,,https://cdn.shopify.com/s/files/1/0988/5725/5244/files/Damskie_kozaki_kowbojskie_na_jesienne_i_zimowe_dnivff5.png?v=1789393608,4,Damskie kozaki kowbojskie na jesienne i zimowe dni
damskie-sneakersy-sportowe-na-codzienne-spacery-i-wyjscia,Damskie sneakersy sportowe na codzienne spacery i wyjścia,Kolor,Czarny,Rozmiar,36,,,,0.0,shopify,continue,manual,229.95,0.00,true,true,https://cdn.shopify.com/s/files/1/0988/5725/5244/files/Damskie_sneakersy_sportowe_na_codzienne_spacery_i_wyj_ciavdf4.png?v=1789393310,,,
damskie-sneakersy-sportowe-na-codzienne-spacery-i-wyjscia,,,Czarny,,37,,,,0.0,shopify,continue,manual,229.95,0.00,true,true,https://cdn.shopify.com/s/files/1/0988/5725/5244/files/Damskie_sneakersy_sportowe_na_codzienne_spacery_i_wyj_ciavdf4.png?v=1789393310,,,
damskie-sneakersy-sportowe-na-codzienne-spacery-i-wyjscia,,,Czarny,,38,,,,0.0,shopify,continue,manual,229.95,0.00,true,true,https://cdn.shopify.com/s/files/1/0988/5725/5244/files/Damskie_sneakersy_sportowe_na_codzienne_spacery_i_wyj_ciavdf4.png?v=1789393310,,,
damskie-sneakersy-sportowe-na-codzienne-spacery-i-wyjscia,,,Czarny,,39,,,,0.0,shopify,continue,manual,229.95,0.00,true,true,https://cdn.shopify.com/s/files/1/0988/5725/5244/files/Damskie_sneakersy_sportowe_na_codzienne_spacery_i_wyj_ciavdf4.png?v=1789393310,,,
damskie-sneakersy-sportowe-na-codzienne-spacery-i-wyjscia,,,Czarny,,40,,,,0.0,shopify,continue,manual,229.95,0.00,true,true,https://cdn.shopify.com/s/files/1/0988/5725/5244/files/Damskie_sneakersy_sportowe_na_codzienne_spacery_i_wyj_ciavdf4.png?v=1789393310,,,
damskie-sneakersy-sportowe-na-codzienne-spacery-i-wyjscia,,,Czarny,,41,,,,0.0,shopify,continue,manual,229.95,0.00,true,true,https://cdn.shopify.com/s/files/1/0988/5725/5244/files/Damskie_sneakersy_sportowe_na_codzienne_spacery_i_wyj_ciavdf4.png?v=1789393310,,,
damskie-sneakersy-sportowe-na-codzienne-spacery-i-wyjscia,,,Czarny,,42,,,,0.0,shopify,continue,manual,229.95,0.00,true,true,https://cdn.shopify.com/s/files/1/0988/5725/5244/files/Damskie_sneakersy_sportowe_na_codzienne_spacery_i_wyj_ciavdf4.png?v=1789393310,,,
damskie-sneakersy-sportowe-na-codzienne-spacery-i-wyjscia,,,Niebieski,,36,,,,0.0,shopify,continue,manual,229.95,0.00,true,true,https://cdn.shopify.com/s/files/1/0988/5725/5244/files/Damskie_sneakersy_sportowe_na_codzienne_spacery_i_wyj_ciavdfd.png?v=1789398840,,,
damskie-sneakersy-sportowe-na-codzienne-spacery-i-wyjscia,,,Niebieski,,37,,,,0.0,shopify,continue,manual,229.95,0.00,true,true,https://cdn.shopify.com/s/files/1/0988/5725/5244/files/Damskie_sneakersy_sportowe_na_codzienne_spacery_i_wyj_ciavdfd.png?v=1789398840,,,
damskie-sneakersy-sportowe-na-codzienne-spacery-i-wyjscia,,,Niebieski,,38,,,,0.0,shopify,continue,manual,229.95,0.00,true,true,https://cdn.shopify.com/s/files/1/0988/5725/5244/files/Damskie_sneakersy_sportowe_na_codzienne_spacery_i_wyj_ciavdfd.png?v=1789398840,,,
damskie-sneakersy-sportowe-na-codzienne-spacery-i-wyjscia,,,Niebieski,,39,,,,0.0,shopify,continue,manual,229.95,0.00,true,true,https://cdn.shopify.com/s/files/1/0988/5725/5244/files/Damskie_sneakersy_sportowe_na_codzienne_spacery_i_wyj_ciavdfd.png?v=1789398840,,,
damskie-sneakersy-sportowe-na-codzienne-spacery-i-wyjscia,,,Niebieski,,40,,,,0.0,shopify,continue,manual,229.95,0.00,true,true,https://cdn.shopify.com/s/files/1/0988/5725/5244/files/Damskie_sneakersy_sportowe_na_codzienne_spacery_i_wyj_ciavdfd.png?v=1789398840,,,
damskie-sneakersy-sportowe-na-codzienne-spacery-i-wyjscia,,,Niebieski,,41,,,,0.0,shopify,continue,manual,229.95,0.00,true,true,https://cdn.shopify.com/s/files/1/0988/5725/5244/files/Damskie_sneakersy_sportowe_na_codzienne_spacery_i_wyj_ciavdfd.png?v=1789398840,,,
damskie-sneakersy-sportowe-na-codzienne-spacery-i-wyjscia,,,Niebieski,,42,,,,0.0,shopify,continue,manual,229.95,0.00,true,true,https://cdn.shopify.com/s/files/1/0988/5725/5244/files/Damskie_sneakersy_sportowe_na_codzienne_spacery_i_wyj_ciavdfd.png?v=1789398840,,,
damskie-sneakersy-sportowe-na-codzienne-spacery-i-wyjscia,,,Szary,,36,,,,0.0,shopify,continue,manual,229.95,0.00,true,true,https://cdn.shopify.com/s/files/1/0988/5725/5244/files/Damskie_sneakersy_sportowe_na_codzienne_spacery_i_wyj_ciavdfd4.png?v=1789393340,,,
damskie-sneakersy-sportowe-na-codzienne-spacery-i-wyjscia,,,Szary,,37,,,,0.0,shopify,continue,manual,229.95,0.00,true,true,https://cdn.shopify.com/s/files/1/0988/5725/5244/files/Damskie_sneakersy_sportowe_na_codzienne_spacery_i_wyj_ciavdfd4.png?v=1789393340,,,
damskie-sneakersy-sportowe-na-codzienne-spacery-i-wyjscia,,,Szary,,38,,,,0.0,shopify,continue,manual,229.95,0.00,true,true,https://cdn.shopify.com/s/files/1/0988/5725/5244/files/Damskie_sneakersy_sportowe_na_codzienne_spacery_i_wyj_ciavdfd4.png?v=1789393340,,,
damskie-sneakersy-sportowe-na-codzienne-spacery-i-wyjscia,,,Szary,,39,,,,0.0,shopify,continue,manual,229.95,0.00,true,true,https://cdn.shopify.com/s/files/1/0988/5725/5244/files/Damskie_sneakersy_sportowe_na_codzienne_spacery_i_wyj_ciavdfd4.png?v=1789393340,,,
damskie-sneakersy-sportowe-na-codzienne-spacery-i-wyjscia,,,Szary,,40,,,,0.0,shopify,continue,manual,229.95,0.00,true,true,https://cdn.shopify.com/s/files/1/0988/5725/5244/files/Damskie_sneakersy_sportowe_na_codzienne_spacery_i_wyj_ciavdfd4.png?v=1789393340,,,
damskie-sneakersy-sportowe-na-codzienne-spacery-i-wyjscia,,,Szary,,41,,,,0.0,shopify,continue,manual,229.95,0.00,true,true,https://cdn.shopify.com/s/files/1/0988/5725/5244/files/Damskie_sneakersy_sportowe_na_codzienne_spacery_i_wyj_ciavdfd4.png?v=1789393340,,,
damskie-sneakersy-sportowe-na-codzienne-spacery-i-wyjscia,,,Szary,,42,,,,0.0,shopify,continue,manual,229.95,0.00,true,true,https://cdn.shopify.com/s/files/1/0988/5725/5244/files/Damskie_sneakersy_sportowe_na_codzienne_spacery_i_wyj_ciavdfd4.png?v=1789393340,,,
damskie-sneakersy-sportowe-na-codzienne-spacery-i-wyjscia,,,Beżowy,,36,,,,0.0,shopify,continue,manual,229.95,0.00,true,true,https://cdn.shopify.com/s/files/1/0988/5725/5244/files/Damskie_sneakersy_sportowe_na_codzienne_spacery_i_wyj_ciavfr5.png?v=1789393360,,,
damskie-sneakersy-sportowe-na-codzienne-spacery-i-wyjscia,,,Beżowy,,37,,,,0.0,shopify,continue,manual,229.95,0.00,true,true,https://cdn.shopify.com/s/files/1/0988/5725/5244/files/Damskie_sneakersy_sportowe_na_codzienne_spacery_i_wyj_ciavfr5.png?v=1789393360,,,
damskie-sneakersy-sportowe-na-codzienne-spacery-i-wyjscia,,,Beżowy,,38,,,,0.0,shopify,continue,manual,229.95,0.00,true,true,https://cdn.shopify.com/s/files/1/0988/5725/5244/files/Damskie_sneakersy_sportowe_na_codzienne_spacery_i_wyj_ciavfr5.png?v=1789393360,,,
damskie-sneakersy-sportowe-na-codzienne-spacery-i-wyjscia,,,Beżowy,,39,,,,0.0,shopify,continue,manual,229.95,0.00,true,true,https://cdn.shopify.com/s/files/1/0988/5725/5244/files/Damskie_sneakersy_sportowe_na_codzienne_spacery_i_wyj_ciavfr5.png?v=1789393360,,,
damskie-sneakersy-sportowe-na-codzienne-spacery-i-wyjscia,,,Beżowy,,40,,,,0.0,shopify,continue,manual,229.95,0.00,true,true,https://cdn.shopify.com/s/files/1/0988/5725/5244/files/Damskie_sneakersy_sportowe_na_codzienne_spacery_i_wyj_ciavfr5.png?v=1789393360,,,
damskie-sneakersy-sportowe-na-codzienne-spacery-i-wyjscia,,,Beżowy,,41,,,,0.0,shopify,continue,manual,229.95,0.00,true,true,https://cdn.shopify.com/s/files/1/0988/5725/5244/files/Damskie_sneakersy_sportowe_na_codzienne_spacery_i_wyj_ciavfr5.png?v=1789393360,,,
damskie-sneakersy-sportowe-na-codzienne-spacery-i-wyjscia,,,Beżowy,,42,,,,0.0,shopify,continue,manual,229.95,0.00,true,true,https://cdn.shopify.com/s/files/1/0988/5725/5244/files/Damskie_sneakersy_sportowe_na_codzienne_spacery_i_wyj_ciavfr5.png?v=1789393360,,,
damskie-sneakersy-sportowe-na-codzienne-spacery-i-wyjscia,,,Czarny,,43,,,,0.0,shopify,continue,manual,229.95,0.00,true,true,,,,
damskie-sneakersy-sportowe-na-codzienne-spacery-i-wyjscia,,,Niebieski,,43,,,,0.0,shopify,continue,manual,229.95,0.00,true,true,,,,
damskie-sneakersy-sportowe-na-codzienne-spacery-i-wyjscia,,,Szary,,43,,,,0.0,shopify,continue,manual,229.95,0.00,true,true,,,,
damskie-sneakersy-sportowe-na-codzienne-spacery-i-wyjscia,,,Beżowy,,43,,,,0.0,shopify,continue,manual,229.95,0.00,true,true,,,,
damskie-sneakersy-sportowe-na-codzienne-spacery-i-wyjscia,,,,,,,,,,,,,,,,,,https://cdn.shopify.com/s/files/1/0988/5725/5244/files/Damskie_sneakersy_sportowe_na_codzienne_spacery_i_wyj_ciavdf4.png?v=1789393310,1,Damskie sneakersy sportowe na codzienne spacery i wyjścia
damskie-sneakersy-sportowe-na-codzienne-spacery-i-wyjscia,,,,,,,,,,,,,,,,,,https://cdn.shopify.com/s/files/1/0988/5725/5244/files/Damskie_sneakersy_sportowe_na_codzienne_spacery_i_wyj_ciavdfd.png?v=1789398840,2,Damskie sneakersy sportowe na codzienne spacery i wyjścia
damskie-sneakersy-sportowe-na-codzienne-spacery-i-wyjscia,,,,,,,,,,,,,,,,,,https://cdn.shopify.com/s/files/1/0988/5725/5244/files/Damskie_sneakersy_sportowe_na_codzienne_spacery_i_wyj_ciavdfd4.png?v=1789393340,3,Damskie sneakersy sportowe na codzienne spacery i wyjścia
damskie-sneakersy-sportowe-na-codzienne-spacery-i-wyjscia,,,,,,,,,,,,,,,,,,https://cdn.shopify.com/s/files/1/0988/5725/5244/files/Damskie_sneakersy_sportowe_na_codzienne_spacery_i_wyj_ciavfr5.png?v=1789393360,4,Damskie sneakersy sportowe na codzienne spacery i wyjścia
damskie-ortopedyczne-loafersy-lekkie-codzienne-wygody,Damskie mokasyny z ozdobną klamrą na wiosenne wyjścia,Kolor,Beżowy,Rozmiar,36,,,,0.0,shopify,continue,manual,279.95,0.00,true,true,https://cdn.shopify.com/s/files/1/0988/5725/5244/files/Damskie_mokasyny_z_ozdobn_klamr_na_wiosenne_wyj_ciavdef.png?v=1789393172,,,
damskie-ortopedyczne-loafersy-lekkie-codzienne-wygody,,,Beżowy,,37,,,,0.0,shopify,continue,manual,279.95,0.00,true,true,https://cdn.shopify.com/s/files/1/0988/5725/5244/files/Damskie_mokasyny_z_ozdobn_klamr_na_wiosenne_wyj_ciavdef.png?v=1789393172,,,
damskie-ortopedyczne-loafersy-lekkie-codzienne-wygody,,,Beżowy,,38,,,,0.0,shopify,continue,manual,279.95,0.00,true,true,https://cdn.shopify.com/s/files/1/0988/5725/5244/files/Damskie_mokasyny_z_ozdobn_klamr_na_wiosenne_wyj_ciavdef.png?v=1789393172,,,
damskie-ortopedyczne-loafersy-lekkie-codzienne-wygody,,,Beżowy,,39,,,,0.0,shopify,continue,manual,279.95,0.00,true,true,https://cdn.shopify.com/s/files/1/0988/5725/5244/files/Damskie_mokasyny_z_ozdobn_klamr_na_wiosenne_wyj_ciavdef.png?v=1789393172,,,
damskie-ortopedyczne-loafersy-lekkie-codzienne-wygody,,,Beżowy,,40,,,,0.0,shopify,continue,manual,279.95,0.00,true,true,https://cdn.shopify.com/s/files/1/0988/5725/5244/files/Damskie_mokasyny_z_ozdobn_klamr_na_wiosenne_wyj_ciavdef.png?v=1789393172,,,
damskie-ortopedyczne-loafersy-lekkie-codzienne-wygody,,,Beżowy,,41,,,,0.0,shopify,continue,manual,279.95,0.00,true,true,https://cdn.shopify.com/s/files/1/0988/5725/5244/files/Damskie_mokasyny_z_ozdobn_klamr_na_wiosenne_wyj_ciavdef.png?v=1789393172,,,
damskie-ortopedyczne-loafersy-lekkie-codzienne-wygody,,,Beżowy,,42,,,,0.0,shopify,continue,manual,279.95,0.00,true,true,https://cdn.shopify.com/s/files/1/0988/5725/5244/files/Damskie_mokasyny_z_ozdobn_klamr_na_wiosenne_wyj_ciavdef.png?v=1789393172,,,
damskie-ortopedyczne-loafersy-lekkie-codzienne-wygody,,,Niebieski,,36,,,,0.0,shopify,continue,manual,279.95,0.00,true,true,https://cdn.shopify.com/s/files/1/0988/5725/5244/files/Damskie_mokasyny_z_ozdobn_klamr_na_wiosenne_wyj_ciavde.png?v=1789393198,,,
damskie-ortopedyczne-loafersy-lekkie-codzienne-wygody,,,Niebieski,,37,,,,0.0,shopify,continue,manual,279.95,0.00,true,true,https://cdn.shopify.com/s/files/1/0988/5725/5244/files/Damskie_mokasyny_z_ozdobn_klamr_na_wiosenne_wyj_ciavde.png?v=1789393198,,,
damskie-ortopedyczne-loafersy-lekkie-codzienne-wygody,,,Niebieski,,38,,,,0.0,shopify,continue,manual,279.95,0.00,true,true,https://cdn.shopify.com/s/files/1/0988/5725/5244/files/Damskie_mokasyny_z_ozdobn_klamr_na_wiosenne_wyj_ciavde.png?v=1789393198,,,
damskie-ortopedyczne-loafersy-lekkie-codzienne-wygody,,,Niebieski,,39,,,,0.0,shopify,continue,manual,279.95,0.00,true,true,https://cdn.shopify.com/s/files/1/0988/5725/5244/files/Damskie_mokasyny_z_ozdobn_klamr_na_wiosenne_wyj_ciavde.png?v=1789393198,,,
damskie-ortopedyczne-loafersy-lekkie-codzienne-wygody,,,Niebieski,,40,,,,0.0,shopify,continue,manual,279.95,0.00,true,true,https://cdn.shopify.com/s/files/1/0988/5725/5244/files/Damskie_mokasyny_z_ozdobn_klamr_na_wiosenne_wyj_ciavde.png?v=1789393198,,,
damskie-ortopedyczne-loafersy-lekkie-codzienne-wygody,,,Niebieski,,41,,,,0.0,shopify,continue,manual,279.95,0.00,true,true,https://cdn.shopify.com/s/files/1/0988/5725/5244/files/Damskie_mokasyny_z_ozdobn_klamr_na_wiosenne_wyj_ciavde.png?v=1789393198,,,
damskie-ortopedyczne-loafersy-lekkie-codzienne-wygody,,,Niebieski,,42,,,,0.0,shopify,continue,manual,279.95,0.00,true,true,https://cdn.shopify.com/s/files/1/0988/5725/5244/files/Damskie_mokasyny_z_ozdobn_klamr_na_wiosenne_wyj_ciavde.png?v=1789393198,,,
damskie-ortopedyczne-loafersy-lekkie-codzienne-wygody,,,Szary,,36,,,,0.0,shopify,continue,manual,279.95,0.00,true,true,https://cdn.shopify.com/s/files/1/0988/5725/5244/files/Damskie_mokasyny_z_ozdobn_klamr_na_wiosenne_wyj_ciavfgr4.png?v=1789393218,,,
damskie-ortopedyczne-loafersy-lekkie-codzienne-wygody,,,Szary,,37,,,,0.0,shopify,continue,manual,279.95,0.00,true,true,https://cdn.shopify.com/s/files/1/0988/5725/5244/files/Damskie_mokasyny_z_ozdobn_klamr_na_wiosenne_wyj_ciavfgr4.png?v=1789393218,,,
damskie-ortopedyczne-loafersy-lekkie-codzienne-wygody,,,Szary,,38,,,,0.0,shopify,continue,manual,279.95,0.00,true,true,https://cdn.shopify.com/s/files/1/0988/5725/5244/files/Damskie_mokasyny_z_ozdobn_klamr_na_wiosenne_wyj_ciavfgr4.png?v=1789393218,,,
damskie-ortopedyczne-loafersy-lekkie-codzienne-wygody,,,Szary,,39,,,,0.0,shopify,continue,manual,279.95,0.00,true,true,https://cdn.shopify.com/s/files/1/0988/5725/5244/files/Damskie_mokasyny_z_ozdobn_klamr_na_wiosenne_wyj_ciavfgr4.png?v=1789393218,,,
damskie-ortopedyczne-loafersy-lekkie-codzienne-wygody,,,Szary,,40,,,,0.0,shopify,continue,manual,279.95,0.00,true,true,https://cdn.shopify.com/s/files/1/0988/5725/5244/files/Damskie_mokasyny_z_ozdobn_klamr_na_wiosenne_wyj_ciavfgr4.png?v=1789393218,,,
damskie-ortopedyczne-loafersy-lekkie-codzienne-wygody,,,Szary,,41,,,,0.0,shopify,continue,manual,279.95,0.00,true,true,https://cdn.shopify.com/s/files/1/0988/5725/5244/files/Damskie_mokasyny_z_ozdobn_klamr_na_wiosenne_wyj_ciavfgr4.png?v=1789393218,,,
damskie-ortopedyczne-loafersy-lekkie-codzienne-wygody,,,Szary,,42,,,,0.0,shopify,continue,manual,279.95,0.00,true,true,https://cdn.shopify.com/s/files/1/0988/5725/5244/files/Damskie_mokasyny_z_ozdobn_klamr_na_wiosenne_wyj_ciavfgr4.png?v=1789393218,,,
damskie-ortopedyczne-loafersy-lekkie-codzienne-wygody,,,Biały,,36,,,,0.0,shopify,continue,manual,279.95,0.00,true,true,https://cdn.shopify.com/s/files/1/0988/5725/5244/files/Damskie_mokasyny_z_ozdobn_klamr_na_wiosenne_wyj_ciavfvr4.png?v=1789393236,,,
damskie-ortopedyczne-loafersy-lekkie-codzienne-wygody,,,Biały,,37,,,,0.0,shopify,continue,manual,279.95,0.00,true,true,https://cdn.shopify.com/s/files/1/0988/5725/5244/files/Damskie_mokasyny_z_ozdobn_klamr_na_wiosenne_wyj_ciavfvr4.png?v=1789393236,,,
damskie-ortopedyczne-loafersy-lekkie-codzienne-wygody,,,Biały,,38,,,,0.0,shopify,continue,manual,279.95,0.00,true,true,https://cdn.shopify.com/s/files/1/0988/5725/5244/files/Damskie_mokasyny_z_ozdobn_klamr_na_wiosenne_wyj_ciavfvr4.png?v=1789393236,,,
damskie-ortopedyczne-loafersy-lekkie-codzienne-wygody,,,Biały,,39,,,,0.0,shopify,continue,manual,279.95,0.00,true,true,https://cdn.shopify.com/s/files/1/0988/5725/5244/files/Damskie_mokasyny_z_ozdobn_klamr_na_wiosenne_wyj_ciavfvr4.png?v=1789393236,,,
damskie-ortopedyczne-loafersy-lekkie-codzienne-wygody,,,Biały,,40,,,,0.0,shopify,continue,manual,279.95,0.00,true,true,https://cdn.shopify.com/s/files/1/0988/5725/5244/files/Damskie_mokasyny_z_ozdobn_klamr_na_wiosenne_wyj_ciavfvr4.png?v=1789393236,,,
damskie-ortopedyczne-loafersy-lekkie-codzienne-wygody,,,Biały,,41,,,,0.0,shopify,continue,manual,279.95,0.00,true,true,https://cdn.shopify.com/s/files/1/0988/5725/5244/files/Damskie_mokasyny_z_ozdobn_klamr_na_wiosenne_wyj_ciavfvr4.png?v=1789393236,,,
damskie-ortopedyczne-loafersy-lekkie-codzienne-wygody,,,Biały,,42,,,,0.0,shopify,continue,manual,279.95,0.00,true,true,https://cdn.shopify.com/s/files/1/0988/5725/5244/files/Damskie_mokasyny_z_ozdobn_klamr_na_wiosenne_wyj_ciavfvr4.png?v=1789393236,,,
damskie-ortopedyczne-loafersy-lekkie-codzienne-wygody,,,Beżowy,,43,,,,0.0,shopify,continue,manual,279.95,0.00,true,true,,,,
damskie-ortopedyczne-loafersy-lekkie-codzienne-wygody,,,Niebieski,,43,,,,0.0,shopify,continue,manual,279.95,0.00,true,true,,,,
damskie-ortopedyczne-loafersy-lekkie-codzienne-wygody,,,Szary,,43,,,,0.0,shopify,continue,manual,279.95,0.00,true,true,,,,
damskie-ortopedyczne-loafersy-lekkie-codzienne-wygody,,,Biały,,43,,,,0.0,shopify,continue,manual,279.95,0.00,true,true,,,,
damskie-ortopedyczne-loafersy-lekkie-codzienne-wygody,,,,,,,,,,,,,,,,,,https://cdn.shopify.com/s/files/1/0988/5725/5244/files/Damskie_mokasyny_z_ozdobn_klamr_na_wiosenne_wyj_ciavdef.png?v=1789393172,1,Damskie mokasyny z ozdobną klamrą na wiosenne wyjścia
damskie-ortopedyczne-loafersy-lekkie-codzienne-wygody,,,,,,,,,,,,,,,,,,https://cdn.shopify.com/s/files/1/0988/5725/5244/files/Damskie_mokasyny_z_ozdobn_klamr_na_wiosenne_wyj_ciavde.png?v=1789393198,2,Damskie mokasyny z ozdobną klamrą na wiosenne wyjścia
damskie-ortopedyczne-loafersy-lekkie-codzienne-wygody,,,,,,,,,,,,,,,,,,https://cdn.shopify.com/s/files/1/0988/5725/5244/files/Damskie_mokasyny_z_ozdobn_klamr_na_wiosenne_wyj_ciavfgr4.png?v=1789393218,3,Damskie mokasyny z ozdobną klamrą na wiosenne wyjścia
damskie-ortopedyczne-loafersy-lekkie-codzienne-wygody,,,,,,,,,,,,,,,,,,https://cdn.shopify.com/s/files/1/0988/5725/5244/files/Damskie_mokasyny_z_ozdobn_klamr_na_wiosenne_wyj_ciavfvr4.png?v=1789393236,4,Damskie mokasyny z ozdobną klamrą na wiosenne wyjścia
damskie-sandaly-na-obcasie-z-paskiem-na-eleganckie,Damskie sandały na obcasie z paskiem na eleganckie,Kolor,Biały,Rozmiar,36,,,,0.0,shopify,continue,manual,279.95,0.00,true,true,https://cdn.shopify.com/s/files/1/0988/5725/5244/files/Damskie_sanda_y_na_obcasie_z_paskiem_na_eleganckievds.webp?v=1789392779,,,
damskie-sandaly-na-obcasie-z-paskiem-na-eleganckie,,,Biały,,37,,,,0.0,shopify,continue,manual,279.95,0.00,true,true,https://cdn.shopify.com/s/files/1/0988/5725/5244/files/Damskie_sanda_y_na_obcasie_z_paskiem_na_eleganckievds.webp?v=1789392779,,,
damskie-sandaly-na-obcasie-z-paskiem-na-eleganckie,,,Biały,,38,,,,0.0,shopify,continue,manual,279.95,0.00,true,true,https://cdn.shopify.com/s/files/1/0988/5725/5244/files/Damskie_sanda_y_na_obcasie_z_paskiem_na_eleganckievds.webp?v=1789392779,,,
damskie-sandaly-na-obcasie-z-paskiem-na-eleganckie,,,Biały,,39,,,,0.0,shopify,continue,manual,279.95,0.00,true,true,https://cdn.shopify.com/s/files/1/0988/5725/5244/files/Damskie_sanda_y_na_obcasie_z_paskiem_na_eleganckievds.webp?v=1789392779,,,
damskie-sandaly-na-obcasie-z-paskiem-na-eleganckie,,,Biały,,40,,,,0.0,shopify,continue,manual,279.95,0.00,true,true,https://cdn.shopify.com/s/files/1/0988/5725/5244/files/Damskie_sanda_y_na_obcasie_z_paskiem_na_eleganckievds.webp?v=1789392779,,,
damskie-sandaly-na-obcasie-z-paskiem-na-eleganckie,,,Biały,,41,,,,0.0,shopify,continue,manual,279.95,0.00,true,true,https://cdn.shopify.com/s/files/1/0988/5725/5244/files/Damskie_sanda_y_na_obcasie_z_paskiem_na_eleganckievds.webp?v=1789392779,,,
damskie-sandaly-na-obcasie-z-paskiem-na-eleganckie,,,Biały,,42,,,,0.0,shopify,continue,manual,279.95,0.00,true,true,https://cdn.shopify.com/s/files/1/0988/5725/5244/files/Damskie_sanda_y_na_obcasie_z_paskiem_na_eleganckievds.webp?v=1789392779,,,
damskie-sandaly-na-obcasie-z-paskiem-na-eleganckie,,,Złoty,,36,,,,0.0,shopify,continue,manual,279.95,0.00,true,true,https://cdn.shopify.com/s/files/1/0988/5725/5244/files/Damskie_sanda_y_na_obcasie_z_paskiem_na_eleganckievdf4.webp?v=1789392816,,,
damskie-sandaly-na-obcasie-z-paskiem-na-eleganckie,,,Złoty,,37,,,,0.0,shopify,continue,manual,279.95,0.00,true,true,https://cdn.shopify.com/s/files/1/0988/5725/5244/files/Damskie_sanda_y_na_obcasie_z_paskiem_na_eleganckievdf4.webp?v=1789392816,,,
damskie-sandaly-na-obcasie-z-paskiem-na-eleganckie,,,Złoty,,38,,,,0.0,shopify,continue,manual,279.95,0.00,true,true,https://cdn.shopify.com/s/files/1/0988/5725/5244/files/Damskie_sanda_y_na_obcasie_z_paskiem_na_eleganckievdf4.webp?v=1789392816,,,
damskie-sandaly-na-obcasie-z-paskiem-na-eleganckie,,,Złoty,,39,,,,0.0,shopify,continue,manual,279.95,0.00,true,true,https://cdn.shopify.com/s/files/1/0988/5725/5244/files/Damskie_sanda_y_na_obcasie_z_paskiem_na_eleganckievdf4.webp?v=1789392816,,,
damskie-sandaly-na-obcasie-z-paskiem-na-eleganckie,,,Złoty,,40,,,,0.0,shopify,continue,manual,279.95,0.00,true,true,https://cdn.shopify.com/s/files/1/0988/5725/5244/files/Damskie_sanda_y_na_obcasie_z_paskiem_na_eleganckievdf4.webp?v=1789392816,,,
damskie-sandaly-na-obcasie-z-paskiem-na-eleganckie,,,Złoty,,41,,,,0.0,shopify,continue,manual,279.95,0.00,true,true,https://cdn.shopify.com/s/files/1/0988/5725/5244/files/Damskie_sanda_y_na_obcasie_z_paskiem_na_eleganckievdf4.webp?v=1789392816,,,
damskie-sandaly-na-obcasie-z-paskiem-na-eleganckie,,,Złoty,,42,,,,0.0,shopify,continue,manual,279.95,0.00,true,true,https://cdn.shopify.com/s/files/1/0988/5725/5244/files/Damskie_sanda_y_na_obcasie_z_paskiem_na_eleganckievdf4.webp?v=1789392816,,,
damskie-sandaly-na-obcasie-z-paskiem-na-eleganckie,,,Czarny,,36,,,,0.0,shopify,continue,manual,279.95,0.00,true,true,https://cdn.shopify.com/s/files/1/0988/5725/5244/files/Damskie_sanda_y_na_obcasie_z_paskiem_na_eleganckievdf3.webp?v=1789393015,,,
damskie-sandaly-na-obcasie-z-paskiem-na-eleganckie,,,Czarny,,37,,,,0.0,shopify,continue,manual,279.95,0.00,true,true,https://cdn.shopify.com/s/files/1/0988/5725/5244/files/Damskie_sanda_y_na_obcasie_z_paskiem_na_eleganckievdf3.webp?v=1789393015,,,
damskie-sandaly-na-obcasie-z-paskiem-na-eleganckie,,,Czarny,,38,,,,0.0,shopify,continue,manual,279.95,0.00,true,true,https://cdn.shopify.com/s/files/1/0988/5725/5244/files/Damskie_sanda_y_na_obcasie_z_paskiem_na_eleganckievdf3.webp?v=1789393015,,,
damskie-sandaly-na-obcasie-z-paskiem-na-eleganckie,,,Czarny,,39,,,,0.0,shopify,continue,manual,279.95,0.00,true,true,https://cdn.shopify.com/s/files/1/0988/5725/5244/files/Damskie_sanda_y_na_obcasie_z_paskiem_na_eleganckievdf3.webp?v=1789393015,,,
damskie-sandaly-na-obcasie-z-paskiem-na-eleganckie,,,Czarny,,40,,,,0.0,shopify,continue,manual,279.95,0.00,true,true,https://cdn.shopify.com/s/files/1/0988/5725/5244/files/Damskie_sanda_y_na_obcasie_z_paskiem_na_eleganckievdf3.webp?v=1789393015,,,
damskie-sandaly-na-obcasie-z-paskiem-na-eleganckie,,,Czarny,,41,,,,0.0,shopify,continue,manual,279.95,0.00,true,true,https://cdn.shopify.com/s/files/1/0988/5725/5244/files/Damskie_sanda_y_na_obcasie_z_paskiem_na_eleganckievdf3.webp?v=1789393015,,,
damskie-sandaly-na-obcasie-z-paskiem-na-eleganckie,,,Czarny,,42,,,,0.0,shopify,continue,manual,279.95,0.00,true,true,https://cdn.shopify.com/s/files/1/0988/5725/5244/files/Damskie_sanda_y_na_obcasie_z_paskiem_na_eleganckievdf3.webp?v=1789393015,,,
damskie-sandaly-na-obcasie-z-paskiem-na-eleganckie,,,Srebrny,,36,,,,0.0,shopify,continue,manual,279.95,0.00,true,true,https://cdn.shopify.com/s/files/1/0988/5725/5244/files/Damskie_sanda_y_na_obcasie_z_paskiem_na_eleganckievds4.webp?v=1789392986,,,
damskie-sandaly-na-obcasie-z-paskiem-na-eleganckie,,,Srebrny,,37,,,,0.0,shopify,continue,manual,279.95,0.00,true,true,https://cdn.shopify.com/s/files/1/0988/5725/5244/files/Damskie_sanda_y_na_obcasie_z_paskiem_na_eleganckievds4.webp?v=1789392986,,,
damskie-sandaly-na-obcasie-z-paskiem-na-eleganckie,,,Srebrny,,38,,,,0.0,shopify,continue,manual,279.95,0.00,true,true,https://cdn.shopify.com/s/files/1/0988/5725/5244/files/Damskie_sanda_y_na_obcasie_z_paskiem_na_eleganckievds4.webp?v=1789392986,,,
damskie-sandaly-na-obcasie-z-paskiem-na-eleganckie,,,Srebrny,,39,,,,0.0,shopify,continue,manual,279.95,0.00,true,true,https://cdn.shopify.com/s/files/1/0988/5725/5244/files/Damskie_sanda_y_na_obcasie_z_paskiem_na_eleganckievds4.webp?v=1789392986,,,
damskie-sandaly-na-obcasie-z-paskiem-na-eleganckie,,,Srebrny,,40,,,,0.0,shopify,continue,manual,279.95,0.00,true,true,https://cdn.shopify.com/s/files/1/0988/5725/5244/files/Damskie_sanda_y_na_obcasie_z_paskiem_na_eleganckievds4.webp?v=1789392986,,,
damskie-sandaly-na-obcasie-z-paskiem-na-eleganckie,,,Srebrny,,41,,,,0.0,shopify,continue,manual,279.95,0.00,true,true,https://cdn.shopify.com/s/files/1/0988/5725/5244/files/Damskie_sanda_y_na_obcasie_z_paskiem_na_eleganckievds4.webp?v=1789392986,,,
damskie-sandaly-na-obcasie-z-paskiem-na-eleganckie,,,Srebrny,,42,,,,0.0,shopify,continue,manual,279.95,0.00,true,true,https://cdn.shopify.com/s/files/1/0988/5725/5244/files/Damskie_sanda_y_na_obcasie_z_paskiem_na_eleganckievds4.webp?v=1789392986,,,
damskie-sandaly-na-obcasie-z-paskiem-na-eleganckie,,,Biały,,43,,,,0.0,shopify,continue,manual,279.95,0.00,true,true,,,,
damskie-sandaly-na-obcasie-z-paskiem-na-eleganckie,,,Złoty,,43,,,,0.0,shopify,continue,manual,279.95,0.00,true,true,,,,
damskie-sandaly-na-obcasie-z-paskiem-na-eleganckie,,,Czarny,,43,,,,0.0,shopify,continue,manual,279.95,0.00,true,true,,,,
damskie-sandaly-na-obcasie-z-paskiem-na-eleganckie,,,Srebrny,,43,,,,0.0,shopify,continue,manual,279.95,0.00,true,true,,,,
damskie-sandaly-na-obcasie-z-paskiem-na-eleganckie,,,,,,,,,,,,,,,,,,https://cdn.shopify.com/s/files/1/0988/5725/5244/files/Damskie_sanda_y_na_obcasie_z_paskiem_na_eleganckievdfs.png?v=1789392759,1,Damskie sandały na obcasie z paskiem na eleganckie
damskie-sandaly-na-obcasie-z-paskiem-na-eleganckie,,,,,,,,,,,,,,,,,,https://cdn.shopify.com/s/files/1/0988/5725/5244/files/Damskie_sanda_y_na_obcasie_z_paskiem_na_eleganckievds.webp?v=1789392779,2,Damskie sandały na obcasie z paskiem na eleganckie
damskie-sandaly-na-obcasie-z-paskiem-na-eleganckie,,,,,,,,,,,,,,,,,,https://cdn.shopify.com/s/files/1/0988/5725/5244/files/Damskie_sanda_y_na_obcasie_z_paskiem_na_eleganckiedsdw.png?v=1789393031,3,Damskie sandały na obcasie z paskiem na eleganckie
damskie-sandaly-na-obcasie-z-paskiem-na-eleganckie,,,,,,,,,,,,,,,,,,https://cdn.shopify.com/s/files/1/0988/5725/5244/files/Damskie_sanda_y_na_obcasie_z_paskiem_na_eleganckievdf4.webp?v=1789392816,4,Damskie sandały na obcasie z paskiem na eleganckie
damskie-sandaly-na-obcasie-z-paskiem-na-eleganckie,,,,,,,,,,,,,,,,,,https://cdn.shopify.com/s/files/1/0988/5725/5244/files/Damskie_sanda_y_na_obcasie_z_paskiem_na_eleganckievdfs4.png?v=1789392906,5,Damskie sandały na obcasie z paskiem na eleganckie
damskie-sandaly-na-obcasie-z-paskiem-na-eleganckie,,,,,,,,,,,,,,,,,,https://cdn.shopify.com/s/files/1/0988/5725/5244/files/Damskie_sanda_y_na_obcasie_z_paskiem_na_eleganckievdf3.webp?v=1789393015,6,Damskie sandały na obcasie z paskiem na eleganckie
damskie-sandaly-na-obcasie-z-paskiem-na-eleganckie,,,,,,,,,,,,,,,,,,https://cdn.shopify.com/s/files/1/0988/5725/5244/files/Damskie_sanda_y_na_obcasie_z_paskiem_na_eleganckievdf4.png?v=1789392957,7,Damskie sandały na obcasie z paskiem na eleganckie
damskie-sandaly-na-obcasie-z-paskiem-na-eleganckie,,,,,,,,,,,,,,,,,,https://cdn.shopify.com/s/files/1/0988/5725/5244/files/Damskie_sanda_y_na_obcasie_z_paskiem_na_eleganckievds4.webp?v=1789392986,8,Damskie sandały na obcasie z paskiem na eleganckie
damskie-mokasyny-z-ozdobnym-paskiem-na-codzienne-wyjscia,Damskie mokasyny z ozdobnym paskiem na codzienne wyjścia,Kolor,Beżowy,Rozmiar,36,,,,0.0,shopify,continue,manual,229.95,0.00,true,true,https://cdn.shopify.com/s/files/1/0988/5725/5244/files/Damskie_mokasyny_z_ozdobnym_paskiem_na_codzienne_wyj_ciavdfs.png?v=1789392630,,,
damskie-mokasyny-z-ozdobnym-paskiem-na-codzienne-wyjscia,,,Beżowy,,37,,,,0.0,shopify,continue,manual,229.95,0.00,true,true,https://cdn.shopify.com/s/files/1/0988/5725/5244/files/Damskie_mokasyny_z_ozdobnym_paskiem_na_codzienne_wyj_ciavdfs.png?v=1789392630,,,
damskie-mokasyny-z-ozdobnym-paskiem-na-codzienne-wyjscia,,,Beżowy,,38,,,,0.0,shopify,continue,manual,229.95,0.00,true,true,https://cdn.shopify.com/s/files/1/0988/5725/5244/files/Damskie_mokasyny_z_ozdobnym_paskiem_na_codzienne_wyj_ciavdfs.png?v=1789392630,,,
damskie-mokasyny-z-ozdobnym-paskiem-na-codzienne-wyjscia,,,Beżowy,,39,,,,0.0,shopify,continue,manual,229.95,0.00,true,true,https://cdn.shopify.com/s/files/1/0988/5725/5244/files/Damskie_mokasyny_z_ozdobnym_paskiem_na_codzienne_wyj_ciavdfs.png?v=1789392630,,,
damskie-mokasyny-z-ozdobnym-paskiem-na-codzienne-wyjscia,,,Beżowy,,40,,,,0.0,shopify,continue,manual,229.95,0.00,true,true,https://cdn.shopify.com/s/files/1/0988/5725/5244/files/Damskie_mokasyny_z_ozdobnym_paskiem_na_codzienne_wyj_ciavdfs.png?v=1789392630,,,
damskie-mokasyny-z-ozdobnym-paskiem-na-codzienne-wyjscia,,,Beżowy,,41,,,,0.0,shopify,continue,manual,229.95,0.00,true,true,https://cdn.shopify.com/s/files/1/0988/5725/5244/files/Damskie_mokasyny_z_ozdobnym_paskiem_na_codzienne_wyj_ciavdfs.png?v=1789392630,,,
damskie-mokasyny-z-ozdobnym-paskiem-na-codzienne-wyjscia,,,Beżowy,,42,,,,0.0,shopify,continue,manual,229.95,0.00,true,true,https://cdn.shopify.com/s/files/1/0988/5725/5244/files/Damskie_mokasyny_z_ozdobnym_paskiem_na_codzienne_wyj_ciavdfs.png?v=1789392630,,,
damskie-mokasyny-z-ozdobnym-paskiem-na-codzienne-wyjscia,,,Czarny,,36,,,,0.0,shopify,continue,manual,229.95,0.00,true,true,https://cdn.shopify.com/s/files/1/0988/5725/5244/files/Damskie_mokasyny_z_ozdobnym_paskiem_na_codzienne_wyj_ciavdfd.png?v=1789392546,,,
damskie-mokasyny-z-ozdobnym-paskiem-na-codzienne-wyjscia,,,Czarny,,37,,,,0.0,shopify,continue,manual,229.95,0.00,true,true,https://cdn.shopify.com/s/files/1/0988/5725/5244/files/Damskie_mokasyny_z_ozdobnym_paskiem_na_codzienne_wyj_ciavdfd.png?v=1789392546,,,
damskie-mokasyny-z-ozdobnym-paskiem-na-codzienne-wyjscia,,,Czarny,,38,,,,0.0,shopify,continue,manual,229.95,0.00,true,true,https://cdn.shopify.com/s/files/1/0988/5725/5244/files/Damskie_mokasyny_z_ozdobnym_paskiem_na_codzienne_wyj_ciavdfd.png?v=1789392546,,,
damskie-mokasyny-z-ozdobnym-paskiem-na-codzienne-wyjscia,,,Czarny,,39,,,,0.0,shopify,continue,manual,229.95,0.00,true,true,https://cdn.shopify.com/s/files/1/0988/5725/5244/files/Damskie_mokasyny_z_ozdobnym_paskiem_na_codzienne_wyj_ciavdfd.png?v=1789392546,,,
damskie-mokasyny-z-ozdobnym-paskiem-na-codzienne-wyjscia,,,Czarny,,40,,,,0.0,shopify,continue,manual,229.95,0.00,true,true,https://cdn.shopify.com/s/files/1/0988/5725/5244/files/Damskie_mokasyny_z_ozdobnym_paskiem_na_codzienne_wyj_ciavdfd.png?v=1789392546,,,
damskie-mokasyny-z-ozdobnym-paskiem-na-codzienne-wyjscia,,,Czarny,,41,,,,0.0,shopify,continue,manual,229.95,0.00,true,true,https://cdn.shopify.com/s/files/1/0988/5725/5244/files/Damskie_mokasyny_z_ozdobnym_paskiem_na_codzienne_wyj_ciavdfd.png?v=1789392546,,,
damskie-mokasyny-z-ozdobnym-paskiem-na-codzienne-wyjscia,,,Czarny,,42,,,,0.0,shopify,continue,manual,229.95,0.00,true,true,https://cdn.shopify.com/s/files/1/0988/5725/5244/files/Damskie_mokasyny_z_ozdobnym_paskiem_na_codzienne_wyj_ciavdfd.png?v=1789392546,,,
damskie-mokasyny-z-ozdobnym-paskiem-na-codzienne-wyjscia,,,Niebieski,,36,,,,0.0,shopify,continue,manual,229.95,0.00,true,true,https://cdn.shopify.com/s/files/1/0988/5725/5244/files/Damskie_mokasyny_z_ozdobnym_paskiem_na_codzienne_wyj_ciavdfsd.png?v=1789392566,,,
damskie-mokasyny-z-ozdobnym-paskiem-na-codzienne-wyjscia,,,Niebieski,,37,,,,0.0,shopify,continue,manual,229.95,0.00,true,true,https://cdn.shopify.com/s/files/1/0988/5725/5244/files/Damskie_mokasyny_z_ozdobnym_paskiem_na_codzienne_wyj_ciavdfsd.png?v=1789392566,,,
damskie-mokasyny-z-ozdobnym-paskiem-na-codzienne-wyjscia,,,Niebieski,,38,,,,0.0,shopify,continue,manual,229.95,0.00,true,true,https://cdn.shopify.com/s/files/1/0988/5725/5244/files/Damskie_mokasyny_z_ozdobnym_paskiem_na_codzienne_wyj_ciavdfsd.png?v=1789392566,,,
damskie-mokasyny-z-ozdobnym-paskiem-na-codzienne-wyjscia,,,Niebieski,,39,,,,0.0,shopify,continue,manual,229.95,0.00,true,true,https://cdn.shopify.com/s/files/1/0988/5725/5244/files/Damskie_mokasyny_z_ozdobnym_paskiem_na_codzienne_wyj_ciavdfsd.png?v=1789392566,,,
damskie-mokasyny-z-ozdobnym-paskiem-na-codzienne-wyjscia,,,Niebieski,,40,,,,0.0,shopify,continue,manual,229.95,0.00,true,true,https://cdn.shopify.com/s/files/1/0988/5725/5244/files/Damskie_mokasyny_z_ozdobnym_paskiem_na_codzienne_wyj_ciavdfsd.png?v=1789392566,,,
damskie-mokasyny-z-ozdobnym-paskiem-na-codzienne-wyjscia,,,Niebieski,,41,,,,0.0,shopify,continue,manual,229.95,0.00,true,true,https://cdn.shopify.com/s/files/1/0988/5725/5244/files/Damskie_mokasyny_z_ozdobnym_paskiem_na_codzienne_wyj_ciavdfsd.png?v=1789392566,,,
damskie-mokasyny-z-ozdobnym-paskiem-na-codzienne-wyjscia,,,Niebieski,,42,,,,0.0,shopify,continue,manual,229.95,0.00,true,true,https://cdn.shopify.com/s/files/1/0988/5725/5244/files/Damskie_mokasyny_z_ozdobnym_paskiem_na_codzienne_wyj_ciavdfsd.png?v=1789392566,,,
damskie-mokasyny-z-ozdobnym-paskiem-na-codzienne-wyjscia,,,Brązowy,,36,,,,0.0,shopify,continue,manual,229.95,0.00,true,true,https://cdn.shopify.com/s/files/1/0988/5725/5244/files/Damskie_mokasyny_z_ozdobnym_paskiem_na_codzienne_wyj_ciavdsa.png?v=1789392590,,,
damskie-mokasyny-z-ozdobnym-paskiem-na-codzienne-wyjscia,,,Brązowy,,37,,,,0.0,shopify,continue,manual,229.95,0.00,true,true,https://cdn.shopify.com/s/files/1/0988/5725/5244/files/Damskie_mokasyny_z_ozdobnym_paskiem_na_codzienne_wyj_ciavdsa.png?v=1789392590,,,
damskie-mokasyny-z-ozdobnym-paskiem-na-codzienne-wyjscia,,,Brązowy,,38,,,,0.0,shopify,continue,manual,229.95,0.00,true,true,https://cdn.shopify.com/s/files/1/0988/5725/5244/files/Damskie_mokasyny_z_ozdobnym_paskiem_na_codzienne_wyj_ciavdsa.png?v=1789392590,,,
damskie-mokasyny-z-ozdobnym-paskiem-na-codzienne-wyjscia,,,Brązowy,,39,,,,0.0,shopify,continue,manual,229.95,0.00,true,true,https://cdn.shopify.com/s/files/1/0988/5725/5244/files/Damskie_mokasyny_z_ozdobnym_paskiem_na_codzienne_wyj_ciavdsa.png?v=1789392590,,,
damskie-mokasyny-z-ozdobnym-paskiem-na-codzienne-wyjscia,,,Brązowy,,40,,,,0.0,shopify,continue,manual,229.95,0.00,true,true,https://cdn.shopify.com/s/files/1/0988/5725/5244/files/Damskie_mokasyny_z_ozdobnym_paskiem_na_codzienne_wyj_ciavdsa.png?v=1789392590,,,
damskie-mokasyny-z-ozdobnym-paskiem-na-codzienne-wyjscia,,,Brązowy,,41,,,,0.0,shopify,continue,manual,229.95,0.00,true,true,https://cdn.shopify.com/s/files/1/0988/5725/5244/files/Damskie_mokasyny_z_ozdobnym_paskiem_na_codzienne_wyj_ciavdsa.png?v=1789392590,,,
damskie-mokasyny-z-ozdobnym-paskiem-na-codzienne-wyjscia,,,Brązowy,,42,,,,0.0,shopify,continue,manual,229.95,0.00,true,true,https://cdn.shopify.com/s/files/1/0988/5725/5244/files/Damskie_mokasyny_z_ozdobnym_paskiem_na_codzienne_wyj_ciavdsa.png?v=1789392590,,,
damskie-mokasyny-z-ozdobnym-paskiem-na-codzienne-wyjscia,,,Zielony,,36,,,,0.0,shopify,continue,manual,229.95,0.00,true,true,https://cdn.shopify.com/s/files/1/0988/5725/5244/files/Damskie_mokasyny_z_ozdobnym_paskiem_na_codzienne_wyj_ciavds.png?v=1789392603,,,
damskie-mokasyny-z-ozdobnym-paskiem-na-codzienne-wyjscia,,,Zielony,,37,,,,0.0,shopify,continue,manual,229.95,0.00,true,true,https://cdn.shopify.com/s/files/1/0988/5725/5244/files/Damskie_mokasyny_z_ozdobnym_paskiem_na_codzienne_wyj_ciavds.png?v=1789392603,,,
damskie-mokasyny-z-ozdobnym-paskiem-na-codzienne-wyjscia,,,Zielony,,38,,,,0.0,shopify,continue,manual,229.95,0.00,true,true,https://cdn.shopify.com/s/files/1/0988/5725/5244/files/Damskie_mokasyny_z_ozdobnym_paskiem_na_codzienne_wyj_ciavds.png?v=1789392603,,,
damskie-mokasyny-z-ozdobnym-paskiem-na-codzienne-wyjscia,,,Zielony,,39,,,,0.0,shopify,continue,manual,229.95,0.00,true,true,https://cdn.shopify.com/s/files/1/0988/5725/5244/files/Damskie_mokasyny_z_ozdobnym_paskiem_na_codzienne_wyj_ciavds.png?v=1789392603,,,
damskie-mokasyny-z-ozdobnym-paskiem-na-codzienne-wyjscia,,,Zielony,,40,,,,0.0,shopify,continue,manual,229.95,0.00,true,true,https://cdn.shopify.com/s/files/1/0988/5725/5244/files/Damskie_mokasyny_z_ozdobnym_paskiem_na_codzienne_wyj_ciavds.png?v=1789392603,,,
damskie-mokasyny-z-ozdobnym-paskiem-na-codzienne-wyjscia,,,Zielony,,41,,,,0.0,shopify,continue,manual,229.95,0.00,true,true,https://cdn.shopify.com/s/files/1/0988/5725/5244/files/Damskie_mokasyny_z_ozdobnym_paskiem_na_codzienne_wyj_ciavds.png?v=1789392603,,,
damskie-mokasyny-z-ozdobnym-paskiem-na-codzienne-wyjscia,,,Zielony,,42,,,,0.0,shopify,continue,manual,229.95,0.00,true,true,https://cdn.shopify.com/s/files/1/0988/5725/5244/files/Damskie_mokasyny_z_ozdobnym_paskiem_na_codzienne_wyj_ciavds.png?v=1789392603,,,
damskie-mokasyny-z-ozdobnym-paskiem-na-codzienne-wyjscia,,,Beżowy,,43,,,,0.0,shopify,continue,manual,229.95,0.00,true,true,,,,
damskie-mokasyny-z-ozdobnym-paskiem-na-codzienne-wyjscia,,,Czarny,,43,,,,0.0,shopify,continue,manual,229.95,0.00,true,true,,,,
damskie-mokasyny-z-ozdobnym-paskiem-na-codzienne-wyjscia,,,Niebieski,,43,,,,0.0,shopify,continue,manual,229.95,0.00,true,true,,,,
damskie-mokasyny-z-ozdobnym-paskiem-na-codzienne-wyjscia,,,Brązowy,,43,,,,0.0,shopify,continue,manual,229.95,0.00,true,true,,,,
damskie-mokasyny-z-ozdobnym-paskiem-na-codzienne-wyjscia,,,Zielony,,43,,,,0.0,shopify,continue,manual,229.95,0.00,true,true,,,,
damskie-mokasyny-z-ozdobnym-paskiem-na-codzienne-wyjscia,,,,,,,,,,,,,,,,,,https://cdn.shopify.com/s/files/1/0988/5725/5244/files/Damskie_mokasyny_z_ozdobnym_paskiem_na_codzienne_wyj_ciavdfs.png?v=1789392630,1,Damskie mokasyny z ozdobnym paskiem na codzienne wyjścia
damskie-mokasyny-z-ozdobnym-paskiem-na-codzienne-wyjscia,,,,,,,,,,,,,,,,,,https://cdn.shopify.com/s/files/1/0988/5725/5244/files/Damskie_mokasyny_z_ozdobnym_paskiem_na_codzienne_wyj_ciavdfd.png?v=1789392546,2,Damskie mokasyny z ozdobnym paskiem na codzienne wyjścia
damskie-mokasyny-z-ozdobnym-paskiem-na-codzienne-wyjscia,,,,,,,,,,,,,,,,,,https://cdn.shopify.com/s/files/1/0988/5725/5244/files/Damskie_mokasyny_z_ozdobnym_paskiem_na_codzienne_wyj_ciavdfsd.png?v=1789392566,3,Damskie mokasyny z ozdobnym paskiem na codzienne wyjścia
damskie-mokasyny-z-ozdobnym-paskiem-na-codzienne-wyjscia,,,,,,,,,,,,,,,,,,https://cdn.shopify.com/s/files/1/0988/5725/5244/files/Damskie_mokasyny_z_ozdobnym_paskiem_na_codzienne_wyj_ciavdsa.png?v=1789392590,4,Damskie mokasyny z ozdobnym paskiem na codzienne wyjścia
damskie-mokasyny-z-ozdobnym-paskiem-na-codzienne-wyjscia,,,,,,,,,,,,,,,,,,https://cdn.shopify.com/s/files/1/0988/5725/5244/files/Damskie_mokasyny_z_ozdobnym_paskiem_na_codzienne_wyj_ciavds.png?v=1789392603,5,Damskie mokasyny z ozdobnym paskiem na codzienne wyjścia
damskie-mokasyny-na-co-dzien-do-eleganckich-zestawow,Damskie mokasyny na co dzień do eleganckich zestawów,Kolor,Brązowy,Rozmiar,36,,,,0.0,shopify,continue,manual,309.95,443.00,true,true,https://cdn.shopify.com/s/files/1/0988/5725/5244/files/Damskie_mokasyny_na_co_dzie_do_eleganckich_zestaw_wVG.png?v=1789381073,,,
damskie-mokasyny-na-co-dzien-do-eleganckich-zestawow,,,Brązowy,,37,,,,0.0,shopify,continue,manual,309.95,443.00,true,true,https://cdn.shopify.com/s/files/1/0988/5725/5244/files/Damskie_mokasyny_na_co_dzie_do_eleganckich_zestaw_wVG.png?v=1789381073,,,
damskie-mokasyny-na-co-dzien-do-eleganckich-zestawow,,,Brązowy,,38,,,,0.0,shopify,continue,manual,309.95,443.00,true,true,https://cdn.shopify.com/s/files/1/0988/5725/5244/files/Damskie_mokasyny_na_co_dzie_do_eleganckich_zestaw_wVG.png?v=1789381073,,,
damskie-mokasyny-na-co-dzien-do-eleganckich-zestawow,,,Brązowy,,39,,,,0.0,shopify,continue,manual,309.95,443.00,true,true,https://cdn.shopify.com/s/files/1/0988/5725/5244/files/Damskie_mokasyny_na_co_dzie_do_eleganckich_zestaw_wVG.png?v=1789381073,,,
damskie-mokasyny-na-co-dzien-do-eleganckich-zestawow,,,Brązowy,,40,,,,0.0,shopify,continue,manual,309.95,443.00,true,true,https://cdn.shopify.com/s/files/1/0988/5725/5244/files/Damskie_mokasyny_na_co_dzie_do_eleganckich_zestaw_wVG.png?v=1789381073,,,
damskie-mokasyny-na-co-dzien-do-eleganckich-zestawow,,,Brązowy,,41,,,,0.0,shopify,continue,manual,309.95,443.00,true,true,https://cdn.shopify.com/s/files/1/0988/5725/5244/files/Damskie_mokasyny_na_co_dzie_do_eleganckich_zestaw_wVG.png?v=1789381073,,,
damskie-mokasyny-na-co-dzien-do-eleganckich-zestawow,,,Brązowy,,42,,,,0.0,shopify,continue,manual,309.95,443.00,true,true,https://cdn.shopify.com/s/files/1/0988/5725/5244/files/Damskie_mokasyny_na_co_dzie_do_eleganckich_zestaw_wVG.png?v=1789381073,,,
damskie-mokasyny-na-co-dzien-do-eleganckich-zestawow,,,Czarny,,36,,,,0.0,shopify,continue,manual,309.95,443.00,true,true,https://cdn.shopify.com/s/files/1/0988/5725/5244/files/Damskie_mokasyny_na_co_dzie_do_eleganckich_zestaw_wNJ.png?v=1789381081,,,
damskie-mokasyny-na-co-dzien-do-eleganckich-zestawow,,,Czarny,,37,,,,0.0,shopify,continue,manual,309.95,443.00,true,true,https://cdn.shopify.com/s/files/1/0988/5725/5244/files/Damskie_mokasyny_na_co_dzie_do_eleganckich_zestaw_wNJ.png?v=1789381081,,,
damskie-mokasyny-na-co-dzien-do-eleganckich-zestawow,,,Czarny,,38,,,,0.0,shopify,continue,manual,309.95,443.00,true,true,https://cdn.shopify.com/s/files/1/0988/5725/5244/files/Damskie_mokasyny_na_co_dzie_do_eleganckich_zestaw_wNJ.png?v=1789381081,,,
damskie-mokasyny-na-co-dzien-do-eleganckich-zestawow,,,Czarny,,39,,,,0.0,shopify,continue,manual,309.95,443.00,true,true,https://cdn.shopify.com/s/files/1/0988/5725/5244/files/Damskie_mokasyny_na_co_dzie_do_eleganckich_zestaw_wNJ.png?v=1789381081,,,
damskie-mokasyny-na-co-dzien-do-eleganckich-zestawow,,,Czarny,,40,,,,0.0,shopify,continue,manual,309.95,443.00,true,true,https://cdn.shopify.com/s/files/1/0988/5725/5244/files/Damskie_mokasyny_na_co_dzie_do_eleganckich_zestaw_wNJ.png?v=1789381081,,,
damskie-mokasyny-na-co-dzien-do-eleganckich-zestawow,,,Czarny,,41,,,,0.0,shopify,continue,manual,309.95,443.00,true,true,https://cdn.shopify.com/s/files/1/0988/5725/5244/files/Damskie_mokasyny_na_co_dzie_do_eleganckich_zestaw_wNJ.png?v=1789381081,,,
damskie-mokasyny-na-co-dzien-do-eleganckich-zestawow,,,Czarny,,42,,,,0.0,shopify,continue,manual,309.95,443.00,true,true,https://cdn.shopify.com/s/files/1/0988/5725/5244/files/Damskie_mokasyny_na_co_dzie_do_eleganckich_zestaw_wNJ.png?v=1789381081,,,
damskie-mokasyny-na-co-dzien-do-eleganckich-zestawow,,,Szary,,36,,,,0.0,shopify,continue,manual,309.95,443.00,true,true,https://cdn.shopify.com/s/files/1/0988/5725/5244/files/Damskie_mokasyny_na_co_dzie_do_eleganckich_zestaw_wGF.png?v=1789381089,,,
damskie-mokasyny-na-co-dzien-do-eleganckich-zestawow,,,Szary,,37,,,,0.0,shopify,continue,manual,309.95,443.00,true,true,https://cdn.shopify.com/s/files/1/0988/5725/5244/files/Damskie_mokasyny_na_co_dzie_do_eleganckich_zestaw_wGF.png?v=1789381089,,,
damskie-mokasyny-na-co-dzien-do-eleganckich-zestawow,,,Szary,,38,,,,0.0,shopify,continue,manual,309.95,443.00,true,true,https://cdn.shopify.com/s/files/1/0988/5725/5244/files/Damskie_mokasyny_na_co_dzie_do_eleganckich_zestaw_wGF.png?v=1789381089,,,
damskie-mokasyny-na-co-dzien-do-eleganckich-zestawow,,,Szary,,39,,,,0.0,shopify,continue,manual,309.95,443.00,true,true,https://cdn.shopify.com/s/files/1/0988/5725/5244/files/Damskie_mokasyny_na_co_dzie_do_eleganckich_zestaw_wGF.png?v=1789381089,,,
damskie-mokasyny-na-co-dzien-do-eleganckich-zestawow,,,Szary,,40,,,,0.0,shopify,continue,manual,309.95,443.00,true,true,https://cdn.shopify.com/s/files/1/0988/5725/5244/files/Damskie_mokasyny_na_co_dzie_do_eleganckich_zestaw_wGF.png?v=1789381089,,,
damskie-mokasyny-na-co-dzien-do-eleganckich-zestawow,,,Szary,,41,,,,0.0,shopify,continue,manual,309.95,443.00,true,true,https://cdn.shopify.com/s/files/1/0988/5725/5244/files/Damskie_mokasyny_na_co_dzie_do_eleganckich_zestaw_wGF.png?v=1789381089,,,
damskie-mokasyny-na-co-dzien-do-eleganckich-zestawow,,,Szary,,42,,,,0.0,shopify,continue,manual,309.95,443.00,true,true,https://cdn.shopify.com/s/files/1/0988/5725/5244/files/Damskie_mokasyny_na_co_dzie_do_eleganckich_zestaw_wGF.png?v=1789381089,,,
damskie-mokasyny-na-co-dzien-do-eleganckich-zestawow,,,Zwierzęcy,,36,,,,0.0,shopify,continue,manual,309.95,443.00,true,true,https://cdn.shopify.com/s/files/1/0988/5725/5244/files/Damskie_mokasyny_na_co_dzie_do_eleganckich_zestaw_wDU.png?v=1789381098,,,
damskie-mokasyny-na-co-dzien-do-eleganckich-zestawow,,,Zwierzęcy,,37,,,,0.0,shopify,continue,manual,309.95,443.00,true,true,https://cdn.shopify.com/s/files/1/0988/5725/5244/files/Damskie_mokasyny_na_co_dzie_do_eleganckich_zestaw_wDU.png?v=1789381098,,,
damskie-mokasyny-na-co-dzien-do-eleganckich-zestawow,,,Zwierzęcy,,38,,,,0.0,shopify,continue,manual,309.95,443.00,true,true,https://cdn.shopify.com/s/files/1/0988/5725/5244/files/Damskie_mokasyny_na_co_dzie_do_eleganckich_zestaw_wDU.png?v=1789381098,,,
damskie-mokasyny-na-co-dzien-do-eleganckich-zestawow,,,Zwierzęcy,,39,,,,0.0,shopify,continue,manual,309.95,443.00,true,true,https://cdn.shopify.com/s/files/1/0988/5725/5244/files/Damskie_mokasyny_na_co_dzie_do_eleganckich_zestaw_wDU.png?v=1789381098,,,
damskie-mokasyny-na-co-dzien-do-eleganckich-zestawow,,,Zwierzęcy,,40,,,,0.0,shopify,continue,manual,309.95,443.00,true,true,https://cdn.shopify.com/s/files/1/0988/5725/5244/files/Damskie_mokasyny_na_co_dzie_do_eleganckich_zestaw_wDU.png?v=1789381098,,,
damskie-mokasyny-na-co-dzien-do-eleganckich-zestawow,,,Zwierzęcy,,41,,,,0.0,shopify,continue,manual,309.95,443.00,true,true,https://cdn.shopify.com/s/files/1/0988/5725/5244/files/Damskie_mokasyny_na_co_dzie_do_eleganckich_zestaw_wDU.png?v=1789381098,,,
damskie-mokasyny-na-co-dzien-do-eleganckich-zestawow,,,Zwierzęcy,,42,,,,0.0,shopify,continue,manual,309.95,443.00,true,true,https://cdn.shopify.com/s/files/1/0988/5725/5244/files/Damskie_mokasyny_na_co_dzie_do_eleganckich_zestaw_wDU.png?v=1789381098,,,
damskie-mokasyny-na-co-dzien-do-eleganckich-zestawow,,,Brązowy,,43,,,,0.0,shopify,continue,manual,309.95,443.00,true,true,,,,
damskie-mokasyny-na-co-dzien-do-eleganckich-zestawow,,,Czarny,,43,,,,0.0,shopify,continue,manual,309.95,443.00,true,true,,,,
damskie-mokasyny-na-co-dzien-do-eleganckich-zestawow,,,Szary,,43,,,,0.0,shopify,continue,manual,309.95,443.00,true,true,,,,
damskie-mokasyny-na-co-dzien-do-eleganckich-zestawow,,,Zwierzęcy,,43,,,,0.0,shopify,continue,manual,309.95,443.00,true,true,,,,
damskie-mokasyny-na-co-dzien-do-eleganckich-zestawow,,,,,,,,,,,,,,,,,,https://cdn.shopify.com/s/files/1/0988/5725/5244/files/Damskie_mokasyny_na_co_dzie_do_eleganckich_zestaw_wVG.png?v=1789381073,1,Damskie mokasyny na co dzień do eleganckich zestawów
damskie-mokasyny-na-co-dzien-do-eleganckich-zestawow,,,,,,,,,,,,,,,,,,https://cdn.shopify.com/s/files/1/0988/5725/5244/files/Damskie_mokasyny_na_co_dzie_do_eleganckich_zestaw_wNJ.png?v=1789381081,2,Damskie mokasyny na co dzień do eleganckich zestawów
damskie-mokasyny-na-co-dzien-do-eleganckich-zestawow,,,,,,,,,,,,,,,,,,https://cdn.shopify.com/s/files/1/0988/5725/5244/files/Damskie_mokasyny_na_co_dzie_do_eleganckich_zestaw_wGF.png?v=1789381089,3,Damskie mokasyny na co dzień do eleganckich zestawów
damskie-mokasyny-na-co-dzien-do-eleganckich-zestawow,,,,,,,,,,,,,,,,,,https://cdn.shopify.com/s/files/1/0988/5725/5244/files/Damskie_mokasyny_na_co_dzie_do_eleganckich_zestaw_wDU.png?v=1789381098,4,Damskie mokasyny na co dzień do eleganckich zestawów
damskie-mokasyny-na-co-dzien-do-eleganckich-zestawow,,,,,,,,,,,,,,,,,,https://cdn.shopify.com/s/files/1/0988/5725/5244/files/Damskie_mokasyny_na_co_dzie_do_eleganckich_zestaw_wNBH.png?v=1789381106,5,Damskie mokasyny na co dzień do eleganckich zestawów
damskie-mokasyny-na-co-dzien-do-eleganckich-zestawow,,,,,,,,,,,,,,,,,,https://cdn.shopify.com/s/files/1/0988/5725/5244/files/Damskie_mokasyny_na_co_dzie_do_eleganckich_zestaw_wEU.png?v=1789381114,6,Damskie mokasyny na co dzień do eleganckich zestawów
damskie-sandaly-na-obcasie-na-eleganckie-letnie-okazje,Damskie sandały na obcasie na eleganckie letnie okazjea,Kolor,Różowy,Rozmiar,36,,,,0.0,shopify,continue,manual,174.95,250.00,true,true,https://cdn.shopify.com/s/files/1/0988/5725/5244/files/Damskie_sanda_y_na_obcasie_na_eleganckie_letnie_okazjeVF.png?v=1789381013,,,
damskie-sandaly-na-obcasie-na-eleganckie-letnie-okazje,,,Różowy,,37,,,,0.0,shopify,continue,manual,174.95,250.00,true,true,https://cdn.shopify.com/s/files/1/0988/5725/5244/files/Damskie_sanda_y_na_obcasie_na_eleganckie_letnie_okazjeVF.png?v=1789381013,,,
damskie-sandaly-na-obcasie-na-eleganckie-letnie-okazje,,,Różowy,,38,,,,0.0,shopify,continue,manual,174.95,250.00,true,true,https://cdn.shopify.com/s/files/1/0988/5725/5244/files/Damskie_sanda_y_na_obcasie_na_eleganckie_letnie_okazjeVF.png?v=1789381013,,,
damskie-sandaly-na-obcasie-na-eleganckie-letnie-okazje,,,Różowy,,39,,,,0.0,shopify,continue,manual,174.95,250.00,true,true,https://cdn.shopify.com/s/files/1/0988/5725/5244/files/Damskie_sanda_y_na_obcasie_na_eleganckie_letnie_okazjeVF.png?v=1789381013,,,
damskie-sandaly-na-obcasie-na-eleganckie-letnie-okazje,,,Różowy,,40,,,,0.0,shopify,continue,manual,174.95,250.00,true,true,https://cdn.shopify.com/s/files/1/0988/5725/5244/files/Damskie_sanda_y_na_obcasie_na_eleganckie_letnie_okazjeVF.png?v=1789381013,,,
damskie-sandaly-na-obcasie-na-eleganckie-letnie-okazje,,,Różowy,,41,,,,0.0,shopify,continue,manual,174.95,250.00,true,true,https://cdn.shopify.com/s/files/1/0988/5725/5244/files/Damskie_sanda_y_na_obcasie_na_eleganckie_letnie_okazjeVF.png?v=1789381013,,,
damskie-sandaly-na-obcasie-na-eleganckie-letnie-okazje,,,Różowy,,42,,,,0.0,shopify,continue,manual,174.95,250.00,true,true,https://cdn.shopify.com/s/files/1/0988/5725/5244/files/Damskie_sanda_y_na_obcasie_na_eleganckie_letnie_okazjeVF.png?v=1789381013,,,
damskie-sandaly-na-obcasie-na-eleganckie-letnie-okazje,,,Czarny,,36,,,,0.0,shopify,continue,manual,174.95,250.00,true,true,https://cdn.shopify.com/s/files/1/0988/5725/5244/files/Damskie_sanda_y_na_obcasie_na_eleganckie_letnie_okazjeMJ.png?v=1789381021,,,
damskie-sandaly-na-obcasie-na-eleganckie-letnie-okazje,,,Czarny,,37,,,,0.0,shopify,continue,manual,174.95,250.00,true,true,https://cdn.shopify.com/s/files/1/0988/5725/5244/files/Damskie_sanda_y_na_obcasie_na_eleganckie_letnie_okazjeMJ.png?v=1789381021,,,
damskie-sandaly-na-obcasie-na-eleganckie-letnie-okazje,,,Czarny,,38,,,,0.0,shopify,continue,manual,174.95,250.00,true,true,https://cdn.shopify.com/s/files/1/0988/5725/5244/files/Damskie_sanda_y_na_obcasie_na_eleganckie_letnie_okazjeMJ.png?v=1789381021,,,
damskie-sandaly-na-obcasie-na-eleganckie-letnie-okazje,,,Czarny,,39,,,,0.0,shopify,continue,manual,174.95,250.00,true,true,https://cdn.shopify.com/s/files/1/0988/5725/5244/files/Damskie_sanda_y_na_obcasie_na_eleganckie_letnie_okazjeMJ.png?v=1789381021,,,
damskie-sandaly-na-obcasie-na-eleganckie-letnie-okazje,,,Czarny,,40,,,,0.0,shopify,continue,manual,174.95,250.00,true,true,https://cdn.shopify.com/s/files/1/0988/5725/5244/files/Damskie_sanda_y_na_obcasie_na_eleganckie_letnie_okazjeMJ.png?v=1789381021,,,
damskie-sandaly-na-obcasie-na-eleganckie-letnie-okazje,,,Czarny,,41,,,,0.0,shopify,continue,manual,174.95,250.00,true,true,https://cdn.shopify.com/s/files/1/0988/5725/5244/files/Damskie_sanda_y_na_obcasie_na_eleganckie_letnie_okazjeMJ.png?v=1789381021,,,
damskie-sandaly-na-obcasie-na-eleganckie-letnie-okazje,,,Czarny,,42,,,,0.0,shopify,continue,manual,174.95,250.00,true,true,https://cdn.shopify.com/s/files/1/0988/5725/5244/files/Damskie_sanda_y_na_obcasie_na_eleganckie_letnie_okazjeMJ.png?v=1789381021,,,
damskie-sandaly-na-obcasie-na-eleganckie-letnie-okazje,,,Różowy,,43,,,,0.0,shopify,continue,manual,174.95,250.00,true,true,,,,
damskie-sandaly-na-obcasie-na-eleganckie-letnie-okazje,,,Czarny,,43,,,,0.0,shopify,continue,manual,174.95,250.00,true,true,,,,
damskie-sandaly-na-obcasie-na-eleganckie-letnie-okazje,,,,,,,,,,,,,,,,,,https://cdn.shopify.com/s/files/1/0988/5725/5244/files/Damskie_sanda_y_na_obcasie_na_eleganckie_letnie_okazjeVF.png?v=1789381013,1,Damskie sandały na obcasie na eleganckie letnie okazje
damskie-sandaly-na-obcasie-na-eleganckie-letnie-okazje,,,,,,,,,,,,,,,,,,https://cdn.shopify.com/s/files/1/0988/5725/5244/files/Damskie_sanda_y_na_obcasie_na_eleganckie_letnie_okazjeMJ.png?v=1789381021,2,Damskie sandały na obcasie na eleganckie letnie okazje
damskie-sandaly-na-obcasie-na-eleganckie-letnie-okazje,,,,,,,,,,,,,,,,,,https://cdn.shopify.com/s/files/1/0988/5725/5244/files/Damskie_sanda_y_na_obcasie_na_eleganckie_letnie_okazjeMKG.png?v=1789381031,3,Damskie sandały na obcasie na eleganckie letnie okazje
damskie-sandaly-na-obcasie-na-eleganckie-letnie-okazje,,,,,,,,,,,,,,,,,,https://cdn.shopify.com/s/files/1/0988/5725/5244/files/Damskie_sanda_y_na_obcasie_na_eleganckie_letnie_okazjeCF.png?v=1789381039,4,Damskie sandały na obcasie na eleganckie letnie okazje
damskie-sandaly-na-obcasie-na-eleganckie-letnie-okazje,,,,,,,,,,,,,,,,,,https://cdn.shopify.com/s/files/1/0988/5725/5244/files/Damskie_sanda_y_na_obcasie_na_eleganckie_letnie_okazjeVY.png?v=1789381052,5,Damskie sandały na obcasie na eleganckie letnie okazje
damskie-sandaly-na-obcasie-na-eleganckie-letnie-okazje,,,,,,,,,,,,,,,,,,https://cdn.shopify.com/s/files/1/0988/5725/5244/files/Damskie_sanda_y_na_obcasie_na_eleganckie_letnie_okazjeR.png?v=1789381062,6,Damskie sandały na obcasie na eleganckie letnie okazje
damskie-sneakersy-na-codzienne-spacery-i-wiosenne-wyjscia,Damskie sneakersy na codzienne spacery i wiosenne wyjścia,Kolor,Beżowy,Rozmiar,36,,,,0.0,shopify,continue,manual,254.95,364.00,true,true,https://cdn.shopify.com/s/files/1/0988/5725/5244/files/Damskie_sneakersy_na_codzienne_spacery_i_wiosenne_wyj_ciaBG.png?v=1789380949,,,
damskie-sneakersy-na-codzienne-spacery-i-wiosenne-wyjscia,,,Beżowy,,37,,,,0.0,shopify,continue,manual,254.95,364.00,true,true,https://cdn.shopify.com/s/files/1/0988/5725/5244/files/Damskie_sneakersy_na_codzienne_spacery_i_wiosenne_wyj_ciaBG.png?v=1789380949,,,
damskie-sneakersy-na-codzienne-spacery-i-wiosenne-wyjscia,,,Beżowy,,38,,,,0.0,shopify,continue,manual,254.95,364.00,true,true,https://cdn.shopify.com/s/files/1/0988/5725/5244/files/Damskie_sneakersy_na_codzienne_spacery_i_wiosenne_wyj_ciaBG.png?v=1789380949,,,
damskie-sneakersy-na-codzienne-spacery-i-wiosenne-wyjscia,,,Beżowy,,39,,,,0.0,shopify,continue,manual,254.95,364.00,true,true,https://cdn.shopify.com/s/files/1/0988/5725/5244/files/Damskie_sneakersy_na_codzienne_spacery_i_wiosenne_wyj_ciaBG.png?v=1789380949,,,
damskie-sneakersy-na-codzienne-spacery-i-wiosenne-wyjscia,,,Beżowy,,40,,,,0.0,shopify,continue,manual,254.95,364.00,true,true,https://cdn.shopify.com/s/files/1/0988/5725/5244/files/Damskie_sneakersy_na_codzienne_spacery_i_wiosenne_wyj_ciaBG.png?v=1789380949,,,
damskie-sneakersy-na-codzienne-spacery-i-wiosenne-wyjscia,,,Beżowy,,41,,,,0.0,shopify,continue,manual,254.95,364.00,true,true,https://cdn.shopify.com/s/files/1/0988/5725/5244/files/Damskie_sneakersy_na_codzienne_spacery_i_wiosenne_wyj_ciaBG.png?v=1789380949,,,
damskie-sneakersy-na-codzienne-spacery-i-wiosenne-wyjscia,,,Beżowy,,42,,,,0.0,shopify,continue,manual,254.95,364.00,true,true,https://cdn.shopify.com/s/files/1/0988/5725/5244/files/Damskie_sneakersy_na_codzienne_spacery_i_wiosenne_wyj_ciaBG.png?v=1789380949,,,
damskie-sneakersy-na-codzienne-spacery-i-wiosenne-wyjscia,,,Biały,,36,,,,0.0,shopify,continue,manual,254.95,364.00,true,true,https://cdn.shopify.com/s/files/1/0988/5725/5244/files/Damskie_sneakersy_na_codzienne_spacery_i_wiosenne_wyj_ciaBH.png?v=1789380958,,,
damskie-sneakersy-na-codzienne-spacery-i-wiosenne-wyjscia,,,Biały,,37,,,,0.0,shopify,continue,manual,254.95,364.00,true,true,https://cdn.shopify.com/s/files/1/0988/5725/5244/files/Damskie_sneakersy_na_codzienne_spacery_i_wiosenne_wyj_ciaBH.png?v=1789380958,,,
damskie-sneakersy-na-codzienne-spacery-i-wiosenne-wyjscia,,,Biały,,38,,,,0.0,shopify,continue,manual,254.95,364.00,true,true,https://cdn.shopify.com/s/files/1/0988/5725/5244/files/Damskie_sneakersy_na_codzienne_spacery_i_wiosenne_wyj_ciaBH.png?v=1789380958,,,
damskie-sneakersy-na-codzienne-spacery-i-wiosenne-wyjscia,,,Biały,,39,,,,0.0,shopify,continue,manual,254.95,364.00,true,true,https://cdn.shopify.com/s/files/1/0988/5725/5244/files/Damskie_sneakersy_na_codzienne_spacery_i_wiosenne_wyj_ciaBH.png?v=1789380958,,,
damskie-sneakersy-na-codzienne-spacery-i-wiosenne-wyjscia,,,Biały,,40,,,,0.0,shopify,continue,manual,254.95,364.00,true,true,https://cdn.shopify.com/s/files/1/0988/5725/5244/files/Damskie_sneakersy_na_codzienne_spacery_i_wiosenne_wyj_ciaBH.png?v=1789380958,,,
damskie-sneakersy-na-codzienne-spacery-i-wiosenne-wyjscia,,,Biały,,41,,,,0.0,shopify,continue,manual,254.95,364.00,true,true,https://cdn.shopify.com/s/files/1/0988/5725/5244/files/Damskie_sneakersy_na_codzienne_spacery_i_wiosenne_wyj_ciaBH.png?v=1789380958,,,
damskie-sneakersy-na-codzienne-spacery-i-wiosenne-wyjscia,,,Biały,,42,,,,0.0,shopify,continue,manual,254.95,364.00,true,true,https://cdn.shopify.com/s/files/1/0988/5725/5244/files/Damskie_sneakersy_na_codzienne_spacery_i_wiosenne_wyj_ciaBH.png?v=1789380958,,,
damskie-sneakersy-na-codzienne-spacery-i-wiosenne-wyjscia,,,Różowy,,36,,,,0.0,shopify,continue,manual,254.95,364.00,true,true,https://cdn.shopify.com/s/files/1/0988/5725/5244/files/Damskie_sneakersy_na_codzienne_spacery_i_wiosenne_wyj_ciaZQ.png?v=1789380968,,,
damskie-sneakersy-na-codzienne-spacery-i-wiosenne-wyjscia,,,Różowy,,37,,,,0.0,shopify,continue,manual,254.95,364.00,true,true,https://cdn.shopify.com/s/files/1/0988/5725/5244/files/Damskie_sneakersy_na_codzienne_spacery_i_wiosenne_wyj_ciaZQ.png?v=1789380968,,,
damskie-sneakersy-na-codzienne-spacery-i-wiosenne-wyjscia,,,Różowy,,38,,,,0.0,shopify,continue,manual,254.95,364.00,true,true,https://cdn.shopify.com/s/files/1/0988/5725/5244/files/Damskie_sneakersy_na_codzienne_spacery_i_wiosenne_wyj_ciaZQ.png?v=1789380968,,,
damskie-sneakersy-na-codzienne-spacery-i-wiosenne-wyjscia,,,Różowy,,39,,,,0.0,shopify,continue,manual,254.95,364.00,true,true,https://cdn.shopify.com/s/files/1/0988/5725/5244/files/Damskie_sneakersy_na_codzienne_spacery_i_wiosenne_wyj_ciaZQ.png?v=1789380968,,,
damskie-sneakersy-na-codzienne-spacery-i-wiosenne-wyjscia,,,Różowy,,40,,,,0.0,shopify,continue,manual,254.95,364.00,true,true,https://cdn.shopify.com/s/files/1/0988/5725/5244/files/Damskie_sneakersy_na_codzienne_spacery_i_wiosenne_wyj_ciaZQ.png?v=1789380968,,,
damskie-sneakersy-na-codzienne-spacery-i-wiosenne-wyjscia,,,Różowy,,41,,,,0.0,shopify,continue,manual,254.95,364.00,true,true,https://cdn.shopify.com/s/files/1/0988/5725/5244/files/Damskie_sneakersy_na_codzienne_spacery_i_wiosenne_wyj_ciaZQ.png?v=1789380968,,,
damskie-sneakersy-na-codzienne-spacery-i-wiosenne-wyjscia,,,Różowy,,42,,,,0.0,shopify,continue,manual,254.95,364.00,true,true,https://cdn.shopify.com/s/files/1/0988/5725/5244/files/Damskie_sneakersy_na_codzienne_spacery_i_wiosenne_wyj_ciaZQ.png?v=1789380968,,,
damskie-sneakersy-na-codzienne-spacery-i-wiosenne-wyjscia,,,Szary,,36,,,,0.0,shopify,continue,manual,254.95,364.00,true,true,https://cdn.shopify.com/s/files/1/0988/5725/5244/files/Damskie_sneakers4y_na_codzienne_spacery_i_wiosenne_wyj_ciaBG.png?v=1789380979,,,
damskie-sneakersy-na-codzienne-spacery-i-wiosenne-wyjscia,,,Szary,,37,,,,0.0,shopify,continue,manual,254.95,364.00,true,true,https://cdn.shopify.com/s/files/1/0988/5725/5244/files/Damskie_sneakers4y_na_codzienne_spacery_i_wiosenne_wyj_ciaBG.png?v=1789380979,,,
damskie-sneakersy-na-codzienne-spacery-i-wiosenne-wyjscia,,,Szary,,38,,,,0.0,shopify,continue,manual,254.95,364.00,true,true,https://cdn.shopify.com/s/files/1/0988/5725/5244/files/Damskie_sneakers4y_na_codzienne_spacery_i_wiosenne_wyj_ciaBG.png?v=1789380979,,,
damskie-sneakersy-na-codzienne-spacery-i-wiosenne-wyjscia,,,Szary,,39,,,,0.0,shopify,continue,manual,254.95,364.00,true,true,https://cdn.shopify.com/s/files/1/0988/5725/5244/files/Damskie_sneakers4y_na_codzienne_spacery_i_wiosenne_wyj_ciaBG.png?v=1789380979,,,
damskie-sneakersy-na-codzienne-spacery-i-wiosenne-wyjscia,,,Szary,,40,,,,0.0,shopify,continue,manual,254.95,364.00,true,true,https://cdn.shopify.com/s/files/1/0988/5725/5244/files/Damskie_sneakers4y_na_codzienne_spacery_i_wiosenne_wyj_ciaBG.png?v=1789380979,,,
damskie-sneakersy-na-codzienne-spacery-i-wiosenne-wyjscia,,,Szary,,41,,,,0.0,shopify,continue,manual,254.95,364.00,true,true,https://cdn.shopify.com/s/files/1/0988/5725/5244/files/Damskie_sneakers4y_na_codzienne_spacery_i_wiosenne_wyj_ciaBG.png?v=1789380979,,,
damskie-sneakersy-na-codzienne-spacery-i-wiosenne-wyjscia,,,Szary,,42,,,,0.0,shopify,continue,manual,254.95,364.00,true,true,https://cdn.shopify.com/s/files/1/0988/5725/5244/files/Damskie_sneakers4y_na_codzienne_spacery_i_wiosenne_wyj_ciaBG.png?v=1789380979,,,
damskie-sneakersy-na-codzienne-spacery-i-wiosenne-wyjscia,,,Złoty,,36,,,,0.0,shopify,continue,manual,254.95,364.00,true,true,https://cdn.shopify.com/s/files/1/0988/5725/5244/files/Damskie_sneakersy_na_codzienne_spacery_i_wiosenne_wyj_ciaVN.png?v=1789380990,,,
damskie-sneakersy-na-codzienne-spacery-i-wiosenne-wyjscia,,,Złoty,,37,,,,0.0,shopify,continue,manual,254.95,364.00,true,true,https://cdn.shopify.com/s/files/1/0988/5725/5244/files/Damskie_sneakersy_na_codzienne_spacery_i_wiosenne_wyj_ciaVN.png?v=1789380990,,,
damskie-sneakersy-na-codzienne-spacery-i-wiosenne-wyjscia,,,Złoty,,38,,,,0.0,shopify,continue,manual,254.95,364.00,true,true,https://cdn.shopify.com/s/files/1/0988/5725/5244/files/Damskie_sneakersy_na_codzienne_spacery_i_wiosenne_wyj_ciaVN.png?v=1789380990,,,
damskie-sneakersy-na-codzienne-spacery-i-wiosenne-wyjscia,,,Złoty,,39,,,,0.0,shopify,continue,manual,254.95,364.00,true,true,https://cdn.shopify.com/s/files/1/0988/5725/5244/files/Damskie_sneakersy_na_codzienne_spacery_i_wiosenne_wyj_ciaVN.png?v=1789380990,,,
damskie-sneakersy-na-codzienne-spacery-i-wiosenne-wyjscia,,,Złoty,,40,,,,0.0,shopify,continue,manual,254.95,364.00,true,true,https://cdn.shopify.com/s/files/1/0988/5725/5244/files/Damskie_sneakersy_na_codzienne_spacery_i_wiosenne_wyj_ciaVN.png?v=1789380990,,,
damskie-sneakersy-na-codzienne-spacery-i-wiosenne-wyjscia,,,Złoty,,41,,,,0.0,shopify,continue,manual,254.95,364.00,true,true,https://cdn.shopify.com/s/files/1/0988/5725/5244/files/Damskie_sneakersy_na_codzienne_spacery_i_wiosenne_wyj_ciaVN.png?v=1789380990,,,
damskie-sneakersy-na-codzienne-spacery-i-wiosenne-wyjscia,,,Złoty,,42,,,,0.0,shopify,continue,manual,254.95,364.00,true,true,https://cdn.shopify.com/s/files/1/0988/5725/5244/files/Damskie_sneakersy_na_codzienne_spacery_i_wiosenne_wyj_ciaVN.png?v=1789380990,,,
damskie-sneakersy-na-codzienne-spacery-i-wiosenne-wyjscia,,,Beżowy,,43,,,,0.0,shopify,continue,manual,254.95,364.00,true,true,,,,
damskie-sneakersy-na-codzienne-spacery-i-wiosenne-wyjscia,,,Biały,,43,,,,0.0,shopify,continue,manual,254.95,364.00,true,true,,,,
damskie-sneakersy-na-codzienne-spacery-i-wiosenne-wyjscia,,,Różowy,,43,,,,0.0,shopify,continue,manual,254.95,364.00,true,true,,,,
damskie-sneakersy-na-codzienne-spacery-i-wiosenne-wyjscia,,,Szary,,43,,,,0.0,shopify,continue,manual,254.95,364.00,true,true,,,,
damskie-sneakersy-na-codzienne-spacery-i-wiosenne-wyjscia,,,Złoty,,43,,,,0.0,shopify,continue,manual,254.95,364.00,true,true,,,,
damskie-sneakersy-na-codzienne-spacery-i-wiosenne-wyjscia,,,,,,,,,,,,,,,,,,https://cdn.shopify.com/s/files/1/0988/5725/5244/files/Damskie_sneakersy_na_codzienne_spacery_i_wiosenne_wyj_ciaBG.png?v=1789380949,1,Damskie sneakersy na codzienne spacery i wiosenne wyjścia
damskie-sneakersy-na-codzienne-spacery-i-wiosenne-wyjscia,,,,,,,,,,,,,,,,,,https://cdn.shopify.com/s/files/1/0988/5725/5244/files/Damskie_sneakersy_na_codzienne_spacery_i_wiosenne_wyj_ciaBH.png?v=1789380958,2,Damskie sneakersy na codzienne spacery i wiosenne wyjścia
damskie-sneakersy-na-codzienne-spacery-i-wiosenne-wyjscia,,,,,,,,,,,,,,,,,,https://cdn.shopify.com/s/files/1/0988/5725/5244/files/Damskie_sneakersy_na_codzienne_spacery_i_wiosenne_wyj_ciaZQ.png?v=1789380968,3,Damskie sneakersy na codzienne spacery i wiosenne wyjścia
damskie-sneakersy-na-codzienne-spacery-i-wiosenne-wyjscia,,,,,,,,,,,,,,,,,,https://cdn.shopify.com/s/files/1/0988/5725/5244/files/Damskie_sneakers4y_na_codzienne_spacery_i_wiosenne_wyj_ciaBG.png?v=1789380979,4,Damskie sneakersy na codzienne spacery i wiosenne wyjścia
damskie-sneakersy-na-codzienne-spacery-i-wiosenne-wyjscia,,,,,,,,,,,,,,,,,,https://cdn.shopify.com/s/files/1/0988/5725/5244/files/Damskie_sneakersy_na_codzienne_spacery_i_wiosenne_wyj_ciaVN.png?v=1789380990,5,Damskie sneakersy na codzienne spacery i wiosenne wyjścia
damskie-sneakersy-na-codzienne-spacery-i-wiosenne-wyjscia,,,,,,,,,,,,,,,,,,https://cdn.shopify.com/s/files/1/0988/5725/5244/files/Damskie_sneakersy_na_codzienne_spacery_i_wiosenne_wyj_ciaFG.png?v=1789381002,6,Damskie sneakersy na codzienne spacery i wiosenne wyjścia
damskie-wsuwane-polbuty-na-codzienne-wiosenne-dni,Damskie wsuwane półbuty na codzienne wiosenne dni,Kolor,Zielony,Rozmiar,36,,,,0.0,shopify,continue,manual,229.95,329.00,true,true,https://cdn.shopify.com/s/files/1/0988/5725/5244/files/Damskie_wsuwane_p_buty_na_codzienne_wiosenne_dniVF.png?v=1789380717,,,
damskie-wsuwane-polbuty-na-codzienne-wiosenne-dni,,,Zielony,,37,,,,0.0,shopify,continue,manual,229.95,329.00,true,true,https://cdn.shopify.com/s/files/1/0988/5725/5244/files/Damskie_wsuwane_p_buty_na_codzienne_wiosenne_dniVF.png?v=1789380717,,,
damskie-wsuwane-polbuty-na-codzienne-wiosenne-dni,,,Zielony,,38,,,,0.0,shopify,continue,manual,229.95,329.00,true,true,https://cdn.shopify.com/s/files/1/0988/5725/5244/files/Damskie_wsuwane_p_buty_na_codzienne_wiosenne_dniVF.png?v=1789380717,,,
damskie-wsuwane-polbuty-na-codzienne-wiosenne-dni,,,Zielony,,39,,,,0.0,shopify,continue,manual,229.95,329.00,true,true,https://cdn.shopify.com/s/files/1/0988/5725/5244/files/Damskie_wsuwane_p_buty_na_codzienne_wiosenne_dniVF.png?v=1789380717,,,
damskie-wsuwane-polbuty-na-codzienne-wiosenne-dni,,,Zielony,,40,,,,0.0,shopify,continue,manual,229.95,329.00,true,true,https://cdn.shopify.com/s/files/1/0988/5725/5244/files/Damskie_wsuwane_p_buty_na_codzienne_wiosenne_dniVF.png?v=1789380717,,,
damskie-wsuwane-polbuty-na-codzienne-wiosenne-dni,,,Zielony,,41,,,,0.0,shopify,continue,manual,229.95,329.00,true,true,https://cdn.shopify.com/s/files/1/0988/5725/5244/files/Damskie_wsuwane_p_buty_na_codzienne_wiosenne_dniVF.png?v=1789380717,,,
damskie-wsuwane-polbuty-na-codzienne-wiosenne-dni,,,Zielony,,42,,,,0.0,shopify,continue,manual,229.95,329.00,true,true,https://cdn.shopify.com/s/files/1/0988/5725/5244/files/Damskie_wsuwane_p_buty_na_codzienne_wiosenne_dniVF.png?v=1789380717,,,
damskie-wsuwane-polbuty-na-codzienne-wiosenne-dni,,,Czarny,,36,,,,0.0,shopify,continue,manual,229.95,329.00,true,true,https://cdn.shopify.com/s/files/1/0988/5725/5244/files/Damskie_wsuwane_p_buty_na_codzienne_wiosenne_dniCVVF.png?v=1789380870,,,
damskie-wsuwane-polbuty-na-codzienne-wiosenne-dni,,,Czarny,,37,,,,0.0,shopify,continue,manual,229.95,329.00,true,true,https://cdn.shopify.com/s/files/1/0988/5725/5244/files/Damskie_wsuwane_p_buty_na_codzienne_wiosenne_dniCVVF.png?v=1789380870,,,
damskie-wsuwane-polbuty-na-codzienne-wiosenne-dni,,,Czarny,,38,,,,0.0,shopify,continue,manual,229.95,329.00,true,true,https://cdn.shopify.com/s/files/1/0988/5725/5244/files/Damskie_wsuwane_p_buty_na_codzienne_wiosenne_dniCVVF.png?v=1789380870,,,
damskie-wsuwane-polbuty-na-codzienne-wiosenne-dni,,,Czarny,,39,,,,0.0,shopify,continue,manual,229.95,329.00,true,true,https://cdn.shopify.com/s/files/1/0988/5725/5244/files/Damskie_wsuwane_p_buty_na_codzienne_wiosenne_dniCVVF.png?v=1789380870,,,
damskie-wsuwane-polbuty-na-codzienne-wiosenne-dni,,,Czarny,,40,,,,0.0,shopify,continue,manual,229.95,329.00,true,true,https://cdn.shopify.com/s/files/1/0988/5725/5244/files/Damskie_wsuwane_p_buty_na_codzienne_wiosenne_dniCVVF.png?v=1789380870,,,
damskie-wsuwane-polbuty-na-codzienne-wiosenne-dni,,,Czarny,,41,,,,0.0,shopify,continue,manual,229.95,329.00,true,true,https://cdn.shopify.com/s/files/1/0988/5725/5244/files/Damskie_wsuwane_p_buty_na_codzienne_wiosenne_dniCVVF.png?v=1789380870,,,
damskie-wsuwane-polbuty-na-codzienne-wiosenne-dni,,,Czarny,,42,,,,0.0,shopify,continue,manual,229.95,329.00,true,true,https://cdn.shopify.com/s/files/1/0988/5725/5244/files/Damskie_wsuwane_p_buty_na_codzienne_wiosenne_dniCVVF.png?v=1789380870,,,
damskie-wsuwane-polbuty-na-codzienne-wiosenne-dni,,,Niebieski,,36,,,,0.0,shopify,continue,manual,229.95,329.00,true,true,https://cdn.shopify.com/s/files/1/0988/5725/5244/files/Damskie_wsuwane_p_buty_na_codzienne_wiosenne_dniBH.png?v=1789380915,,,
damskie-wsuwane-polbuty-na-codzienne-wiosenne-dni,,,Niebieski,,37,,,,0.0,shopify,continue,manual,229.95,329.00,true,true,https://cdn.shopify.com/s/files/1/0988/5725/5244/files/Damskie_wsuwane_p_buty_na_codzienne_wiosenne_dniBH.png?v=1789380915,,,
damskie-wsuwane-polbuty-na-codzienne-wiosenne-dni,,,Niebieski,,38,,,,0.0,shopify,continue,manual,229.95,329.00,true,true,https://cdn.shopify.com/s/files/1/0988/5725/5244/files/Damskie_wsuwane_p_buty_na_codzienne_wiosenne_dniBH.png?v=1789380915,,,
damskie-wsuwane-polbuty-na-codzienne-wiosenne-dni,,,Niebieski,,39,,,,0.0,shopify,continue,manual,229.95,329.00,true,true,https://cdn.shopify.com/s/files/1/0988/5725/5244/files/Damskie_wsuwane_p_buty_na_codzienne_wiosenne_dniBH.png?v=1789380915,,,
damskie-wsuwane-polbuty-na-codzienne-wiosenne-dni,,,Niebieski,,40,,,,0.0,shopify,continue,manual,229.95,329.00,true,true,https://cdn.shopify.com/s/files/1/0988/5725/5244/files/Damskie_wsuwane_p_buty_na_codzienne_wiosenne_dniBH.png?v=1789380915,,,
damskie-wsuwane-polbuty-na-codzienne-wiosenne-dni,,,Niebieski,,41,,,,0.0,shopify,continue,manual,229.95,329.00,true,true,https://cdn.shopify.com/s/files/1/0988/5725/5244/files/Damskie_wsuwane_p_buty_na_codzienne_wiosenne_dniBH.png?v=1789380915,,,
damskie-wsuwane-polbuty-na-codzienne-wiosenne-dni,,,Niebieski,,42,,,,0.0,shopify,continue,manual,229.95,329.00,true,true,https://cdn.shopify.com/s/files/1/0988/5725/5244/files/Damskie_wsuwane_p_buty_na_codzienne_wiosenne_dniBH.png?v=1789380915,,,
damskie-wsuwane-polbuty-na-codzienne-wiosenne-dni,,,Czerwony,,36,,,,0.0,shopify,continue,manual,229.95,329.00,true,true,https://cdn.shopify.com/s/files/1/0988/5725/5244/files/Damskie_wsuwane_p_buty_na_codzienne_wiosenne_dniBG.png?v=1789380924,,,
damskie-wsuwane-polbuty-na-codzienne-wiosenne-dni,,,Czerwony,,37,,,,0.0,shopify,continue,manual,229.95,329.00,true,true,https://cdn.shopify.com/s/files/1/0988/5725/5244/files/Damskie_wsuwane_p_buty_na_codzienne_wiosenne_dniBG.png?v=1789380924,,,
damskie-wsuwane-polbuty-na-codzienne-wiosenne-dni,,,Czerwony,,38,,,,0.0,shopify,continue,manual,229.95,329.00,true,true,https://cdn.shopify.com/s/files/1/0988/5725/5244/files/Damskie_wsuwane_p_buty_na_codzienne_wiosenne_dniBG.png?v=1789380924,,,
damskie-wsuwane-polbuty-na-codzienne-wiosenne-dni,,,Czerwony,,39,,,,0.0,shopify,continue,manual,229.95,329.00,true,true,https://cdn.shopify.com/s/files/1/0988/5725/5244/files/Damskie_wsuwane_p_buty_na_codzienne_wiosenne_dniBG.png?v=1789380924,,,
damskie-wsuwane-polbuty-na-codzienne-wiosenne-dni,,,Czerwony,,40,,,,0.0,shopify,continue,manual,229.95,329.00,true,true,https://cdn.shopify.com/s/files/1/0988/5725/5244/files/Damskie_wsuwane_p_buty_na_codzienne_wiosenne_dniBG.png?v=1789380924,,,
damskie-wsuwane-polbuty-na-codzienne-wiosenne-dni,,,Czerwony,,41,,,,0.0,shopify,continue,manual,229.95,329.00,true,true,https://cdn.shopify.com/s/files/1/0988/5725/5244/files/Damskie_wsuwane_p_buty_na_codzienne_wiosenne_dniBG.png?v=1789380924,,,
damskie-wsuwane-polbuty-na-codzienne-wiosenne-dni,,,Czerwony,,42,,,,0.0,shopify,continue,manual,229.95,329.00,true,true,https://cdn.shopify.com/s/files/1/0988/5725/5244/files/Damskie_wsuwane_p_buty_na_codzienne_wiosenne_dniBG.png?v=1789380924,,,
damskie-wsuwane-polbuty-na-codzienne-wiosenne-dni,,,Biały,,36,,,,0.0,shopify,continue,manual,229.95,329.00,true,true,https://cdn.shopify.com/s/files/1/0988/5725/5244/files/Damskie_wsuwane_p_buty_na_codzienne_wiosenne_dniVG.png?v=1789380934,,,
damskie-wsuwane-polbuty-na-codzienne-wiosenne-dni,,,Biały,,37,,,,0.0,shopify,continue,manual,229.95,329.00,true,true,https://cdn.shopify.com/s/files/1/0988/5725/5244/files/Damskie_wsuwane_p_buty_na_codzienne_wiosenne_dniVG.png?v=1789380934,,,
damskie-wsuwane-polbuty-na-codzienne-wiosenne-dni,,,Biały,,38,,,,0.0,shopify,continue,manual,229.95,329.00,true,true,https://cdn.shopify.com/s/files/1/0988/5725/5244/files/Damskie_wsuwane_p_buty_na_codzienne_wiosenne_dniVG.png?v=1789380934,,,
damskie-wsuwane-polbuty-na-codzienne-wiosenne-dni,,,Biały,,39,,,,0.0,shopify,continue,manual,229.95,329.00,true,true,https://cdn.shopify.com/s/files/1/0988/5725/5244/files/Damskie_wsuwane_p_buty_na_codzienne_wiosenne_dniVG.png?v=1789380934,,,
damskie-wsuwane-polbuty-na-codzienne-wiosenne-dni,,,Biały,,40,,,,0.0,shopify,continue,manual,229.95,329.00,true,true,https://cdn.shopify.com/s/files/1/0988/5725/5244/files/Damskie_wsuwane_p_buty_na_codzienne_wiosenne_dniVG.png?v=1789380934,,,
damskie-wsuwane-polbuty-na-codzienne-wiosenne-dni,,,Biały,,41,,,,0.0,shopify,continue,manual,229.95,329.00,true,true,https://cdn.shopify.com/s/files/1/0988/5725/5244/files/Damskie_wsuwane_p_buty_na_codzienne_wiosenne_dniVG.png?v=1789380934,,,
damskie-wsuwane-polbuty-na-codzienne-wiosenne-dni,,,Biały,,42,,,,0.0,shopify,continue,manual,229.95,329.00,true,true,https://cdn.shopify.com/s/files/1/0988/5725/5244/files/Damskie_wsuwane_p_buty_na_codzienne_wiosenne_dniVG.png?v=1789380934,,,
damskie-wsuwane-polbuty-na-codzienne-wiosenne-dni,,,Zielony,,43,,,,0.0,shopify,continue,manual,229.95,329.00,true,true,,,,
damskie-wsuwane-polbuty-na-codzienne-wiosenne-dni,,,Czarny,,43,,,,0.0,shopify,continue,manual,229.95,329.00,true,true,,,,
damskie-wsuwane-polbuty-na-codzienne-wiosenne-dni,,,Niebieski,,43,,,,0.0,shopify,continue,manual,229.95,329.00,true,true,,,,
damskie-wsuwane-polbuty-na-codzienne-wiosenne-dni,,,Czerwony,,43,,,,0.0,shopify,continue,manual,229.95,329.00,true,true,,,,
damskie-wsuwane-polbuty-na-codzienne-wiosenne-dni,,,Biały,,43,,,,0.0,shopify,continue,manual,229.95,329.00,true,true,,,,
damskie-wsuwane-polbuty-na-codzienne-wiosenne-dni,,,,,,,,,,,,,,,,,,https://cdn.shopify.com/s/files/1/0988/5725/5244/files/Damskie_wsuwane_p_buty_na_codzienne_wiosenne_dniVF.png?v=1789380717,1,Damskie wsuwane półbuty na codzienne wiosenne dni
damskie-wsuwane-polbuty-na-codzienne-wiosenne-dni,,,,,,,,,,,,,,,,,,https://cdn.shopify.com/s/files/1/0988/5725/5244/files/Damskie_wsuwane_p_buty_na_codzienne_wiosenne_dniCVVF.png?v=1789380870,2,Damskie wsuwane półbuty na codzienne wiosenne dni
damskie-wsuwane-polbuty-na-codzienne-wiosenne-dni,,,,,,,,,,,,,,,,,,https://cdn.shopify.com/s/files/1/0988/5725/5244/files/Damskie_wsuwane_p_buty_na_codzienne_wiosenne_dniBH.png?v=1789380915,3,Damskie wsuwane półbuty na codzienne wiosenne dni
damskie-wsuwane-polbuty-na-codzienne-wiosenne-dni,,,,,,,,,,,,,,,,,,https://cdn.shopify.com/s/files/1/0988/5725/5244/files/Damskie_wsuwane_p_buty_na_codzienne_wiosenne_dniBG.png?v=1789380924,4,Damskie wsuwane półbuty na codzienne wiosenne dni
damskie-wsuwane-polbuty-na-codzienne-wiosenne-dni,,,,,,,,,,,,,,,,,,https://cdn.shopify.com/s/files/1/0988/5725/5244/files/Damskie_wsuwane_p_buty_na_codzienne_wiosenne_dniVG.png?v=1789380934,5,Damskie wsuwane półbuty na codzienne wiosenne dni
damskie-eleganckie-czolenka-na-wyjatkowe-okazje-i-spotkania,Damskie eleganckie czółenka na wyjątkowe okazje i spotkania,Kolor,Biały,Rozmiar,36,,,,0.0,shopify,continue,manual,204.95,293.00,true,true,https://cdn.shopify.com/s/files/1/0988/5725/5244/files/Damskie_eleganckie_cz_enka_na_wyj_tkowe_okazje_i_spotkaniaC.png?v=1789380639,,,
damskie-eleganckie-czolenka-na-wyjatkowe-okazje-i-spotkania,,,Biały,,37,,,,0.0,shopify,continue,manual,204.95,293.00,true,true,https://cdn.shopify.com/s/files/1/0988/5725/5244/files/Damskie_eleganckie_cz_enka_na_wyj_tkowe_okazje_i_spotkaniaC.png?v=1789380639,,,
damskie-eleganckie-czolenka-na-wyjatkowe-okazje-i-spotkania,,,Biały,,38,,,,0.0,shopify,continue,manual,204.95,293.00,true,true,https://cdn.shopify.com/s/files/1/0988/5725/5244/files/Damskie_eleganckie_cz_enka_na_wyj_tkowe_okazje_i_spotkaniaC.png?v=1789380639,,,
damskie-eleganckie-czolenka-na-wyjatkowe-okazje-i-spotkania,,,Biały,,39,,,,0.0,shopify,continue,manual,204.95,293.00,true,true,https://cdn.shopify.com/s/files/1/0988/5725/5244/files/Damskie_eleganckie_cz_enka_na_wyj_tkowe_okazje_i_spotkaniaC.png?v=1789380639,,,
damskie-eleganckie-czolenka-na-wyjatkowe-okazje-i-spotkania,,,Biały,,40,,,,0.0,shopify,continue,manual,204.95,293.00,true,true,https://cdn.shopify.com/s/files/1/0988/5725/5244/files/Damskie_eleganckie_cz_enka_na_wyj_tkowe_okazje_i_spotkaniaC.png?v=1789380639,,,
damskie-eleganckie-czolenka-na-wyjatkowe-okazje-i-spotkania,,,Biały,,41,,,,0.0,shopify,continue,manual,204.95,293.00,true,true,https://cdn.shopify.com/s/files/1/0988/5725/5244/files/Damskie_eleganckie_cz_enka_na_wyj_tkowe_okazje_i_spotkaniaC.png?v=1789380639,,,
damskie-eleganckie-czolenka-na-wyjatkowe-okazje-i-spotkania,,,Biały,,42,,,,0.0,shopify,continue,manual,204.95,293.00,true,true,https://cdn.shopify.com/s/files/1/0988/5725/5244/files/Damskie_eleganckie_cz_enka_na_wyj_tkowe_okazje_i_spotkaniaC.png?v=1789380639,,,
damskie-eleganckie-czolenka-na-wyjatkowe-okazje-i-spotkania,,,Czarny,,36,,,,0.0,shopify,continue,manual,204.95,293.00,true,true,https://cdn.shopify.com/s/files/1/0988/5725/5244/files/Damskie_eleganckie_cz_enka_na_wyj_tkowe_okazje_i_spotkaniaBI.png?v=1789380669,,,
damskie-eleganckie-czolenka-na-wyjatkowe-okazje-i-spotkania,,,Czarny,,37,,,,0.0,shopify,continue,manual,204.95,293.00,true,true,https://cdn.shopify.com/s/files/1/0988/5725/5244/files/Damskie_eleganckie_cz_enka_na_wyj_tkowe_okazje_i_spotkaniaBI.png?v=1789380669,,,
damskie-eleganckie-czolenka-na-wyjatkowe-okazje-i-spotkania,,,Czarny,,38,,,,0.0,shopify,continue,manual,204.95,293.00,true,true,https://cdn.shopify.com/s/files/1/0988/5725/5244/files/Damskie_eleganckie_cz_enka_na_wyj_tkowe_okazje_i_spotkaniaBI.png?v=1789380669,,,
damskie-eleganckie-czolenka-na-wyjatkowe-okazje-i-spotkania,,,Czarny,,39,,,,0.0,shopify,continue,manual,204.95,293.00,true,true,https://cdn.shopify.com/s/files/1/0988/5725/5244/files/Damskie_eleganckie_cz_enka_na_wyj_tkowe_okazje_i_spotkaniaBI.png?v=1789380669,,,
damskie-eleganckie-czolenka-na-wyjatkowe-okazje-i-spotkania,,,Czarny,,40,,,,0.0,shopify,continue,manual,204.95,293.00,true,true,https://cdn.shopify.com/s/files/1/0988/5725/5244/files/Damskie_eleganckie_cz_enka_na_wyj_tkowe_okazje_i_spotkaniaBI.png?v=1789380669,,,
damskie-eleganckie-czolenka-na-wyjatkowe-okazje-i-spotkania,,,Czarny,,41,,,,0.0,shopify,continue,manual,204.95,293.00,true,true,https://cdn.shopify.com/s/files/1/0988/5725/5244/files/Damskie_eleganckie_cz_enka_na_wyj_tkowe_okazje_i_spotkaniaBI.png?v=1789380669,,,
damskie-eleganckie-czolenka-na-wyjatkowe-okazje-i-spotkania,,,Czarny,,42,,,,0.0,shopify,continue,manual,204.95,293.00,true,true,https://cdn.shopify.com/s/files/1/0988/5725/5244/files/Damskie_eleganckie_cz_enka_na_wyj_tkowe_okazje_i_spotkaniaBI.png?v=1789380669,,,
damskie-eleganckie-czolenka-na-wyjatkowe-okazje-i-spotkania,,,Beżowy,,36,,,,0.0,shopify,continue,manual,204.95,293.00,true,true,https://cdn.shopify.com/s/files/1/0988/5725/5244/files/Damskie_eleganckie_cz_enka_na_wyj_tkowe_okazje_i_spotkaniaMK.png?v=1789380685,,,
damskie-eleganckie-czolenka-na-wyjatkowe-okazje-i-spotkania,,,Beżowy,,37,,,,0.0,shopify,continue,manual,204.95,293.00,true,true,https://cdn.shopify.com/s/files/1/0988/5725/5244/files/Damskie_eleganckie_cz_enka_na_wyj_tkowe_okazje_i_spotkaniaMK.png?v=1789380685,,,
damskie-eleganckie-czolenka-na-wyjatkowe-okazje-i-spotkania,,,Beżowy,,38,,,,0.0,shopify,continue,manual,204.95,293.00,true,true,https://cdn.shopify.com/s/files/1/0988/5725/5244/files/Damskie_eleganckie_cz_enka_na_wyj_tkowe_okazje_i_spotkaniaMK.png?v=1789380685,,,
damskie-eleganckie-czolenka-na-wyjatkowe-okazje-i-spotkania,,,Beżowy,,39,,,,0.0,shopify,continue,manual,204.95,293.00,true,true,https://cdn.shopify.com/s/files/1/0988/5725/5244/files/Damskie_eleganckie_cz_enka_na_wyj_tkowe_okazje_i_spotkaniaMK.png?v=1789380685,,,
damskie-eleganckie-czolenka-na-wyjatkowe-okazje-i-spotkania,,,Beżowy,,40,,,,0.0,shopify,continue,manual,204.95,293.00,true,true,https://cdn.shopify.com/s/files/1/0988/5725/5244/files/Damskie_eleganckie_cz_enka_na_wyj_tkowe_okazje_i_spotkaniaMK.png?v=1789380685,,,
damskie-eleganckie-czolenka-na-wyjatkowe-okazje-i-spotkania,,,Beżowy,,41,,,,0.0,shopify,continue,manual,204.95,293.00,true,true,https://cdn.shopify.com/s/files/1/0988/5725/5244/files/Damskie_eleganckie_cz_enka_na_wyj_tkowe_okazje_i_spotkaniaMK.png?v=1789380685,,,
damskie-eleganckie-czolenka-na-wyjatkowe-okazje-i-spotkania,,,Beżowy,,42,,,,0.0,shopify,continue,manual,204.95,293.00,true,true,https://cdn.shopify.com/s/files/1/0988/5725/5244/files/Damskie_eleganckie_cz_enka_na_wyj_tkowe_okazje_i_spotkaniaMK.png?v=1789380685,,,
damskie-eleganckie-czolenka-na-wyjatkowe-okazje-i-spotkania,,,Różowy,,36,,,,0.0,shopify,continue,manual,204.95,293.00,true,true,https://cdn.shopify.com/s/files/1/0988/5725/5244/files/Damskie_eleganckie_cz_enka_na_wyj_tkowe_okazje_i_spotkaniaZS.png?v=1789380707,,,
damskie-eleganckie-czolenka-na-wyjatkowe-okazje-i-spotkania,,,Różowy,,37,,,,0.0,shopify,continue,manual,204.95,293.00,true,true,https://cdn.shopify.com/s/files/1/0988/5725/5244/files/Damskie_eleganckie_cz_enka_na_wyj_tkowe_okazje_i_spotkaniaZS.png?v=1789380707,,,
damskie-eleganckie-czolenka-na-wyjatkowe-okazje-i-spotkania,,,Różowy,,38,,,,0.0,shopify,continue,manual,204.95,293.00,true,true,https://cdn.shopify.com/s/files/1/0988/5725/5244/files/Damskie_eleganckie_cz_enka_na_wyj_tkowe_okazje_i_spotkaniaZS.png?v=1789380707,,,
damskie-eleganckie-czolenka-na-wyjatkowe-okazje-i-spotkania,,,Różowy,,39,,,,0.0,shopify,continue,manual,204.95,293.00,true,true,https://cdn.shopify.com/s/files/1/0988/5725/5244/files/Damskie_eleganckie_cz_enka_na_wyj_tkowe_okazje_i_spotkaniaZS.png?v=1789380707,,,
damskie-eleganckie-czolenka-na-wyjatkowe-okazje-i-spotkania,,,Różowy,,40,,,,0.0,shopify,continue,manual,204.95,293.00,true,true,https://cdn.shopify.com/s/files/1/0988/5725/5244/files/Damskie_eleganckie_cz_enka_na_wyj_tkowe_okazje_i_spotkaniaZS.png?v=1789380707,,,
damskie-eleganckie-czolenka-na-wyjatkowe-okazje-i-spotkania,,,Różowy,,41,,,,0.0,shopify,continue,manual,204.95,293.00,true,true,https://cdn.shopify.com/s/files/1/0988/5725/5244/files/Damskie_eleganckie_cz_enka_na_wyj_tkowe_okazje_i_spotkaniaZS.png?v=1789380707,,,
damskie-eleganckie-czolenka-na-wyjatkowe-okazje-i-spotkania,,,Różowy,,42,,,,0.0,shopify,continue,manual,204.95,293.00,true,true,https://cdn.shopify.com/s/files/1/0988/5725/5244/files/Damskie_eleganckie_cz_enka_na_wyj_tkowe_okazje_i_spotkaniaZS.png?v=1789380707,,,
damskie-eleganckie-czolenka-na-wyjatkowe-okazje-i-spotkania,,,Biały,,43,,,,0.0,shopify,continue,manual,204.95,293.00,true,true,,,,
damskie-eleganckie-czolenka-na-wyjatkowe-okazje-i-spotkania,,,Czarny,,43,,,,0.0,shopify,continue,manual,204.95,293.00,true,true,,,,
damskie-eleganckie-czolenka-na-wyjatkowe-okazje-i-spotkania,,,Beżowy,,43,,,,0.0,shopify,continue,manual,204.95,293.00,true,true,,,,
damskie-eleganckie-czolenka-na-wyjatkowe-okazje-i-spotkania,,,Różowy,,43,,,,0.0,shopify,continue,manual,204.95,293.00,true,true,,,,
damskie-eleganckie-czolenka-na-wyjatkowe-okazje-i-spotkania,,,,,,,,,,,,,,,,,,https://cdn.shopify.com/s/files/1/0988/5725/5244/files/Damskie_eleganckie_cz_enka_na_wyj_tkowe_okazje_i_spotkaniaC.png?v=1789380639,1,Damskie eleganckie czółenka na wyjątkowe okazje i spotkania
damskie-eleganckie-czolenka-na-wyjatkowe-okazje-i-spotkania,,,,,,,,,,,,,,,,,,https://cdn.shopify.com/s/files/1/0988/5725/5244/files/Damskie_eleganckie_cz_enka_na_wyj_tkowe_okazje_i_spotkaniaNJ.png?v=1789380647,2,Damskie eleganckie czółenka na wyjątkowe okazje i spotkania
damskie-eleganckie-czolenka-na-wyjatkowe-okazje-i-spotkania,,,,,,,,,,,,,,,,,,https://cdn.shopify.com/s/files/1/0988/5725/5244/files/Damskie_eleganckie_cz_enka_na_wyj_tkowe_okazje_i_spotkaniaBN.png?v=1789380654,3,Damskie eleganckie czółenka na wyjątkowe okazje i spotkania
damskie-eleganckie-czolenka-na-wyjatkowe-okazje-i-spotkania,,,,,,,,,,,,,,,,,,https://cdn.shopify.com/s/files/1/0988/5725/5244/files/Damskie_eleganckie_cz_enka_na_wyj_tkowe_okazje_i_spotkaniaVGH.png?v=1789380662,4,Damskie eleganckie czółenka na wyjątkowe okazje i spotkania
damskie-eleganckie-czolenka-na-wyjatkowe-okazje-i-spotkania,,,,,,,,,,,,,,,,,,https://cdn.shopify.com/s/files/1/0988/5725/5244/files/Damskie_eleganckie_cz_enka_na_wyj_tkowe_okazje_i_spotkaniaBI.png?v=1789380669,5,Damskie eleganckie czółenka na wyjątkowe okazje i spotkania
damskie-eleganckie-czolenka-na-wyjatkowe-okazje-i-spotkania,,,,,,,,,,,,,,,,,,https://cdn.shopify.com/s/files/1/0988/5725/5244/files/Damskie_eleganckie_cz_enka_na_wyj_tkowe_okazje_i_spotkaniaDY.png?v=1789380677,6,Damskie eleganckie czółenka na wyjątkowe okazje i spotkania
damskie-eleganckie-czolenka-na-wyjatkowe-okazje-i-spotkania,,,,,,,,,,,,,,,,,,https://cdn.shopify.com/s/files/1/0988/5725/5244/files/Damskie_eleganckie_cz_enka_na_wyj_tkowe_okazje_i_spotkaniaMK.png?v=1789380685,7,Damskie eleganckie czółenka na wyjątkowe okazje i spotkania
damskie-eleganckie-czolenka-na-wyjatkowe-okazje-i-spotkania,,,,,,,,,,,,,,,,,,https://cdn.shopify.com/s/files/1/0988/5725/5244/files/Damskie_eleganckie_cz_enka_na_wyj_tkowe_okazje_i_spotkaniaZS.png?v=1789380707,8,Damskie eleganckie czółenka na wyjątkowe okazje i spotkania
damskie-botki-z-klamrami-na-chlodniejsze-jesienne-dni,Damskie botki z klamrami na chłodniejsze jesienne dni,Kolor,Czarny,Rozmiar,39,,,,0.0,shopify,continue,manual,174.95,250.00,true,true,https://cdn.shopify.com/s/files/1/0988/5725/5244/files/Damskie_botki_z_klamrami_na_ch_odniejsze_jesienne_dnivdsd.webp?v=1789225780,,,
damskie-botki-z-klamrami-na-chlodniejsze-jesienne-dni,,,Czarny,,40,,,,0.0,shopify,continue,manual,174.95,250.00,true,true,https://cdn.shopify.com/s/files/1/0988/5725/5244/files/Damskie_botki_z_klamrami_na_ch_odniejsze_jesienne_dnivdsd.webp?v=1789225780,,,
damskie-botki-z-klamrami-na-chlodniejsze-jesienne-dni,,,Czarny,,41,,,,0.0,shopify,continue,manual,174.95,250.00,true,true,https://cdn.shopify.com/s/files/1/0988/5725/5244/files/Damskie_botki_z_klamrami_na_ch_odniejsze_jesienne_dnivdsd.webp?v=1789225780,,,
damskie-botki-z-klamrami-na-chlodniejsze-jesienne-dni,,,Czarny,,42,,,,0.0,shopify,continue,manual,174.95,250.00,true,true,https://cdn.shopify.com/s/files/1/0988/5725/5244/files/Damskie_botki_z_klamrami_na_ch_odniejsze_jesienne_dnivdsd.webp?v=1789225780,,,
damskie-botki-z-klamrami-na-chlodniejsze-jesienne-dni,,,Czarny,,43,,,,0.0,shopify,continue,manual,174.95,250.00,true,true,https://cdn.shopify.com/s/files/1/0988/5725/5244/files/Damskie_botki_z_klamrami_na_ch_odniejsze_jesienne_dnivdsd.webp?v=1789225780,,,
damskie-botki-z-klamrami-na-chlodniejsze-jesienne-dni,,,Czarny,,44,,,,0.0,shopify,continue,manual,174.95,250.00,true,true,https://cdn.shopify.com/s/files/1/0988/5725/5244/files/Damskie_botki_z_klamrami_na_ch_odniejsze_jesienne_dnivdsd.webp?v=1789225780,,,
damskie-botki-z-klamrami-na-chlodniejsze-jesienne-dni,,,Brązowy,,39,,,,0.0,shopify,continue,manual,174.95,250.00,true,true,https://cdn.shopify.com/s/files/1/0988/5725/5244/files/Damskie_botki_z_klamrami_na_ch_odniejsze_jesienne_dninghr3.webp?v=1789225793,,,
damskie-botki-z-klamrami-na-chlodniejsze-jesienne-dni,,,Brązowy,,40,,,,0.0,shopify,continue,manual,174.95,250.00,true,true,https://cdn.shopify.com/s/files/1/0988/5725/5244/files/Damskie_botki_z_klamrami_na_ch_odniejsze_jesienne_dninghr3.webp?v=1789225793,,,
damskie-botki-z-klamrami-na-chlodniejsze-jesienne-dni,,,Brązowy,,41,,,,0.0,shopify,continue,manual,174.95,250.00,true,true,https://cdn.shopify.com/s/files/1/0988/5725/5244/files/Damskie_botki_z_klamrami_na_ch_odniejsze_jesienne_dninghr3.webp?v=1789225793,,,
damskie-botki-z-klamrami-na-chlodniejsze-jesienne-dni,,,Brązowy,,42,,,,0.0,shopify,continue,manual,174.95,250.00,true,true,https://cdn.shopify.com/s/files/1/0988/5725/5244/files/Damskie_botki_z_klamrami_na_ch_odniejsze_jesienne_dninghr3.webp?v=1789225793,,,
damskie-botki-z-klamrami-na-chlodniejsze-jesienne-dni,,,Brązowy,,43,,,,0.0,shopify,continue,manual,174.95,250.00,true,true,https://cdn.shopify.com/s/files/1/0988/5725/5244/files/Damskie_botki_z_klamrami_na_ch_odniejsze_jesienne_dninghr3.webp?v=1789225793,,,
damskie-botki-z-klamrami-na-chlodniejsze-jesienne-dni,,,Brązowy,,44,,,,0.0,shopify,continue,manual,174.95,250.00,true,true,https://cdn.shopify.com/s/files/1/0988/5725/5244/files/Damskie_botki_z_klamrami_na_ch_odniejsze_jesienne_dninghr3.webp?v=1789225793,,,
damskie-botki-z-klamrami-na-chlodniejsze-jesienne-dni,,,Czarny,,36,,,,0.0,shopify,continue,manual,174.95,250.00,true,true,,,,
damskie-botki-z-klamrami-na-chlodniejsze-jesienne-dni,,,Czarny,,37,,,,0.0,shopify,continue,manual,174.95,250.00,true,true,,,,
damskie-botki-z-klamrami-na-chlodniejsze-jesienne-dni,,,Czarny,,38,,,,0.0,shopify,continue,manual,174.95,250.00,true,true,,,,
damskie-botki-z-klamrami-na-chlodniejsze-jesienne-dni,,,Brązowy,,36,,,,0.0,shopify,continue,manual,174.95,250.00,true,true,,,,
damskie-botki-z-klamrami-na-chlodniejsze-jesienne-dni,,,Brązowy,,37,,,,0.0,shopify,continue,manual,174.95,250.00,true,true,,,,
damskie-botki-z-klamrami-na-chlodniejsze-jesienne-dni,,,Brązowy,,38,,,,0.0,shopify,continue,manual,174.95,250.00,true,true,,,,
damskie-botki-z-klamrami-na-chlodniejsze-jesienne-dni,,,,,,,,,,,,,,,,,,https://cdn.shopify.com/s/files/1/0988/5725/5244/files/Damskie_botki_z_klamrami_na_ch_odniejsze_jesienne_dnivddfs.webp?v=1789225716,1,Damskie botki z klamrami na chłodniejsze jesienne dni
damskie-botki-z-klamrami-na-chlodniejsze-jesienne-dni,,,,,,,,,,,,,,,,,,https://cdn.shopify.com/s/files/1/0988/5725/5244/files/Damskie_botki_z_klamrami_na_ch_odniejsze_jesienne_dnivdsf.webp?v=1789225726,2,Damskie botki z klamrami na chłodniejsze jesienne dni
damskie-botki-z-klamrami-na-chlodniejsze-jesienne-dni,,,,,,,,,,,,,,,,,,https://cdn.shopify.com/s/files/1/0988/5725/5244/files/Damskie_botki_z_klamrami_na_ch_odniejsze_jesienne_dnivds.webp?v=1789225733,3,Damskie botki z klamrami na chłodniejsze jesienne dni
damskie-botki-z-klamrami-na-chlodniejsze-jesienne-dni,,,,,,,,,,,,,,,,,,https://cdn.shopify.com/s/files/1/0988/5725/5244/files/Damskie_botki_z_klamrami_na_ch_odniejsze_jesienne_dnihhu.webp?v=1789225751,4,Damskie botki z klamrami na chłodniejsze jesienne dni
damskie-botki-z-klamrami-na-chlodniejsze-jesienne-dni,,,,,,,,,,,,,,,,,,https://cdn.shopify.com/s/files/1/0988/5725/5244/files/Damskie_botki_z_klamrami_na_ch_odniejsze_jesienne_dnivds7.webp?v=1789225761,5,Damskie botki z klamrami na chłodniejsze jesienne dni
damskie-botki-z-klamrami-na-chlodniejsze-jesienne-dni,,,,,,,,,,,,,,,,,,https://cdn.shopify.com/s/files/1/0988/5725/5244/files/Damskie_botki_z_klamrami_na_ch_odniejsze_jesienne_dnidvv2.webp?v=1789225772,6,Damskie botki z klamrami na chłodniejsze jesienne dni
damskie-botki-z-klamrami-na-chlodniejsze-jesienne-dni,,,,,,,,,,,,,,,,,,https://cdn.shopify.com/s/files/1/0988/5725/5244/files/Damskie_botki_z_klamrami_na_ch_odniejsze_jesienne_dnivdsd.webp?v=1789225780,7,Damskie botki z klamrami na chłodniejsze jesienne dni
damskie-botki-z-klamrami-na-chlodniejsze-jesienne-dni,,,,,,,,,,,,,,,,,,https://cdn.shopify.com/s/files/1/0988/5725/5244/files/Damskie_botki_z_klamrami_na_ch_odniejsze_jesienne_dninghr3.webp?v=1789225793,8,Damskie botki z klamrami na chłodniejsze jesienne dni
meskie-wysokie-buty-na-jesienne-i-zimowe-dni,Męskie wysokie buty na jesienne i zimowe dni,Kolor,Brązowy,Rozmiar,39,,,,0.0,shopify,continue,manual,254.95,364.00,true,true,https://cdn.shopify.com/s/files/1/0988/5725/5244/files/M_skie_wysokie_buty_na_jesienne_i_zimowe_dnigfr.png?v=1789225332,,,
meskie-wysokie-buty-na-jesienne-i-zimowe-dni,,,Brązowy,,40,,,,0.0,shopify,continue,manual,254.95,364.00,true,true,https://cdn.shopify.com/s/files/1/0988/5725/5244/files/M_skie_wysokie_buty_na_jesienne_i_zimowe_dnigfr.png?v=1789225332,,,
meskie-wysokie-buty-na-jesienne-i-zimowe-dni,,,Brązowy,,41,,,,0.0,shopify,continue,manual,254.95,364.00,true,true,https://cdn.shopify.com/s/files/1/0988/5725/5244/files/M_skie_wysokie_buty_na_jesienne_i_zimowe_dnigfr.png?v=1789225332,,,
meskie-wysokie-buty-na-jesienne-i-zimowe-dni,,,Brązowy,,42,,,,0.0,shopify,continue,manual,254.95,364.00,true,true,https://cdn.shopify.com/s/files/1/0988/5725/5244/files/M_skie_wysokie_buty_na_jesienne_i_zimowe_dnigfr.png?v=1789225332,,,
meskie-wysokie-buty-na-jesienne-i-zimowe-dni,,,Brązowy,,43,,,,0.0,shopify,continue,manual,254.95,364.00,true,true,https://cdn.shopify.com/s/files/1/0988/5725/5244/files/M_skie_wysokie_buty_na_jesienne_i_zimowe_dnigfr.png?v=1789225332,,,
meskie-wysokie-buty-na-jesienne-i-zimowe-dni,,,Brązowy,,44,,,,0.0,shopify,continue,manual,254.95,364.00,true,true,https://cdn.shopify.com/s/files/1/0988/5725/5244/files/M_skie_wysokie_buty_na_jesienne_i_zimowe_dnigfr.png?v=1789225332,,,
meskie-wysokie-buty-na-jesienne-i-zimowe-dni,,,Czarny,,39,,,,0.0,shopify,continue,manual,254.95,364.00,true,true,https://cdn.shopify.com/s/files/1/0988/5725/5244/files/M_skie_wysokie_buty_na_jesienne_i_zimowe_dnivds.png?v=1789225316,,,
meskie-wysokie-buty-na-jesienne-i-zimowe-dni,,,Czarny,,40,,,,0.0,shopify,continue,manual,254.95,364.00,true,true,https://cdn.shopify.com/s/files/1/0988/5725/5244/files/M_skie_wysokie_buty_na_jesienne_i_zimowe_dnivds.png?v=1789225316,,,
meskie-wysokie-buty-na-jesienne-i-zimowe-dni,,,Czarny,,41,,,,0.0,shopify,continue,manual,254.95,364.00,true,true,https://cdn.shopify.com/s/files/1/0988/5725/5244/files/M_skie_wysokie_buty_na_jesienne_i_zimowe_dnivds.png?v=1789225316,,,
meskie-wysokie-buty-na-jesienne-i-zimowe-dni,,,Czarny,,42,,,,0.0,shopify,continue,manual,254.95,364.00,true,true,https://cdn.shopify.com/s/files/1/0988/5725/5244/files/M_skie_wysokie_buty_na_jesienne_i_zimowe_dnivds.png?v=1789225316,,,
meskie-wysokie-buty-na-jesienne-i-zimowe-dni,,,Czarny,,43,,,,0.0,shopify,continue,manual,254.95,364.00,true,true,https://cdn.shopify.com/s/files/1/0988/5725/5244/files/M_skie_wysokie_buty_na_jesienne_i_zimowe_dnivds.png?v=1789225316,,,
meskie-wysokie-buty-na-jesienne-i-zimowe-dni,,,Czarny,,44,,,,0.0,shopify,continue,manual,254.95,364.00,true,true,https://cdn.shopify.com/s/files/1/0988/5725/5244/files/M_skie_wysokie_buty_na_jesienne_i_zimowe_dnivds.png?v=1789225316,,,
meskie-wysokie-buty-na-jesienne-i-zimowe-dni,,,Brązowy,,45,,,,0.0,shopify,continue,manual,254.95,364.00,true,true,,,,
meskie-wysokie-buty-na-jesienne-i-zimowe-dni,,,Brązowy,,46,,,,0.0,shopify,continue,manual,254.95,364.00,true,true,,,,
meskie-wysokie-buty-na-jesienne-i-zimowe-dni,,,Czarny,,45,,,,0.0,shopify,continue,manual,254.95,364.00,true,true,,,,
meskie-wysokie-buty-na-jesienne-i-zimowe-dni,,,Czarny,,46,,,,0.0,shopify,continue,manual,254.95,364.00,true,true,,,,
meskie-wysokie-buty-na-jesienne-i-zimowe-dni,,,,,,,,,,,,,,,,,,https://cdn.shopify.com/s/files/1/0988/5725/5244/files/M_skie_wysokie_buty_na_jesienne_i_zimowe_dnivdsd.png?v=1789225300,1,Męskie wysokie buty na jesienne i zimowe dni
meskie-wysokie-buty-na-jesienne-i-zimowe-dni,,,,,,,,,,,,,,,,,,https://cdn.shopify.com/s/files/1/0988/5725/5244/files/M_skie_wysokie_buty_na_jesienne_i_zimowe_dnivds.png?v=1789225316,2,Męskie wysokie buty na jesienne i zimowe dni
meskie-wysokie-buty-na-jesienne-i-zimowe-dni,,,,,,,,,,,,,,,,,,https://cdn.shopify.com/s/files/1/0988/5725/5244/files/M_skie_wysokie_buty_na_jesienne_i_zimowe_dnigfr.png?v=1789225332,3,Męskie wysokie buty na jesienne i zimowe dni
meskie-wysokie-buty-na-jesienne-i-zimowe-dni,,,,,,,,,,,,,,,,,,https://cdn.shopify.com/s/files/1/0988/5725/5244/files/M_skie_wysokie_buty_na_jesienne_i_zimowe_dnibghy.png?v=1789225353,4,Męskie wysokie buty na jesienne i zimowe dni
damskie-obuwie-na-rozne-okazje,Damskie obuwie na różne okazje,Kolor,Szary,Rozmiar,39,,,,0.0,shopify,continue,manual,324.95,464.00,true,true,https://cdn.shopify.com/s/files/1/0988/5725/5244/files/Damskie_obuwie_na_r_ne_okazjehi.jpg?v=1789030433,,,
damskie-obuwie-na-rozne-okazje,,,Szary,,40,,,,0.0,shopify,continue,manual,324.95,464.00,true,true,https://cdn.shopify.com/s/files/1/0988/5725/5244/files/Damskie_obuwie_na_r_ne_okazjehi.jpg?v=1789030433,,,
damskie-obuwie-na-rozne-okazje,,,Szary,,41,,,,0.0,shopify,continue,manual,324.95,464.00,true,true,https://cdn.shopify.com/s/files/1/0988/5725/5244/files/Damskie_obuwie_na_r_ne_okazjehi.jpg?v=1789030433,,,
damskie-obuwie-na-rozne-okazje,,,Szary,,42,,,,0.0,shopify,continue,manual,324.95,464.00,true,true,https://cdn.shopify.com/s/files/1/0988/5725/5244/files/Damskie_obuwie_na_r_ne_okazjehi.jpg?v=1789030433,,,
damskie-obuwie-na-rozne-okazje,,,Szary,,43,,,,0.0,shopify,continue,manual,324.95,464.00,true,true,https://cdn.shopify.com/s/files/1/0988/5725/5244/files/Damskie_obuwie_na_r_ne_okazjehi.jpg?v=1789030433,,,
damskie-obuwie-na-rozne-okazje,,,Szary,,44,,,,0.0,shopify,continue,manual,324.95,464.00,true,true,https://cdn.shopify.com/s/files/1/0988/5725/5244/files/Damskie_obuwie_na_r_ne_okazjehi.jpg?v=1789030433,,,
damskie-obuwie-na-rozne-okazje,,,Czarny,,39,,,,0.0,shopify,continue,manual,324.95,464.00,true,true,https://cdn.shopify.com/s/files/1/0988/5725/5244/files/extra-brede-diabetische-schoenen-zwart.jpg?v=1789029834,,,
damskie-obuwie-na-rozne-okazje,,,Czarny,,40,,,,0.0,shopify,continue,manual,324.95,464.00,true,true,https://cdn.shopify.com/s/files/1/0988/5725/5244/files/extra-brede-diabetische-schoenen-zwart.jpg?v=1789029834,,,
damskie-obuwie-na-rozne-okazje,,,Czarny,,41,,,,0.0,shopify,continue,manual,324.95,464.00,true,true,https://cdn.shopify.com/s/files/1/0988/5725/5244/files/extra-brede-diabetische-schoenen-zwart.jpg?v=1789029834,,,
damskie-obuwie-na-rozne-okazje,,,Czarny,,42,,,,0.0,shopify,continue,manual,324.95,464.00,true,true,https://cdn.shopify.com/s/files/1/0988/5725/5244/files/extra-brede-diabetische-schoenen-zwart.jpg?v=1789029834,,,
damskie-obuwie-na-rozne-okazje,,,Czarny,,43,,,,0.0,shopify,continue,manual,324.95,464.00,true,true,https://cdn.shopify.com/s/files/1/0988/5725/5244/files/extra-brede-diabetische-schoenen-zwart.jpg?v=1789029834,,,
damskie-obuwie-na-rozne-okazje,,,Czarny,,44,,,,0.0,shopify,continue,manual,324.95,464.00,true,true,https://cdn.shopify.com/s/files/1/0988/5725/5244/files/extra-brede-diabetische-schoenen-zwart.jpg?v=1789029834,,,
damskie-obuwie-na-rozne-okazje,,,Beżowy,,39,,,,0.0,shopify,continue,manual,324.95,464.00,true,true,https://cdn.shopify.com/s/files/1/0988/5725/5244/files/Damskie_obuwie_na_r_ne_okazjeaas.jpg?v=1789030442,,,
damskie-obuwie-na-rozne-okazje,,,Beżowy,,40,,,,0.0,shopify,continue,manual,324.95,464.00,true,true,https://cdn.shopify.com/s/files/1/0988/5725/5244/files/Damskie_obuwie_na_r_ne_okazjeaas.jpg?v=1789030442,,,
damskie-obuwie-na-rozne-okazje,,,Beżowy,,41,,,,0.0,shopify,continue,manual,324.95,464.00,true,true,https://cdn.shopify.com/s/files/1/0988/5725/5244/files/Damskie_obuwie_na_r_ne_okazjeaas.jpg?v=1789030442,,,
damskie-obuwie-na-rozne-okazje,,,Beżowy,,42,,,,0.0,shopify,continue,manual,324.95,464.00,true,true,https://cdn.shopify.com/s/files/1/0988/5725/5244/files/Damskie_obuwie_na_r_ne_okazjeaas.jpg?v=1789030442,,,
damskie-obuwie-na-rozne-okazje,,,Beżowy,,43,,,,0.0,shopify,continue,manual,324.95,464.00,true,true,https://cdn.shopify.com/s/files/1/0988/5725/5244/files/Damskie_obuwie_na_r_ne_okazjeaas.jpg?v=1789030442,,,
damskie-obuwie-na-rozne-okazje,,,Beżowy,,44,,,,0.0,shopify,continue,manual,324.95,464.00,true,true,https://cdn.shopify.com/s/files/1/0988/5725/5244/files/Damskie_obuwie_na_r_ne_okazjeaas.jpg?v=1789030442,,,
damskie-obuwie-na-rozne-okazje,,,Niebieski,,39,,,,0.0,shopify,continue,manual,324.95,464.00,true,true,https://cdn.shopify.com/s/files/1/0988/5725/5244/files/Damskie_obuwie_na_r_ne_okazje_fg.jpg?v=1789030448,,,
damskie-obuwie-na-rozne-okazje,,,Niebieski,,40,,,,0.0,shopify,continue,manual,324.95,464.00,true,true,https://cdn.shopify.com/s/files/1/0988/5725/5244/files/Damskie_obuwie_na_r_ne_okazje_fg.jpg?v=1789030448,,,
damskie-obuwie-na-rozne-okazje,,,Niebieski,,41,,,,0.0,shopify,continue,manual,324.95,464.00,true,true,https://cdn.shopify.com/s/files/1/0988/5725/5244/files/Damskie_obuwie_na_r_ne_okazje_fg.jpg?v=1789030448,,,
damskie-obuwie-na-rozne-okazje,,,Niebieski,,42,,,,0.0,shopify,continue,manual,324.95,464.00,true,true,https://cdn.shopify.com/s/files/1/0988/5725/5244/files/Damskie_obuwie_na_r_ne_okazje_fg.jpg?v=1789030448,,,
damskie-obuwie-na-rozne-okazje,,,Niebieski,,43,,,,0.0,shopify,continue,manual,324.95,464.00,true,true,https://cdn.shopify.com/s/files/1/0988/5725/5244/files/Damskie_obuwie_na_r_ne_okazje_fg.jpg?v=1789030448,,,
damskie-obuwie-na-rozne-okazje,,,Niebieski,,44,,,,0.0,shopify,continue,manual,324.95,464.00,true,true,https://cdn.shopify.com/s/files/1/0988/5725/5244/files/Damskie_obuwie_na_r_ne_okazje_fg.jpg?v=1789030448,,,
damskie-obuwie-na-rozne-okazje,,,Szary,,36,,,,0.0,shopify,continue,manual,324.95,464.00,true,true,,,,
damskie-obuwie-na-rozne-okazje,,,Szary,,37,,,,0.0,shopify,continue,manual,324.95,464.00,true,true,,,,
damskie-obuwie-na-rozne-okazje,,,Szary,,38,,,,0.0,shopify,continue,manual,324.95,464.00,true,true,,,,
damskie-obuwie-na-rozne-okazje,,,Czarny,,36,,,,0.0,shopify,continue,manual,324.95,464.00,true,true,,,,
damskie-obuwie-na-rozne-okazje,,,Czarny,,37,,,,0.0,shopify,continue,manual,324.95,464.00,true,true,,,,
damskie-obuwie-na-rozne-okazje,,,Czarny,,38,,,,0.0,shopify,continue,manual,324.95,464.00,true,true,,,,
damskie-obuwie-na-rozne-okazje,,,Beżowy,,36,,,,0.0,shopify,continue,manual,324.95,464.00,true,true,,,,
damskie-obuwie-na-rozne-okazje,,,Beżowy,,37,,,,0.0,shopify,continue,manual,324.95,464.00,true,true,,,,
damskie-obuwie-na-rozne-okazje,,,Beżowy,,38,,,,0.0,shopify,continue,manual,324.95,464.00,true,true,,,,
damskie-obuwie-na-rozne-okazje,,,Niebieski,,36,,,,0.0,shopify,continue,manual,324.95,464.00,true,true,,,,
damskie-obuwie-na-rozne-okazje,,,Niebieski,,37,,,,0.0,shopify,continue,manual,324.95,464.00,true,true,,,,
damskie-obuwie-na-rozne-okazje,,,Niebieski,,38,,,,0.0,shopify,continue,manual,324.95,464.00,true,true,,,,
damskie-obuwie-na-rozne-okazje,,,,,,,,,,,,,,,,,,https://cdn.shopify.com/s/files/1/0988/5725/5244/files/Damskie_obuwie_na_r_ne_okazjebg.jpg?v=1789030425,1,Damskie obuwie na różne okazje
damskie-obuwie-na-rozne-okazje,,,,,,,,,,,,,,,,,,https://cdn.shopify.com/s/files/1/0988/5725/5244/files/Damskie_obuwie_na_r_ne_okazjehi.jpg?v=1789030433,2,Damskie obuwie na różne okazje
damskie-obuwie-na-rozne-okazje,,,,,,,,,,,,,,,,,,https://cdn.shopify.com/s/files/1/0988/5725/5244/files/extra-brede-diabetische-schoenen-zwart.jpg?v=1789029834,3,
damskie-obuwie-na-rozne-okazje,,,,,,,,,,,,,,,,,,https://cdn.shopify.com/s/files/1/0988/5725/5244/files/Damskie_obuwie_na_r_ne_okazjeaas.jpg?v=1789030442,4,Damskie obuwie na różne okazje
damskie-obuwie-na-rozne-okazje,,,,,,,,,,,,,,,,,,https://cdn.shopify.com/s/files/1/0988/5725/5244/files/Damskie_obuwie_na_r_ne_okazje_fg.jpg?v=1789030448,5,Damskie obuwie na różne okazje
kozaki-za-kostke-w-klasycznym-stylu,Kozaki za kostkę w klasycznym stylu,Kolor,Brązowy,Rozmiar,36,,,,0.0,shopify,continue,manual,364.95,521.00,true,true,https://cdn.shopify.com/s/files/1/0988/5725/5244/files/Kozaki_za_kostk_w_klasycznym_styluvffd.png?v=1788967099,,,
kozaki-za-kostke-w-klasycznym-stylu,,,Brązowy,,37,,,,0.0,shopify,continue,manual,364.95,521.00,true,true,https://cdn.shopify.com/s/files/1/0988/5725/5244/files/Kozaki_za_kostk_w_klasycznym_styluvffd.png?v=1788967099,,,
kozaki-za-kostke-w-klasycznym-stylu,,,Brązowy,,38,,,,0.0,shopify,continue,manual,364.95,521.00,true,true,https://cdn.shopify.com/s/files/1/0988/5725/5244/files/Kozaki_za_kostk_w_klasycznym_styluvffd.png?v=1788967099,,,
kozaki-za-kostke-w-klasycznym-stylu,,,Brązowy,,39,,,,0.0,shopify,continue,manual,364.95,521.00,true,true,https://cdn.shopify.com/s/files/1/0988/5725/5244/files/Kozaki_za_kostk_w_klasycznym_styluvffd.png?v=1788967099,,,
kozaki-za-kostke-w-klasycznym-stylu,,,Brązowy,,40,,,,0.0,shopify,continue,manual,364.95,521.00,true,true,https://cdn.shopify.com/s/files/1/0988/5725/5244/files/Kozaki_za_kostk_w_klasycznym_styluvffd.png?v=1788967099,,,
kozaki-za-kostke-w-klasycznym-stylu,,,Brązowy,,41,,,,0.0,shopify,continue,manual,364.95,521.00,true,true,https://cdn.shopify.com/s/files/1/0988/5725/5244/files/Kozaki_za_kostk_w_klasycznym_styluvffd.png?v=1788967099,,,
kozaki-za-kostke-w-klasycznym-stylu,,,Brązowy,,42,,,,0.0,shopify,continue,manual,364.95,521.00,true,true,https://cdn.shopify.com/s/files/1/0988/5725/5244/files/Kozaki_za_kostk_w_klasycznym_styluvffd.png?v=1788967099,,,
kozaki-za-kostke-w-klasycznym-stylu,,,Ciemnobrązowy,,36,,,,0.0,shopify,continue,manual,364.95,521.00,true,true,https://cdn.shopify.com/s/files/1/0988/5725/5244/files/Kozaki_za_kostk_w_klasycznym_styluvdfss.png?v=1788967208,,,
kozaki-za-kostke-w-klasycznym-stylu,,,Ciemnobrązowy,,37,,,,0.0,shopify,continue,manual,364.95,521.00,true,true,https://cdn.shopify.com/s/files/1/0988/5725/5244/files/Kozaki_za_kostk_w_klasycznym_styluvdfss.png?v=1788967208,,,
kozaki-za-kostke-w-klasycznym-stylu,,,Ciemnobrązowy,,38,,,,0.0,shopify,continue,manual,364.95,521.00,true,true,https://cdn.shopify.com/s/files/1/0988/5725/5244/files/Kozaki_za_kostk_w_klasycznym_styluvdfss.png?v=1788967208,,,
kozaki-za-kostke-w-klasycznym-stylu,,,Ciemnobrązowy,,39,,,,0.0,shopify,continue,manual,364.95,521.00,true,true,https://cdn.shopify.com/s/files/1/0988/5725/5244/files/Kozaki_za_kostk_w_klasycznym_styluvdfss.png?v=1788967208,,,
kozaki-za-kostke-w-klasycznym-stylu,,,Ciemnobrązowy,,40,,,,0.0,shopify,continue,manual,364.95,521.00,true,true,https://cdn.shopify.com/s/files/1/0988/5725/5244/files/Kozaki_za_kostk_w_klasycznym_styluvdfss.png?v=1788967208,,,
kozaki-za-kostke-w-klasycznym-stylu,,,Ciemnobrązowy,,41,,,,0.0,shopify,continue,manual,364.95,521.00,true,true,https://cdn.shopify.com/s/files/1/0988/5725/5244/files/Kozaki_za_kostk_w_klasycznym_styluvdfss.png?v=1788967208,,,
kozaki-za-kostke-w-klasycznym-stylu,,,Ciemnobrązowy,,42,,,,0.0,shopify,continue,manual,364.95,521.00,true,true,https://cdn.shopify.com/s/files/1/0988/5725/5244/files/Kozaki_za_kostk_w_klasycznym_styluvdfss.png?v=1788967208,,,
kozaki-za-kostke-w-klasycznym-stylu,,,Czarny,,36,,,,0.0,shopify,continue,manual,364.95,521.00,true,true,https://cdn.shopify.com/s/files/1/0988/5725/5244/files/Kozaki_za_kostk_w_klasycznym_styluvdd.png?v=1788967150,,,
kozaki-za-kostke-w-klasycznym-stylu,,,Czarny,,37,,,,0.0,shopify,continue,manual,364.95,521.00,true,true,https://cdn.shopify.com/s/files/1/0988/5725/5244/files/Kozaki_za_kostk_w_klasycznym_styluvdd.png?v=1788967150,,,
kozaki-za-kostke-w-klasycznym-stylu,,,Czarny,,38,,,,0.0,shopify,continue,manual,364.95,521.00,true,true,https://cdn.shopify.com/s/files/1/0988/5725/5244/files/Kozaki_za_kostk_w_klasycznym_styluvdd.png?v=1788967150,,,
kozaki-za-kostke-w-klasycznym-stylu,,,Czarny,,39,,,,0.0,shopify,continue,manual,364.95,521.00,true,true,https://cdn.shopify.com/s/files/1/0988/5725/5244/files/Kozaki_za_kostk_w_klasycznym_styluvdd.png?v=1788967150,,,
kozaki-za-kostke-w-klasycznym-stylu,,,Czarny,,40,,,,0.0,shopify,continue,manual,364.95,521.00,true,true,https://cdn.shopify.com/s/files/1/0988/5725/5244/files/Kozaki_za_kostk_w_klasycznym_styluvdd.png?v=1788967150,,,
kozaki-za-kostke-w-klasycznym-stylu,,,Czarny,,41,,,,0.0,shopify,continue,manual,364.95,521.00,true,true,https://cdn.shopify.com/s/files/1/0988/5725/5244/files/Kozaki_za_kostk_w_klasycznym_styluvdd.png?v=1788967150,,,
kozaki-za-kostke-w-klasycznym-stylu,,,Czarny,,42,,,,0.0,shopify,continue,manual,364.95,521.00,true,true,https://cdn.shopify.com/s/files/1/0988/5725/5244/files/Kozaki_za_kostk_w_klasycznym_styluvdd.png?v=1788967150,,,
kozaki-za-kostke-w-klasycznym-stylu,,,Brązowy,,43,,,,0.0,shopify,continue,manual,364.95,521.00,true,true,,,,
kozaki-za-kostke-w-klasycznym-stylu,,,Ciemnobrązowy,,43,,,,0.0,shopify,continue,manual,364.95,521.00,true,true,,,,
kozaki-za-kostke-w-klasycznym-stylu,,,Czarny,,43,,,,0.0,shopify,continue,manual,364.95,521.00,true,true,,,,
kozaki-za-kostke-w-klasycznym-stylu,,,,,,,,,,,,,,,,,,https://cdn.shopify.com/s/files/1/0988/5725/5244/files/Kozaki_za_kostk_w_klasycznym_styluvffd.png?v=1788967099,1,Kozaki za kostkę w klasycznym stylu
kozaki-za-kostke-w-klasycznym-stylu,,,,,,,,,,,,,,,,,,https://cdn.shopify.com/s/files/1/0988/5725/5244/files/Kozaki_za_kostk_w_klasycznym_styluvdsd.png?v=1788967124,2,Kozaki za kostkę w klasycznym stylu
kozaki-za-kostke-w-klasycznym-stylu,,,,,,,,,,,,,,,,,,https://cdn.shopify.com/s/files/1/0988/5725/5244/files/Kozaki_za_kostk_w_klasycznym_styluvdfer.png?v=1788967279,3,Kozaki za kostkę w klasycznym stylu
kozaki-za-kostke-w-klasycznym-stylu,,,,,,,,,,,,,,,,,,https://cdn.shopify.com/s/files/1/0988/5725/5244/files/Kozaki_za_kostk_w_klasycznym_styluvdd.png?v=1788967150,4,Kozaki za kostkę w klasycznym stylu
kozaki-za-kostke-w-klasycznym-stylu,,,,,,,,,,,,,,,,,,https://cdn.shopify.com/s/files/1/0988/5725/5244/files/Kozaki_za_kostk_w_klasycznym_styluvds.png?v=1788967163,5,Kozaki za kostkę w klasycznym stylu
kozaki-za-kostke-w-klasycznym-stylu,,,,,,,,,,,,,,,,,,https://cdn.shopify.com/s/files/1/0988/5725/5244/files/Kozaki_za_kostk_w_klasycznym_styluvdfd.png?v=1788967181,6,Kozaki za kostkę w klasycznym stylu
kozaki-za-kostke-w-klasycznym-stylu,,,,,,,,,,,,,,,,,,https://cdn.shopify.com/s/files/1/0988/5725/5244/files/Kozaki_za_kostk_w_klasycznym_stylubghyt.png?v=1788967197,7,Kozaki za kostkę w klasycznym stylu
kozaki-za-kostke-w-klasycznym-stylu,,,,,,,,,,,,,,,,,,https://cdn.shopify.com/s/files/1/0988/5725/5244/files/Kozaki_za_kostk_w_klasycznym_styluvdfss.png?v=1788967208,8,Kozaki za kostkę w klasycznym stylu
kozaki-za-kostke-w-klasycznym-stylu,,,,,,,,,,,,,,,,,,https://cdn.shopify.com/s/files/1/0988/5725/5244/files/Kozaki_za_kostk_w_klasycznym_styluded.png?v=1788967222,9,Kozaki za kostkę w klasycznym stylu
buty-za-kostke-na-chlodniejsze-dni,Buty za kostkę na chłodniejsze dni,Kolor,Czarny,Rozmiar,39,,,,0.0,shopify,continue,manual,259.95,371.00,true,true,https://cdn.shopify.com/s/files/1/0988/5725/5244/files/Buty_za_kostk_na_ch_odniejsze_dnihtt.jpg?v=1788966289,,,
buty-za-kostke-na-chlodniejsze-dni,,,Czarny,,40,,,,0.0,shopify,continue,manual,259.95,371.00,true,true,https://cdn.shopify.com/s/files/1/0988/5725/5244/files/Buty_za_kostk_na_ch_odniejsze_dnihtt.jpg?v=1788966289,,,
buty-za-kostke-na-chlodniejsze-dni,,,Czarny,,41,,,,0.0,shopify,continue,manual,259.95,371.00,true,true,https://cdn.shopify.com/s/files/1/0988/5725/5244/files/Buty_za_kostk_na_ch_odniejsze_dnihtt.jpg?v=1788966289,,,
buty-za-kostke-na-chlodniejsze-dni,,,Czarny,,42,,,,0.0,shopify,continue,manual,259.95,371.00,true,true,https://cdn.shopify.com/s/files/1/0988/5725/5244/files/Buty_za_kostk_na_ch_odniejsze_dnihtt.jpg?v=1788966289,,,
buty-za-kostke-na-chlodniejsze-dni,,,Czarny,,43,,,,0.0,shopify,continue,manual,259.95,371.00,true,true,https://cdn.shopify.com/s/files/1/0988/5725/5244/files/Buty_za_kostk_na_ch_odniejsze_dnihtt.jpg?v=1788966289,,,
buty-za-kostke-na-chlodniejsze-dni,,,Czarny,,44,,,,0.0,shopify,continue,manual,259.95,371.00,true,true,https://cdn.shopify.com/s/files/1/0988/5725/5244/files/Buty_za_kostk_na_ch_odniejsze_dnihtt.jpg?v=1788966289,,,
buty-za-kostke-na-chlodniejsze-dni,,,Brązowy,,39,,,,0.0,shopify,continue,manual,259.95,371.00,true,true,https://cdn.shopify.com/s/files/1/0988/5725/5244/files/Buty_za_kostk_na_ch_odniejsze_dnivdf4.jpg?v=1788966280,,,
buty-za-kostke-na-chlodniejsze-dni,,,Brązowy,,40,,,,0.0,shopify,continue,manual,259.95,371.00,true,true,https://cdn.shopify.com/s/files/1/0988/5725/5244/files/Buty_za_kostk_na_ch_odniejsze_dnivdf4.jpg?v=1788966280,,,
buty-za-kostke-na-chlodniejsze-dni,,,Brązowy,,41,,,,0.0,shopify,continue,manual,259.95,371.00,true,true,https://cdn.shopify.com/s/files/1/0988/5725/5244/files/Buty_za_kostk_na_ch_odniejsze_dnivdf4.jpg?v=1788966280,,,
buty-za-kostke-na-chlodniejsze-dni,,,Brązowy,,42,,,,0.0,shopify,continue,manual,259.95,371.00,true,true,https://cdn.shopify.com/s/files/1/0988/5725/5244/files/Buty_za_kostk_na_ch_odniejsze_dnivdf4.jpg?v=1788966280,,,
buty-za-kostke-na-chlodniejsze-dni,,,Brązowy,,43,,,,0.0,shopify,continue,manual,259.95,371.00,true,true,https://cdn.shopify.com/s/files/1/0988/5725/5244/files/Buty_za_kostk_na_ch_odniejsze_dnivdf4.jpg?v=1788966280,,,
buty-za-kostke-na-chlodniejsze-dni,,,Brązowy,,44,,,,0.0,shopify,continue,manual,259.95,371.00,true,true,https://cdn.shopify.com/s/files/1/0988/5725/5244/files/Buty_za_kostk_na_ch_odniejsze_dnivdf4.jpg?v=1788966280,,,
buty-za-kostke-na-chlodniejsze-dni,,,Biały,,39,,,,0.0,shopify,continue,manual,259.95,371.00,true,true,https://cdn.shopify.com/s/files/1/0988/5725/5244/files/Buty_za_kostk_na_ch_odniejsze_dnidfe.jpg?v=1788966302,,,
buty-za-kostke-na-chlodniejsze-dni,,,Biały,,40,,,,0.0,shopify,continue,manual,259.95,371.00,true,true,https://cdn.shopify.com/s/files/1/0988/5725/5244/files/Buty_za_kostk_na_ch_odniejsze_dnidfe.jpg?v=1788966302,,,
buty-za-kostke-na-chlodniejsze-dni,,,Biały,,41,,,,0.0,shopify,continue,manual,259.95,371.00,true,true,https://cdn.shopify.com/s/files/1/0988/5725/5244/files/Buty_za_kostk_na_ch_odniejsze_dnidfe.jpg?v=1788966302,,,
buty-za-kostke-na-chlodniejsze-dni,,,Biały,,42,,,,0.0,shopify,continue,manual,259.95,371.00,true,true,https://cdn.shopify.com/s/files/1/0988/5725/5244/files/Buty_za_kostk_na_ch_odniejsze_dnidfe.jpg?v=1788966302,,,
buty-za-kostke-na-chlodniejsze-dni,,,Biały,,43,,,,0.0,shopify,continue,manual,259.95,371.00,true,true,https://cdn.shopify.com/s/files/1/0988/5725/5244/files/Buty_za_kostk_na_ch_odniejsze_dnidfe.jpg?v=1788966302,,,
buty-za-kostke-na-chlodniejsze-dni,,,Biały,,44,,,,0.0,shopify,continue,manual,259.95,371.00,true,true,https://cdn.shopify.com/s/files/1/0988/5725/5244/files/Buty_za_kostk_na_ch_odniejsze_dnidfe.jpg?v=1788966302,,,
buty-za-kostke-na-chlodniejsze-dni,,,Khaki,,39,,,,0.0,shopify,continue,manual,259.95,371.00,true,true,https://cdn.shopify.com/s/files/1/0988/5725/5244/files/Buty_za_kostk_na_ch_odniejsze_dnivvr.jpg?v=1788966312,,,
buty-za-kostke-na-chlodniejsze-dni,,,Khaki,,40,,,,0.0,shopify,continue,manual,259.95,371.00,true,true,https://cdn.shopify.com/s/files/1/0988/5725/5244/files/Buty_za_kostk_na_ch_odniejsze_dnivvr.jpg?v=1788966312,,,
buty-za-kostke-na-chlodniejsze-dni,,,Khaki,,41,,,,0.0,shopify,continue,manual,259.95,371.00,true,true,https://cdn.shopify.com/s/files/1/0988/5725/5244/files/Buty_za_kostk_na_ch_odniejsze_dnivvr.jpg?v=1788966312,,,
buty-za-kostke-na-chlodniejsze-dni,,,Khaki,,42,,,,0.0,shopify,continue,manual,259.95,371.00,true,true,https://cdn.shopify.com/s/files/1/0988/5725/5244/files/Buty_za_kostk_na_ch_odniejsze_dnivvr.jpg?v=1788966312,,,
buty-za-kostke-na-chlodniejsze-dni,,,Khaki,,43,,,,0.0,shopify,continue,manual,259.95,371.00,true,true,https://cdn.shopify.com/s/files/1/0988/5725/5244/files/Buty_za_kostk_na_ch_odniejsze_dnivvr.jpg?v=1788966312,,,
buty-za-kostke-na-chlodniejsze-dni,,,Khaki,,44,,,,0.0,shopify,continue,manual,259.95,371.00,true,true,https://cdn.shopify.com/s/files/1/0988/5725/5244/files/Buty_za_kostk_na_ch_odniejsze_dnivvr.jpg?v=1788966312,,,
buty-za-kostke-na-chlodniejsze-dni,,,Niebieski,,39,,,,0.0,shopify,continue,manual,259.95,371.00,true,true,https://cdn.shopify.com/s/files/1/0988/5725/5244/files/Buty_za_kostk_na_ch_odniejsze_dnivdff4.jpg?v=1788966272,,,
buty-za-kostke-na-chlodniejsze-dni,,,Niebieski,,40,,,,0.0,shopify,continue,manual,259.95,371.00,true,true,https://cdn.shopify.com/s/files/1/0988/5725/5244/files/Buty_za_kostk_na_ch_odniejsze_dnivdff4.jpg?v=1788966272,,,
buty-za-kostke-na-chlodniejsze-dni,,,Niebieski,,41,,,,0.0,shopify,continue,manual,259.95,371.00,true,true,https://cdn.shopify.com/s/files/1/0988/5725/5244/files/Buty_za_kostk_na_ch_odniejsze_dnivdff4.jpg?v=1788966272,,,
buty-za-kostke-na-chlodniejsze-dni,,,Niebieski,,42,,,,0.0,shopify,continue,manual,259.95,371.00,true,true,https://cdn.shopify.com/s/files/1/0988/5725/5244/files/Buty_za_kostk_na_ch_odniejsze_dnivdff4.jpg?v=1788966272,,,
buty-za-kostke-na-chlodniejsze-dni,,,Niebieski,,43,,,,0.0,shopify,continue,manual,259.95,371.00,true,true,https://cdn.shopify.com/s/files/1/0988/5725/5244/files/Buty_za_kostk_na_ch_odniejsze_dnivdff4.jpg?v=1788966272,,,
buty-za-kostke-na-chlodniejsze-dni,,,Niebieski,,44,,,,0.0,shopify,continue,manual,259.95,371.00,true,true,https://cdn.shopify.com/s/files/1/0988/5725/5244/files/Buty_za_kostk_na_ch_odniejsze_dnivdff4.jpg?v=1788966272,,,
buty-za-kostke-na-chlodniejsze-dni,,,Czarny,,45,,,,0.0,shopify,continue,manual,259.95,371.00,true,true,,,,
buty-za-kostke-na-chlodniejsze-dni,,,Czarny,,46,,,,0.0,shopify,continue,manual,259.95,371.00,true,true,,,,
buty-za-kostke-na-chlodniejsze-dni,,,Brązowy,,45,,,,0.0,shopify,continue,manual,259.95,371.00,true,true,,,,
buty-za-kostke-na-chlodniejsze-dni,,,Brązowy,,46,,,,0.0,shopify,continue,manual,259.95,371.00,true,true,,,,
buty-za-kostke-na-chlodniejsze-dni,,,Biały,,45,,,,0.0,shopify,continue,manual,259.95,371.00,true,true,,,,
buty-za-kostke-na-chlodniejsze-dni,,,Biały,,46,,,,0.0,shopify,continue,manual,259.95,371.00,true,true,,,,
buty-za-kostke-na-chlodniejsze-dni,,,Khaki,,45,,,,0.0,shopify,continue,manual,259.95,371.00,true,true,,,,
buty-za-kostke-na-chlodniejsze-dni,,,Khaki,,46,,,,0.0,shopify,continue,manual,259.95,371.00,true,true,,,,
buty-za-kostke-na-chlodniejsze-dni,,,Niebieski,,45,,,,0.0,shopify,continue,manual,259.95,371.00,true,true,,,,
buty-za-kostke-na-chlodniejsze-dni,,,Niebieski,,46,,,,0.0,shopify,continue,manual,259.95,371.00,true,true,,,,
buty-za-kostke-na-chlodniejsze-dni,,,,,,,,,,,,,,,,,,https://cdn.shopify.com/s/files/1/0988/5725/5244/files/Buty_za_kostk_na_ch_odniejsze_dnibfd.png?v=1788966262,1,Buty za kostkę na chłodniejsze dni
buty-za-kostke-na-chlodniejsze-dni,,,,,,,,,,,,,,,,,,https://cdn.shopify.com/s/files/1/0988/5725/5244/files/Buty_za_kostk_na_ch_odniejsze_dnivdff4.jpg?v=1788966272,2,Buty za kostkę na chłodniejsze dni
buty-za-kostke-na-chlodniejsze-dni,,,,,,,,,,,,,,,,,,https://cdn.shopify.com/s/files/1/0988/5725/5244/files/Buty_za_kostk_na_ch_odniejsze_dnivdf4.jpg?v=1788966280,3,Buty za kostkę na chłodniejsze dni
buty-za-kostke-na-chlodniejsze-dni,,,,,,,,,,,,,,,,,,https://cdn.shopify.com/s/files/1/0988/5725/5244/files/Buty_za_kostk_na_ch_odniejsze_dnihtt.jpg?v=1788966289,4,Buty za kostkę na chłodniejsze dni
buty-za-kostke-na-chlodniejsze-dni,,,,,,,,,,,,,,,,,,https://cdn.shopify.com/s/files/1/0988/5725/5244/files/Buty_za_kostk_na_ch_odniejsze_dnidfe.jpg?v=1788966302,5,Buty za kostkę na chłodniejsze dni
buty-za-kostke-na-chlodniejsze-dni,,,,,,,,,,,,,,,,,,https://cdn.shopify.com/s/files/1/0988/5725/5244/files/Buty_za_kostk_na_ch_odniejsze_dnivvr.jpg?v=1788966312,6,Buty za kostkę na chłodniejsze dni
meskie-wysokie-buty-na-co-dzien,Męskie wysokie buty na co dzień,Kolor,Biały,Rozmiar,39,,,,0.0,shopify,continue,manual,279.95,400.00,true,true,https://cdn.shopify.com/s/files/1/0988/5725/5244/files/M_skie_wysokie_buty_na_co_dzie_vdfd4.jpg?v=1788962987,,,
meskie-wysokie-buty-na-co-dzien,,,Biały,,40,,,,0.0,shopify,continue,manual,279.95,400.00,true,true,https://cdn.shopify.com/s/files/1/0988/5725/5244/files/M_skie_wysokie_buty_na_co_dzie_vdfd4.jpg?v=1788962987,,,
meskie-wysokie-buty-na-co-dzien,,,Biały,,41,,,,0.0,shopify,continue,manual,279.95,400.00,true,true,https://cdn.shopify.com/s/files/1/0988/5725/5244/files/M_skie_wysokie_buty_na_co_dzie_vdfd4.jpg?v=1788962987,,,
meskie-wysokie-buty-na-co-dzien,,,Biały,,42,,,,0.0,shopify,continue,manual,279.95,400.00,true,true,https://cdn.shopify.com/s/files/1/0988/5725/5244/files/M_skie_wysokie_buty_na_co_dzie_vdfd4.jpg?v=1788962987,,,
meskie-wysokie-buty-na-co-dzien,,,Biały,,43,,,,0.0,shopify,continue,manual,279.95,400.00,true,true,https://cdn.shopify.com/s/files/1/0988/5725/5244/files/M_skie_wysokie_buty_na_co_dzie_vdfd4.jpg?v=1788962987,,,
meskie-wysokie-buty-na-co-dzien,,,Biały,,44,,,,0.0,shopify,continue,manual,279.95,400.00,true,true,https://cdn.shopify.com/s/files/1/0988/5725/5244/files/M_skie_wysokie_buty_na_co_dzie_vdfd4.jpg?v=1788962987,,,
meskie-wysokie-buty-na-co-dzien,,,Czarny,,39,,,,0.0,shopify,continue,manual,279.95,400.00,true,true,https://cdn.shopify.com/s/files/1/0988/5725/5244/files/M_skie_wysokie_buty_na_co_dzie_vdf6.jpg?v=1788963887,,,
meskie-wysokie-buty-na-co-dzien,,,Czarny,,40,,,,0.0,shopify,continue,manual,279.95,400.00,true,true,https://cdn.shopify.com/s/files/1/0988/5725/5244/files/M_skie_wysokie_buty_na_co_dzie_vdf6.jpg?v=1788963887,,,
meskie-wysokie-buty-na-co-dzien,,,Czarny,,41,,,,0.0,shopify,continue,manual,279.95,400.00,true,true,https://cdn.shopify.com/s/files/1/0988/5725/5244/files/M_skie_wysokie_buty_na_co_dzie_vdf6.jpg?v=1788963887,,,
meskie-wysokie-buty-na-co-dzien,,,Czarny,,42,,,,0.0,shopify,continue,manual,279.95,400.00,true,true,https://cdn.shopify.com/s/files/1/0988/5725/5244/files/M_skie_wysokie_buty_na_co_dzie_vdf6.jpg?v=1788963887,,,
meskie-wysokie-buty-na-co-dzien,,,Czarny,,43,,,,0.0,shopify,continue,manual,279.95,400.00,true,true,https://cdn.shopify.com/s/files/1/0988/5725/5244/files/M_skie_wysokie_buty_na_co_dzie_vdf6.jpg?v=1788963887,,,
meskie-wysokie-buty-na-co-dzien,,,Czarny,,44,,,,0.0,shopify,continue,manual,279.95,400.00,true,true,https://cdn.shopify.com/s/files/1/0988/5725/5244/files/M_skie_wysokie_buty_na_co_dzie_vdf6.jpg?v=1788963887,,,
meskie-wysokie-buty-na-co-dzien,,,Biały,,45,,,,0.0,shopify,continue,manual,279.95,400.00,true,true,,,,
meskie-wysokie-buty-na-co-dzien,,,Biały,,46,,,,0.0,shopify,continue,manual,279.95,400.00,true,true,,,,
meskie-wysokie-buty-na-co-dzien,,,Czarny,,45,,,,0.0,shopify,continue,manual,279.95,400.00,true,true,,,,
meskie-wysokie-buty-na-co-dzien,,,Czarny,,46,,,,0.0,shopify,continue,manual,279.95,400.00,true,true,,,,
meskie-wysokie-buty-na-co-dzien,,,,,,,,,,,,,,,,,,https://cdn.shopify.com/s/files/1/0988/5725/5244/files/M_skie_wysokie_buty_na_co_dzie_vdfd4.jpg?v=1788962987,1,Męskie wysokie buty na co dzień
meskie-wysokie-buty-na-co-dzien,,,,,,,,,,,,,,,,,,https://cdn.shopify.com/s/files/1/0988/5725/5244/files/M_skie_wysokie_buty_na_co_dzie_vfg4.jpg?v=1788962999,2,Męskie wysokie buty na co dzień
meskie-wysokie-buty-na-co-dzien,,,,,,,,,,,,,,,,,,https://cdn.shopify.com/s/files/1/0988/5725/5244/files/M_skie_wysokie_buty_na_co_dzie_vdfe3.png?v=1788963026,3,Męskie wysokie buty na co dzień
meskie-wysokie-buty-na-co-dzien,,,,,,,,,,,,,,,,,,https://cdn.shopify.com/s/files/1/0988/5725/5244/files/M_skie_wysokie_buty_na_co_dzie_vdf4.jpg?v=1788963861,4,Męskie wysokie buty na co dzień
meskie-wysokie-buty-na-co-dzien,,,,,,,,,,,,,,,,,,https://cdn.shopify.com/s/files/1/0988/5725/5244/files/M_skie_wysokie_buty_na_co_dzie_vdf6.jpg?v=1788963887,5,Męskie wysokie buty na co dzień
meskie-wysokie-buty-na-co-dzien,,,,,,,,,,,,,,,,,,https://cdn.shopify.com/s/files/1/0988/5725/5244/files/M_skie_wysokie_buty_na_co_dzie_vdzf4.png?v=1788964028,6,Męskie wysokie buty na co dzień
meskie-wysokie-buty-na-co-dzien,,,,,,,,,,,,,,,,,,https://cdn.shopify.com/s/files/1/0988/5725/5244/files/M_skie_wysokie_buty_na_co_dzie_vdf8.jpg?v=1788964042,7,Męskie wysokie buty na co dzień
meskie-wysokie-buty-na-co-dzien,,,,,,,,,,,,,,,,,,https://cdn.shopify.com/s/files/1/0988/5725/5244/files/M_skie_wysokie_buty_na_co_dzie_vdf3.jpg?v=1788964054,8,Męskie wysokie buty na co dzień
damskie-botki-na-chlodniejsze-pory-roku,Damskie botki na chłodniejsze pory roku,Kolor,Khaki,Rozmiar,36,,,,0.0,shopify,continue,manual,259.95,371.00,true,true,https://cdn.shopify.com/s/files/1/0988/5725/5244/files/Damskie_botki_na_ch_odniejsze_pory_rokuvd4.jpg?v=1788880794,,,
damskie-botki-na-chlodniejsze-pory-roku,,,Khaki,,37,,,,0.0,shopify,continue,manual,259.95,371.00,true,true,https://cdn.shopify.com/s/files/1/0988/5725/5244/files/Damskie_botki_na_ch_odniejsze_pory_rokuvd4.jpg?v=1788880794,,,
damskie-botki-na-chlodniejsze-pory-roku,,,Khaki,,38,,,,0.0,shopify,continue,manual,259.95,371.00,true,true,https://cdn.shopify.com/s/files/1/0988/5725/5244/files/Damskie_botki_na_ch_odniejsze_pory_rokuvd4.jpg?v=1788880794,,,
damskie-botki-na-chlodniejsze-pory-roku,,,Khaki,,39,,,,0.0,shopify,continue,manual,259.95,371.00,true,true,https://cdn.shopify.com/s/files/1/0988/5725/5244/files/Damskie_botki_na_ch_odniejsze_pory_rokuvd4.jpg?v=1788880794,,,
damskie-botki-na-chlodniejsze-pory-roku,,,Khaki,,40,,,,0.0,shopify,continue,manual,259.95,371.00,true,true,https://cdn.shopify.com/s/files/1/0988/5725/5244/files/Damskie_botki_na_ch_odniejsze_pory_rokuvd4.jpg?v=1788880794,,,
damskie-botki-na-chlodniejsze-pory-roku,,,Khaki,,41,,,,0.0,shopify,continue,manual,259.95,371.00,true,true,https://cdn.shopify.com/s/files/1/0988/5725/5244/files/Damskie_botki_na_ch_odniejsze_pory_rokuvd4.jpg?v=1788880794,,,
damskie-botki-na-chlodniejsze-pory-roku,,,Khaki,,42,,,,0.0,shopify,continue,manual,259.95,371.00,true,true,https://cdn.shopify.com/s/files/1/0988/5725/5244/files/Damskie_botki_na_ch_odniejsze_pory_rokuvd4.jpg?v=1788880794,,,
damskie-botki-na-chlodniejsze-pory-roku,,,Czarny,,36,,,,0.0,shopify,continue,manual,259.95,371.00,true,true,https://cdn.shopify.com/s/files/1/0988/5725/5244/files/Damskie_botki_na_ch_odniejsze_pory_rokuvdfr.jpg?v=1788880805,,,
damskie-botki-na-chlodniejsze-pory-roku,,,Czarny,,37,,,,0.0,shopify,continue,manual,259.95,371.00,true,true,https://cdn.shopify.com/s/files/1/0988/5725/5244/files/Damskie_botki_na_ch_odniejsze_pory_rokuvdfr.jpg?v=1788880805,,,
damskie-botki-na-chlodniejsze-pory-roku,,,Czarny,,38,,,,0.0,shopify,continue,manual,259.95,371.00,true,true,https://cdn.shopify.com/s/files/1/0988/5725/5244/files/Damskie_botki_na_ch_odniejsze_pory_rokuvdfr.jpg?v=1788880805,,,
damskie-botki-na-chlodniejsze-pory-roku,,,Czarny,,39,,,,0.0,shopify,continue,manual,259.95,371.00,true,true,https://cdn.shopify.com/s/files/1/0988/5725/5244/files/Damskie_botki_na_ch_odniejsze_pory_rokuvdfr.jpg?v=1788880805,,,
damskie-botki-na-chlodniejsze-pory-roku,,,Czarny,,40,,,,0.0,shopify,continue,manual,259.95,371.00,true,true,https://cdn.shopify.com/s/files/1/0988/5725/5244/files/Damskie_botki_na_ch_odniejsze_pory_rokuvdfr.jpg?v=1788880805,,,
damskie-botki-na-chlodniejsze-pory-roku,,,Czarny,,41,,,,0.0,shopify,continue,manual,259.95,371.00,true,true,https://cdn.shopify.com/s/files/1/0988/5725/5244/files/Damskie_botki_na_ch_odniejsze_pory_rokuvdfr.jpg?v=1788880805,,,
damskie-botki-na-chlodniejsze-pory-roku,,,Czarny,,42,,,,0.0,shopify,continue,manual,259.95,371.00,true,true,https://cdn.shopify.com/s/files/1/0988/5725/5244/files/Damskie_botki_na_ch_odniejsze_pory_rokuvdfr.jpg?v=1788880805,,,
damskie-botki-na-chlodniejsze-pory-roku,,,Kawa,,36,,,,0.0,shopify,continue,manual,259.95,371.00,true,true,https://cdn.shopify.com/s/files/1/0988/5725/5244/files/Damskie_botki_na_ch_odniejsze_pory_rokudvdf4.jpg?v=1788880824,,,
damskie-botki-na-chlodniejsze-pory-roku,,,Kawa,,37,,,,0.0,shopify,continue,manual,259.95,371.00,true,true,https://cdn.shopify.com/s/files/1/0988/5725/5244/files/Damskie_botki_na_ch_odniejsze_pory_rokudvdf4.jpg?v=1788880824,,,
damskie-botki-na-chlodniejsze-pory-roku,,,Kawa,,38,,,,0.0,shopify,continue,manual,259.95,371.00,true,true,https://cdn.shopify.com/s/files/1/0988/5725/5244/files/Damskie_botki_na_ch_odniejsze_pory_rokudvdf4.jpg?v=1788880824,,,
damskie-botki-na-chlodniejsze-pory-roku,,,Kawa,,39,,,,0.0,shopify,continue,manual,259.95,371.00,true,true,https://cdn.shopify.com/s/files/1/0988/5725/5244/files/Damskie_botki_na_ch_odniejsze_pory_rokudvdf4.jpg?v=1788880824,,,
damskie-botki-na-chlodniejsze-pory-roku,,,Kawa,,40,,,,0.0,shopify,continue,manual,259.95,371.00,true,true,https://cdn.shopify.com/s/files/1/0988/5725/5244/files/Damskie_botki_na_ch_odniejsze_pory_rokudvdf4.jpg?v=1788880824,,,
damskie-botki-na-chlodniejsze-pory-roku,,,Kawa,,41,,,,0.0,shopify,continue,manual,259.95,371.00,true,true,https://cdn.shopify.com/s/files/1/0988/5725/5244/files/Damskie_botki_na_ch_odniejsze_pory_rokudvdf4.jpg?v=1788880824,,,
damskie-botki-na-chlodniejsze-pory-roku,,,Kawa,,42,,,,0.0,shopify,continue,manual,259.95,371.00,true,true,https://cdn.shopify.com/s/files/1/0988/5725/5244/files/Damskie_botki_na_ch_odniejsze_pory_rokudvdf4.jpg?v=1788880824,,,
damskie-botki-na-chlodniejsze-pory-roku,,,Khaki,,43,,,,0.0,shopify,continue,manual,259.95,371.00,true,true,,,,
damskie-botki-na-chlodniejsze-pory-roku,,,Czarny,,43,,,,0.0,shopify,continue,manual,259.95,371.00,true,true,,,,
damskie-botki-na-chlodniejsze-pory-roku,,,Kawa,,43,,,,0.0,shopify,continue,manual,259.95,371.00,true,true,,,,
damskie-botki-na-chlodniejsze-pory-roku,,,,,,,,,,,,,,,,,,https://cdn.shopify.com/s/files/1/0988/5725/5244/files/Damskie_botki_na_ch_odniejsze_pory_rokuvd4.jpg?v=1788880794,1,Damskie botki na chłodniejsze pory roku
damskie-botki-na-chlodniejsze-pory-roku,,,,,,,,,,,,,,,,,,https://cdn.shopify.com/s/files/1/0988/5725/5244/files/Damskie_botki_na_ch_odniejsze_pory_rokuvdfr.jpg?v=1788880805,2,Damskie botki na chłodniejsze pory roku
damskie-botki-na-chlodniejsze-pory-roku,,,,,,,,,,,,,,,,,,https://cdn.shopify.com/s/files/1/0988/5725/5244/files/Damskie_botki_na_ch_odniejsze_pory_rokudvdf4.jpg?v=1788880824,3,Damskie botki na chłodniejsze pory roku
damskie-botki-na-chlodniejsze-pory-roku,,,,,,,,,,,,,,,,,,https://cdn.shopify.com/s/files/1/0988/5725/5244/files/Damskie_botki_na_ch_odniejsze_pory_rokuvfgt.jpg?v=1788880845,4,Damskie botki na chłodniejsze pory roku
damskie-botki-na-chlodniejsze-pory-roku,,,,,,,,,,,,,,,,,,https://cdn.shopify.com/s/files/1/0988/5725/5244/files/Damskie_botki_na_ch_odniejsze_pory_rokuvddf4.jpg?v=1788880864,5,Damskie botki na chłodniejsze pory roku
meskie-sznurowane-obuwie-na-rozne-okazje,Męskie sznurowane obuwie na różne okazje,Kolor,Granatowy,Rozmiar,39,,,,0.0,shopify,continue,manual,344.95,493.00,true,true,https://cdn.shopify.com/s/files/1/0988/5725/5244/files/M_skie_sznurowane_obuwie_na_r_ne_okazjecdzs2.jpg?v=1788879429,,,
meskie-sznurowane-obuwie-na-rozne-okazje,,,Granatowy,,40,,,,0.0,shopify,continue,manual,344.95,493.00,true,true,https://cdn.shopify.com/s/files/1/0988/5725/5244/files/M_skie_sznurowane_obuwie_na_r_ne_okazjecdzs2.jpg?v=1788879429,,,
meskie-sznurowane-obuwie-na-rozne-okazje,,,Granatowy,,41,,,,0.0,shopify,continue,manual,344.95,493.00,true,true,https://cdn.shopify.com/s/files/1/0988/5725/5244/files/M_skie_sznurowane_obuwie_na_r_ne_okazjecdzs2.jpg?v=1788879429,,,
meskie-sznurowane-obuwie-na-rozne-okazje,,,Granatowy,,42,,,,0.0,shopify,continue,manual,344.95,493.00,true,true,https://cdn.shopify.com/s/files/1/0988/5725/5244/files/M_skie_sznurowane_obuwie_na_r_ne_okazjecdzs2.jpg?v=1788879429,,,
meskie-sznurowane-obuwie-na-rozne-okazje,,,Granatowy,,43,,,,0.0,shopify,continue,manual,344.95,493.00,true,true,https://cdn.shopify.com/s/files/1/0988/5725/5244/files/M_skie_sznurowane_obuwie_na_r_ne_okazjecdzs2.jpg?v=1788879429,,,
meskie-sznurowane-obuwie-na-rozne-okazje,,,Granatowy,,44,,,,0.0,shopify,continue,manual,344.95,493.00,true,true,https://cdn.shopify.com/s/files/1/0988/5725/5244/files/M_skie_sznurowane_obuwie_na_r_ne_okazjecdzs2.jpg?v=1788879429,,,
meskie-sznurowane-obuwie-na-rozne-okazje,,,Czarny,,39,,,,0.0,shopify,continue,manual,344.95,493.00,true,true,https://cdn.shopify.com/s/files/1/0988/5725/5244/files/M_skie_sznurowane_obuwie_na_r_ne_okazjevdf4.jpg?v=1788879598,,,
meskie-sznurowane-obuwie-na-rozne-okazje,,,Czarny,,40,,,,0.0,shopify,continue,manual,344.95,493.00,true,true,https://cdn.shopify.com/s/files/1/0988/5725/5244/files/M_skie_sznurowane_obuwie_na_r_ne_okazjevdf4.jpg?v=1788879598,,,
meskie-sznurowane-obuwie-na-rozne-okazje,,,Czarny,,41,,,,0.0,shopify,continue,manual,344.95,493.00,true,true,https://cdn.shopify.com/s/files/1/0988/5725/5244/files/M_skie_sznurowane_obuwie_na_r_ne_okazjevdf4.jpg?v=1788879598,,,
meskie-sznurowane-obuwie-na-rozne-okazje,,,Czarny,,42,,,,0.0,shopify,continue,manual,344.95,493.00,true,true,https://cdn.shopify.com/s/files/1/0988/5725/5244/files/M_skie_sznurowane_obuwie_na_r_ne_okazjevdf4.jpg?v=1788879598,,,
meskie-sznurowane-obuwie-na-rozne-okazje,,,Czarny,,43,,,,0.0,shopify,continue,manual,344.95,493.00,true,true,https://cdn.shopify.com/s/files/1/0988/5725/5244/files/M_skie_sznurowane_obuwie_na_r_ne_okazjevdf4.jpg?v=1788879598,,,
meskie-sznurowane-obuwie-na-rozne-okazje,,,Czarny,,44,,,,0.0,shopify,continue,manual,344.95,493.00,true,true,https://cdn.shopify.com/s/files/1/0988/5725/5244/files/M_skie_sznurowane_obuwie_na_r_ne_okazjevdf4.jpg?v=1788879598,,,
meskie-sznurowane-obuwie-na-rozne-okazje,,,Brązowy,,39,,,,0.0,shopify,continue,manual,344.95,493.00,true,true,https://cdn.shopify.com/s/files/1/0988/5725/5244/files/M_skie_sznurowane_obuwie_na_r_ne_okazjedvbh5.jpg?v=1788879736,,,
meskie-sznurowane-obuwie-na-rozne-okazje,,,Brązowy,,40,,,,0.0,shopify,continue,manual,344.95,493.00,true,true,https://cdn.shopify.com/s/files/1/0988/5725/5244/files/M_skie_sznurowane_obuwie_na_r_ne_okazjedvbh5.jpg?v=1788879736,,,
meskie-sznurowane-obuwie-na-rozne-okazje,,,Brązowy,,41,,,,0.0,shopify,continue,manual,344.95,493.00,true,true,https://cdn.shopify.com/s/files/1/0988/5725/5244/files/M_skie_sznurowane_obuwie_na_r_ne_okazjedvbh5.jpg?v=1788879736,,,
meskie-sznurowane-obuwie-na-rozne-okazje,,,Brązowy,,42,,,,0.0,shopify,continue,manual,344.95,493.00,true,true,https://cdn.shopify.com/s/files/1/0988/5725/5244/files/M_skie_sznurowane_obuwie_na_r_ne_okazjedvbh5.jpg?v=1788879736,,,
meskie-sznurowane-obuwie-na-rozne-okazje,,,Brązowy,,43,,,,0.0,shopify,continue,manual,344.95,493.00,true,true,https://cdn.shopify.com/s/files/1/0988/5725/5244/files/M_skie_sznurowane_obuwie_na_r_ne_okazjedvbh5.jpg?v=1788879736,,,
meskie-sznurowane-obuwie-na-rozne-okazje,,,Brązowy,,44,,,,0.0,shopify,continue,manual,344.95,493.00,true,true,https://cdn.shopify.com/s/files/1/0988/5725/5244/files/M_skie_sznurowane_obuwie_na_r_ne_okazjedvbh5.jpg?v=1788879736,,,
meskie-sznurowane-obuwie-na-rozne-okazje,,,Granatowy,,45,,,,0.0,shopify,continue,manual,344.95,493.00,true,true,,,,
meskie-sznurowane-obuwie-na-rozne-okazje,,,Granatowy,,46,,,,0.0,shopify,continue,manual,344.95,493.00,true,true,,,,
meskie-sznurowane-obuwie-na-rozne-okazje,,,Czarny,,45,,,,0.0,shopify,continue,manual,344.95,493.00,true,true,,,,
meskie-sznurowane-obuwie-na-rozne-okazje,,,Czarny,,46,,,,0.0,shopify,continue,manual,344.95,493.00,true,true,,,,
meskie-sznurowane-obuwie-na-rozne-okazje,,,Brązowy,,45,,,,0.0,shopify,continue,manual,344.95,493.00,true,true,,,,
meskie-sznurowane-obuwie-na-rozne-okazje,,,Brązowy,,46,,,,0.0,shopify,continue,manual,344.95,493.00,true,true,,,,
meskie-sznurowane-obuwie-na-rozne-okazje,,,,,,,,,,,,,,,,,,https://cdn.shopify.com/s/files/1/0988/5725/5244/files/M_skie_sznurowane_obuwie_na_r_ne_okazjecdzs2.jpg?v=1788879429,1,Męskie sznurowane obuwie na różne okazje
meskie-sznurowane-obuwie-na-rozne-okazje,,,,,,,,,,,,,,,,,,https://cdn.shopify.com/s/files/1/0988/5725/5244/files/M_skie_sznurowane_obuwie_na_r_ne_okazjevds4.png?v=1788879449,2,Męskie sznurowane obuwie na różne okazje
meskie-sznurowane-obuwie-na-rozne-okazje,,,,,,,,,,,,,,,,,,https://cdn.shopify.com/s/files/1/0988/5725/5244/files/M_skie_sznurowane_obuwie_na_r_ne_okazjebfd4.png?v=1788879472,3,Męskie sznurowane obuwie na różne okazje
meskie-sznurowane-obuwie-na-rozne-okazje,,,,,,,,,,,,,,,,,,https://cdn.shopify.com/s/files/1/0988/5725/5244/files/M_skie_sznurowane_obuwie_na_r_ne_okazjedvfs3.png?v=1788879568,4,Męskie sznurowane obuwie na różne okazje
meskie-sznurowane-obuwie-na-rozne-okazje,,,,,,,,,,,,,,,,,,https://cdn.shopify.com/s/files/1/0988/5725/5244/files/M_skie_sznurowane_obuwie_na_r_ne_okazjevdf4.jpg?v=1788879598,5,Męskie sznurowane obuwie na różne okazje
meskie-sznurowane-obuwie-na-rozne-okazje,,,,,,,,,,,,,,,,,,https://cdn.shopify.com/s/files/1/0988/5725/5244/files/M_skie_sznurowane_obuwie_na_r_ne_okazjeddds3.png?v=1788879637,6,Męskie sznurowane obuwie na różne okazje
meskie-sznurowane-obuwie-na-rozne-okazje,,,,,,,,,,,,,,,,,,https://cdn.shopify.com/s/files/1/0988/5725/5244/files/M_skie_sznurowane_obuwie_na_r_ne_okazjevsdM_skie_sznurowane_obuwie_na_r_ne_okazje.png?v=1788879684,7,Męskie sznurowane obuwie na różne okazje
meskie-sznurowane-obuwie-na-rozne-okazje,,,,,,,,,,,,,,,,,,https://cdn.shopify.com/s/files/1/0988/5725/5244/files/M_skie_sznurowane_obuwie_na_r_ne_okazjedvfd4.png?v=1788879710,8,Męskie sznurowane obuwie na różne okazje
meskie-sznurowane-obuwie-na-rozne-okazje,,,,,,,,,,,,,,,,,,https://cdn.shopify.com/s/files/1/0988/5725/5244/files/M_skie_sznurowane_obuwie_na_r_ne_okazjedvbh5.jpg?v=1788879736,9,Męskie sznurowane obuwie na różne okazje
meskie-sznurowane-obuwie-na-rozne-okazje,,,,,,,,,,,,,,,,,,https://cdn.shopify.com/s/files/1/0988/5725/5244/files/M_skie_sznurowane_obuwie_na_r_ne_okazjevdd4.png?v=1788879770,10,Męskie sznurowane obuwie na różne okazje
meskie-sznurowane-obuwie-na-rozne-okazje,,,,,,,,,,,,,,,,,,https://cdn.shopify.com/s/files/1/0988/5725/5244/files/M_skie_sznurowane_obuwie_na_r_ne_okazjevddfbb4.png?v=1788879798,11,Męskie sznurowane obuwie na różne okazje
meskie-sznurowane-obuwie-na-rozne-okazje,,,,,,,,,,,,,,,,,,https://cdn.shopify.com/s/files/1/0988/5725/5244/files/M_skie_sznurowane_obuwie_na_r_ne_okazjevd45.png?v=1788879821,12,Męskie sznurowane obuwie na różne okazje
meskie-sznurowane-obuwie-na-rozne-okazje,,,,,,,,,,,,,,,,,,https://cdn.shopify.com/s/files/1/0988/5725/5244/files/M_skie_sznurowane_obuwie_na_r_ne_okazjevdd45.jpg?v=1788879859,13,Męskie sznurowane obuwie na różne okazje
meskie-sznurowane-obuwie-na-rozne-okazje,,,,,,,,,,,,,,,,,,https://cdn.shopify.com/s/files/1/0988/5725/5244/files/M_skie_sznurowane_obuwie_na_r_ne_okazjevdfd3.jpg?v=1788879880,14,Męskie sznurowane obuwie na różne okazje
kapcie-domowe-z-klasycznym-wykonczeniem,Kapcie domowe z klasycznym wykończeniem,Kolor,Brązowy,Rozmiar,39,,,,0.0,shopify,continue,manual,214.95,307.00,true,true,https://cdn.shopify.com/s/files/1/0988/5725/5244/files/Kapcie_domowe_z_klasycznym_wyko_czeniemvdsd.png?v=1788792185,,,
kapcie-domowe-z-klasycznym-wykonczeniem,,,Brązowy,,40,,,,0.0,shopify,continue,manual,214.95,307.00,true,true,https://cdn.shopify.com/s/files/1/0988/5725/5244/files/Kapcie_domowe_z_klasycznym_wyko_czeniemvdsd.png?v=1788792185,,,
kapcie-domowe-z-klasycznym-wykonczeniem,,,Brązowy,,41,,,,0.0,shopify,continue,manual,214.95,307.00,true,true,https://cdn.shopify.com/s/files/1/0988/5725/5244/files/Kapcie_domowe_z_klasycznym_wyko_czeniemvdsd.png?v=1788792185,,,
kapcie-domowe-z-klasycznym-wykonczeniem,,,Brązowy,,42,,,,0.0,shopify,continue,manual,214.95,307.00,true,true,https://cdn.shopify.com/s/files/1/0988/5725/5244/files/Kapcie_domowe_z_klasycznym_wyko_czeniemvdsd.png?v=1788792185,,,
kapcie-domowe-z-klasycznym-wykonczeniem,,,Brązowy,,43,,,,0.0,shopify,continue,manual,214.95,307.00,true,true,https://cdn.shopify.com/s/files/1/0988/5725/5244/files/Kapcie_domowe_z_klasycznym_wyko_czeniemvdsd.png?v=1788792185,,,
kapcie-domowe-z-klasycznym-wykonczeniem,,,Brązowy,,44,,,,0.0,shopify,continue,manual,214.95,307.00,true,true,https://cdn.shopify.com/s/files/1/0988/5725/5244/files/Kapcie_domowe_z_klasycznym_wyko_czeniemvdsd.png?v=1788792185,,,
kapcie-domowe-z-klasycznym-wykonczeniem,,,Szary,,39,,,,0.0,shopify,continue,manual,214.95,307.00,true,true,https://cdn.shopify.com/s/files/1/0988/5725/5244/files/Kapcie_domowe_z_klasycznym_wyko_czeniemvds.png?v=1788790312,,,
kapcie-domowe-z-klasycznym-wykonczeniem,,,Szary,,40,,,,0.0,shopify,continue,manual,214.95,307.00,true,true,https://cdn.shopify.com/s/files/1/0988/5725/5244/files/Kapcie_domowe_z_klasycznym_wyko_czeniemvds.png?v=1788790312,,,
kapcie-domowe-z-klasycznym-wykonczeniem,,,Szary,,41,,,,0.0,shopify,continue,manual,214.95,307.00,true,true,https://cdn.shopify.com/s/files/1/0988/5725/5244/files/Kapcie_domowe_z_klasycznym_wyko_czeniemvds.png?v=1788790312,,,
kapcie-domowe-z-klasycznym-wykonczeniem,,,Szary,,42,,,,0.0,shopify,continue,manual,214.95,307.00,true,true,https://cdn.shopify.com/s/files/1/0988/5725/5244/files/Kapcie_domowe_z_klasycznym_wyko_czeniemvds.png?v=1788790312,,,
kapcie-domowe-z-klasycznym-wykonczeniem,,,Szary,,43,,,,0.0,shopify,continue,manual,214.95,307.00,true,true,https://cdn.shopify.com/s/files/1/0988/5725/5244/files/Kapcie_domowe_z_klasycznym_wyko_czeniemvds.png?v=1788790312,,,
kapcie-domowe-z-klasycznym-wykonczeniem,,,Szary,,44,,,,0.0,shopify,continue,manual,214.95,307.00,true,true,https://cdn.shopify.com/s/files/1/0988/5725/5244/files/Kapcie_domowe_z_klasycznym_wyko_czeniemvds.png?v=1788790312,,,
kapcie-domowe-z-klasycznym-wykonczeniem,,,Czarny,,39,,,,0.0,shopify,continue,manual,214.95,307.00,true,true,https://cdn.shopify.com/s/files/1/0988/5725/5244/files/Kapcie_domowe_z_klasycznym_wyko_czeniemjncjsj.png?v=1788797562,,,
kapcie-domowe-z-klasycznym-wykonczeniem,,,Czarny,,40,,,,0.0,shopify,continue,manual,214.95,307.00,true,true,https://cdn.shopify.com/s/files/1/0988/5725/5244/files/Kapcie_domowe_z_klasycznym_wyko_czeniemjncjsj.png?v=1788797562,,,
kapcie-domowe-z-klasycznym-wykonczeniem,,,Czarny,,41,,,,0.0,shopify,continue,manual,214.95,307.00,true,true,https://cdn.shopify.com/s/files/1/0988/5725/5244/files/Kapcie_domowe_z_klasycznym_wyko_czeniemjncjsj.png?v=1788797562,,,
kapcie-domowe-z-klasycznym-wykonczeniem,,,Czarny,,42,,,,0.0,shopify,continue,manual,214.95,307.00,true,true,https://cdn.shopify.com/s/files/1/0988/5725/5244/files/Kapcie_domowe_z_klasycznym_wyko_czeniemjncjsj.png?v=1788797562,,,
kapcie-domowe-z-klasycznym-wykonczeniem,,,Czarny,,43,,,,0.0,shopify,continue,manual,214.95,307.00,true,true,https://cdn.shopify.com/s/files/1/0988/5725/5244/files/Kapcie_domowe_z_klasycznym_wyko_czeniemjncjsj.png?v=1788797562,,,
kapcie-domowe-z-klasycznym-wykonczeniem,,,Czarny,,44,,,,0.0,shopify,continue,manual,214.95,307.00,true,true,https://cdn.shopify.com/s/files/1/0988/5725/5244/files/Kapcie_domowe_z_klasycznym_wyko_czeniemjncjsj.png?v=1788797562,,,
kapcie-domowe-z-klasycznym-wykonczeniem,,,Niebieski,,39,,,,0.0,shopify,continue,manual,214.95,307.00,true,true,https://cdn.shopify.com/s/files/1/0988/5725/5244/files/Kapcie_domowe_z_klasycznym_wyko_czeniemvssza.png?v=1788790357,,,
kapcie-domowe-z-klasycznym-wykonczeniem,,,Niebieski,,40,,,,0.0,shopify,continue,manual,214.95,307.00,true,true,https://cdn.shopify.com/s/files/1/0988/5725/5244/files/Kapcie_domowe_z_klasycznym_wyko_czeniemvssza.png?v=1788790357,,,
kapcie-domowe-z-klasycznym-wykonczeniem,,,Niebieski,,41,,,,0.0,shopify,continue,manual,214.95,307.00,true,true,https://cdn.shopify.com/s/files/1/0988/5725/5244/files/Kapcie_domowe_z_klasycznym_wyko_czeniemvssza.png?v=1788790357,,,
kapcie-domowe-z-klasycznym-wykonczeniem,,,Niebieski,,42,,,,0.0,shopify,continue,manual,214.95,307.00,true,true,https://cdn.shopify.com/s/files/1/0988/5725/5244/files/Kapcie_domowe_z_klasycznym_wyko_czeniemvssza.png?v=1788790357,,,
kapcie-domowe-z-klasycznym-wykonczeniem,,,Niebieski,,43,,,,0.0,shopify,continue,manual,214.95,307.00,true,true,https://cdn.shopify.com/s/files/1/0988/5725/5244/files/Kapcie_domowe_z_klasycznym_wyko_czeniemvssza.png?v=1788790357,,,
kapcie-domowe-z-klasycznym-wykonczeniem,,,Niebieski,,44,,,,0.0,shopify,continue,manual,214.95,307.00,true,true,https://cdn.shopify.com/s/files/1/0988/5725/5244/files/Kapcie_domowe_z_klasycznym_wyko_czeniemvssza.png?v=1788790357,,,
kapcie-domowe-z-klasycznym-wykonczeniem,,,Brązowy,,45,,,,0.0,shopify,continue,manual,214.95,307.00,true,true,,,,
kapcie-domowe-z-klasycznym-wykonczeniem,,,Brązowy,,46,,,,0.0,shopify,continue,manual,214.95,307.00,true,true,,,,
kapcie-domowe-z-klasycznym-wykonczeniem,,,Szary,,45,,,,0.0,shopify,continue,manual,214.95,307.00,true,true,,,,
kapcie-domowe-z-klasycznym-wykonczeniem,,,Szary,,46,,,,0.0,shopify,continue,manual,214.95,307.00,true,true,,,,
kapcie-domowe-z-klasycznym-wykonczeniem,,,Czarny,,45,,,,0.0,shopify,continue,manual,214.95,307.00,true,true,,,,
kapcie-domowe-z-klasycznym-wykonczeniem,,,Czarny,,46,,,,0.0,shopify,continue,manual,214.95,307.00,true,true,,,,
kapcie-domowe-z-klasycznym-wykonczeniem,,,Niebieski,,45,,,,0.0,shopify,continue,manual,214.95,307.00,true,true,,,,
kapcie-domowe-z-klasycznym-wykonczeniem,,,Niebieski,,46,,,,0.0,shopify,continue,manual,214.95,307.00,true,true,,,,
kapcie-domowe-z-klasycznym-wykonczeniem,,,,,,,,,,,,,,,,,,https://cdn.shopify.com/s/files/1/0988/5725/5244/files/Kapcie_domowe_z_klasycznym_wyko_czeniemdsdsd.png?v=1788790208,1,Kapcie domowe z klasycznym wykończeniem
kapcie-domowe-z-klasycznym-wykonczeniem,,,,,,,,,,,,,,,,,,https://cdn.shopify.com/s/files/1/0988/5725/5244/files/Kapcie_domowe_z_klasycznym_wyko_czeniemvdsds.png?v=1788790249,2,Kapcie domowe z klasycznym wykończeniem
kapcie-domowe-z-klasycznym-wykonczeniem,,,,,,,,,,,,,,,,,,https://cdn.shopify.com/s/files/1/0988/5725/5244/files/vcxc.png?v=1788790679,3,Kapcie domowe z klasycznym wykończeniem
kapcie-domowe-z-klasycznym-wykonczeniem,,,,,,,,,,,,,,,,,,https://cdn.shopify.com/s/files/1/0988/5725/5244/files/Kapcie_domowe_z_klasycznym_wyko_czeniemcxzx.png?v=1788790805,4,Kapcie domowe z klasycznym wykończeniem
kapcie-domowe-z-klasycznym-wykonczeniem,,,,,,,,,,,,,,,,,,https://cdn.shopify.com/s/files/1/0988/5725/5244/files/Kapcie_domowe_z_klasycznym_wyko_czeniemvds.png?v=1788790312,5,Kapcie domowe z klasycznym wykończeniem
kapcie-domowe-z-klasycznym-wykonczeniem,,,,,,,,,,,,,,,,,,https://cdn.shopify.com/s/files/1/0988/5725/5244/files/Kapcie_domowe_z_klasycznym_wyko_czeniemvsas.png?v=1788790338,6,Kapcie domowe z klasycznym wykończeniem
kapcie-domowe-z-klasycznym-wykonczeniem,,,,,,,,,,,,,,,,,,https://cdn.shopify.com/s/files/1/0988/5725/5244/files/Kapcie_domowe_z_klasycznym_wyko_czeniemvssza.png?v=1788790357,7,Kapcie domowe z klasycznym wykończeniem
kapcie-domowe-z-klasycznym-wykonczeniem,,,,,,,,,,,,,,,,,,https://cdn.shopify.com/s/files/1/0988/5725/5244/files/Kapcie_domowe_z_klasycznym_wyko_czeniemvdsd.png?v=1788792185,8,Kapcie domowe z klasycznym wykończeniem
kapcie-domowe-z-klasycznym-wykonczeniem,,,,,,,,,,,,,,,,,,https://cdn.shopify.com/s/files/1/0988/5725/5244/files/Kapcie_domowe_z_klasycznym_wyko_czeniemjncjsj.png?v=1788797562,9,Kapcie domowe z klasycznym wykończeniem
damskie-kapcie-domowe-na-co-dzien,Damskie kapcie domowe na co dzień,Kolor,Jasnoszary,Rozmiar,36,,,,0.0,shopify,continue,manual,194.95,279.00,true,true,https://cdn.shopify.com/s/files/1/0988/5725/5244/files/Damskie_kapcie_domowe_na_co_dzie_Damskie_kapcie_domowe_na_co_dzie_ds.png?v=1788790026,,,
damskie-kapcie-domowe-na-co-dzien,,,Jasnoszary,,37,,,,0.0,shopify,continue,manual,194.95,279.00,true,true,https://cdn.shopify.com/s/files/1/0988/5725/5244/files/Damskie_kapcie_domowe_na_co_dzie_Damskie_kapcie_domowe_na_co_dzie_ds.png?v=1788790026,,,
damskie-kapcie-domowe-na-co-dzien,,,Jasnoszary,,38,,,,0.0,shopify,continue,manual,194.95,279.00,true,true,https://cdn.shopify.com/s/files/1/0988/5725/5244/files/Damskie_kapcie_domowe_na_co_dzie_Damskie_kapcie_domowe_na_co_dzie_ds.png?v=1788790026,,,
damskie-kapcie-domowe-na-co-dzien,,,Jasnoszary,,39,,,,0.0,shopify,continue,manual,194.95,279.00,true,true,https://cdn.shopify.com/s/files/1/0988/5725/5244/files/Damskie_kapcie_domowe_na_co_dzie_Damskie_kapcie_domowe_na_co_dzie_ds.png?v=1788790026,,,
damskie-kapcie-domowe-na-co-dzien,,,Jasnoszary,,40,,,,0.0,shopify,continue,manual,194.95,279.00,true,true,https://cdn.shopify.com/s/files/1/0988/5725/5244/files/Damskie_kapcie_domowe_na_co_dzie_Damskie_kapcie_domowe_na_co_dzie_ds.png?v=1788790026,,,
damskie-kapcie-domowe-na-co-dzien,,,Jasnoszary,,41,,,,0.0,shopify,continue,manual,194.95,279.00,true,true,https://cdn.shopify.com/s/files/1/0988/5725/5244/files/Damskie_kapcie_domowe_na_co_dzie_Damskie_kapcie_domowe_na_co_dzie_ds.png?v=1788790026,,,
damskie-kapcie-domowe-na-co-dzien,,,Jasnoszary,,42,,,,0.0,shopify,continue,manual,194.95,279.00,true,true,https://cdn.shopify.com/s/files/1/0988/5725/5244/files/Damskie_kapcie_domowe_na_co_dzie_Damskie_kapcie_domowe_na_co_dzie_ds.png?v=1788790026,,,
damskie-kapcie-domowe-na-co-dzien,,,Brązowy,,38,,,,0.0,shopify,continue,manual,194.95,279.00,true,true,https://cdn.shopify.com/s/files/1/0988/5725/5244/files/Damskie_kapcie_domowe_na_co_dzie_bfgfs.png?v=1788790000,,,
damskie-kapcie-domowe-na-co-dzien,,,Brązowy,,39,,,,0.0,shopify,continue,manual,194.95,279.00,true,true,https://cdn.shopify.com/s/files/1/0988/5725/5244/files/Damskie_kapcie_domowe_na_co_dzie_bfgfs.png?v=1788790000,,,
damskie-kapcie-domowe-na-co-dzien,,,Brązowy,,40,,,,0.0,shopify,continue,manual,194.95,279.00,true,true,https://cdn.shopify.com/s/files/1/0988/5725/5244/files/Damskie_kapcie_domowe_na_co_dzie_bfgfs.png?v=1788790000,,,
damskie-kapcie-domowe-na-co-dzien,,,Brązowy,,41,,,,0.0,shopify,continue,manual,194.95,279.00,true,true,https://cdn.shopify.com/s/files/1/0988/5725/5244/files/Damskie_kapcie_domowe_na_co_dzie_bfgfs.png?v=1788790000,,,
damskie-kapcie-domowe-na-co-dzien,,,Brązowy,,42,,,,0.0,shopify,continue,manual,194.95,279.00,true,true,https://cdn.shopify.com/s/files/1/0988/5725/5244/files/Damskie_kapcie_domowe_na_co_dzie_bfgfs.png?v=1788790000,,,
damskie-kapcie-domowe-na-co-dzien,,,Czerwony,,36,,,,0.0,shopify,continue,manual,194.95,279.00,true,true,https://cdn.shopify.com/s/files/1/0988/5725/5244/files/Damskie_kapcie_domowe_na_co_dzie_vsdd.png?v=1788789960,,,
damskie-kapcie-domowe-na-co-dzien,,,Czerwony,,37,,,,0.0,shopify,continue,manual,194.95,279.00,true,true,https://cdn.shopify.com/s/files/1/0988/5725/5244/files/Damskie_kapcie_domowe_na_co_dzie_vsdd.png?v=1788789960,,,
damskie-kapcie-domowe-na-co-dzien,,,Czerwony,,38,,,,0.0,shopify,continue,manual,194.95,279.00,true,true,https://cdn.shopify.com/s/files/1/0988/5725/5244/files/Damskie_kapcie_domowe_na_co_dzie_vsdd.png?v=1788789960,,,
damskie-kapcie-domowe-na-co-dzien,,,Czerwony,,41,,,,0.0,shopify,continue,manual,194.95,279.00,true,true,https://cdn.shopify.com/s/files/1/0988/5725/5244/files/Damskie_kapcie_domowe_na_co_dzie_vsdd.png?v=1788789960,,,
damskie-kapcie-domowe-na-co-dzien,,,Czerwony,,42,,,,0.0,shopify,continue,manual,194.95,279.00,true,true,https://cdn.shopify.com/s/files/1/0988/5725/5244/files/Damskie_kapcie_domowe_na_co_dzie_vsdd.png?v=1788789960,,,
damskie-kapcie-domowe-na-co-dzien,,,Różowy,,36,,,,0.0,shopify,continue,manual,194.95,279.00,true,true,https://cdn.shopify.com/s/files/1/0988/5725/5244/files/Damskie_kapcie_domowe_na_co_dzie_vdsd.png?v=1788789970,,,
damskie-kapcie-domowe-na-co-dzien,,,Różowy,,37,,,,0.0,shopify,continue,manual,194.95,279.00,true,true,https://cdn.shopify.com/s/files/1/0988/5725/5244/files/Damskie_kapcie_domowe_na_co_dzie_vdsd.png?v=1788789970,,,
damskie-kapcie-domowe-na-co-dzien,,,Różowy,,38,,,,0.0,shopify,continue,manual,194.95,279.00,true,true,https://cdn.shopify.com/s/files/1/0988/5725/5244/files/Damskie_kapcie_domowe_na_co_dzie_vdsd.png?v=1788789970,,,
damskie-kapcie-domowe-na-co-dzien,,,Różowy,,41,,,,0.0,shopify,continue,manual,194.95,279.00,true,true,https://cdn.shopify.com/s/files/1/0988/5725/5244/files/Damskie_kapcie_domowe_na_co_dzie_vdsd.png?v=1788789970,,,
damskie-kapcie-domowe-na-co-dzien,,,Różowy,,42,,,,0.0,shopify,continue,manual,194.95,279.00,true,true,https://cdn.shopify.com/s/files/1/0988/5725/5244/files/Damskie_kapcie_domowe_na_co_dzie_vdsd.png?v=1788789970,,,
damskie-kapcie-domowe-na-co-dzien,,,Jasnoszary,,43,,,,0.0,shopify,continue,manual,194.95,279.00,true,true,,,,
damskie-kapcie-domowe-na-co-dzien,,,Brązowy,,43,,,,0.0,shopify,continue,manual,194.95,279.00,true,true,,,,
damskie-kapcie-domowe-na-co-dzien,,,Czerwony,,43,,,,0.0,shopify,continue,manual,194.95,279.00,true,true,,,,
damskie-kapcie-domowe-na-co-dzien,,,Różowy,,43,,,,0.0,shopify,continue,manual,194.95,279.00,true,true,,,,
damskie-kapcie-domowe-na-co-dzien,,,,,,,,,,,,,,,,,,https://cdn.shopify.com/s/files/1/0988/5725/5244/files/Damskie_kapcie_domowe_na_co_dzie_vsd.png?v=1788789905,1,Damskie kapcie domowe na co dzień
damskie-kapcie-domowe-na-co-dzien,,,,,,,,,,,,,,,,,,https://cdn.shopify.com/s/files/1/0988/5725/5244/files/Damskie_kapcie_domowe_na_co_dzie_vsdd.png?v=1788789960,2,Damskie kapcie domowe na co dzień
damskie-kapcie-domowe-na-co-dzien,,,,,,,,,,,,,,,,,,https://cdn.shopify.com/s/files/1/0988/5725/5244/files/Damskie_kapcie_domowe_na_co_dzie_vdsd.png?v=1788789970,3,Damskie kapcie domowe na co dzień
damskie-kapcie-domowe-na-co-dzien,,,,,,,,,,,,,,,,,,https://cdn.shopify.com/s/files/1/0988/5725/5244/files/Damskie_kapcie_domowe_na_co_dzie_bfgfs.png?v=1788790000,4,Damskie kapcie domowe na co dzień
damskie-kapcie-domowe-na-co-dzien,,,,,,,,,,,,,,,,,,https://cdn.shopify.com/s/files/1/0988/5725/5244/files/Damskie_kapcie_domowe_na_co_dzie_Damskie_kapcie_domowe_na_co_dzie_ds.png?v=1788790026,5,Damskie kapcie domowe na co dzień
damskie-kapcie-domowe-na-co-dzien,,,,,,,,,,,,,,,,,,https://cdn.shopify.com/s/files/1/0988/5725/5244/files/Damskie_kapcie_domowe_na_co_dzie_bshbsh.png?v=1788790086,6,Damskie kapcie domowe na co dzień
damskie-kapcie-domowe-na-co-dzien,,,,,,,,,,,,,,,,,,https://cdn.shopify.com/s/files/1/0988/5725/5244/files/Damskie_kapcie_domowe_na_co_dzie_nhs.png?v=1788790128,7,Damskie kapcie domowe na co dzień
meskie-sneakersy-wiazane-na-co-dzien,Męskie sneakersy wiązane na co dzień,Kolor,Beżowy,Rozmiar,39,,,,0.0,shopify,continue,manual,194.95,279.00,true,true,https://cdn.shopify.com/s/files/1/0988/5725/5244/files/M_skie_sneakersy_sznurowane_na_co_dzie_vdsf.jpg?v=1788788131,,,
meskie-sneakersy-wiazane-na-co-dzien,,,Beżowy,,40,,,,0.0,shopify,continue,manual,194.95,279.00,true,true,https://cdn.shopify.com/s/files/1/0988/5725/5244/files/M_skie_sneakersy_sznurowane_na_co_dzie_vsd.jpg?v=1788788144,,,
meskie-sneakersy-wiazane-na-co-dzien,,,Beżowy,,41,,,,0.0,shopify,continue,manual,194.95,279.00,true,true,https://cdn.shopify.com/s/files/1/0988/5725/5244/files/M_skie_sneakersy_sznurowane_na_co_dzie_vsd.jpg?v=1788788144,,,
meskie-sneakersy-wiazane-na-co-dzien,,,Beżowy,,42,,,,0.0,shopify,continue,manual,194.95,279.00,true,true,https://cdn.shopify.com/s/files/1/0988/5725/5244/files/M_skie_sneakersy_sznurowane_na_co_dzie_vsd.jpg?v=1788788144,,,
meskie-sneakersy-wiazane-na-co-dzien,,,Beżowy,,43,,,,0.0,shopify,continue,manual,194.95,279.00,true,true,https://cdn.shopify.com/s/files/1/0988/5725/5244/files/M_skie_sneakersy_sznurowane_na_co_dzie_vsd.jpg?v=1788788144,,,
meskie-sneakersy-wiazane-na-co-dzien,,,Beżowy,,44,,,,0.0,shopify,continue,manual,194.95,279.00,true,true,https://cdn.shopify.com/s/files/1/0988/5725/5244/files/M_skie_sneakersy_sznurowane_na_co_dzie_vsd.jpg?v=1788788144,,,
meskie-sneakersy-wiazane-na-co-dzien,,,Czarny,,39,,,,0.0,shopify,continue,manual,194.95,279.00,true,true,https://cdn.shopify.com/s/files/1/0988/5725/5244/files/M_skie_sneakersy_sznurowane_na_co_dzie_vs.jpg?v=1788788080,,,
meskie-sneakersy-wiazane-na-co-dzien,,,Czarny,,40,,,,0.0,shopify,continue,manual,194.95,279.00,true,true,https://cdn.shopify.com/s/files/1/0988/5725/5244/files/M_skie_sneakersy_sznurowane_na_co_dzie_vs.jpg?v=1788788080,,,
meskie-sneakersy-wiazane-na-co-dzien,,,Czarny,,41,,,,0.0,shopify,continue,manual,194.95,279.00,true,true,https://cdn.shopify.com/s/files/1/0988/5725/5244/files/M_skie_sneakersy_sznurowane_na_co_dzie_vs.jpg?v=1788788080,,,
meskie-sneakersy-wiazane-na-co-dzien,,,Czarny,,42,,,,0.0,shopify,continue,manual,194.95,279.00,true,true,https://cdn.shopify.com/s/files/1/0988/5725/5244/files/M_skie_sneakersy_sznurowane_na_co_dzie_vs.jpg?v=1788788080,,,
meskie-sneakersy-wiazane-na-co-dzien,,,Czarny,,43,,,,0.0,shopify,continue,manual,194.95,279.00,true,true,https://cdn.shopify.com/s/files/1/0988/5725/5244/files/M_skie_sneakersy_sznurowane_na_co_dzie_vs.jpg?v=1788788080,,,
meskie-sneakersy-wiazane-na-co-dzien,,,Czarny,,44,,,,0.0,shopify,continue,manual,194.95,279.00,true,true,https://cdn.shopify.com/s/files/1/0988/5725/5244/files/M_skie_sneakersy_sznurowane_na_co_dzie_vs.jpg?v=1788788080,,,
meskie-sneakersy-wiazane-na-co-dzien,,,Biały,,39,,,,0.0,shopify,continue,manual,194.95,279.00,true,true,https://cdn.shopify.com/s/files/1/0988/5725/5244/files/M_skie_sneakersy_sznurowane_na_co_dzie_vssw.jpg?v=1788788117,,,
meskie-sneakersy-wiazane-na-co-dzien,,,Biały,,40,,,,0.0,shopify,continue,manual,194.95,279.00,true,true,https://cdn.shopify.com/s/files/1/0988/5725/5244/files/M_skie_sneakersy_sznurowane_na_co_dzie_vssw.jpg?v=1788788117,,,
meskie-sneakersy-wiazane-na-co-dzien,,,Biały,,41,,,,0.0,shopify,continue,manual,194.95,279.00,true,true,https://cdn.shopify.com/s/files/1/0988/5725/5244/files/M_skie_sneakersy_sznurowane_na_co_dzie_vssw.jpg?v=1788788117,,,
meskie-sneakersy-wiazane-na-co-dzien,,,Biały,,42,,,,0.0,shopify,continue,manual,194.95,279.00,true,true,https://cdn.shopify.com/s/files/1/0988/5725/5244/files/M_skie_sneakersy_sznurowane_na_co_dzie_vssw.jpg?v=1788788117,,,
meskie-sneakersy-wiazane-na-co-dzien,,,Biały,,43,,,,0.0,shopify,continue,manual,194.95,279.00,true,true,https://cdn.shopify.com/s/files/1/0988/5725/5244/files/M_skie_sneakersy_sznurowane_na_co_dzie_vssw.jpg?v=1788788117,,,
meskie-sneakersy-wiazane-na-co-dzien,,,Biały,,44,,,,0.0,shopify,continue,manual,194.95,279.00,true,true,https://cdn.shopify.com/s/files/1/0988/5725/5244/files/M_skie_sneakersy_sznurowane_na_co_dzie_vssw.jpg?v=1788788117,,,
meskie-sneakersy-wiazane-na-co-dzien,,,Beżowy,,45,,,,0.0,shopify,continue,manual,194.95,279.00,true,true,,,,
meskie-sneakersy-wiazane-na-co-dzien,,,Beżowy,,46,,,,0.0,shopify,continue,manual,194.95,279.00,true,true,,,,
meskie-sneakersy-wiazane-na-co-dzien,,,Czarny,,45,,,,0.0,shopify,continue,manual,194.95,279.00,true,true,,,,
meskie-sneakersy-wiazane-na-co-dzien,,,Czarny,,46,,,,0.0,shopify,continue,manual,194.95,279.00,true,true,,,,
meskie-sneakersy-wiazane-na-co-dzien,,,Biały,,45,,,,0.0,shopify,continue,manual,194.95,279.00,true,true,,,,
meskie-sneakersy-wiazane-na-co-dzien,,,Biały,,46,,,,0.0,shopify,continue,manual,194.95,279.00,true,true,,,,
meskie-sneakersy-wiazane-na-co-dzien,,,,,,,,,,,,,,,,,,https://cdn.shopify.com/s/files/1/0988/5725/5244/files/M_skie_sneakersy_sznurowane_na_co_dzie_vs.jpg?v=1788788080,1,Męskie sneakersy sznurowane na co dzień
meskie-sneakersy-wiazane-na-co-dzien,,,,,,,,,,,,,,,,,,https://cdn.shopify.com/s/files/1/0988/5725/5244/files/M_skie_sneakersy_sznurowane_na_co_dzie_csd.jpg?v=1788788100,2,Męskie sneakersy sznurowane na co dzień
meskie-sneakersy-wiazane-na-co-dzien,,,,,,,,,,,,,,,,,,https://cdn.shopify.com/s/files/1/0988/5725/5244/files/M_skie_sneakersy_sznurowane_na_co_dzie_vssw.jpg?v=1788788117,3,Męskie sneakersy sznurowane na co dzień
meskie-sneakersy-wiazane-na-co-dzien,,,,,,,,,,,,,,,,,,https://cdn.shopify.com/s/files/1/0988/5725/5244/files/M_skie_sneakersy_sznurowane_na_co_dzie_vdsf.jpg?v=1788788131,4,Męskie sneakersy sznurowane na co dzień
meskie-sneakersy-wiazane-na-co-dzien,,,,,,,,,,,,,,,,,,https://cdn.shopify.com/s/files/1/0988/5725/5244/files/M_skie_sneakersy_sznurowane_na_co_dzie_vsd.jpg?v=1788788144,5,Męskie sneakersy sznurowane na co dzień
meskie-sneakersy-wiazane-na-co-dzien,,,,,,,,,,,,,,,,,,https://cdn.shopify.com/s/files/1/0988/5725/5244/files/M_skie_sneakersy_sznurowane_na_co_dzie_ssd.jpg?v=1788788157,6,Męskie sneakersy sznurowane na co dzień
meskie-buty-wsuwane-na-co-dzien,Męskie buty wsuwane na co dzień,Kolor,Brązowy,Rozmiar,39,,,,0.0,shopify,continue,manual,154.95,221.00,true,true,https://cdn.shopify.com/s/files/1/0988/5725/5244/files/M_skie_buty_wsuwane_na_co_dzie_vdfdsd.png?v=1788698891,,,
meskie-buty-wsuwane-na-co-dzien,,,Brązowy,,40,,,,0.0,shopify,continue,manual,154.95,221.00,true,true,https://cdn.shopify.com/s/files/1/0988/5725/5244/files/M_skie_buty_wsuwane_na_co_dzie_vdfdsd.png?v=1788698891,,,
meskie-buty-wsuwane-na-co-dzien,,,Brązowy,,41,,,,0.0,shopify,continue,manual,154.95,221.00,true,true,https://cdn.shopify.com/s/files/1/0988/5725/5244/files/M_skie_buty_wsuwane_na_co_dzie_vdfdsd.png?v=1788698891,,,
meskie-buty-wsuwane-na-co-dzien,,,Brązowy,,42,,,,0.0,shopify,continue,manual,154.95,221.00,true,true,https://cdn.shopify.com/s/files/1/0988/5725/5244/files/M_skie_buty_wsuwane_na_co_dzie_vdfdsd.png?v=1788698891,,,
meskie-buty-wsuwane-na-co-dzien,,,Brązowy,,43,,,,0.0,shopify,continue,manual,154.95,221.00,true,true,https://cdn.shopify.com/s/files/1/0988/5725/5244/files/M_skie_buty_wsuwane_na_co_dzie_vdfdsd.png?v=1788698891,,,
meskie-buty-wsuwane-na-co-dzien,,,Brązowy,,44,,,,0.0,shopify,continue,manual,154.95,221.00,true,true,https://cdn.shopify.com/s/files/1/0988/5725/5244/files/M_skie_buty_wsuwane_na_co_dzie_vdfdsd.png?v=1788698891,,,
meskie-buty-wsuwane-na-co-dzien,,,Czarny,,39,,,,0.0,shopify,continue,manual,154.95,221.00,true,true,https://cdn.shopify.com/s/files/1/0988/5725/5244/files/M_skie_buty_wsuwane_na_co_dzie_vsdfs.png?v=1788698922,,,
meskie-buty-wsuwane-na-co-dzien,,,Czarny,,40,,,,0.0,shopify,continue,manual,154.95,221.00,true,true,https://cdn.shopify.com/s/files/1/0988/5725/5244/files/M_skie_buty_wsuwane_na_co_dzie_vsdfs.png?v=1788698922,,,
meskie-buty-wsuwane-na-co-dzien,,,Czarny,,41,,,,0.0,shopify,continue,manual,154.95,221.00,true,true,https://cdn.shopify.com/s/files/1/0988/5725/5244/files/M_skie_buty_wsuwane_na_co_dzie_vsdfs.png?v=1788698922,,,
meskie-buty-wsuwane-na-co-dzien,,,Czarny,,42,,,,0.0,shopify,continue,manual,154.95,221.00,true,true,https://cdn.shopify.com/s/files/1/0988/5725/5244/files/M_skie_buty_wsuwane_na_co_dzie_vsdfs.png?v=1788698922,,,
meskie-buty-wsuwane-na-co-dzien,,,Czarny,,43,,,,0.0,shopify,continue,manual,154.95,221.00,true,true,https://cdn.shopify.com/s/files/1/0988/5725/5244/files/M_skie_buty_wsuwane_na_co_dzie_vsdfs.png?v=1788698922,,,
meskie-buty-wsuwane-na-co-dzien,,,Czarny,,44,,,,0.0,shopify,continue,manual,154.95,221.00,true,true,https://cdn.shopify.com/s/files/1/0988/5725/5244/files/M_skie_buty_wsuwane_na_co_dzie_vsdfs.png?v=1788698922,,,
meskie-buty-wsuwane-na-co-dzien,,,Szary,,39,,,,0.0,shopify,continue,manual,154.95,221.00,true,true,https://cdn.shopify.com/s/files/1/0988/5725/5244/files/M_skie_buty_wsuwane_na_co_dzie_vds.png?v=1788698945,,,
meskie-buty-wsuwane-na-co-dzien,,,Szary,,40,,,,0.0,shopify,continue,manual,154.95,221.00,true,true,https://cdn.shopify.com/s/files/1/0988/5725/5244/files/M_skie_buty_wsuwane_na_co_dzie_vds.png?v=1788698945,,,
meskie-buty-wsuwane-na-co-dzien,,,Szary,,41,,,,0.0,shopify,continue,manual,154.95,221.00,true,true,https://cdn.shopify.com/s/files/1/0988/5725/5244/files/M_skie_buty_wsuwane_na_co_dzie_vds.png?v=1788698945,,,
meskie-buty-wsuwane-na-co-dzien,,,Szary,,42,,,,0.0,shopify,continue,manual,154.95,221.00,true,true,https://cdn.shopify.com/s/files/1/0988/5725/5244/files/M_skie_buty_wsuwane_na_co_dzie_vds.png?v=1788698945,,,
meskie-buty-wsuwane-na-co-dzien,,,Szary,,43,,,,0.0,shopify,continue,manual,154.95,221.00,true,true,https://cdn.shopify.com/s/files/1/0988/5725/5244/files/M_skie_buty_wsuwane_na_co_dzie_vds.png?v=1788698945,,,
meskie-buty-wsuwane-na-co-dzien,,,Szary,,44,,,,0.0,shopify,continue,manual,154.95,221.00,true,true,https://cdn.shopify.com/s/files/1/0988/5725/5244/files/M_skie_buty_wsuwane_na_co_dzie_vds.png?v=1788698945,,,
meskie-buty-wsuwane-na-co-dzien,,,Niebieski,,39,,,,0.0,shopify,continue,manual,154.95,221.00,true,true,https://cdn.shopify.com/s/files/1/0988/5725/5244/files/M_skie_buty_wsuwane_na_co_dzie_shsjnj.png?v=1788698969,,,
meskie-buty-wsuwane-na-co-dzien,,,Niebieski,,40,,,,0.0,shopify,continue,manual,154.95,221.00,true,true,https://cdn.shopify.com/s/files/1/0988/5725/5244/files/M_skie_buty_wsuwane_na_co_dzie_shsjnj.png?v=1788698969,,,
meskie-buty-wsuwane-na-co-dzien,,,Niebieski,,41,,,,0.0,shopify,continue,manual,154.95,221.00,true,true,https://cdn.shopify.com/s/files/1/0988/5725/5244/files/M_skie_buty_wsuwane_na_co_dzie_shsjnj.png?v=1788698969,,,
meskie-buty-wsuwane-na-co-dzien,,,Niebieski,,42,,,,0.0,shopify,continue,manual,154.95,221.00,true,true,https://cdn.shopify.com/s/files/1/0988/5725/5244/files/M_skie_buty_wsuwane_na_co_dzie_shsjnj.png?v=1788698969,,,
meskie-buty-wsuwane-na-co-dzien,,,Niebieski,,43,,,,0.0,shopify,continue,manual,154.95,221.00,true,true,https://cdn.shopify.com/s/files/1/0988/5725/5244/files/M_skie_buty_wsuwane_na_co_dzie_shsjnj.png?v=1788698969,,,
meskie-buty-wsuwane-na-co-dzien,,,Niebieski,,44,,,,0.0,shopify,continue,manual,154.95,221.00,true,true,https://cdn.shopify.com/s/files/1/0988/5725/5244/files/M_skie_buty_wsuwane_na_co_dzie_shsjnj.png?v=1788698969,,,
meskie-buty-wsuwane-na-co-dzien,,,Zielony,,39,,,,0.0,shopify,continue,manual,154.95,221.00,true,true,https://cdn.shopify.com/s/files/1/0988/5725/5244/files/M_skie_buty_wsuwane_na_co_dzie_sda.png?v=1788699015,,,
meskie-buty-wsuwane-na-co-dzien,,,Zielony,,40,,,,0.0,shopify,continue,manual,154.95,221.00,true,true,https://cdn.shopify.com/s/files/1/0988/5725/5244/files/M_skie_buty_wsuwane_na_co_dzie_sda.png?v=1788699015,,,
meskie-buty-wsuwane-na-co-dzien,,,Zielony,,41,,,,0.0,shopify,continue,manual,154.95,221.00,true,true,https://cdn.shopify.com/s/files/1/0988/5725/5244/files/M_skie_buty_wsuwane_na_co_dzie_sda.png?v=1788699015,,,
meskie-buty-wsuwane-na-co-dzien,,,Zielony,,42,,,,0.0,shopify,continue,manual,154.95,221.00,true,true,https://cdn.shopify.com/s/files/1/0988/5725/5244/files/M_skie_buty_wsuwane_na_co_dzie_sda.png?v=1788699015,,,
meskie-buty-wsuwane-na-co-dzien,,,Zielony,,43,,,,0.0,shopify,continue,manual,154.95,221.00,true,true,https://cdn.shopify.com/s/files/1/0988/5725/5244/files/M_skie_buty_wsuwane_na_co_dzie_sda.png?v=1788699015,,,
meskie-buty-wsuwane-na-co-dzien,,,Zielony,,44,,,,0.0,shopify,continue,manual,154.95,221.00,true,true,https://cdn.shopify.com/s/files/1/0988/5725/5244/files/M_skie_buty_wsuwane_na_co_dzie_sda.png?v=1788699015,,,
meskie-buty-wsuwane-na-co-dzien,,,Brązowy,,45,,,,0.0,shopify,continue,manual,154.95,221.00,true,true,,,,
meskie-buty-wsuwane-na-co-dzien,,,Brązowy,,46,,,,0.0,shopify,continue,manual,154.95,221.00,true,true,,,,
meskie-buty-wsuwane-na-co-dzien,,,Czarny,,45,,,,0.0,shopify,continue,manual,154.95,221.00,true,true,,,,
meskie-buty-wsuwane-na-co-dzien,,,Czarny,,46,,,,0.0,shopify,continue,manual,154.95,221.00,true,true,,,,
meskie-buty-wsuwane-na-co-dzien,,,Szary,,45,,,,0.0,shopify,continue,manual,154.95,221.00,true,true,,,,
meskie-buty-wsuwane-na-co-dzien,,,Szary,,46,,,,0.0,shopify,continue,manual,154.95,221.00,true,true,,,,
meskie-buty-wsuwane-na-co-dzien,,,Niebieski,,45,,,,0.0,shopify,continue,manual,154.95,221.00,true,true,,,,
meskie-buty-wsuwane-na-co-dzien,,,Niebieski,,46,,,,0.0,shopify,continue,manual,154.95,221.00,true,true,,,,
meskie-buty-wsuwane-na-co-dzien,,,Zielony,,45,,,,0.0,shopify,continue,manual,154.95,221.00,true,true,,,,
meskie-buty-wsuwane-na-co-dzien,,,Zielony,,46,,,,0.0,shopify,continue,manual,154.95,221.00,true,true,,,,
meskie-buty-wsuwane-na-co-dzien,,,,,,,,,,,,,,,,,,https://cdn.shopify.com/s/files/1/0988/5725/5244/files/M_skie_buty_wsuwane_na_co_dzie_vdfdsd.png?v=1788698891,1,Męskie buty wsuwane na co dzień
meskie-buty-wsuwane-na-co-dzien,,,,,,,,,,,,,,,,,,https://cdn.shopify.com/s/files/1/0988/5725/5244/files/M_skie_buty_wsuwane_na_co_dzie_vsdfs.png?v=1788698922,2,Męskie buty wsuwane na co dzień
meskie-buty-wsuwane-na-co-dzien,,,,,,,,,,,,,,,,,,https://cdn.shopify.com/s/files/1/0988/5725/5244/files/M_skie_buty_wsuwane_na_co_dzie_vds.png?v=1788698945,3,Męskie buty wsuwane na co dzień
meskie-buty-wsuwane-na-co-dzien,,,,,,,,,,,,,,,,,,https://cdn.shopify.com/s/files/1/0988/5725/5244/files/M_skie_buty_wsuwane_na_co_dzie_shsjnj.png?v=1788698969,4,Męskie buty wsuwane na co dzień
meskie-buty-wsuwane-na-co-dzien,,,,,,,,,,,,,,,,,,https://cdn.shopify.com/s/files/1/0988/5725/5244/files/M_skie_buty_wsuwane_na_co_dzie_sda.png?v=1788699015,5,Męskie buty wsuwane na co dzień
meskie-buty-wsuwane-na-co-dzien,,,,,,,,,,,,,,,,,,https://cdn.shopify.com/s/files/1/0988/5725/5244/files/M_skie_buty_wsuwane_na_co_dzie_vdss.png?v=1788699042,6,Męskie buty wsuwane na co dzień
damskie-botki-z-perforowanym-wykonczeniem,Damskie botki z perforowanym wykończeniem,Kolor,Biały,Rozmiar,36,,,,0.0,shopify,continue,manual,214.95,307.00,true,true,https://cdn.shopify.com/s/files/1/0988/5725/5244/files/Damskie_botki_z_perforowanym_wyko_czeniemz.png?v=1788637270,,,
damskie-botki-z-perforowanym-wykonczeniem,,,Biały,,37,,,,0.0,shopify,continue,manual,214.95,307.00,true,true,https://cdn.shopify.com/s/files/1/0988/5725/5244/files/Damskie_botki_z_perforowanym_wyko_czeniemz.png?v=1788637270,,,
damskie-botki-z-perforowanym-wykonczeniem,,,Biały,,38,,,,0.0,shopify,continue,manual,214.95,307.00,true,true,https://cdn.shopify.com/s/files/1/0988/5725/5244/files/Damskie_botki_z_perforowanym_wyko_czeniemz.png?v=1788637270,,,
damskie-botki-z-perforowanym-wykonczeniem,,,Biały,,39,,,,0.0,shopify,continue,manual,214.95,307.00,true,true,https://cdn.shopify.com/s/files/1/0988/5725/5244/files/Damskie_botki_z_perforowanym_wyko_czeniemz.png?v=1788637270,,,
damskie-botki-z-perforowanym-wykonczeniem,,,Biały,,40,,,,0.0,shopify,continue,manual,214.95,307.00,true,true,https://cdn.shopify.com/s/files/1/0988/5725/5244/files/Damskie_botki_z_perforowanym_wyko_czeniemz.png?v=1788637270,,,
damskie-botki-z-perforowanym-wykonczeniem,,,Biały,,41,,,,0.0,shopify,continue,manual,214.95,307.00,true,true,https://cdn.shopify.com/s/files/1/0988/5725/5244/files/Damskie_botki_z_perforowanym_wyko_czeniemz.png?v=1788637270,,,
damskie-botki-z-perforowanym-wykonczeniem,,,Biały,,42,,,,0.0,shopify,continue,manual,214.95,307.00,true,true,https://cdn.shopify.com/s/files/1/0988/5725/5244/files/Damskie_botki_z_perforowanym_wyko_czeniemz.png?v=1788637270,,,
damskie-botki-z-perforowanym-wykonczeniem,,,Czarny,,36,,,,0.0,shopify,continue,manual,214.95,307.00,true,true,https://cdn.shopify.com/s/files/1/0988/5725/5244/files/Damskie_botki_z_perforowanym_wyko_czeniemaq.png?v=1788637296,,,
damskie-botki-z-perforowanym-wykonczeniem,,,Czarny,,37,,,,0.0,shopify,continue,manual,214.95,307.00,true,true,https://cdn.shopify.com/s/files/1/0988/5725/5244/files/Damskie_botki_z_perforowanym_wyko_czeniemaq.png?v=1788637296,,,
damskie-botki-z-perforowanym-wykonczeniem,,,Czarny,,38,,,,0.0,shopify,continue,manual,214.95,307.00,true,true,https://cdn.shopify.com/s/files/1/0988/5725/5244/files/Damskie_botki_z_perforowanym_wyko_czeniemaq.png?v=1788637296,,,
damskie-botki-z-perforowanym-wykonczeniem,,,Czarny,,39,,,,0.0,shopify,continue,manual,214.95,307.00,true,true,https://cdn.shopify.com/s/files/1/0988/5725/5244/files/Damskie_botki_z_perforowanym_wyko_czeniemaq.png?v=1788637296,,,
damskie-botki-z-perforowanym-wykonczeniem,,,Czarny,,40,,,,0.0,shopify,continue,manual,214.95,307.00,true,true,https://cdn.shopify.com/s/files/1/0988/5725/5244/files/Damskie_botki_z_perforowanym_wyko_czeniemaq.png?v=1788637296,,,
damskie-botki-z-perforowanym-wykonczeniem,,,Czarny,,41,,,,0.0,shopify,continue,manual,214.95,307.00,true,true,https://cdn.shopify.com/s/files/1/0988/5725/5244/files/Damskie_botki_z_perforowanym_wyko_czeniemaq.png?v=1788637296,,,
damskie-botki-z-perforowanym-wykonczeniem,,,Czarny,,42,,,,0.0,shopify,continue,manual,214.95,307.00,true,true,https://cdn.shopify.com/s/files/1/0988/5725/5244/files/Damskie_botki_z_perforowanym_wyko_czeniemaq.png?v=1788637296,,,
damskie-botki-z-perforowanym-wykonczeniem,,,Khaki,,36,,,,0.0,shopify,continue,manual,214.95,307.00,true,true,https://cdn.shopify.com/s/files/1/0988/5725/5244/files/Damskie_botki_z_perforowanym_wyko_czeniemki.png?v=1788637304,,,
damskie-botki-z-perforowanym-wykonczeniem,,,Khaki,,37,,,,0.0,shopify,continue,manual,214.95,307.00,true,true,https://cdn.shopify.com/s/files/1/0988/5725/5244/files/Damskie_botki_z_perforowanym_wyko_czeniemki.png?v=1788637304,,,
damskie-botki-z-perforowanym-wykonczeniem,,,Khaki,,38,,,,0.0,shopify,continue,manual,214.95,307.00,true,true,https://cdn.shopify.com/s/files/1/0988/5725/5244/files/Damskie_botki_z_perforowanym_wyko_czeniemki.png?v=1788637304,,,
damskie-botki-z-perforowanym-wykonczeniem,,,Khaki,,39,,,,0.0,shopify,continue,manual,214.95,307.00,true,true,https://cdn.shopify.com/s/files/1/0988/5725/5244/files/Damskie_botki_z_perforowanym_wyko_czeniemki.png?v=1788637304,,,
damskie-botki-z-perforowanym-wykonczeniem,,,Khaki,,40,,,,0.0,shopify,continue,manual,214.95,307.00,true,true,https://cdn.shopify.com/s/files/1/0988/5725/5244/files/Damskie_botki_z_perforowanym_wyko_czeniemki.png?v=1788637304,,,
damskie-botki-z-perforowanym-wykonczeniem,,,Khaki,,41,,,,0.0,shopify,continue,manual,214.95,307.00,true,true,https://cdn.shopify.com/s/files/1/0988/5725/5244/files/Damskie_botki_z_perforowanym_wyko_czeniemki.png?v=1788637304,,,
damskie-botki-z-perforowanym-wykonczeniem,,,Khaki,,42,,,,0.0,shopify,continue,manual,214.95,307.00,true,true,https://cdn.shopify.com/s/files/1/0988/5725/5244/files/Damskie_botki_z_perforowanym_wyko_czeniemki.png?v=1788637304,,,
damskie-botki-z-perforowanym-wykonczeniem,,,Brązowy,,36,,,,0.0,shopify,continue,manual,214.95,307.00,true,true,https://cdn.shopify.com/s/files/1/0988/5725/5244/files/Damskie_botki_z_perforowanym_wyko_czeniemf.png?v=1788637313,,,
damskie-botki-z-perforowanym-wykonczeniem,,,Brązowy,,37,,,,0.0,shopify,continue,manual,214.95,307.00,true,true,https://cdn.shopify.com/s/files/1/0988/5725/5244/files/Damskie_botki_z_perforowanym_wyko_czeniemf.png?v=1788637313,,,
damskie-botki-z-perforowanym-wykonczeniem,,,Brązowy,,38,,,,0.0,shopify,continue,manual,214.95,307.00,true,true,https://cdn.shopify.com/s/files/1/0988/5725/5244/files/Damskie_botki_z_perforowanym_wyko_czeniemf.png?v=1788637313,,,
damskie-botki-z-perforowanym-wykonczeniem,,,Brązowy,,39,,,,0.0,shopify,continue,manual,214.95,307.00,true,true,https://cdn.shopify.com/s/files/1/0988/5725/5244/files/Damskie_botki_z_perforowanym_wyko_czeniemf.png?v=1788637313,,,
damskie-botki-z-perforowanym-wykonczeniem,,,Brązowy,,40,,,,0.0,shopify,continue,manual,214.95,307.00,true,true,https://cdn.shopify.com/s/files/1/0988/5725/5244/files/Damskie_botki_z_perforowanym_wyko_czeniemf.png?v=1788637313,,,
damskie-botki-z-perforowanym-wykonczeniem,,,Brązowy,,41,,,,0.0,shopify,continue,manual,214.95,307.00,true,true,https://cdn.shopify.com/s/files/1/0988/5725/5244/files/Damskie_botki_z_perforowanym_wyko_czeniemf.png?v=1788637313,,,
damskie-botki-z-perforowanym-wykonczeniem,,,Brązowy,,42,,,,0.0,shopify,continue,manual,214.95,307.00,true,true,https://cdn.shopify.com/s/files/1/0988/5725/5244/files/Damskie_botki_z_perforowanym_wyko_czeniemf.png?v=1788637313,,,
damskie-botki-z-perforowanym-wykonczeniem,,,Biały,,43,,,,0.0,shopify,continue,manual,214.95,307.00,true,true,,,,
damskie-botki-z-perforowanym-wykonczeniem,,,Czarny,,43,,,,0.0,shopify,continue,manual,214.95,307.00,true,true,,,,
damskie-botki-z-perforowanym-wykonczeniem,,,Khaki,,43,,,,0.0,shopify,continue,manual,214.95,307.00,true,true,,,,
damskie-botki-z-perforowanym-wykonczeniem,,,Brązowy,,43,,,,0.0,shopify,continue,manual,214.95,307.00,true,true,,,,
damskie-botki-z-perforowanym-wykonczeniem,,,,,,,,,,,,,,,,,,https://cdn.shopify.com/s/files/1/0988/5725/5244/files/Damskie_botki_z_perforowanym_wyko_czeniemz.png?v=1788637270,1,Damskie botki z perforowanym wykończeniem
damskie-botki-z-perforowanym-wykonczeniem,,,,,,,,,,,,,,,,,,https://cdn.shopify.com/s/files/1/0988/5725/5244/files/Damskie_botki_z_perforowanym_wyko_czeniemfg.png?v=1788637278,2,Damskie botki z perforowanym wykończeniem
damskie-botki-z-perforowanym-wykonczeniem,,,,,,,,,,,,,,,,,,https://cdn.shopify.com/s/files/1/0988/5725/5244/files/Damskie_botki_z_perforowanym_wyko_czeniem79.png?v=1788637288,3,Damskie botki z perforowanym wykończeniem
damskie-botki-z-perforowanym-wykonczeniem,,,,,,,,,,,,,,,,,,https://cdn.shopify.com/s/files/1/0988/5725/5244/files/Damskie_botki_z_perforowanym_wyko_czeniemaq.png?v=1788637296,4,Damskie botki z perforowanym wykończeniem
damskie-botki-z-perforowanym-wykonczeniem,,,,,,,,,,,,,,,,,,https://cdn.shopify.com/s/files/1/0988/5725/5244/files/Damskie_botki_z_perforowanym_wyko_czeniemki.png?v=1788637304,5,Damskie botki z perforowanym wykończeniem
damskie-botki-z-perforowanym-wykonczeniem,,,,,,,,,,,,,,,,,,https://cdn.shopify.com/s/files/1/0988/5725/5244/files/Damskie_botki_z_perforowanym_wyko_czeniemf.png?v=1788637313,6,Damskie botki z perforowanym wykończeniem
meskie-eleganckie-polbuty-do-formalnych-zestawow,Męskie eleganckie półbuty do formalnych zestawów,Kolor,Brązowy,Rozmiar,39,,,,0.0,shopify,continue,manual,294.95,421.00,true,true,https://cdn.shopify.com/s/files/1/0988/5725/5244/files/M_skie_eleganckie_p_buty_do_formalnych_zestaw_wc.jpg?v=1788604433,,,
meskie-eleganckie-polbuty-do-formalnych-zestawow,,,Brązowy,,40,,,,0.0,shopify,continue,manual,294.95,421.00,true,true,https://cdn.shopify.com/s/files/1/0988/5725/5244/files/M_skie_eleganckie_p_buty_do_formalnych_zestaw_wc.jpg?v=1788604433,,,
meskie-eleganckie-polbuty-do-formalnych-zestawow,,,Brązowy,,41,,,,0.0,shopify,continue,manual,294.95,421.00,true,true,https://cdn.shopify.com/s/files/1/0988/5725/5244/files/M_skie_eleganckie_p_buty_do_formalnych_zestaw_wc.jpg?v=1788604433,,,
meskie-eleganckie-polbuty-do-formalnych-zestawow,,,Brązowy,,42,,,,0.0,shopify,continue,manual,294.95,421.00,true,true,https://cdn.shopify.com/s/files/1/0988/5725/5244/files/M_skie_eleganckie_p_buty_do_formalnych_zestaw_wc.jpg?v=1788604433,,,
meskie-eleganckie-polbuty-do-formalnych-zestawow,,,Brązowy,,43,,,,0.0,shopify,continue,manual,294.95,421.00,true,true,https://cdn.shopify.com/s/files/1/0988/5725/5244/files/M_skie_eleganckie_p_buty_do_formalnych_zestaw_wc.jpg?v=1788604433,,,
meskie-eleganckie-polbuty-do-formalnych-zestawow,,,Brązowy,,44,,,,0.0,shopify,continue,manual,294.95,421.00,true,true,https://cdn.shopify.com/s/files/1/0988/5725/5244/files/M_skie_eleganckie_p_buty_do_formalnych_zestaw_wc.jpg?v=1788604433,,,
meskie-eleganckie-polbuty-do-formalnych-zestawow,,,Czarny,,39,,,,0.0,shopify,continue,manual,294.95,421.00,true,true,https://cdn.shopify.com/s/files/1/0988/5725/5244/files/M_skie_eleganckie_p_buty_do_formalnych_zestaw_wyj.jpg?v=1788604451,,,
meskie-eleganckie-polbuty-do-formalnych-zestawow,,,Czarny,,40,,,,0.0,shopify,continue,manual,294.95,421.00,true,true,https://cdn.shopify.com/s/files/1/0988/5725/5244/files/M_skie_eleganckie_p_buty_do_formalnych_zestaw_wyj.jpg?v=1788604451,,,
meskie-eleganckie-polbuty-do-formalnych-zestawow,,,Czarny,,41,,,,0.0,shopify,continue,manual,294.95,421.00,true,true,https://cdn.shopify.com/s/files/1/0988/5725/5244/files/M_skie_eleganckie_p_buty_do_formalnych_zestaw_wyj.jpg?v=1788604451,,,
meskie-eleganckie-polbuty-do-formalnych-zestawow,,,Czarny,,42,,,,0.0,shopify,continue,manual,294.95,421.00,true,true,https://cdn.shopify.com/s/files/1/0988/5725/5244/files/M_skie_eleganckie_p_buty_do_formalnych_zestaw_wyj.jpg?v=1788604451,,,
meskie-eleganckie-polbuty-do-formalnych-zestawow,,,Czarny,,43,,,,0.0,shopify,continue,manual,294.95,421.00,true,true,https://cdn.shopify.com/s/files/1/0988/5725/5244/files/M_skie_eleganckie_p_buty_do_formalnych_zestaw_wyj.jpg?v=1788604451,,,
meskie-eleganckie-polbuty-do-formalnych-zestawow,,,Czarny,,44,,,,0.0,shopify,continue,manual,294.95,421.00,true,true,https://cdn.shopify.com/s/files/1/0988/5725/5244/files/M_skie_eleganckie_p_buty_do_formalnych_zestaw_wyj.jpg?v=1788604451,,,
meskie-eleganckie-polbuty-do-formalnych-zestawow,,,Granatowy,,39,,,,0.0,shopify,continue,manual,294.95,421.00,true,true,https://cdn.shopify.com/s/files/1/0988/5725/5244/files/M_skie_eleganckie_p_buty_do_formalnych_zestaw_wc_v.jpg?v=1788604471,,,
meskie-eleganckie-polbuty-do-formalnych-zestawow,,,Granatowy,,40,,,,0.0,shopify,continue,manual,294.95,421.00,true,true,https://cdn.shopify.com/s/files/1/0988/5725/5244/files/M_skie_eleganckie_p_buty_do_formalnych_zestaw_wc_v.jpg?v=1788604471,,,
meskie-eleganckie-polbuty-do-formalnych-zestawow,,,Granatowy,,41,,,,0.0,shopify,continue,manual,294.95,421.00,true,true,https://cdn.shopify.com/s/files/1/0988/5725/5244/files/M_skie_eleganckie_p_buty_do_formalnych_zestaw_wc_v.jpg?v=1788604471,,,
meskie-eleganckie-polbuty-do-formalnych-zestawow,,,Granatowy,,42,,,,0.0,shopify,continue,manual,294.95,421.00,true,true,https://cdn.shopify.com/s/files/1/0988/5725/5244/files/M_skie_eleganckie_p_buty_do_formalnych_zestaw_wc_v.jpg?v=1788604471,,,
meskie-eleganckie-polbuty-do-formalnych-zestawow,,,Granatowy,,43,,,,0.0,shopify,continue,manual,294.95,421.00,true,true,https://cdn.shopify.com/s/files/1/0988/5725/5244/files/M_skie_eleganckie_p_buty_do_formalnych_zestaw_wc_v.jpg?v=1788604471,,,
meskie-eleganckie-polbuty-do-formalnych-zestawow,,,Granatowy,,44,,,,0.0,shopify,continue,manual,294.95,421.00,true,true,https://cdn.shopify.com/s/files/1/0988/5725/5244/files/M_skie_eleganckie_p_buty_do_formalnych_zestaw_wc_v.jpg?v=1788604471,,,
meskie-eleganckie-polbuty-do-formalnych-zestawow,,,Brązowy,,45,,,,0.0,shopify,continue,manual,294.95,421.00,true,true,,,,
meskie-eleganckie-polbuty-do-formalnych-zestawow,,,Brązowy,,46,,,,0.0,shopify,continue,manual,294.95,421.00,true,true,,,,
meskie-eleganckie-polbuty-do-formalnych-zestawow,,,Czarny,,45,,,,0.0,shopify,continue,manual,294.95,421.00,true,true,,,,
meskie-eleganckie-polbuty-do-formalnych-zestawow,,,Czarny,,46,,,,0.0,shopify,continue,manual,294.95,421.00,true,true,,,,
meskie-eleganckie-polbuty-do-formalnych-zestawow,,,Granatowy,,45,,,,0.0,shopify,continue,manual,294.95,421.00,true,true,,,,
meskie-eleganckie-polbuty-do-formalnych-zestawow,,,Granatowy,,46,,,,0.0,shopify,continue,manual,294.95,421.00,true,true,,,,
meskie-eleganckie-polbuty-do-formalnych-zestawow,,,,,,,,,,,,,,,,,,https://cdn.shopify.com/s/files/1/0988/5725/5244/files/M_skie_eleganckie_p_buty_do_formalnych_zestaw_wc.jpg?v=1788604433,1,Męskie eleganckie półbuty do formalnych zestawów
meskie-eleganckie-polbuty-do-formalnych-zestawow,,,,,,,,,,,,,,,,,,https://cdn.shopify.com/s/files/1/0988/5725/5244/files/M_skie_eleganckie_p_buty_do_formalnych_zestaw_wyj.jpg?v=1788604451,2,Męskie eleganckie półbuty do formalnych zestawów
meskie-eleganckie-polbuty-do-formalnych-zestawow,,,,,,,,,,,,,,,,,,https://cdn.shopify.com/s/files/1/0988/5725/5244/files/M_skie_eleganckie_p_buty_do_formalnych_zestaw_wc_v.jpg?v=1788604471,3,Męskie eleganckie półbuty do formalnych zestawów
meskie-eleganckie-polbuty-do-formalnych-zestawow,,,,,,,,,,,,,,,,,,https://cdn.shopify.com/s/files/1/0988/5725/5244/files/M_skie_eleganckie_p_buty_do_formalnych_zestaw_wery.jpg?v=1788604494,4,Męskie eleganckie półbuty do formalnych zestawów
meskie-eleganckie-polbuty-do-formalnych-zestawow,,,,,,,,,,,,,,,,,,https://cdn.shopify.com/s/files/1/0988/5725/5244/files/M_skie_eleganckie_p_buty_do_formalnych_zestaw_wgy.jpg?v=1788604502,5,Męskie eleganckie półbuty do formalnych zestawów
damskie-botki-kowbojskie-do-codziennych-zestawow,Damskie botki kowbojskie do codziennych zestawów,Kolor,Czarny,Rozmiar,39,,,,0.0,shopify,continue,manual,434.95,621.00,true,true,https://cdn.shopify.com/s/files/1/0988/5725/5244/files/Damskie_botki_kowbojskie_do_codziennych_zestaw_wczsd.webp?v=1788450140,,,
damskie-botki-kowbojskie-do-codziennych-zestawow,,,Czarny,,40,,,,0.0,shopify,continue,manual,434.95,621.00,true,true,https://cdn.shopify.com/s/files/1/0988/5725/5244/files/Damskie_botki_kowbojskie_do_codziennych_zestaw_wczsd.webp?v=1788450140,,,
damskie-botki-kowbojskie-do-codziennych-zestawow,,,Czarny,,41,,,,0.0,shopify,continue,manual,434.95,621.00,true,true,https://cdn.shopify.com/s/files/1/0988/5725/5244/files/Damskie_botki_kowbojskie_do_codziennych_zestaw_wczsd.webp?v=1788450140,,,
damskie-botki-kowbojskie-do-codziennych-zestawow,,,Czarny,,42,,,,0.0,shopify,continue,manual,434.95,621.00,true,true,https://cdn.shopify.com/s/files/1/0988/5725/5244/files/Damskie_botki_kowbojskie_do_codziennych_zestaw_wczsd.webp?v=1788450140,,,
damskie-botki-kowbojskie-do-codziennych-zestawow,,,Czarny,,43,,,,0.0,shopify,continue,manual,434.95,621.00,true,true,https://cdn.shopify.com/s/files/1/0988/5725/5244/files/Damskie_botki_kowbojskie_do_codziennych_zestaw_wczsd.webp?v=1788450140,,,
damskie-botki-kowbojskie-do-codziennych-zestawow,,,Czarny,,44,,,,0.0,shopify,continue,manual,434.95,621.00,true,true,https://cdn.shopify.com/s/files/1/0988/5725/5244/files/Damskie_botki_kowbojskie_do_codziennych_zestaw_wczsd.webp?v=1788450140,,,
damskie-botki-kowbojskie-do-codziennych-zestawow,,,Brązowy,,39,,,,0.0,shopify,continue,manual,434.95,621.00,true,true,https://cdn.shopify.com/s/files/1/0988/5725/5244/files/Damskie_botki_kowbojskie_do_codziennych_zestaw_wvdcs.webp?v=1788450155,,,
damskie-botki-kowbojskie-do-codziennych-zestawow,,,Brązowy,,40,,,,0.0,shopify,continue,manual,434.95,621.00,true,true,https://cdn.shopify.com/s/files/1/0988/5725/5244/files/Damskie_botki_kowbojskie_do_codziennych_zestaw_wvdcs.webp?v=1788450155,,,
damskie-botki-kowbojskie-do-codziennych-zestawow,,,Brązowy,,41,,,,0.0,shopify,continue,manual,434.95,621.00,true,true,https://cdn.shopify.com/s/files/1/0988/5725/5244/files/Damskie_botki_kowbojskie_do_codziennych_zestaw_wvdcs.webp?v=1788450155,,,
damskie-botki-kowbojskie-do-codziennych-zestawow,,,Brązowy,,42,,,,0.0,shopify,continue,manual,434.95,621.00,true,true,https://cdn.shopify.com/s/files/1/0988/5725/5244/files/Damskie_botki_kowbojskie_do_codziennych_zestaw_wvdcs.webp?v=1788450155,,,
damskie-botki-kowbojskie-do-codziennych-zestawow,,,Brązowy,,43,,,,0.0,shopify,continue,manual,434.95,621.00,true,true,https://cdn.shopify.com/s/files/1/0988/5725/5244/files/Damskie_botki_kowbojskie_do_codziennych_zestaw_wvdcs.webp?v=1788450155,,,
damskie-botki-kowbojskie-do-codziennych-zestawow,,,Brązowy,,44,,,,0.0,shopify,continue,manual,434.95,621.00,true,true,https://cdn.shopify.com/s/files/1/0988/5725/5244/files/Damskie_botki_kowbojskie_do_codziennych_zestaw_wvdcs.webp?v=1788450155,,,
damskie-botki-kowbojskie-do-codziennych-zestawow,,,Czarny,,36,,,,0.0,shopify,continue,manual,434.95,621.00,true,true,,,,
damskie-botki-kowbojskie-do-codziennych-zestawow,,,Czarny,,37,,,,0.0,shopify,continue,manual,434.95,621.00,true,true,,,,
damskie-botki-kowbojskie-do-codziennych-zestawow,,,Czarny,,38,,,,0.0,shopify,continue,manual,434.95,621.00,true,true,,,,
damskie-botki-kowbojskie-do-codziennych-zestawow,,,Brązowy,,36,,,,0.0,shopify,continue,manual,434.95,621.00,true,true,,,,
damskie-botki-kowbojskie-do-codziennych-zestawow,,,Brązowy,,37,,,,0.0,shopify,continue,manual,434.95,621.00,true,true,,,,
damskie-botki-kowbojskie-do-codziennych-zestawow,,,Brązowy,,38,,,,0.0,shopify,continue,manual,434.95,621.00,true,true,,,,
damskie-botki-kowbojskie-do-codziennych-zestawow,,,,,,,,,,,,,,,,,,https://cdn.shopify.com/s/files/1/0988/5725/5244/files/Damskie_botki_kowbojskie_do_codziennych_zestaw_wczsd.webp?v=1788450140,1,Damskie botki kowbojskie do codziennych zestawów
damskie-botki-kowbojskie-do-codziennych-zestawow,,,,,,,,,,,,,,,,,,https://cdn.shopify.com/s/files/1/0988/5725/5244/files/Damskie_botki_kowbojskie_do_codziennych_zestaw_wvdcs.webp?v=1788450155,2,Damskie botki kowbojskie do codziennych zestawów
meskie-chodaki-do-codziennych-zestawow,Męskie chodaki do codziennych zestawów,Kolor,Ciemnoszary,Rozmiar,39,,,,0.0,shopify,continue,manual,149.95,214.00,true,true,https://cdn.shopify.com/s/files/1/0988/5725/5244/files/M_skie_chodaki_do_codziennych_zestaw_wfd.jpg?v=1788248242,,,
meskie-chodaki-do-codziennych-zestawow,,,Ciemnoszary,,40,,,,0.0,shopify,continue,manual,149.95,214.00,true,true,https://cdn.shopify.com/s/files/1/0988/5725/5244/files/M_skie_chodaki_do_codziennych_zestaw_wfd.jpg?v=1788248242,,,
meskie-chodaki-do-codziennych-zestawow,,,Ciemnoszary,,41,,,,0.0,shopify,continue,manual,149.95,214.00,true,true,https://cdn.shopify.com/s/files/1/0988/5725/5244/files/M_skie_chodaki_do_codziennych_zestaw_wfd.jpg?v=1788248242,,,
meskie-chodaki-do-codziennych-zestawow,,,Ciemnoszary,,42,,,,0.0,shopify,continue,manual,149.95,214.00,true,true,https://cdn.shopify.com/s/files/1/0988/5725/5244/files/M_skie_chodaki_do_codziennych_zestaw_wfd.jpg?v=1788248242,,,
meskie-chodaki-do-codziennych-zestawow,,,Ciemnoszary,,43,,,,0.0,shopify,continue,manual,149.95,214.00,true,true,https://cdn.shopify.com/s/files/1/0988/5725/5244/files/M_skie_chodaki_do_codziennych_zestaw_wfd.jpg?v=1788248242,,,
meskie-chodaki-do-codziennych-zestawow,,,Ciemnoszary,,44,,,,0.0,shopify,continue,manual,149.95,214.00,true,true,https://cdn.shopify.com/s/files/1/0988/5725/5244/files/M_skie_chodaki_do_codziennych_zestaw_wfd.jpg?v=1788248242,,,
meskie-chodaki-do-codziennych-zestawow,,,Beżowy,,39,,,,0.0,shopify,continue,manual,149.95,214.00,true,true,https://cdn.shopify.com/s/files/1/0988/5725/5244/files/M_skie_chodaki_do_codziennych_zestaw_was.png?v=1788248251,,,
meskie-chodaki-do-codziennych-zestawow,,,Beżowy,,40,,,,0.0,shopify,continue,manual,149.95,214.00,true,true,https://cdn.shopify.com/s/files/1/0988/5725/5244/files/M_skie_chodaki_do_codziennych_zestaw_was.png?v=1788248251,,,
meskie-chodaki-do-codziennych-zestawow,,,Beżowy,,41,,,,0.0,shopify,continue,manual,149.95,214.00,true,true,https://cdn.shopify.com/s/files/1/0988/5725/5244/files/M_skie_chodaki_do_codziennych_zestaw_was.png?v=1788248251,,,
meskie-chodaki-do-codziennych-zestawow,,,Beżowy,,42,,,,0.0,shopify,continue,manual,149.95,214.00,true,true,https://cdn.shopify.com/s/files/1/0988/5725/5244/files/M_skie_chodaki_do_codziennych_zestaw_was.png?v=1788248251,,,
meskie-chodaki-do-codziennych-zestawow,,,Beżowy,,43,,,,0.0,shopify,continue,manual,149.95,214.00,true,true,https://cdn.shopify.com/s/files/1/0988/5725/5244/files/M_skie_chodaki_do_codziennych_zestaw_was.png?v=1788248251,,,
meskie-chodaki-do-codziennych-zestawow,,,Beżowy,,44,,,,0.0,shopify,continue,manual,149.95,214.00,true,true,https://cdn.shopify.com/s/files/1/0988/5725/5244/files/M_skie_chodaki_do_codziennych_zestaw_was.png?v=1788248251,,,
meskie-chodaki-do-codziennych-zestawow,,,Khaki,,39,,,,0.0,shopify,continue,manual,149.95,214.00,true,true,https://cdn.shopify.com/s/files/1/0988/5725/5244/files/M_skie_chodaki_do_codziennych_zestaw_wfh.png?v=1788248284,,,
meskie-chodaki-do-codziennych-zestawow,,,Khaki,,40,,,,0.0,shopify,continue,manual,149.95,214.00,true,true,https://cdn.shopify.com/s/files/1/0988/5725/5244/files/M_skie_chodaki_do_codziennych_zestaw_wfh.png?v=1788248284,,,
meskie-chodaki-do-codziennych-zestawow,,,Khaki,,41,,,,0.0,shopify,continue,manual,149.95,214.00,true,true,https://cdn.shopify.com/s/files/1/0988/5725/5244/files/M_skie_chodaki_do_codziennych_zestaw_wfh.png?v=1788248284,,,
meskie-chodaki-do-codziennych-zestawow,,,Khaki,,42,,,,0.0,shopify,continue,manual,149.95,214.00,true,true,https://cdn.shopify.com/s/files/1/0988/5725/5244/files/M_skie_chodaki_do_codziennych_zestaw_wfh.png?v=1788248284,,,
meskie-chodaki-do-codziennych-zestawow,,,Khaki,,43,,,,0.0,shopify,continue,manual,149.95,214.00,true,true,https://cdn.shopify.com/s/files/1/0988/5725/5244/files/M_skie_chodaki_do_codziennych_zestaw_wfh.png?v=1788248284,,,
meskie-chodaki-do-codziennych-zestawow,,,Khaki,,44,,,,0.0,shopify,continue,manual,149.95,214.00,true,true,https://cdn.shopify.com/s/files/1/0988/5725/5244/files/M_skie_chodaki_do_codziennych_zestaw_wfh.png?v=1788248284,,,
meskie-chodaki-do-codziennych-zestawow,,,Czarny,,39,,,,0.0,shopify,continue,manual,149.95,214.00,true,true,https://cdn.shopify.com/s/files/1/0988/5725/5244/files/M_skie_chodaki_do_codziennych_zestaw_wjhk.jpg?v=1788248291,,,
meskie-chodaki-do-codziennych-zestawow,,,Czarny,,40,,,,0.0,shopify,continue,manual,149.95,214.00,true,true,https://cdn.shopify.com/s/files/1/0988/5725/5244/files/M_skie_chodaki_do_codziennych_zestaw_wjhk.jpg?v=1788248291,,,
meskie-chodaki-do-codziennych-zestawow,,,Czarny,,41,,,,0.0,shopify,continue,manual,149.95,214.00,true,true,https://cdn.shopify.com/s/files/1/0988/5725/5244/files/M_skie_chodaki_do_codziennych_zestaw_wjhk.jpg?v=1788248291,,,
meskie-chodaki-do-codziennych-zestawow,,,Czarny,,42,,,,0.0,shopify,continue,manual,149.95,214.00,true,true,https://cdn.shopify.com/s/files/1/0988/5725/5244/files/M_skie_chodaki_do_codziennych_zestaw_wjhk.jpg?v=1788248291,,,
meskie-chodaki-do-codziennych-zestawow,,,Czarny,,43,,,,0.0,shopify,continue,manual,149.95,214.00,true,true,https://cdn.shopify.com/s/files/1/0988/5725/5244/files/M_skie_chodaki_do_codziennych_zestaw_wjhk.jpg?v=1788248291,,,
meskie-chodaki-do-codziennych-zestawow,,,Czarny,,44,,,,0.0,shopify,continue,manual,149.95,214.00,true,true,https://cdn.shopify.com/s/files/1/0988/5725/5244/files/M_skie_chodaki_do_codziennych_zestaw_wjhk.jpg?v=1788248291,,,
meskie-chodaki-do-codziennych-zestawow,,,Ciemnoszary,,45,,,,0.0,shopify,continue,manual,149.95,214.00,true,true,,,,
meskie-chodaki-do-codziennych-zestawow,,,Ciemnoszary,,46,,,,0.0,shopify,continue,manual,149.95,214.00,true,true,,,,
meskie-chodaki-do-codziennych-zestawow,,,Beżowy,,45,,,,0.0,shopify,continue,manual,149.95,214.00,true,true,,,,
meskie-chodaki-do-codziennych-zestawow,,,Beżowy,,46,,,,0.0,shopify,continue,manual,149.95,214.00,true,true,,,,
meskie-chodaki-do-codziennych-zestawow,,,Khaki,,45,,,,0.0,shopify,continue,manual,149.95,214.00,true,true,,,,
meskie-chodaki-do-codziennych-zestawow,,,Khaki,,46,,,,0.0,shopify,continue,manual,149.95,214.00,true,true,,,,
meskie-chodaki-do-codziennych-zestawow,,,Czarny,,45,,,,0.0,shopify,continue,manual,149.95,214.00,true,true,,,,
meskie-chodaki-do-codziennych-zestawow,,,Czarny,,46,,,,0.0,shopify,continue,manual,149.95,214.00,true,true,,,,
meskie-chodaki-do-codziennych-zestawow,,,,,,,,,,,,,,,,,,https://cdn.shopify.com/s/files/1/0988/5725/5244/files/M_skie_chodaki_do_codziennych_zestaw_wfd.jpg?v=1788248242,1,Męskie chodaki do codziennych zestawów
meskie-chodaki-do-codziennych-zestawow,,,,,,,,,,,,,,,,,,https://cdn.shopify.com/s/files/1/0988/5725/5244/files/M_skie_chodaki_do_codziennych_zestaw_was.png?v=1788248251,2,Męskie chodaki do codziennych zestawów
meskie-chodaki-do-codziennych-zestawow,,,,,,,,,,,,,,,,,,https://cdn.shopify.com/s/files/1/0988/5725/5244/files/M_skie_chodaki_do_codziennych_zestaw_wfh.png?v=1788248284,3,Męskie chodaki do codziennych zestawów
meskie-chodaki-do-codziennych-zestawow,,,,,,,,,,,,,,,,,,https://cdn.shopify.com/s/files/1/0988/5725/5244/files/M_skie_chodaki_do_codziennych_zestaw_wjhk.jpg?v=1788248291,4,Męskie chodaki do codziennych zestawów
meskie-chodaki-do-codziennych-zestawow,,,,,,,,,,,,,,,,,,https://cdn.shopify.com/s/files/1/0988/5725/5244/files/M_skie_chodaki_do_codziennych_zestaw_wdf.png?v=1788248299,5,Męskie chodaki do codziennych zestawów
meskie-chodaki-do-codziennych-zestawow,,,,,,,,,,,,,,,,,,https://cdn.shopify.com/s/files/1/0988/5725/5244/files/M_skie_chodaki_do_codziennych_zestaw_waq.png?v=1788248307,6,Męskie chodaki do codziennych zestawów
meskie-chodaki-do-codziennych-zestawow,,,,,,,,,,,,,,,,,,https://cdn.shopify.com/s/files/1/0988/5725/5244/files/M_skie_chodaki_do_codziennych_zestaw_wti.png?v=1788248315,7,Męskie chodaki do codziennych zestawów
floria-damski-klapki-z-dwoma-paskami-regulowane-klamry-i-profilowana-wkladka,Damskie klapki z dwoma paskami i regulowanymi klamrami na lato,Kolor,bezowy,Rozmiar,35,,,SLIDE-SANDAL-BEIGE-35,0.0,shopify,continue,manual,199.95,286.00,true,true,https://cdn.shopify.com/s/files/1/0988/5725/5244/files/2_a3b7b173-5647-4d14-94ad-1851119f629a.png?v=1780502743,,,
floria-damski-klapki-z-dwoma-paskami-regulowane-klamry-i-profilowana-wkladka,,,bezowy,,36,,,SLIDE-SANDAL-BEIGE-36,0.0,shopify,continue,manual,199.95,286.00,true,true,https://cdn.shopify.com/s/files/1/0988/5725/5244/files/2_a3b7b173-5647-4d14-94ad-1851119f629a.png?v=1780502743,,,
floria-damski-klapki-z-dwoma-paskami-regulowane-klamry-i-profilowana-wkladka,,,bezowy,,37,,,SLIDE-SANDAL-BEIGE-37,0.0,shopify,continue,manual,199.95,286.00,true,true,https://cdn.shopify.com/s/files/1/0988/5725/5244/files/2_a3b7b173-5647-4d14-94ad-1851119f629a.png?v=1780502743,,,
floria-damski-klapki-z-dwoma-paskami-regulowane-klamry-i-profilowana-wkladka,,,bezowy,,38,,,SLIDE-SANDAL-BEIGE-38,0.0,shopify,continue,manual,199.95,286.00,true,true,https://cdn.shopify.com/s/files/1/0988/5725/5244/files/2_a3b7b173-5647-4d14-94ad-1851119f629a.png?v=1780502743,,,
floria-damski-klapki-z-dwoma-paskami-regulowane-klamry-i-profilowana-wkladka,,,bezowy,,39,,,SLIDE-SANDAL-BEIGE-39,0.0,shopify,continue,manual,199.95,286.00,true,true,https://cdn.shopify.com/s/files/1/0988/5725/5244/files/2_a3b7b173-5647-4d14-94ad-1851119f629a.png?v=1780502743,,,
floria-damski-klapki-z-dwoma-paskami-regulowane-klamry-i-profilowana-wkladka,,,bezowy,,40,,,SLIDE-SANDAL-BEIGE-40,0.0,shopify,continue,manual,199.95,286.00,true,true,https://cdn.shopify.com/s/files/1/0988/5725/5244/files/2_a3b7b173-5647-4d14-94ad-1851119f629a.png?v=1780502743,,,
floria-damski-klapki-z-dwoma-paskami-regulowane-klamry-i-profilowana-wkladka,,,bezowy,,41,,,SLIDE-SANDAL-BEIGE-41,0.0,shopify,continue,manual,199.95,286.00,true,true,https://cdn.shopify.com/s/files/1/0988/5725/5244/files/2_a3b7b173-5647-4d14-94ad-1851119f629a.png?v=1780502743,,,
floria-damski-klapki-z-dwoma-paskami-regulowane-klamry-i-profilowana-wkladka,,,bezowy,,42,,,SLIDE-SANDAL-BEIGE-42,0.0,shopify,continue,manual,199.95,286.00,true,true,https://cdn.shopify.com/s/files/1/0988/5725/5244/files/2_a3b7b173-5647-4d14-94ad-1851119f629a.png?v=1780502743,,,
floria-damski-klapki-z-dwoma-paskami-regulowane-klamry-i-profilowana-wkladka,,,khaki,,35,,,SLIDE-SANDAL-KHAKI-35,0.0,shopify,continue,manual,199.95,286.00,true,true,https://cdn.shopify.com/s/files/1/0988/5725/5244/files/3_3e2b88d8-d943-4587-91d6-846c1f3cc980.png?v=1780502736,,,
floria-damski-klapki-z-dwoma-paskami-regulowane-klamry-i-profilowana-wkladka,,,khaki,,36,,,SLIDE-SANDAL-KHAKI-36,0.0,shopify,continue,manual,199.95,286.00,true,true,https://cdn.shopify.com/s/files/1/0988/5725/5244/files/3_3e2b88d8-d943-4587-91d6-846c1f3cc980.png?v=1780502736,,,
floria-damski-klapki-z-dwoma-paskami-regulowane-klamry-i-profilowana-wkladka,,,khaki,,37,,,SLIDE-SANDAL-KHAKI-37,0.0,shopify,continue,manual,199.95,286.00,true,true,https://cdn.shopify.com/s/files/1/0988/5725/5244/files/3_3e2b88d8-d943-4587-91d6-846c1f3cc980.png?v=1780502736,,,
floria-damski-klapki-z-dwoma-paskami-regulowane-klamry-i-profilowana-wkladka,,,khaki,,38,,,SLIDE-SANDAL-KHAKI-38,0.0,shopify,continue,manual,199.95,286.00,true,true,https://cdn.shopify.com/s/files/1/0988/5725/5244/files/3_3e2b88d8-d943-4587-91d6-846c1f3cc980.png?v=1780502736,,,
floria-damski-klapki-z-dwoma-paskami-regulowane-klamry-i-profilowana-wkladka,,,khaki,,39,,,SLIDE-SANDAL-KHAKI-39,0.0,shopify,continue,manual,199.95,286.00,true,true,https://cdn.shopify.com/s/files/1/0988/5725/5244/files/3_3e2b88d8-d943-4587-91d6-846c1f3cc980.png?v=1780502736,,,
floria-damski-klapki-z-dwoma-paskami-regulowane-klamry-i-profilowana-wkladka,,,khaki,,40,,,SLIDE-SANDAL-KHAKI-40,0.0,shopify,continue,manual,199.95,286.00,true,true,https://cdn.shopify.com/s/files/1/0988/5725/5244/files/3_3e2b88d8-d943-4587-91d6-846c1f3cc980.png?v=1780502736,,,
floria-damski-klapki-z-dwoma-paskami-regulowane-klamry-i-profilowana-wkladka,,,khaki,,41,,,SLIDE-SANDAL-KHAKI-41,0.0,shopify,continue,manual,199.95,286.00,true,true,https://cdn.shopify.com/s/files/1/0988/5725/5244/files/3_3e2b88d8-d943-4587-91d6-846c1f3cc980.png?v=1780502736,,,
floria-damski-klapki-z-dwoma-paskami-regulowane-klamry-i-profilowana-wkladka,,,khaki,,42,,,SLIDE-SANDAL-KHAKI-42,0.0,shopify,continue,manual,199.95,286.00,true,true,https://cdn.shopify.com/s/files/1/0988/5725/5244/files/3_3e2b88d8-d943-4587-91d6-846c1f3cc980.png?v=1780502736,,,
floria-damski-klapki-z-dwoma-paskami-regulowane-klamry-i-profilowana-wkladka,,,czarny,,35,,,SLIDE-SANDAL-BLACK-35,0.0,shopify,continue,manual,199.95,286.00,true,true,https://cdn.shopify.com/s/files/1/0988/5725/5244/files/4_c96e0607-c4e6-4a44-b001-cbf195341dda.png?v=1780502743,,,
floria-damski-klapki-z-dwoma-paskami-regulowane-klamry-i-profilowana-wkladka,,,czarny,,36,,,SLIDE-SANDAL-BLACK-36,0.0,shopify,continue,manual,199.95,286.00,true,true,https://cdn.shopify.com/s/files/1/0988/5725/5244/files/4_c96e0607-c4e6-4a44-b001-cbf195341dda.png?v=1780502743,,,
floria-damski-klapki-z-dwoma-paskami-regulowane-klamry-i-profilowana-wkladka,,,czarny,,37,,,SLIDE-SANDAL-BLACK-37,0.0,shopify,continue,manual,199.95,286.00,true,true,https://cdn.shopify.com/s/files/1/0988/5725/5244/files/4_c96e0607-c4e6-4a44-b001-cbf195341dda.png?v=1780502743,,,
floria-damski-klapki-z-dwoma-paskami-regulowane-klamry-i-profilowana-wkladka,,,czarny,,38,,,SLIDE-SANDAL-BLACK-38,0.0,shopify,continue,manual,199.95,286.00,true,true,https://cdn.shopify.com/s/files/1/0988/5725/5244/files/4_c96e0607-c4e6-4a44-b001-cbf195341dda.png?v=1780502743,,,
floria-damski-klapki-z-dwoma-paskami-regulowane-klamry-i-profilowana-wkladka,,,czarny,,39,,,SLIDE-SANDAL-BLACK-39,0.0,shopify,continue,manual,199.95,286.00,true,true,https://cdn.shopify.com/s/files/1/0988/5725/5244/files/4_c96e0607-c4e6-4a44-b001-cbf195341dda.png?v=1780502743,,,
floria-damski-klapki-z-dwoma-paskami-regulowane-klamry-i-profilowana-wkladka,,,czarny,,40,,,SLIDE-SANDAL-BLACK-40,0.0,shopify,continue,manual,199.95,286.00,true,true,https://cdn.shopify.com/s/files/1/0988/5725/5244/files/4_c96e0607-c4e6-4a44-b001-cbf195341dda.png?v=1780502743,,,
floria-damski-klapki-z-dwoma-paskami-regulowane-klamry-i-profilowana-wkladka,,,czarny,,41,,,SLIDE-SANDAL-BLACK-41,0.0,shopify,continue,manual,199.95,286.00,true,true,https://cdn.shopify.com/s/files/1/0988/5725/5244/files/4_c96e0607-c4e6-4a44-b001-cbf195341dda.png?v=1780502743,,,
floria-damski-klapki-z-dwoma-paskami-regulowane-klamry-i-profilowana-wkladka,,,czarny,,42,,,SLIDE-SANDAL-BLACK-42,0.0,shopify,continue,manual,199.95,286.00,true,true,https://cdn.shopify.com/s/files/1/0988/5725/5244/files/4_c96e0607-c4e6-4a44-b001-cbf195341dda.png?v=1780502743,,,
floria-damski-klapki-z-dwoma-paskami-regulowane-klamry-i-profilowana-wkladka,,,brazowy,,35,,,SLIDE-SANDAL-BROWN-35,0.0,shopify,continue,manual,199.95,286.00,true,true,https://cdn.shopify.com/s/files/1/0988/5725/5244/files/5_0a7a4b97-7338-4990-9a0c-fb42816fabb2.png?v=1780502736,,,
floria-damski-klapki-z-dwoma-paskami-regulowane-klamry-i-profilowana-wkladka,,,brazowy,,36,,,SLIDE-SANDAL-BROWN-36,0.0,shopify,continue,manual,199.95,286.00,true,true,https://cdn.shopify.com/s/files/1/0988/5725/5244/files/5_0a7a4b97-7338-4990-9a0c-fb42816fabb2.png?v=1780502736,,,
floria-damski-klapki-z-dwoma-paskami-regulowane-klamry-i-profilowana-wkladka,,,brazowy,,37,,,SLIDE-SANDAL-BROWN-37,0.0,shopify,continue,manual,199.95,286.00,true,true,https://cdn.shopify.com/s/files/1/0988/5725/5244/files/5_0a7a4b97-7338-4990-9a0c-fb42816fabb2.png?v=1780502736,,,
floria-damski-klapki-z-dwoma-paskami-regulowane-klamry-i-profilowana-wkladka,,,brazowy,,38,,,SLIDE-SANDAL-BROWN-38,0.0,shopify,continue,manual,199.95,286.00,true,true,https://cdn.shopify.com/s/files/1/0988/5725/5244/files/5_0a7a4b97-7338-4990-9a0c-fb42816fabb2.png?v=1780502736,,,
floria-damski-klapki-z-dwoma-paskami-regulowane-klamry-i-profilowana-wkladka,,,brazowy,,39,,,SLIDE-SANDAL-BROWN-39,0.0,shopify,continue,manual,199.95,286.00,true,true,https://cdn.shopify.com/s/files/1/0988/5725/5244/files/5_0a7a4b97-7338-4990-9a0c-fb42816fabb2.png?v=1780502736,,,
floria-damski-klapki-z-dwoma-paskami-regulowane-klamry-i-profilowana-wkladka,,,brazowy,,40,,,SLIDE-SANDAL-BROWN-40,0.0,shopify,continue,manual,199.95,286.00,true,true,https://cdn.shopify.com/s/files/1/0988/5725/5244/files/5_0a7a4b97-7338-4990-9a0c-fb42816fabb2.png?v=1780502736,,,
floria-damski-klapki-z-dwoma-paskami-regulowane-klamry-i-profilowana-wkladka,,,brazowy,,41,,,SLIDE-SANDAL-BROWN-41,0.0,shopify,continue,manual,199.95,286.00,true,true,https://cdn.shopify.com/s/files/1/0988/5725/5244/files/5_0a7a4b97-7338-4990-9a0c-fb42816fabb2.png?v=1780502736,,,
floria-damski-klapki-z-dwoma-paskami-regulowane-klamry-i-profilowana-wkladka,,,brazowy,,42,,,SLIDE-SANDAL-BROWN-42,0.0,shopify,continue,manual,199.95,286.00,true,true,https://cdn.shopify.com/s/files/1/0988/5725/5244/files/5_0a7a4b97-7338-4990-9a0c-fb42816fabb2.png?v=1780502736,,,
floria-damski-klapki-z-dwoma-paskami-regulowane-klamry-i-profilowana-wkladka,,,bezowy,,43,,,,0.0,shopify,continue,manual,199.95,286.00,true,true,,,,
floria-damski-klapki-z-dwoma-paskami-regulowane-klamry-i-profilowana-wkladka,,,khaki,,43,,,,0.0,shopify,continue,manual,199.95,286.00,true,true,,,,
floria-damski-klapki-z-dwoma-paskami-regulowane-klamry-i-profilowana-wkladka,,,czarny,,43,,,,0.0,shopify,continue,manual,199.95,286.00,true,true,,,,
floria-damski-klapki-z-dwoma-paskami-regulowane-klamry-i-profilowana-wkladka,,,brazowy,,43,,,,0.0,shopify,continue,manual,199.95,286.00,true,true,,,,
floria-damski-klapki-z-dwoma-paskami-regulowane-klamry-i-profilowana-wkladka,,,,,,,,,,,,,,,,,,https://cdn.shopify.com/s/files/1/0988/5725/5244/files/1_f4f82b24-8e64-468d-8474-900a1b52ef1e.png?v=1780502743,1,
floria-damski-klapki-z-dwoma-paskami-regulowane-klamry-i-profilowana-wkladka,,,,,,,,,,,,,,,,,,https://cdn.shopify.com/s/files/1/0988/5725/5244/files/2_a3b7b173-5647-4d14-94ad-1851119f629a.png?v=1780502743,2,
floria-damski-klapki-z-dwoma-paskami-regulowane-klamry-i-profilowana-wkladka,,,,,,,,,,,,,,,,,,https://cdn.shopify.com/s/files/1/0988/5725/5244/files/3_3e2b88d8-d943-4587-91d6-846c1f3cc980.png?v=1780502736,3,
floria-damski-klapki-z-dwoma-paskami-regulowane-klamry-i-profilowana-wkladka,,,,,,,,,,,,,,,,,,https://cdn.shopify.com/s/files/1/0988/5725/5244/files/4_c96e0607-c4e6-4a44-b001-cbf195341dda.png?v=1780502743,4,
floria-damski-klapki-z-dwoma-paskami-regulowane-klamry-i-profilowana-wkladka,,,,,,,,,,,,,,,,,,https://cdn.shopify.com/s/files/1/0988/5725/5244/files/5_0a7a4b97-7338-4990-9a0c-fb42816fabb2.png?v=1780502736,5,
floria-damski-klapki-z-dwoma-paskami-regulowane-klamry-i-profilowana-wkladka,,,,,,,,,,,,,,,,,,https://cdn.shopify.com/s/files/1/0988/5725/5244/files/6_a7b2212d-22ec-45e3-951e-d7376b79e3c8.png?v=1780502736,6,
floria-damski-klapki-z-dwoma-paskami-regulowane-klamry-i-profilowana-wkladka,,,,,,,,,,,,,,,,,,https://cdn.shopify.com/s/files/1/0988/5725/5244/files/7_58780d9b-e9cf-4d22-80f1-1aac4144463e.png?v=1780502743,7,
